pid,dt,url,title,price,neighb,beds,sqft,baths,lat,lng,accuracy,address
6331509579,2017-11-02 16:52,https://akroncanton.craigslist.org/apa/d/black-friday-special-today/6331509579.html,BLACK FRIDAY SPECIAL ~ TODAY - FRIDAY - SATURDAY ONLY!!!!!!,830,Lake Park Village Apartments,2,805,1,41.239042,-81.331456,10,1738 State Route 303 Streetsboro OH US
6336590362,2017-11-02 16:49,https://akroncanton.craigslist.org/apa/d/jackson-twp-sd-spacious-eat/6336590362.html,Jackson Twp SD! Spacious Eat In Kitchen and More!,615,Canton,2,0,1,40.846500,-81.440800,22,4784 South Blvd NW Canton OH US
6336591854,2017-11-02 16:48,https://akroncanton.craigslist.org/apa/d/dont-delay-call-today-now/6336591854.html,Don't Delay Call Today -Now Leasing Through February!,615,Jackson Township,2,0,1,40.846500,-81.440800,22,4784 South Blvd NW Canton OH US
6354066625,2017-11-02 16:47,https://akroncanton.craigslist.org/apa/d/located-in-jackson-twp/6354066625.html,Located in Jackson Twp! Spacious Eat In Kitchen and More!,615,Jackson Twp/Canton,2,0,1,40.846500,-81.440800,22,4784 South Blvd NW Canton OH US
6371212492,2017-11-02 16:41,https://akroncanton.craigslist.org/apa/d/lovely-2-bdrm-duplex-for-rent/6371212492.html,Lovely 2 Bdrm. Duplex For Rent,600,795 Cole Ave.,2,0,1,41.051608,-81.499952,0,
6371194825,2017-11-02 16:29,https://akroncanton.craigslist.org/apa/d/95-rhodes-ave/6371194825.html,95 Rhodes Ave,795,Highland Sq,3,0,2,41.090937,-81.538607,15,Rhodes Ave at Crosby St Akron OH US
6359000066,2017-11-02 16:27,https://akroncanton.craigslist.org/apa/d/highland-square-large-4br/6359000066.html,HIGHLAND SQUARE LARGE 4BR 2BATH HOME,1050,67 Hurlburt Ave,4,0,2,41.092624,-81.534166,15,Hurlburt at West Market Akron OH US
6333420727,2017-11-02 16:17,https://akroncanton.craigslist.org/apa/d/green-spacious-4-bedrooms-2/6333420727.html,"Green Spacious 4 bedrooms 2 baths ,",1125,Sharon Center   Doyl,5,1426,2.5,,,,
6371162645,2017-11-02 16:07,https://akroncanton.craigslist.org/apa/d/spacious-2-bedroom-suites/6371162645.html,SPACIOUS 2 Bedroom Suites from ONLY $864/mo. at WYNDHAM RIDGE!,864,Stow,2,0,2,41.180594,-81.488559,10,4020 Wyndham Ridge Drive Stow OH US
6371151000,2017-11-02 16:06,https://akroncanton.craigslist.org/apa/d/move-worth-making/6371151000.html,A Move Worth Making!,975,420 Munroe Falls Avenue Suite 17,2,1000,2,41.139946,-81.474674,5,420 Munroe Falls Avenue Suite 17 Cuyahoga Falls OH US
6371151371,2017-11-02 16:04,https://akroncanton.craigslist.org/apa/d/3-bedroom-townhouse-apartment/6371151371.html,3 Bedroom Townhouse Apartment,645,NW Canton Harter Heights,3,1500,1,40.803233,-81.420574,20,Poplar at 4th Canton OH US
