pid,dt,url,title,price,neighb,beds,sqft,baths,lat,lng,accuracy,address
6332832816,2017-11-02 16:54,https://albanyga.craigslist.org/apa/d/call-now-awesome-woodstock-3/6332832816.html,"- ►►CALL NOW►► Awesome Woodstock 3 bedrooms 2 baths , ni",500,a=lb=an=y,3,1200,2,42.641300,-73.764100,22,
6332832872,2017-11-02 16:54,https://albanyga.craigslist.org/apa/d/call-now-awesome-woodstock-3/6332832872.html,"- ►►CALL NOW►► Awesome Woodstock 3 bedrooms 2 baths , ni",500,a=lb=an=y,3,1200,2,42.641300,-73.764100,22,
6354186465,2017-11-02 16:54,https://albanyga.craigslist.org/apa/d/3-beds-and-2-baths-in-citrus/6354186465.html,文文3 BEDS AND 文文2 BATHS IN CITRUS HEIGHTS BIG BEDROOM,500,a=lb=an=y,3,1200,2,42.641300,-73.764100,22,
6334287146,2017-11-02 16:08,https://albanyga.craigslist.org/apa/d/matchless-light-up-your-fall/6334287146.html,MATCHLESS Light Up Your Fall With A New Home!!,975,Rent With Option To Buy,0,1640,,35.273100,-80.957100,22,
6334280351,2017-11-02 16:08,https://albanyga.craigslist.org/apa/d/brilliant-brand-new-luxury/6334280351.html,BRILLIANT Brand New Luxury Living!!!,955,100% OWNER_ FINANCING,0,1390,,35.190800,-80.744800,22,
6354185924,2017-11-02 16:05,https://albanyga.craigslist.org/apa/d/move-in-today-bad-credit/6354185924.html,Move in Today Bad Credit /Tired of Hotels/Apts.,450,Albany ga,3,2000,2,31.598514,-84.180508,5,1603 Hoover Albany GA US
6352679599,2017-11-02 16:04,https://albanyga.craigslist.org/apa/d/down-to-our-last-8-3-bed-2/6352679599.html,Down to our last 8! 3 bed 2 bath mobile home. Rent to Own!,650,,3,1100,2,31.498268,-84.124024,10,1200 Williamsburg Rd Albany GA US
6349665298,2017-11-02 16:03,https://albanyga.craigslist.org/apa/d/move-in-special-only-250/6349665298.html,Move in SPECIAL only $250/BadCredit/Hotel/Apt gettiing to small,125,Albany,3,1500,2,31.598623,-84.180529,5,1603 Hoover  GA US
6354167043,2017-11-02 16:01,https://albanyga.craigslist.org/apa/d/tired-of-cramped-hotel/6354167043.html,Tired of Cramped Hotel noDeposit/CreditCheck or Appfees,550,Albany,3,3000,2,31.598236,-84.180280,10,1603 Hoover Albany GA US
