pid,dt,url,title,price,neighb,beds,sqft,baths,lat,lng,accuracy,address
6371390951,2017-11-02 17:00,https://albuquerque.craigslist.org/apa/d/only-two-move-in-specials/6371390951.html,Only Two Move In Specials Left Dont Miss Out!!,777,"Albuquerque, NM",2,950,1,35.129789,-106.556096,5,7600 Montgomery Blvd. NE Albuquerque NM US
6340711920,2017-11-02 16:59,https://albuquerque.craigslist.org/apa/d/summit-apartments-is-your-new/6340711920.html,Summit Apartments is your NEW home!!,815,UNM / NE / UPTOWN,1,750,1,35.110400,-106.578100,22,
6371388028,2017-11-02 16:58,https://albuquerque.craigslist.org/apa/d/last-upgraded-2-bedroom-2/6371388028.html,Last Upgraded 2 Bedroom 2 Bathroom For November Move In!!,930,,2,997,2,35.106340,-106.544355,10,2201 Ambassador Rd Albuquerque NM US
6340734054,2017-11-02 16:57,https://albuquerque.craigslist.org/apa/d/relaxyou-have-found-the-summit/6340734054.html,RELAX...YOU HAVE FOUND THE SUMMIT!!,1020,UNM / NE / UPTOWN,2,1090,2,35.110400,-106.578100,22,
6340486358,2017-11-02 16:56,https://albuquerque.craigslist.org/apa/d/were-only-one-call-away/6340486358.html,WE'RE ONLY... ONE CALL AWAY!,1020,UNM / NE / UPTOWN,2,1090,2,,,,
6371376948,2017-11-02 16:55,https://albuquerque.craigslist.org/apa/d/scam-alert/6371376948.html,Scam alert**!!!!,800,Albuquerque,0,0,,,,,
6356178746,2017-11-02 16:53,https://albuquerque.craigslist.org/apa/d/2bd-2bth-luxury-town-home-1250/6356178746.html,2BD/2BTH  Luxury Town Home  $1250,1250,Juan Tabo & Menaul,0,0,,35.101000,-106.518300,22,
6340715280,2017-11-02 16:53,https://albuquerque.craigslist.org/apa/d/your-new-home-awaits-you/6340715280.html,Your NEW home awaits you!!,1020,UNM / NE / UPTOWN,2,1090,2,,,,
6340713783,2017-11-02 16:52,https://albuquerque.craigslist.org/apa/d/your-new-home-awaits-you/6340713783.html,Your NEW home awaits you!!,1020,UNM / NE / UPTOWN,2,1090,2,,,,
6340483603,2017-11-02 16:51,https://albuquerque.craigslist.org/apa/d/relaxyou-have-found-the-summit/6340483603.html,RELAX...YOU HAVE FOUND THE SUMMIT!!,1020,UNM / NE / UPTOWN,2,1090,2,35.110400,-106.578100,22,
6340731608,2017-11-02 16:51,https://albuquerque.craigslist.org/apa/d/affordable-sophisticated/6340731608.html,AFFORDABLE & SOPHISTICATED UPTOWN LIVING!,825,UNM / NE / UPTOWN,1,750,1,35.110400,-106.578100,22,
6340468447,2017-11-02 16:51,https://albuquerque.craigslist.org/apa/d/we-have-the-home-you-desire/6340468447.html,WE HAVE THE HOME YOU DESIRE!!,815,UNM / NE / UPTOWN,1,750,1,35.110400,-106.578100,22,
6371376346,2017-11-02 16:48,https://albuquerque.craigslist.org/apa/d/look-no-further-make-desert/6371376346.html,"Look No Further, Make Desert Willow Your New Home!",776,"Abq, NM",2,0,2,35.186192,-106.591727,10,8901 Jefferson St NE Albuquerque NM US
6371373662,2017-11-02 16:46,https://albuquerque.craigslist.org/apa/d/1-month-free-resort-style/6371373662.html,1 Month Free @ Resort Style Property...    Andalucia Villas!,1550,Albuquerque,3,1442,2,35.142100,-106.704100,22,5300 Antequera Rd. NW Albuquerque NM US
6371358307,2017-11-02 16:43,https://albuquerque.craigslist.org/apa/d/bright-and-spacious-1-bedroom/6371358307.html,BRIGHT AND SPACIOUS 1 BEDROOM 1 BATHROOM WITH A STUNNING SPECIAL,1395,Albuquerque,1,0,1,35.212779,-106.694670,22,10700 Fineland Dr NW Albuquerque NM US
6371345575,2017-11-02 16:41,https://albuquerque.craigslist.org/apa/d/gorgeous-1-bedroom-apartment/6371345575.html,Gorgeous 1 bedroom apartment home  with washer and dryer in unit,851,Camino Real Aparment  homes,1,0,1,35.205710,-106.645442,10,3305 Calle Cuervo NW Albuquerque NM US
6358479419,2017-11-02 16:38,https://albuquerque.craigslist.org/apa/d/stunning-one-of-kind/6358479419.html,Stunning One of a Kind Southwest Home in UNM North Campus,2100,UNM North Campus 1300 Bl Dartmouth NE,3,3167,3,35.097106,-106.611929,5,dartmouth at aspen Albuquerque NM US
6371363919,2017-11-02 16:37,https://albuquerque.craigslist.org/apa/d/business-center-beautifully/6371363919.html,"Business center, Beautifully landscaped, Picnic area with grills",1580,"11600 Academy Rd, Albuquerque, NM 87111",3,1685,2,35.151695,-106.509907,5,11600 Academy Rd NE Albuquerque NM US
6368359414,2017-11-02 16:33,https://albuquerque.craigslist.org/apa/d/one-bedroom-in-newer/6368359414.html,One bedroom in newer building (4419 4th St NW),800,"Albuquerque, NM",1,550,1,35.134700,-106.642700,22,4419 4th St NW Albuquerque NM US
6340720996,2017-11-02 16:33,https://albuquerque.craigslist.org/apa/d/were-only-one-call-away/6340720996.html,WE'RE ONLY... ONE CALL AWAY!,825,UNM / NE / UPTOWN,1,750,1,,,,
6371347208,2017-11-02 16:30,https://albuquerque.craigslist.org/apa/d/get-three-months-free-rent/6371347208.html,"GET THREE MONTHS FREE RENT, CALL TODAY FOR DETAILS",1395,10700 Fineland Dr NW,1,0,1,35.213284,-106.694713,22,10700 Fineland Dr. NW Albuquerque NM US
6371333278,2017-11-02 16:25,https://albuquerque.craigslist.org/apa/d/are-you-movinglet-us-help/6371333278.html,ARE YOU MOVING?LET US HELP YOU!!TWO MAN TEAM AND 16 FOOT TRUCK,69,ALBUQUERQUE,0,0,,,,,
6371348895,2017-11-02 16:25,https://albuquerque.craigslist.org/apa/d/call-sedona-ridge-your-new/6371348895.html,Call Sedona Ridge Your New Home Before The Holidays,625,Albuquerque,1,485,1,35.122953,-106.550993,10,3400 Wyoming Blvd NE Albuquerque NM US
6371340351,2017-11-02 16:18,https://albuquerque.craigslist.org/apa/d/welcome-november-special-499/6371340351.html,WELCOME NOVEMBER SPECIAL $499 FOR A 1BR 1BA!!!!!!!!!!!!!!!!!!!!!!!!!!!,499,,1,610,1,35.089317,-106.577505,10,1201 SAN PEDRO Albuquerque NM US
6371335696,2017-11-02 16:14,https://albuquerque.craigslist.org/apa/d/welcome-november-special-499/6371335696.html,WELCOME NOVEMBER SPECIAL $499 FOR A 1BR 1BA!!!!!!!!!!!!!!!!!!!!!!!!!!!,499,,1,610,1,35.089317,-106.577505,10,1201 SAN PEDRO Albuquerque NM US
6371325912,2017-11-02 16:14,https://albuquerque.craigslist.org/apa/d/the-holidays-are-here-at/6371325912.html,The holidays Are here at Mountain Vista $300 off!,870,Mountain Vista Apartments,0,1050,,35.093402,-106.497689,10,1501 Tramway Blvd ALBUQUERQUE NM US
6371334375,2017-11-02 16:13,https://albuquerque.craigslist.org/apa/d/welcome-november-special-650/6371334375.html,WELCOME NOVEMBER SPECIAL $650 FOR A 2BR 1BA!!!!!!!!!!!!!!!!!!!!!!!!!!!,650,,2,1025,1,35.089317,-106.577505,10,1201 SAN PEDRO Albuquerque NM US
6371333860,2017-11-02 16:12,https://albuquerque.craigslist.org/apa/d/2-bedroom-adobe-house-in/6371333860.html,2 Bedroom Adobe House in Bernalillo - Live/Work Possible,750,Bernalillo,2,900,1,35.328500,-106.530900,22,Camino Del Pueblo at Hwy. 550 Bernalillo NM US
6371333759,2017-11-02 16:12,https://albuquerque.craigslist.org/apa/d/nob-hill-one-bedroom-rocking/6371333759.html,Nob Hill One Bedroom Rocking Special!!! Limited Time Only!!! $1175,1175,Nob Hill,1,789,1,35.078210,-106.598917,10,4100 Silver Ave SE Albuquerque NM US
6371333174,2017-11-02 16:12,https://albuquerque.craigslist.org/apa/d/welcome-november-special-499/6371333174.html,WELCOME NOVEMBER SPECIAL $499 FOR A 1BR 1BA!!!!!!!!!!!!!!!!!!!!!!!!!!!,499,,1,610,1,35.089317,-106.577505,10,1201 SAN PEDRO Albuquerque NM US
6371332763,2017-11-02 16:11,https://albuquerque.craigslist.org/apa/d/all-utilities-included/6371332763.html,ALL UTILITIES INCLUDED!!!!,745,1812 Indian school rd. nw,2,782,1,35.110532,-106.672735,15,Indian School at Rio Grande Albuquerque NM US
6371331991,2017-11-02 16:11,https://albuquerque.craigslist.org/apa/d/two-bedroom-one-bath-pet/6371331991.html,"Two Bedroom One Bath, Pet friendly and all utilities included",708,,2,810,1,35.150600,-106.569000,22,
6371331962,2017-11-02 16:11,https://albuquerque.craigslist.org/apa/d/welcome-november-special-650/6371331962.html,WELCOME NOVEMBER SPECIAL $650 FOR A 2BR 1BA!!!!!!!!!!!!!!!!!!!!!!!!!!!,650,,2,1025,1,35.089317,-106.577505,10,1201 SAN PEDRO Albuquerque NM US
6371330656,2017-11-02 16:10,https://albuquerque.craigslist.org/apa/d/welcome-november-special-499/6371330656.html,WELCOME NOVEMBER SPECIAL $499 FOR A 1BR 1BA!!!!!!!!!!!!!!!!!!!!!!!!!!!,499,,1,610,1,35.089317,-106.577505,10,1201 SAN PEDRO Albuquerque NM US
6371328517,2017-11-02 16:08,https://albuquerque.craigslist.org/apa/d/two-bedroom-one-bath-pet/6371328517.html,"Two Bedroom One Bath, Pet friendly and all utilities included",708,,2,810,1,35.150600,-106.569000,22,
6368358685,2017-11-02 16:07,https://albuquerque.craigslist.org/apa/d/apartment-for-rent-by-manzano/6368358685.html,Apartment for rent by Manzano High school,620,Chelwood Park/ Lomas,1,500,1,35.084078,-106.505692,5,Chelwood at Lomas Albuquerque NM US
6362001915,2017-11-02 16:07,https://albuquerque.craigslist.org/apa/d/apartment-for-rent-on/6362001915.html,Apartment for rent on Chelwood/Lomas,620,,1,500,1,35.071700,-106.509000,22,Chelwood Park at Lomas Albuquerque NM US
6343003626,2017-11-02 16:07,https://albuquerque.craigslist.org/apa/d/perfect-rental-home-available/6343003626.html,PERFECT RENTAL! HOME AVAILABLE NOW!,545,"Albuquerque, NM",3,1250,3,,,,
6342996249,2017-11-02 16:07,https://albuquerque.craigslist.org/apa/d/very-nice-rental-available/6342996249.html,VERY NICE RENTAL AVAILABLE TODAY***,545,"Albuquerque, NM",4,1440,2,,,,
6371326207,2017-11-02 16:06,https://albuquerque.craigslist.org/apa/d/spacious-2-bedroom-1-bath-all/6371326207.html,Spacious 2 bedroom 1 Bath!!!!! All Utilities Included!!!!,708,,2,810,1,35.150600,-106.569000,22,
6371325936,2017-11-02 16:06,https://albuquerque.craigslist.org/apa/d/refrigerator-swimming-pool/6371325936.html,"Refrigerator, Swimming Pool, Gated Community, Tennis Court, Clubhouse",819,,2,840,1,35.088380,-106.498010,5,1001 Tramway Blvd NE Albuquerque NM US
6334347743,2017-11-02 16:05,https://albuquerque.craigslist.org/apa/d/los-lunas-close-to-everything/6334347743.html,Los Lunas Close to everything 3bd 2bth granite countertops,1500,Los Ranchos de Albuq,4,1077,2,35.044300,-106.672900,22,
6371324305,2017-11-02 16:04,https://albuquerque.craigslist.org/apa/d/desert-willow-apartments-1-2/6371324305.html,Desert Willow Apartments! 1 & 2 Bedrooms Call Now!,646,"Albuquerque, NM",1,0,1,35.186192,-106.591727,10,8901 Jefferson St. NE Albuquerque NM US
6371321493,2017-11-02 16:02,https://albuquerque.craigslist.org/apa/d/spacious-2-bedroom-1-bath-all/6371321493.html,Spacious 2 bedroom 1 Bath!!!!! All Utilities Included!!!!,708,,2,810,1,35.150600,-106.569000,22,
6371310981,2017-11-02 16:02,https://albuquerque.craigslist.org/apa/d/huge-homes-available-now/6371310981.html,Huge homes available Now!,870,,3,1050,2,35.093402,-106.497689,10,1501 Tramway Blvd ALBUQUERQUE NM US
6371320999,2017-11-02 16:02,https://albuquerque.craigslist.org/apa/d/the-gift-of-300-off-from/6371320999.html,The gift of $300 off from Mountain Vista!,645,Mountain Vista Apartments,1,629,1,35.093402,-106.497689,10,1501 Tramway Blvd ALBUQUERQUE NM US
6371319581,2017-11-02 16:01,https://albuquerque.craigslist.org/apa/d/two-bedroom-one-bath-pet/6371319581.html,"Two Bedroom One Bath, Pet friendly and all utilities included",708,,2,810,1,35.150600,-106.569000,22,
