pid,dt,url,title,price,neighb,beds,sqft,baths,lat,lng,accuracy,address
6371238103,2017-11-02 17:00,https://allentown.craigslist.org/apa/d/available-now-lovely/6371238103.html,"Available Now, Lovely Community, Clean Mountain Air!",1105,"S.W. 30th Street, Allentown",2,864,1,40.555434,-75.475366,5,2647 SW 30th Apt. 86B Allentown PA US
6371235109,2017-11-02 16:57,https://allentown.craigslist.org/apa/d/1-bedroom-maple-cabinetry/6371235109.html,"1 bedroom - Maple Cabinetry, Gazebo, Furnished Homes Available",1270,"419 Harrison Court, Northampton, PA 18067",1,996,1,40.699800,-75.487400,5,419 Harrison Court Northampton PA US
6371222268,2017-11-02 16:56,https://allentown.craigslist.org/apa/d/west-bethlehem-rentals/6371222268.html,West Bethlehem rentals,1000,W. Bethlehem,2,0,0,,,,
6371220560,2017-11-02 16:55,https://allentown.craigslist.org/apa/d/lehigh-valley-high-end-rentals/6371220560.html,Lehigh Valley high end rentals,1500,ABE,0,0,,,,,
6371226309,2017-11-02 16:51,https://allentown.craigslist.org/apa/d/beatuiful-2-bedroom/6371226309.html,Beatuiful 2 bedroom,1276,Whitehall,2,0,1,40.656700,-75.504100,22,
6371226113,2017-11-02 16:51,https://allentown.craigslist.org/apa/d/lovely-2-bedroom-1-bath-with/6371226113.html,lovely 2 bedroom 1 bath with dressing room,1259,Whitehall,2,0,1,40.656700,-75.504100,22,
6371225877,2017-11-02 16:51,https://allentown.craigslist.org/apa/d/lovely-2-bedroom-1-bath-with/6371225877.html,lovely 2 bedroom 1 bath with dressing room,1309,Whitehall,2,0,1,40.656700,-75.504100,22,
6371224504,2017-11-02 16:50,https://allentown.craigslist.org/apa/d/northampton-rentals/6371224504.html,Northampton rentals,1250,Northampton,0,0,,,,,
6371223758,2017-11-02 16:49,https://allentown.craigslist.org/apa/d/south-whitehall-rental-homes/6371223758.html,South Whitehall rental homes,1400,S. Whitehall,0,0,,,,,
6371223112,2017-11-02 16:49,https://allentown.craigslist.org/apa/d/2-bedroom-loft-available-now/6371223112.html,2 bedroom loft available now!,1550,,2,1275,2,,,,
6371223093,2017-11-02 16:49,https://allentown.craigslist.org/apa/d/bethlehem-township-rental/6371223093.html,Bethlehem Township rental,1200,Bethlehem Township,0,0,,,,,
6343319516,2017-11-02 16:33,https://allentown.craigslist.org/apa/d/one-bedroom-apt-in-historic/6343319516.html,One Bedroom Apt. in Historic Bethlehem,800,522 Main Street,1,0,1,,,,
6343320477,2017-11-02 16:33,https://allentown.craigslist.org/apa/d/efficiency-apt-in-historic/6343320477.html,Efficiency Apt. in Historic Bethlehem,700,84 W. Market Street,1,0,1,,,,
6343322337,2017-11-02 16:32,https://allentown.craigslist.org/apa/d/one-bedroom-apt-in-historic/6343322337.html,One Bedroom Apt. in Historic Bethlehem,675,522 Main Street,1,0,1,,,,
6371196096,2017-11-02 16:30,https://allentown.craigslist.org/apa/d/1st-floor-1-br-includes-heat/6371196096.html,1st floor 1 br includes heat and hw.,775,10th street allentown,1,0,1,,,,
6371194663,2017-11-02 16:29,https://allentown.craigslist.org/apa/d/efficiency-apt-in-historic/6371194663.html,Efficiency Apt. in Historic Bethlehem,675,84 W. Market Street,1,0,1,,,,
6371194110,2017-11-02 16:29,https://allentown.craigslist.org/apa/d/efficiency-apt-in-historic/6371194110.html,Efficiency Apt. in Historic Bethlehem,675,84 W. Market Street,1,0,1,,,,
6338254596,2017-11-02 16:23,https://allentown.craigslist.org/apa/d/private-owned-currently-2-6/6338254596.html,PRIVATE OWNED. CURRENTLY 2-6 BEDRMS AVAILABLE IN NORTHUMBERLAND COUNTY,595,PETS OK-GARAGES-LARGE YARDS,5,0,2,,,,
6371155944,2017-11-02 16:13,https://allentown.craigslist.org/apa/d/on-site-management-wall-to/6371155944.html,"On-site management, Wall-to-wall carpeting, On-site playground",1170,,3,1300,1.5,40.390334,-75.485631,20,998 East 10th St. Pennsburg PA US
6371164920,2017-11-02 16:08,https://allentown.craigslist.org/apa/d/only-50-night-when-you-stay-7/6371164920.html,Only $50 a night when you stay 7 days,50,"Bethlehem, PA",1,0,1,,,,
