pid,dt,url,title,price,neighb,beds,sqft,baths,lat,lng,accuracy,address
6371312800,2017-11-02 16:55,https://amarillo.craigslist.org/apa/d/get-500-off-your-first-month/6371312800.html,Get $500 off your first month for a beautiful 3 bedroom apartment,1095,Amarillo,3,0,2,35.129429,-101.905996,10,6302 Blake Ave Amarillo TX US
6371300678,2017-11-02 16:55,https://amarillo.craigslist.org/apa/d/250-move-in-special-with/6371300678.html,$250 MOVE IN SPECIAL WITH DISCOUNTED RENT!! *call for details*,990,by the Pennybacker bridge,1,690,1,30.263800,-97.716600,22,6001 Sherperd Mountain Cove Austin TX US
6371291606,2017-11-02 16:48,https://amarillo.craigslist.org/apa/d/incredible-new-upgrades-and/6371291606.html,Incredible New Upgrades and A Great Move In Special At Lambie lane!,585,Lambie Lane,1,640,1,35.154645,-101.882320,20,4302 sw 51st amarillo TX US
6371284439,2017-11-02 16:39,https://amarillo.craigslist.org/apa/d/250-move-in-special-with/6371284439.html,$250 MOVE IN SPECIAL WITH DISCOUNTED RENT!! *call for details*,990,by the Pennybacker bridge,1,690,1,30.360700,-97.824100,22,6001 Sherperd Mountain Cove Austin TX US
6357228325,2017-11-02 16:39,https://amarillo.craigslist.org/apa/d/beautiful-renovations-at/6357228325.html,Beautiful Renovations at Lambie Lane,580,Lambie Lane,0,640,,35.166300,-101.886800,22,4302 sw 52st Amarillo TX US
6371290466,2017-11-02 16:38,https://amarillo.craigslist.org/apa/d/this-3-bedroom-apartment-home/6371290466.html,This 3 Bedroom Apartment Home is Close to Grand Shopping Center!,893,Amarillo,3,1148,2,35.236373,-101.795377,15,24th at N Grand St Amarillo TX US
6349739023,2017-11-02 16:27,https://amarillo.craigslist.org/apa/d/last-2-bed-2-bath-on-the/6349739023.html,Last 2 bed 2 bath on the first floor! Hurry in before it's gone!,875,Amarillo,2,975,2,35.165056,-101.923835,5,Seville at Coulter Amarillo TX US
6371266719,2017-11-02 16:27,https://amarillo.craigslist.org/apa/d/1-bedroom-furnished-studio/6371266719.html,1 Bedroom furnished studio. Home away from home>,1125,Amarillo,0,0,,35.270300,-101.943000,22,2100 Cinema Dr. Amarillo TX US
6371266718,2017-11-02 16:20,https://amarillo.craigslist.org/apa/d/quiet-clean/6371266718.html,Quiet n Clean,500,Buchanan St,1,0,1,,,,
6371245227,2017-11-02 16:10,https://amarillo.craigslist.org/apa/d/all-bills-paid-efficiency/6371245227.html,All bills paid efficiency,600,,0,0,,,,,
6371241090,2017-11-02 16:10,https://amarillo.craigslist.org/apa/d/2-bedroom-2-bath-beautiful/6371241090.html,"2 bedroom 2 bath! Beautiful, open layout!!!",785,Amarillo,2,0,2,35.129429,-101.905996,10,6302 Blake Ave Amarillo TX US
6358938556,2017-11-02 16:08,https://amarillo.craigslist.org/apa/d/fall-in-love-with-your-new/6358938556.html,FALL IN LOVE WITH YOUR NEW HOME!!,620,6040 BELPREE,1,730,1,35.187574,-101.903731,10,6040 BELPREE RD AMARILLO TX US
6351544146,2017-11-02 16:08,https://amarillo.craigslist.org/apa/d/295-move-in-special-with/6351544146.html,$295 MOVE IN SPECIAL WITH DISCOUNTED RENT!! *call for details*,699,6040 BELPREE,2,1015,2,35.187574,-101.903731,10,6040 BELPREE RD AMARILLO TX US
6352216768,2017-11-02 16:08,https://amarillo.craigslist.org/apa/d/fall-into-savings-295-moves/6352216768.html,FALL INTO SAVINGS! $295 MOVES YOU IN!!,699,6040 BELPREE,2,1015,2,35.187574,-101.903731,10,6040 BELPREE RD AMARILLO TX US
6351579547,2017-11-02 16:05,https://amarillo.craigslist.org/apa/d/two-bedroom-for-the-price-of/6351579547.html,TWO BEDROOM FOR THE PRICE OF A ONE BEDROOM & MOVE IN SPECIALS!,699,6040 BELPREE,2,1015,2,35.187574,-101.903731,10,6040 BELPREE RD AMARILLO TX US
