pid,dt,url,title,price,neighb,beds,sqft,baths,lat,lng,accuracy,address
6371235045,2017-11-02 16:57,https://annapolis.craigslist.org/apa/d/just-in-manager-special-1/6371235045.html,Just In!!!   Manager Special  - 1 Bedroom  $1399 and  First Month Free,1399,Arnold,1,800,1,,,,
6371230387,2017-11-02 16:54,https://annapolis.craigslist.org/apa/d/for-rent-4bed-3bath-unique/6371230387.html,For Rent-4Bed/3Bath Unique Cape Cod Home in Annapolis AVL-NOW,3300,Bramleigh Lane,4,0,3,38.998928,-76.603740,20,Bramleigh Lane Annapolis MD US
6368499208,2017-11-02 16:50,https://annapolis.craigslist.org/apa/d/for-rent-2bedden-2bath-great/6368499208.html,For Rent- 2Bed+Den/2Bath Great Condo in Annapolis Overlook AVL-11/10,1450,Greystone Court,2,0,2,38.954295,-76.506075,5,Greystone Court Annapolis MD US
6371184160,2017-11-02 16:30,https://annapolis.craigslist.org/apa/d/call-now-for-great-specials/6371184160.html,CALL NOW FOR GREAT SPECIALS!!,2089,Russett,2,1410,2,39.095800,-76.815500,22,7903 Orion Circle Laurel MD US
6371186020,2017-11-02 16:23,https://annapolis.craigslist.org/apa/d/for-rent-4bedstudy-3bath/6371186020.html,For Rent-4Bed+Study/ 3Bath Great Family Home in Indian Hills of Arnold,2995,Chautaugua Road,4,2238,3,39.021218,-76.493007,5,Chautaugua Road Arnold MD US
6371184110,2017-11-02 16:22,https://annapolis.craigslist.org/apa/d/what-did-you-say-free-rent/6371184110.html,What!!!! Did you Say Free Rent*??  Yes We Did!,1151,Glen Burnie,2,0,1,39.159732,-76.602730,10,7491 E. Furnace Branch Road Glen Burnie MD US
6371183892,2017-11-02 16:22,https://annapolis.craigslist.org/apa/d/newly-renovated-place-to-call/6371183892.html,Newly Renovated Place To Call Home.,1640,,1,640,1,38.969612,-76.511283,10,988 Spa Rd. Annapolis MD US
6371175019,2017-11-02 16:16,https://annapolis.craigslist.org/apa/d/spacious-1-bedroom-apartment/6371175019.html,Spacious 1 Bedroom Apartment in Historic Annapolis,1340,655 Americana Drive,1,722,1,38.965752,-76.487069,10,655 Americana Drive Annapolis MD US
