pid,dt,url,title,price,neighb,beds,sqft,baths,lat,lng,accuracy,address
6371228926,2017-11-02 16:58,https://annarbor.craigslist.org/apa/d/gorgeous-4-bedroom-3-bath/6371228926.html,Gorgeous 4 bedroom 3 bath home in Queen Creek,1750,19668 E Carriage Way,4,0,3,33.198662,-111.638155,22,19668 E Carriage Way Queen Creek MI US
6371229743,2017-11-02 16:53,https://annarbor.craigslist.org/apa/d/palatial-apartment-with-234/6371229743.html,Palatial Apartment with 234 Square Foot Living Room!,1029,5 Minutes to Kroger,2,988,1,42.257412,-83.673012,5,Clark Road at Glencoe Hills Drive Ann Arbor MI US
6364550391,2017-11-02 16:49,https://annarbor.craigslist.org/apa/d/2nd-floor-2-bedroom-ready-for/6364550391.html,2nd Floor 2 Bedroom Ready For Move In November 28 Featuring Gas Range!,1019,Near Sparkling Swimming Pool,2,988,1,42.254728,-83.674716,10,2201 Glencoe Hills Drive Ann Arbor MI US
6350146385,2017-11-02 16:47,https://annarbor.craigslist.org/apa/d/only-1-apartment-left-make-it/6350146385.html,Only 1 Apartment Left! Make It Yours Today!,1499,3 Minute Bike Ride to Campus,2,1100,2,42.247717,-83.760714,20,1550 Brookfield Drive Ann Arbor MI US
6334339732,2017-11-02 16:45,https://annarbor.craigslist.org/apa/d/why-wait-reserve-beautiful-1/6334339732.html,Why wait? Reserve beautiful 1 bedroom home for Spring 2018 today!,1049,Ann Arbor,1,624,1,42.238786,-83.721000,10,2960 Birch Hollow Dr Ann Arbor MI US
6371215521,2017-11-02 16:43,https://annarbor.craigslist.org/apa/d/rent-today-or-by-november/6371215521.html,Rent TODAY or by November 15th & GET $650 off December RENT!!,1555,,3,1296,2,42.289558,-83.795245,10,545 Landings Blvd Ann Arbor MI US
6371198138,2017-11-02 16:39,https://annarbor.craigslist.org/apa/d/reserve-your-2-bedroom-2-bath/6371198138.html,Reserve your 2 bedroom/2 bath home today for 2018!,909,Walk to WCC,2,967,2,42.257789,-83.657736,10,2911 Bynan Drive Ypsilanti MI US
6371207414,2017-11-02 16:38,https://annarbor.craigslist.org/apa/d/beautiful-5-bedroom-2/6371207414.html,Beautiful 5 bedroom / 2 bathroom home in Mesa,1500,1931 S. Alta Vista Cir.,5,1494,2,33.379632,-111.881558,10,1931 S. Alta Vista Cir. Mesa MI US
6371201116,2017-11-02 16:33,https://annarbor.craigslist.org/apa/d/beautiful-2-bedroom-ready/6371201116.html,"Beautiful 2 Bedroom Ready December 7! Great Community, Great Price!",1009,Minutes from St. Joe's,2,988,1,42.254728,-83.674716,10,2201 Glencoe Hills Drive Ann Arbor MI US
6348290375,2017-11-02 16:32,https://annarbor.craigslist.org/apa/d/reserve-now-and-pay-2017/6348290375.html,Reserve now and pay 2017 Prices!,739,15 minutes from DownTown Ann Arbor,1,550,1,42.232500,-83.633600,22,
6371196648,2017-11-02 16:30,https://annarbor.craigslist.org/apa/d/enjoy-your-screen-in-patio/6371196648.html,Enjoy Your Screen In Patio All Year Long In This Cozy Two Bedroom!,929,Near I94,2,950,1,42.213135,-83.588104,7,5050 Schooner Cove Ypsilanti MI US
6353986783,2017-11-02 16:29,https://annarbor.craigslist.org/apa/d/spacious-1-bedroom-soon/6353986783.html,Spacious 1 Bedroom soon,869,Near Arborland,1,850,1,42.227504,-83.656498,20,
6353988810,2017-11-02 16:29,https://annarbor.craigslist.org/apa/d/spacious-2-bedroom-available/6353988810.html,Spacious 2 bedroom available soon,989,Exit 183 off I-94,2,850,1,42.227504,-83.656498,20,
6352997251,2017-11-02 16:29,https://annarbor.craigslist.org/apa/d/spacious-1-bedroom-available/6352997251.html,Spacious 1 Bedroom available,869,Near Arborland,1,850,1,42.227504,-83.656498,20,
6362271916,2017-11-02 16:26,https://annarbor.craigslist.org/apa/d/looking-for-an-apartment-next/6362271916.html,Looking for an Apartment Next Summer? Check Out Our Great Community!,929,Ann Arbor,1,800,1,42.254728,-83.674716,10,2201 Glencoe Hills Drive Ann Arbor MI US
6371189170,2017-11-02 16:25,https://annarbor.craigslist.org/apa/d/darling-3-bedroom-25-bath/6371189170.html,Darling 3 Bedroom / 2.5 Bath home in Mesa,1350,8735 E Lakeview Ave,3,1990,2.5,33.373899,-111.646346,10,8735 E Lakeview Ave Mesa MI US
6371184854,2017-11-02 16:22,https://annarbor.craigslist.org/apa/d/walk-in-master-closet-open/6371184854.html,"Walk-In Master Closet, Open Layout Concept Reserve for Summer 2018!",1319,"2 Miles from UM, Walk to Kerrytown",2,950,2,42.275410,-83.770753,0,
6371182570,2017-11-02 16:21,https://annarbor.craigslist.org/apa/d/beautiful-south-facing-pond/6371182570.html,Beautiful South Facing Pond View 1st floor with Patio,1159,Ann Arbor,1,790,1,42.294799,-83.838670,20,Zeeb Road at Jackson Road Ann Arbor MI US
6371182405,2017-11-02 16:21,https://annarbor.craigslist.org/apa/d/reserve-with-medical-center/6371182405.html,Reserve with Medical Center Court for 2018 Now and Relax!,1429,"Walk to UM Hospital, Ann Arbor",2,815,1,42.289796,-83.738364,20,Maiden Lane at Broadway Street Ann Arbor MI US
6371177913,2017-11-02 16:18,https://annarbor.craigslist.org/apa/d/beautiful-3-bedroom-2-bath-in/6371177913.html,Beautiful 3 bedroom 2 bath in Glendale,1250,5218 N 71ST LN,3,1368,2,33.512783,-112.213448,10,5218 N 71ST LN Glendale MI US
6371176887,2017-11-02 16:17,https://annarbor.craigslist.org/apa/d/2nd-floor-2-bedroom-1-bath/6371176887.html,2nd floor 2 bedroom 1 bath Walking distance to Starbuck and Jimmy John,1189,Ann Arbor,2,880,1,42.294799,-83.838670,20,Zeeb Rd at Jackson Road Ann Arbor MI US
6371169732,2017-11-02 16:12,https://annarbor.craigslist.org/apa/d/wonderful-south-facing-pond/6371169732.html,Wonderful South Facing Pond View Third Floor 2 bed 1 bath,1239,Ann Arbor,2,880,1,42.294799,-83.838670,20,Zeeb Road at Jackson Ann Arbor MI US
6368287746,2017-11-02 16:10,https://annarbor.craigslist.org/apa/d/conklin-estates-community/6368287746.html,Conklin Estates Community,745,Tecumseh,1,700,1,42.003755,-83.931276,10,1082 E Chicago Blvd. Tecumseh MI US
6361758648,2017-11-02 16:09,https://annarbor.craigslist.org/apa/d/amazing-new-carpet-recreation/6361758648.html,Amazing New Carpet Recreation Room,850,Lease To Own,0,1430,,39.166100,-84.495900,5,
6371161115,2017-11-02 16:06,https://annarbor.craigslist.org/apa/d/relaxing-community-features/6371161115.html,Relaxing Community features 24 Hour Sauna!,1029,5 Minutes to Rave Theater,2,988,1,42.257428,-83.672948,5,Washtenaw Avenue at Glencoe Hills Drive Ann Arbor MI US
6371158463,2017-11-02 16:04,https://annarbor.craigslist.org/apa/d/on-site-maintenance-upgraded/6371158463.html,"On-site Maintenance, Upgraded Apartments, Fitness Center",1558,North East,2,1023,2,42.317486,-83.705885,5,2820 Windwood Dr Ann Arbor MI US
6343622441,2017-11-02 16:03,https://annarbor.craigslist.org/apa/d/private-balcony-additional/6343622441.html,"Private Balcony, Additional Storage, Vaulted Ceilings, & Fireplace!",1499,Across from Whole Foods,2,1100,2,42.247717,-83.760714,20,1550 Brookfield Drive Ann Arbor MI US
6371153619,2017-11-02 16:01,https://annarbor.craigslist.org/apa/d/stunning-downtown-chelsea/6371153619.html,stunning downtown Chelsea loft apartment,1300,"108 E. Middle St., Chelsea, MI",2,1200,2,42.318188,-84.020329,10,108 E. Middle Chelsea MI US
