pid,dt,url,title,price,neighb,beds,sqft,baths,lat,lng,accuracy,address
6336419331,2017-11-02 16:59,https://appleton.craigslist.org/apa/d/2-bedroom-townhouse/6336419331.html,2 Bedroom Townhouse,650,Oshkosh,2,0,1.5,43.994600,-88.526000,22,Otter Ave.  WI US
6371294632,2017-11-02 16:41,https://appleton.craigslist.org/apa/d/appleton-north-2br/6371294632.html,Appleton North 2br,550,Neenah,2,600,1,44.262090,-88.371761,10,110 S buchanan Appleton WI US
6371280019,2017-11-02 16:30,https://appleton.craigslist.org/apa/d/2-bedroom-lower-duplex/6371280019.html,2 bedroom lower duplex,500,", fonddulac",2,0,1,43.769773,-88.447178,10,"329 s main st , fonddulac WI US"
6371259022,2017-11-02 16:15,https://appleton.craigslist.org/apa/d/pet-friendly-community-in/6371259022.html,"Pet friendly community, In-home Washer/Dryer, Walk-in Closets",859,"140 N. Western Ave, Neenah, WI 54956",3,1473,2,44.191692,-88.480192,5,140 N. Western AveÂ  Neenah WI US
