pid,dt,url,title,price,neighb,beds,sqft,baths,lat,lng,accuracy,address
6371235270,2017-11-02 16:57,https://asheville.craigslist.org/apa/d/experience-the-hawthorne/6371235270.html,EXPERIENCE THE HAWTHORNE DIFFERENCE!! Huge Specials Now!!!,1375,Weaverville,2,1195,2,35.712600,-82.549100,22,
6371232274,2017-11-02 16:55,https://asheville.craigslist.org/apa/d/beautiful-brand-new-awesome/6371232274.html,"BEAUTIFUL, BRAND NEW, AWESOME SPECIALS_CALL NOW!!!",1270,Weaverville,2,1078,2,35.712600,-82.549100,22,
6371217776,2017-11-02 16:45,https://asheville.craigslist.org/apa/d/call-today-for-this-1-bedroom/6371217776.html,Call today for this 1 bedroom 1 bath spacious apartment home,845,Hendersonville,1,750,1,35.357449,-82.421838,10,41 Brittany Place Drive Hendersonville NC US
6338829068,2017-11-02 16:42,https://asheville.craigslist.org/apa/d/2bed-private-patio-pet/6338829068.html,2BED-PRIVATE PATIO-PET FRIENDLY-MINS TO I-26!,1065,"ARDEN, NC",2,1053,2,35.463700,-82.535400,22,
6341641845,2017-11-02 16:41,https://asheville.craigslist.org/apa/d/hurry-now-move-in-within/6341641845.html,HURRY NOW! Move in within Ocotober and get $300 off November's rent!!,1385,"ARDEN, NC",2,1303,2,35.463700,-82.535400,22,10 AVALON PARK CIRCLE ARDEN NC US
6367482160,2017-11-02 16:40,https://asheville.craigslist.org/apa/d/modern-2-bedroom-in-west/6367482160.html,"Modern 2 bedroom in west asheville , beautiful views",1400,west asheville,2,900,1.5,35.580337,-82.597103,5,haywood rd Asheville NC US
6368412421,2017-11-02 16:38,https://asheville.craigslist.org/apa/d/opening-this-fall-haven-at/6368412421.html,Opening This Fall! Haven at Enka Lake Has Your Brand New  Apartment,935,Haven At Enka Lake,1,983,1,35.537600,-82.700100,22,
6368412690,2017-11-02 16:38,https://asheville.craigslist.org/apa/d/opening-this-fall-haven-at/6368412690.html,Opening This Fall! Haven at Enka Lake Has Your Brand New  Apartment,935,Haven At Enka Lake,1,983,1,35.537600,-82.700100,22,
6368412129,2017-11-02 16:38,https://asheville.craigslist.org/apa/d/opening-this-fall-haven-at/6368412129.html,Opening This Fall! Haven at Enka Lake Has Your Brand New  Apartment,935,Haven At Enka Lake,1,983,1,35.537600,-82.700100,22,
6368410892,2017-11-02 16:38,https://asheville.craigslist.org/apa/d/opening-this-fall-haven-at/6368410892.html,Opening This Fall! Haven at Enka Lake Has Your Brand New  Apartment,935,Haven At Enka Lake,1,983,1,35.537600,-82.700100,22,
6368413300,2017-11-02 16:38,https://asheville.craigslist.org/apa/d/get-on-the-waiting-list-today/6368413300.html,Get On The Waiting List Today! Haven At Enka Lake!,1295,Haven at Enka Lake,3,1298,2,35.537600,-82.700100,22,
6371203794,2017-11-02 16:35,https://asheville.craigslist.org/apa/d/hurry-this-beautiful/6371203794.html,"Hurry this beautiful apartment will not last long, 2 bedroom 2 bath",955,Hendersonville,2,960,2,35.357449,-82.421838,10,41 Brittany Place Drive Hendersonville NC US
6341888363,2017-11-02 16:27,https://asheville.craigslist.org/apa/d/bright-light-cozy-little/6341888363.html,"Bright, Light Cozy Little House West Asheville",900,22 Talmadge Court,1,350,1,35.569432,-82.597456,10,22 Talmadge Ct  NC US
6371187163,2017-11-02 16:24,https://asheville.craigslist.org/apa/d/spacious-1br-1ba-apartment/6371187163.html,Spacious 1BR/1BA apartment home w/ wood burning fireplace!,999,South Asheville,1,816,1,35.510224,-82.526273,10,1680 Hendersonville Road  NC US
6371183328,2017-11-02 16:21,https://asheville.craigslist.org/apa/d/we-love-furry-friends-no-pet/6371183328.html,We Love Furry Friends! No pet rent at The Views!,1259,South Asheville,2,1068,2,35.510224,-82.526273,10,1680 Hendersonville Road  NC US
6371182348,2017-11-02 16:21,https://asheville.craigslist.org/apa/d/gaga-would-go-gaga-over-this/6371182348.html,Gaga would go GAGA over this HUGE 2 bed/2 bath w/ FREE RENT!,1259,South Asheville,2,1068,2,35.510224,-82.526273,10,
6371180677,2017-11-02 16:19,https://asheville.craigslist.org/apa/d/newly-renovated-2br-2ba/6371180677.html,Newly renovated 2BR/2BA apartment home with FREE rent! LAST ONE!,1259,South Asheville,2,1068,2,35.510224,-82.526273,10,1680 Hendersonville Road  NC US
6371158512,2017-11-02 16:04,https://asheville.craigslist.org/apa/d/must-love-dogs-2-bedroom/6371158512.html,Must Love Dogs  -  2 Bedroom Apartment,1500,Fletcher,2,500,1,35.488678,-82.441245,20,Franklin Farm Rd at Cane Creek Rd Fletcher NC US
6371156884,2017-11-02 16:03,https://asheville.craigslist.org/apa/d/furnished-apt-on-3-4-acre/6371156884.html,Furnished apt on 3/4 acre with gardens,1400,Weaverville,1,850,1,35.712600,-82.549100,22,
