pid,dt,url,title,price,neighb,beds,sqft,baths,lat,lng,accuracy,address
6345088116,2017-11-02 16:54,https://athensga.craigslist.org/apa/d/campus-crossings-at-abbey/6345088116.html,Campus Crossings at Abbey West-Now Leasing for Fall!,430,,0,0,,33.946100,-83.418000,22,
6364971529,2017-11-02 16:51,https://athensga.craigslist.org/apa/d/fully-furnished-apt-near/6364971529.html,FULLY FURNISHED APT NEAR BRASELTON CLOSE TO EXIT 129 (Hoschton),675,Hoschton GA,1,0,1,34.086600,-83.780300,22,
6341828738,2017-11-02 16:50,https://athensga.craigslist.org/apa/d/beautiful-2br-townhome-for/6341828738.html,BEAUTIFUL 2BR TOWNHOME FOR RENT. CALL FOR MORE INFO,649,285 Scandia Circle,2,0,1.5,33.976100,-83.363200,0,
6341883886,2017-11-02 16:50,https://athensga.craigslist.org/apa/d/beautiful-apartments-for-rent/6341883886.html,*~BEAUTIFUL APARTMENTS FOR RENT -- CALL FOR DETAILS!,595,Athens GA,2,0,2,33.932100,-83.352500,0,
6340895551,2017-11-02 16:49,https://athensga.craigslist.org/apa/d/one-months-rent-as-security/6340895551.html,One Month's Rent as security deposi,890,,3,0,2,,,,
6340892040,2017-11-02 16:48,https://athensga.craigslist.org/apa/d/this-3-bedroom-25-bath-2/6340892040.html,"This 3 bedroom/2.5 bath, 2 story, historic reproduction",800,,3,0,3,,,,
6371186476,2017-11-02 16:31,https://athensga.craigslist.org/apa/d/come-on-and-join-our/6371186476.html,Come on and join our community!!! @ Arbor Ridge,935,,2,960,1.5,33.944082,-83.430649,10,150 Chateau Terrace Athens GA US
6371181475,2017-11-02 16:20,https://athensga.craigslist.org/apa/d/1-bedroom-apartment-community/6371181475.html,1 Bedroom Apartment Community Close to Shopping!,543,,1,850,1,34.498564,-83.532743,5,
6371168291,2017-11-02 16:20,https://athensga.craigslist.org/apa/d/1-bedroom-available/6371168291.html,1 Bedroom available immediatly! Check us out,595,University Garden Apartments,1,612,1,33.945389,-83.400393,5,Baxter Street at Baxter Drive Athens GA US
6371177518,2017-11-02 16:17,https://athensga.craigslist.org/apa/d/fall-in-love-with-our/6371177518.html,FALL in love with our beautiful two bedrooms apartments!!!,1119,Athens,2,1186,2,33.927907,-83.464680,5,125 Jennings Mill Pkwy Athens GA US
6355057245,2017-11-02 16:17,https://athensga.craigslist.org/apa/d/there-almost-gone-come-on-in/6355057245.html,THERE ALMOST GONE COME ON IN AND LEASE YOUR NEW APPARTMENT!,850,,2,960,1.5,33.944082,-83.430649,10,150 Chateau Terrace Athens GA US
6355062942,2017-11-02 16:17,https://athensga.craigslist.org/apa/d/we-are-pet-friendly-arbor/6355062942.html,WE ARE PET FRIENDLY @ ARBOR RIDGE,935,,2,960,1.5,33.944082,-83.430649,10,150 Chateau Terrace Athens GA US
6371172226,2017-11-02 16:14,https://athensga.craigslist.org/apa/d/for-rent-mobile-home/6371172226.html,FOR RENT-MOBILE HOME,650,HULL,2,0,2,34.015104,-83.304348,5,
6349589081,2017-11-02 16:11,https://athensga.craigslist.org/apa/d/nos-encantara-tener-nete/6349589081.html,Nos encantaría tener únete a nuestra comunidad!!!,935,,2,960,1.5,33.944082,-83.430649,10,150 Chateau Terrace Athens GA US
6336553247,2017-11-02 16:10,https://athensga.craigslist.org/apa/d/second-chance-housing-cpn/6336553247.html,_*&/#//#/Second Chance Housing CPN $150&amp_All..&!&..(_R*,1,Paypal Payments Accepted,3,0,0,33.722400,-84.520500,22,
6341884452,2017-11-02 16:09,https://athensga.craigslist.org/apa/d/available-now-athens/6341884452.html,AVAILABLE NOW! ATHENS APARTMENT WITH LOTS OF AMENITIES. CALL!,649,Athens GA,2,0,2,,,,
6341753851,2017-11-02 16:08,https://athensga.craigslist.org/apa/d/2-bedroom-apartment-with-lots/6341753851.html,2 BEDROOM APARTMENT WITH LOTS OF AMENITIES! CALL FOR DETAILS,595,Athens GA,2,0,2,33.932100,-83.352500,0,
6371146193,2017-11-02 16:08,https://athensga.craigslist.org/apa/d/charming-farm-house-available/6371146193.html,Charming Farm House! Available NOW,850,"473 Smithonia Rd. Winterville, GA",3,0,1,33.954300,-83.290600,22,473 Smithonia Rd Winterville GA US
6371155394,2017-11-02 16:02,https://athensga.craigslist.org/apa/d/2-big-bed-rooms-house-for/6371155394.html,"2 Big Bed Room's  house for rent  , Near Toccoa Falls college",400,Toccoa georgia,2,0,1,34.576894,-83.328293,10,282 south pond Toccoa GA US
