pid,dt,url,title,price,neighb,beds,sqft,baths,lat,lng,accuracy,address
6371232633,2017-11-02 17:00,https://atlanta.craigslist.org/nat/apa/d/lovely-4-bedroom-split-level/6371232633.html,Lovely 4 Bedroom  split level home in very nice neighborhood,1300,Ellenwood,4,2200,2.5,33.616600,-84.293900,22,
6371229679,2017-11-02 17:00,https://atlanta.craigslist.org/atl/apa/d/renta-hoy-en-sierra-village/6371229679.html,Renta Hoy en Sierra Village!,895,Atlanta,1,750,1,33.851300,-84.287000,22,
6371228216,2017-11-02 17:00,https://atlanta.craigslist.org/nat/apa/d/fully-renovated-one-bedroom/6371228216.html,Fully Renovated One Bedroom MOVE IN SPECIAL!!! A MUST SEE!,1150,Marietta,1,850,1,33.928200,-84.473300,22,1818 Wood Hollow Court Marietta GA US
6371238294,2017-11-02 17:00,https://atlanta.craigslist.org/sat/apa/d/the-living-is-easy-anytime/6371238294.html,The living is easy ANYTIME & the deals are great NOW.,875,vineyard place,3,1240,2,33.231268,-84.297632,10,657 Carver Road Griffin GA US
6371237893,2017-11-02 16:59,https://atlanta.craigslist.org/atl/apa/d/glorious-luxury-amenities-can/6371237893.html,Glorious luxury amenities can be yours at Parkway Vista,1405,On the Access Road to 85,2,1185,2,,,,
6371237708,2017-11-02 16:59,https://atlanta.craigslist.org/sat/apa/d/39900-move-in-special-start/6371237708.html,$399.00 Move In Special Start Now!!!!! Call Now...Apply Online,638,Forest Park,1,675,1,33.611500,-84.374500,22,
6371237682,2017-11-02 16:59,https://atlanta.craigslist.org/sat/apa/d/start-your-holiday-in-home/6371237682.html,Start your Holiday in a home you can appreciate,8798,Ellenwood,2,1152,2,33.616600,-84.293900,22,2445 Rex Road Ellenwood GA US
6339594415,2017-11-02 16:59,https://atlanta.craigslist.org/atl/apa/d/2-bedrooms-2-bath-for-just/6339594415.html,2 Bedrooms 2 Bath for Just $199 FOR THE FIRST MONTH RENT/WATER!!!!!,850,DECATUR,2,0,2,,,,
6363106143,2017-11-02 16:59,https://atlanta.craigslist.org/atl/apa/d/traditional-southern-charm/6363106143.html,Traditional Southern Charm,1475,Lithonia,4,0,3,33.734710,-84.114761,22,
6340922610,2017-11-02 16:59,https://atlanta.craigslist.org/atl/apa/d/2-bedrooms-2-bath-for-just/6340922610.html,2 Bedrooms 2 Bath for Just $199 FOR THE FIRST MONTH RENT/WATER!!!!!,850,DECATUR,2,0,2,,,,
6371236672,2017-11-02 16:59,https://atlanta.craigslist.org/atl/apa/d/large-luxury-3b-35b-townhome/6371236672.html,"Large, Luxury 3B/3.5B Townhome in Westside Buckhead!",2800,Buckhead,3,2100,3.5,33.786500,-84.445400,22,1225 Brickton Drive Atlanta GA US
6371236167,2017-11-02 16:58,https://atlanta.craigslist.org/nat/apa/d/washer-dryer-connections/6371236167.html,"Washer/Dryer Connections, Spacious Floorplans, Walk-in Closets",1476,"720 Franklin Rd. , Marietta, GA 30067",3,1575,2,33.934719,-84.503455,5,720 Franklin Rd.Â  Marietta GA US
6371229156,2017-11-02 16:58,https://atlanta.craigslist.org/wat/apa/d/beautiful-tow-bedroom/6371229156.html,Beautiful Tow Bedroom Floorplans Available Today!,1392,"3640 S Fulton Ave, Hapeville, GA 30354",2,1186,2,33.655458,-84.410920,5,3640 S Fulton Ave Hapeville GA US
6371235940,2017-11-02 16:58,https://atlanta.craigslist.org/atl/apa/d/trendy-1-bedroom-last-1/6371235940.html,Trendy 1 bedroom! Last 1 Available! 4 Minutes to GA-400!,1499,"Atlanta, Buckhead, Brookhaven",1,950,1,,,,
6346881520,2017-11-02 16:57,https://atlanta.craigslist.org/atl/apa/d/3-bedroom-home-available-for/6346881520.html,▐ 3 Bed.room 'home Available for ȑeǹt! ▐,400,atlanta,3,0,2,33.938200,-84.540300,22,
6368581439,2017-11-02 16:57,https://atlanta.craigslist.org/wat/apa/d/marietta-metroatl-lantern/6368581439.html,MARIETTA/MetroATL: LANTERN RIDGE - GREAT LOCATION - CALL US,1195,1810 Roswell Road,3,1300,2,33.976666,-84.468958,20,Roswell Road Marietta GA US
6371233785,2017-11-02 16:56,https://atlanta.craigslist.org/atl/apa/d/996-greenwood-ave-ne-atlanta/6371233785.html,"996 Greenwood Ave NE  Atlanta, GA 30306",975,"996 Greenwood Ave NE  Atlanta, GA 30306",1,0,1,33.776701,-84.354558,10,996 Greenwood Ave NE Atlanta GA US
6371233787,2017-11-02 16:56,https://atlanta.craigslist.org/atl/apa/d/2-bedroom-2bathroom-apartment/6371233787.html,2 BEDROOM/2BATHROOM APARTMENT HOMES AT GREAT VALUE FOR SUPREME LOCAL,1090,Smyrna,2,960,2,33.879600,-84.502300,22,
6371233519,2017-11-02 16:56,https://atlanta.craigslist.org/atl/apa/d/free-rent-find-out-how/6371233519.html,FREE RENT!!!! Find Out How!!,985,Cartersville,2,1000,2,34.217987,-84.817970,10,11 Sheffield Pl Cartersville GA US
6371138247,2017-11-02 16:56,https://atlanta.craigslist.org/sat/apa/d/your-job-and-rental-history/6371138247.html,YOUR JOB AND RENTAL HISTORY IS YOUR CREDIT,750,,0,0,,33.740800,-84.263200,22,
6371232559,2017-11-02 16:55,https://atlanta.craigslist.org/nat/apa/d/1000-off-1st-months-rent/6371232559.html,$1000 OFF 1ST MONTHS RENT-DOGGIE DAYCARE-FITNESS CLASSES,1060,"Dunwoody, Sandy Springs, Roswell, Perimeter Area,",1,616,1,33.926700,-84.333400,5,350 PERIMETER CTR N Atlanta GA US
6371231989,2017-11-02 16:55,https://atlanta.craigslist.org/eat/apa/d/laundry-facilities-pool-carpet/6371231989.html,Laundry Facilities - Pool - Carpet,980,10 Creste Drive Decatur GA,3,1245,2,33.727800,-84.214300,5,10 Creste Dr. Decatur GA US
6346899884,2017-11-02 16:55,https://atlanta.craigslist.org/atl/apa/d/big-family-3-4-bedroom-home/6346899884.html,"● Big family 3-4 bedroom `home! Huge courtyard, finished basement! ●",400,atlanta,3,0,2,33.938200,-84.540300,22,
6371231298,2017-11-02 16:55,https://atlanta.craigslist.org/nat/apa/d/its-fall-and-are-rates-have/6371231298.html,**ITS FALL AND ARE RATES HAVE FALLEN TOO! Call today for a tour!,1078,Alpharetta,1,920,1,34.082928,-84.279456,10,905 LAKE UNION HILL WAY Alpharetta GA US
6371231153,2017-11-02 16:54,https://atlanta.craigslist.org/atl/apa/d/laurel-park-apartments-1-2/6371231153.html,Laurel Park Apartments - 1/2 OFF FIRST MONTH'S RENT !!!,699,5758 Highway 85,2,980,1.5,33.722400,-84.520500,22,5758 Highway 85 Riverdale GA US
6351149475,2017-11-02 16:54,https://atlanta.craigslist.org/atl/apa/d/3-bedroom-home-avaiabe-for-re/6351149475.html,♣ 3 Bed.room `home Avaiľabľe for reǹť! ♣,400,atlanta,3,0,2,33.938200,-84.540300,22,
6371229915,2017-11-02 16:54,https://atlanta.craigslist.org/nat/apa/d/fully-renovated-one-bedroom/6371229915.html,Fully Renovated One Bedroom MOVE IN SPECIAL!!! A MUST SEE!,1099,Marietta,1,850,1,33.928200,-84.473300,22,1818 Wood Hollow Court Marietta GA US
6371229095,2017-11-02 16:53,https://atlanta.craigslist.org/nat/apa/d/beautiful-renovated-two/6371229095.html,BEAUTIFUL RENOVATED TWO BEDROOM AVAILABLE!!! MOVE IN SPECIAL!!!,1389,,2,1151,2,33.928200,-84.473300,22,1818 Wood Hollow Court Marietta GA US
6349062744,2017-11-02 16:53,https://atlanta.craigslist.org/sat/apa/d/studio-apartment-for-rent/6349062744.html,Studio apartment for rent,100,Griffin Ga,1,0,1,33.261997,-84.211116,10,993 Musgrove road Griffin GA US
6371220467,2017-11-02 16:53,https://atlanta.craigslist.org/atl/apa/d/brookhavens-ultimate-luxury/6371220467.html,Brookhaven's Ultimate Luxury High Rise! 1 & 2 bedrooms Available!,1399,"Brookhaven, Buckhead, Atlanta",1,950,1,,,,
6364333170,2017-11-02 16:53,https://atlanta.craigslist.org/wat/apa/d/beautifully-renovated-3/6364333170.html,"Beautifully renovated 3 bedroom, 2 bathroom home in Alpharetta, GA.",1545,"200 Royal Colony Ct, Alpharetta, GA 30022",3,1320,2,34.033902,-84.243161,5,200 Royal Colony Ct Alpharetta GA US
6371215869,2017-11-02 16:53,https://atlanta.craigslist.org/wat/apa/d/2-bed-2-bath-breakfast-bar/6371215869.html,"2 Bed - 2 Bath, Breakfast Bar, Private Patio, Spacious Open Floor Plan",1039,"1113 Powers Ferry Place SE, Marietta, GA 30067",2,985,2,33.925800,-84.483200,5,1113 Powers Ferry Place SEÂ  Marietta GA US
6349068127,2017-11-02 16:52,https://atlanta.craigslist.org/sat/apa/d/furnished-apartment-for-rent/6349068127.html,Furnished apartment for rent,150,"Griffin,Ga.",1,0,1,33.261962,-84.210151,20,Musgrove road Griffin GA US
6351266184,2017-11-02 16:52,https://atlanta.craigslist.org/atl/apa/d/wide-ewly-remodeled-2345-br/6351266184.html,"◄ Wide Ňewly Remodeled 2,3,4,5 br Big Family House for Ȑeǹt",400,atlanta,3,0,2,33.938200,-84.540300,22,
6371227868,2017-11-02 16:52,https://atlanta.craigslist.org/atl/apa/d/rare-3-bdrm-fully-renovated/6371227868.html,"Rare 3 Bdrm, Fully Renovated, and SAVE $250!",1190,Cascade Rd.,3,1390,2,33.726617,-84.517585,15,Cascade rd at Danforth Atlanta GA US
6371227767,2017-11-02 16:52,https://atlanta.craigslist.org/sat/apa/d/click-me-big-savings/6371227767.html,"CLICK ME. Big Savings, AVAILABLE TODAY!",740,"College Park, GA",1,1150,1.5,33.605300,-84.481300,22,5577 Riverdale Road College Park GA US
6371171170,2017-11-02 16:52,https://atlanta.craigslist.org/eat/apa/d/your-job-and-rental-history/6371171170.html,YOUR JOB AND RENTAL HISTORY IS YOUR CREDIT,1200,,0,0,,33.904500,-84.862100,22,
6348124530,2017-11-02 16:52,https://atlanta.craigslist.org/atl/apa/d/must-see-awesome-3-4-bed-room/6348124530.html,☧ !!must See!! Awesome 3-4 Bed Room `home for Rent. Large Balcony! ☧,,,0,0,,,,,
6348118481,2017-11-02 16:52,https://atlanta.craigslist.org/atl/apa/d/must-see-nice-3-4-br-home-for/6348118481.html,☩ !!must See!! Nice 3-4 Br `home for Reǹť. Large Balcony!,,,0,0,,,,,
6331802241,2017-11-02 16:52,https://atlanta.craigslist.org/atl/apa/d/delay-eviction-for-months/6331802241.html,DELAY EVICTION FOR MONTHS WITHOUT FILING BANKRUPTCY!!!,,,0,0,,33.798400,-84.388300,22,
6371227416,2017-11-02 16:52,https://atlanta.craigslist.org/atl/apa/d/convenient-valet-trash-pickup/6371227416.html,"Convenient Valet Trash Pickup, Wifi in Courtyards",1130,Atlanta,1,630,1,33.820386,-84.349143,10,1514 Sheridan Rd NE Atlanta GA US
6371204306,2017-11-02 16:52,https://atlanta.craigslist.org/atl/apa/d/2-recamaras-para-rentar-en/6371204306.html,2 Recamaras para rentar en Sierra Terrace Apartments Hoy!,1150,Atlanta,2,1150,2,33.823600,-84.321400,22,
6371226785,2017-11-02 16:51,https://atlanta.craigslist.org/atl/apa/d/make-standford-oaks-your-new/6371226785.html,Make Standford Oaks your new home!! november  special  $200 off rent,905,,2,1050,1,33.857000,-84.216000,22,
6368651210,2017-11-02 16:51,https://atlanta.craigslist.org/atl/apa/d/fall-in-love-with-the/6368651210.html,Fall in Love with the sweeping views of the ATLANTA City Skyline!,,Brookhaven/THE GOODWYNN is SPECTACULAR!,0,0,,33.868700,-84.335100,22,705 Town Boulevard atlanta GA US
6371224625,2017-11-02 16:50,https://atlanta.craigslist.org/nat/apa/d/1x1-apartment-withoff-the-1st/6371224625.html,1x1 apartment with $600.00 off the 1st month!!!!,1110,The Estates at Johns Creek,1,776,1,34.078200,-84.228100,22,
6371216631,2017-11-02 16:49,https://atlanta.craigslist.org/atl/apa/d/unbelievably-popular-1/6371216631.html,Unbelievably Popular 1 bedroom just 1 mile to Lure! Only 1 left!,1299,"Buckhead,Midtown,SCAD",1,779,1,,,,
6371222744,2017-11-02 16:48,https://atlanta.craigslist.org/atl/apa/d/arium-vinings-station/6371222744.html,Arium Vinings Station,1382,Atlanta,1,863,1,33.871300,-84.462900,22,4695 N. Church Ln SE Atlanta GA US
6355225321,2017-11-02 16:48,https://atlanta.craigslist.org/sat/apa/d/you-can-afford-to-dwell-well/6355225321.html,You Can Afford To Dwell Well.,958,College Park,2,1050,2,33.603534,-84.438594,10,1507 Pine Drive College Park GA US
6371221695,2017-11-02 16:48,https://atlanta.craigslist.org/nat/apa/d/historic-roswell-canton-street/6371221695.html,historic roswell canton street,1475,1149 Canton Street,1,800,1,34.029883,-84.360580,5,1149 Canton Street Roswell GA US
6371209550,2017-11-02 16:47,https://atlanta.craigslist.org/nat/apa/d/purrrrrrrfect-cats-and-dogs/6371209550.html,Purrrrrrrfect! Cats and dogs welcome at IMT Stoneleigh at Deerfield,1685,Alpharetta,3,1323,2,34.156306,-84.484308,15,1800 Deerfield Point Alpharetta GA US
6371220480,2017-11-02 16:47,https://atlanta.craigslist.org/atl/apa/d/1br-1ba-bonus-room-in-law/6371220480.html,1BR 1BA + Bonus Room - In Law Suite ALL UTILITIES INCLUDED,1250,Peachtree Corners,1,1300,1,33.970286,-84.246091,15,SPALDING BLUFF DRIVE at SPALDING DR. Norcross GA US
6371220048,2017-11-02 16:47,https://atlanta.craigslist.org/atl/apa/d/1-month-free-cable-and/6371220048.html,1 Month free w/ Cable and Internet INCLUDED!!!!,1067,,1,806,1,,,,
6371219191,2017-11-02 16:46,https://atlanta.craigslist.org/eat/apa/d/springdale-glen-move-in-today/6371219191.html,Springdale Glen!!! Move in Today!!!,1211,,0,0,,33.810100,-84.238800,22,
6371205442,2017-11-02 16:45,https://atlanta.craigslist.org/sat/apa/d/your-job-and-rental-history/6371205442.html,YOUR JOB AND RENTAL HISTORY IS YOUR CREDIT,975,,0,0,,33.695400,-84.248900,22,
6371217637,2017-11-02 16:45,https://atlanta.craigslist.org/atl/apa/d/we-have-the-key-to-your-new/6371217637.html,We Have The Key To Your New HOME!!!,1457,,2,1168,2,33.976666,-84.468958,20,Roswell Rd Marietta GA US
6371195905,2017-11-02 16:45,https://atlanta.craigslist.org/atl/apa/d/2bdr-15ba/6371195905.html,2Bdr/1.5Ba,1100,,2,1155,1.5,33.716361,-84.329804,10,1438 Bouldercrest Road SE Atlanta GA US
6363746204,2017-11-02 16:45,https://atlanta.craigslist.org/atl/apa/d/golfvista-your-home-sweet-home/6363746204.html,GolfVista your Home Sweet Home,692,,2,0,1,33.679602,-84.376364,10,445 Cleveland AV SE Atlanta GA US
6364241621,2017-11-02 16:44,https://atlanta.craigslist.org/atl/apa/d/golfvista-your-home-sweet-home/6364241621.html,GolfVista your Home Sweet Home,862,,3,0,2,33.679584,-84.376353,10,445 Cleveland AV SE Atlanta GA US
6371216422,2017-11-02 16:44,https://atlanta.craigslist.org/nat/apa/d/reduced-price-3-bed-2-bath/6371216422.html,REDUCED PRICE! 3 BED 2 BATH TOWNHOME IN GREAT LOCATION!,695,Cartersville GA,3,900,2,34.187000,-84.820400,0,
6371216216,2017-11-02 16:44,https://atlanta.craigslist.org/atl/apa/d/loft-in-downtown-atlanta-1300/6371216216.html,Loft in Downtown Atlanta  $1300,1300,"Atlanta, GA",0,0,,33.752500,-84.388800,22,
6371197396,2017-11-02 16:43,https://atlanta.craigslist.org/wat/apa/d/exciting-playground-wood/6371197396.html,"Exciting Playground, Wood Floors, Separate Dining Room",945,"500 Williams Drive, Marietta, GA 30066",2,900,1,33.993341,-84.546802,5,500 Williams Drive Marietta GA US
6371214539,2017-11-02 16:43,https://atlanta.craigslist.org/nat/apa/d/2-bed-2-bath-apartment-in/6371214539.html,2 Bed/2 Bath Apartment In Sandy Springs,1035,Sandy Springs,2,1227,2,33.992617,-84.345240,0,700 Summit Place Drive Sandy Springs GA US
6363691111,2017-11-02 16:42,https://atlanta.craigslist.org/eat/apa/d/fully-furnished-room-for-rent/6363691111.html,Fully Furnished Room for Rent in Decatur: Utilities Included For $225,225,,0,0,,33.695400,-84.248900,22,2942 Ember Dr Decatur GA US
6363690684,2017-11-02 16:42,https://atlanta.craigslist.org/eat/apa/d/fully-furnished-room-for-rent/6363690684.html,Fully Furnished Room for Rent in Decatur: Utilities Included For $375,375,,0,0,,33.695400,-84.248900,22,2942 Ember Dr Decatur GA US
6363691825,2017-11-02 16:42,https://atlanta.craigslist.org/eat/apa/d/fully-furnished-room-for-rent/6363691825.html,Fully Furnished Room for Rent in Decatur:$750 Monthly Utilities Incl.,750,,0,0,,33.695400,-84.248900,22,2942 Ember Dr Decatur GA US
6371203247,2017-11-02 16:42,https://atlanta.craigslist.org/atl/apa/d/clubhouse-parking-covered/6371203247.html,Clubhouse - Parking - covered parking - Atlanta view,2675,Atlanta,2,1157,2,33.772808,-84.352514,5,"675 North Highland Avenue, NE Atlanta GA US"
6371213205,2017-11-02 16:42,https://atlanta.craigslist.org/wat/apa/d/playground-gated-access/6371213205.html,Playground - Gated Access - Monitoring cameras,785,Lithonia,1,790,1,33.713113,-84.134556,5,10 Arbor Crossing Dr Lithonia GA US
6371201622,2017-11-02 16:42,https://atlanta.craigslist.org/atl/apa/d/1-left-huge-2-bedroom-2-bath/6371201622.html,"1 left! Huge 2 bedroom, 2 bath in Midtown! Walk to Atlantic Station!",1749,"Atlanta, Midtown, Buckhead",2,1167,2,33.798400,-84.388300,22,
6371200317,2017-11-02 16:41,https://atlanta.craigslist.org/sat/apa/d/courtesy-patrol-renovated/6371200317.html,"Courtesy Patrol, Renovated Units, Ceiling Fan, Playground, Dog Park",890,,3,1200,2,33.664495,-84.520773,10,3390 Fairburn Road Atlanta GA US
6371201618,2017-11-02 16:41,https://atlanta.craigslist.org/atl/apa/d/november-deals-at-sierra/6371201618.html,November Deals at Sierra Village Apartments!,1150,Atlanta,2,1150,2,33.823600,-84.321400,22,
6366642758,2017-11-02 16:41,https://atlanta.craigslist.org/eat/apa/d/fully-furnished-room-for-rent/6366642758.html,Fully Furnished Room for Rent in Decatur: Utilities Incl. $750 Monthly,750,,0,0,,33.677467,-84.166203,22,2942 Ember Dr Decatur GA US
6366646891,2017-11-02 16:41,https://atlanta.craigslist.org/eat/apa/d/fully-furnished-room-for-rent/6366646891.html,Fully Furnished Room for Rent in Decatur: Utilities Included For $225,225,,0,0,,33.695400,-84.248900,22,2942 Ember Dr Decatur GA US
6371199964,2017-11-02 16:41,https://atlanta.craigslist.org/atl/apa/d/nestled-community-award/6371199964.html,"Nestled Community, Award Winning Management!!!!",1279,"300 Deering Road, Atlanta, GA 30309",1,850,1,33.796649,-84.397619,5,300 Deering Road Atlanta GA US
6363370743,2017-11-02 16:40,https://atlanta.craigslist.org/atl/apa/d/beautiful-4bedroom-and/6363370743.html,Beautiful 4bedroom and 3bathroom Single Family Home It Wont last Long!,1100,,4,0,3,33.758000,-84.180200,22,1276 Muir Forest Lane stone moutain GA US
6366924362,2017-11-02 16:40,https://atlanta.craigslist.org/eat/apa/d/fully-furnished-room-for-rent/6366924362.html,Fully Furnished Room for Rent in Decatur: Utilities Included For $225,225,,1,0,1,33.695400,-84.248900,22,2942 Ember Dr Decatur GA US
6342298657,2017-11-02 16:40,https://atlanta.craigslist.org/atl/apa/d/beautful-2-bedroom-15-bath/6342298657.html,Beautful 2 bedroom 1.5 bath Single Family Home 3198 Quince Tree,650,decatur,0,0,,33.695400,-84.248900,22,3198 Quince Tree dectuar GA US
6366936748,2017-11-02 16:40,https://atlanta.craigslist.org/eat/apa/d/fully-furnished-room-for-rent/6366936748.html,Fully Furnished Room for Rent in Decatur: Utilities Included For $52,52,,1,0,1,33.695400,-84.248900,22,2942 Ember Dr Decatur GA US
6366929998,2017-11-02 16:40,https://atlanta.craigslist.org/eat/apa/d/fully-furnished-room-for-rent/6366929998.html,Fully Furnished Room for Rent in Decatur: Utilities Included For $375,375,,1,0,1,33.695400,-84.248900,22,2942 Ember Dr Decatur GA US
6362117368,2017-11-02 16:40,https://atlanta.craigslist.org/atl/apa/d/935-silverwood-drive-college/6362117368.html,"935 Silverwood Drive College Park, GA 30349",850,,3,0,2,33.599978,-84.420150,10,935 silverwood college park GA US
6364780166,2017-11-02 16:40,https://atlanta.craigslist.org/eat/apa/d/fully-furnished-room-for-rent/6364780166.html,Fully Furnished Room for Rent in Decatur: Utilities Included For $225,225,,1,0,0,33.695400,-84.248900,22,2942 Ember Dr Decatur GA US
6362048547,2017-11-02 16:40,https://atlanta.craigslist.org/atl/apa/d/1829-whitehall-forest-court/6362048547.html,"1829 Whitehall Forest Court SE Atlanta, GA 30316",850,,3,0,2,33.684660,-84.312709,10,1829 Whitehall Forest Court SE atlanta GA US
6364634574,2017-11-02 16:40,https://atlanta.craigslist.org/eat/apa/d/fully-furnished-room-for-rent/6364634574.html,Fully Furnished Room for Rent in Decatur: Utilities Included For $375,375,,0,0,,33.695400,-84.248900,22,2942 Ember Dr Decatur GA US
6362042459,2017-11-02 16:40,https://atlanta.craigslist.org/atl/apa/d/beautiful-2-bedrom-25/6362042459.html,Beautiful 2 Bedrom 2.5 Bathrooom Renovated Townhomes !!!,730,,2,0,2.5,33.605300,-84.481300,22,5271 w fayetteville rd collage park GA US
6342127658,2017-11-02 16:40,https://atlanta.craigslist.org/eat/apa/d/location-community-quality/6342127658.html,"Location, Community, Quality Living. It Starts Here!",979,,3,0,2,33.771700,-84.260700,22,
6367544049,2017-11-02 16:40,https://atlanta.craigslist.org/eat/apa/d/fully-furnished-room-for-rent/6367544049.html,Fully Furnished Room for Rent in Decatur: Utilities Included For $225,225,,0,0,,33.695400,-84.248900,22,2942 Ember Dr Decatur GA US
6367548981,2017-11-02 16:40,https://atlanta.craigslist.org/eat/apa/d/fully-furnished-room-for-rent/6367548981.html,Fully Furnished Room for Rent in Decatur: Utilities Incl. $750 Monthly,700,,0,0,,33.695400,-84.248900,22,2942 Ember Dr Decatur GA US
6368186222,2017-11-02 16:39,https://atlanta.craigslist.org/eat/apa/d/fully-furnished-room-for-rent/6368186222.html,Fully Furnished Room for Rent in Decatur: Utilities Included For $225,225,,1,0,1,33.695400,-84.248900,22,2942 Ember Dr Decatur GA US
6368176133,2017-11-02 16:39,https://atlanta.craigslist.org/eat/apa/d/fully-furnished-room-for-rent/6368176133.html,Fully Furnished Room for Rent in Decatur: Utilities Included For $52,52,,1,0,1,33.695400,-84.248900,22,2942 Ember Dr Decatur GA US
6362039075,2017-11-02 16:39,https://atlanta.craigslist.org/atl/apa/d/beautiful-2-bedrom-25/6362039075.html,Beautiful 2 Bedrom 2.5 Bathrooom Renovated Townhomes!!!,730,,2,0,2.5,33.605300,-84.481300,22,5271 w fayetteville rd collage park GA US
6368188280,2017-11-02 16:39,https://atlanta.craigslist.org/eat/apa/d/fully-furnished-room-for-rent/6368188280.html,Fully Furnished Room for Rent in Decatur: Utilities Included For $375,375,,1,0,1,33.695400,-84.248900,22,2942 Ember Dr Decatur GA US
6352640281,2017-11-02 16:39,https://atlanta.craigslist.org/atl/apa/d/beautiful-2-bedrom-25/6352640281.html,Beautiful 2 Bedrom 2.5 Bathrooom Renovated Townhomes !!!,730,,2,0,2.5,33.611679,-84.447994,10,5271 w fayetteville rd college park GA US
6352447964,2017-11-02 16:39,https://atlanta.craigslist.org/atl/apa/d/5271-west-fayetteville-rd/6352447964.html,"5271 West Fayetteville Rd, College Park, GA 30349 2 Beds 2.5 Baths",730,,2,0,2.5,33.605300,-84.481300,22,5271 w fayetteville rd collage park GA US
6357432297,2017-11-02 16:39,https://atlanta.craigslist.org/atl/apa/d/beautiful-2-bedrom-25/6357432297.html,Beautiful 2 Bedrom 2.5 Bathrooom Renovated Townhomes !!!,730,,2,0,2.5,33.611679,-84.447994,10,5271 w fayetteville rd college park GA US
6352438830,2017-11-02 16:39,https://atlanta.craigslist.org/atl/apa/d/5271-west-fayetteville-rd/6352438830.html,"5271 West Fayetteville Rd, College Park, GA 30349 2 Beds 2.5 Baths",730,,2,0,2.5,33.605300,-84.481300,22,5271 w fayetteville rd collage park GA US
6355318679,2017-11-02 16:39,https://atlanta.craigslist.org/atl/apa/d/beautiful-2-bedrom-25/6355318679.html,Beautiful 2 Bedrom 2.5 Bathrooom Renovated Townhomes !!!,730,,2,0,2.5,33.605300,-84.481300,22,5271 w fayetteville rd collage park GA US
6355296403,2017-11-02 16:38,https://atlanta.craigslist.org/atl/apa/d/beautiful-2-bedrom-25/6355296403.html,Beautiful 2 Bedrom 2.5 Bathrooom Renovated Townhomes !!!,730,,2,0,2.5,33.605300,-84.481300,22,5271 w fayetteville rd collage park GA US
6371208498,2017-11-02 16:38,https://atlanta.craigslist.org/nat/apa/d/large-2br-2ba/6371208498.html,Large 2BR/2BA,1265,Sandy Springs,0,0,,33.933500,-84.395800,22,
6352436088,2017-11-02 16:38,https://atlanta.craigslist.org/atl/apa/d/beautiful-2-bedrom-25/6352436088.html,Beautiful 2 Bedrom 2.5 Bathrooom Renovated Townhomes !!!,730,,2,0,2.5,33.605300,-84.481300,22,5271 w fayetteville rd collage park GA US
6371208345,2017-11-02 16:38,https://atlanta.craigslist.org/atl/apa/d/ceramic-tile-flooring-in/6371208345.html,"Ceramic tile flooring in baths, Recycling center, Convenient elevators",1983,Old 4th Ward / Intown,1,803,1,33.771105,-84.365344,5,641 North Ave NE Atlanta GA US
6359595476,2017-11-02 16:38,https://atlanta.craigslist.org/atl/apa/d/spare-bedroom-office-free/6359595476.html,+ Spare Bedroom/Office!! Free INTERNET -- Great Intown Value,945,Grant Park Chosewood Atlanta,2,1067,2,33.715495,-84.375286,10,1426 Eric St Atlanta GA US
6371208330,2017-11-02 16:38,https://atlanta.craigslist.org/nat/apa/d/live-in-luxury-in-this/6371208330.html,Live in Luxury in this Stylish 3BR/2BA,1530,Sandy Springs,0,0,,33.933500,-84.395800,22,
6359596374,2017-11-02 16:38,https://atlanta.craigslist.org/atl/apa/d/nice-lot-dead-end-street/6359596374.html,Nice Lot - Dead End Street - Overlooks Chosewood Park,1250,grant Park Chosewood Atlanta,3,1189,2,33.717624,-84.372325,10,1340 Gault St Atlanta GA US
6352426411,2017-11-02 16:38,https://atlanta.craigslist.org/atl/apa/d/beautiful-2-bedrom-25/6352426411.html,Beautiful 2 Bedrom 2.5 Bathrooom Renovated Townhomes!!!,730,,2,0,2.5,33.611679,-84.447994,10,5271 w fayetteville rd college park GA US
6371208034,2017-11-02 16:38,https://atlanta.craigslist.org/nat/apa/d/flawless-walk-in-level-2br/6371208034.html,"Flawless, Walk in Level 2BR w/Stunning Upgrades",1515,Sandy Springs,0,0,,33.933500,-84.395800,22,
6371208047,2017-11-02 16:38,https://atlanta.craigslist.org/nat/apa/d/reduced-move-in-ready/6371208047.html,REDUCED! ➤MOVE IN READY TOWNHOMES IN CARTERSVILLE. CALL NOW!,695,Cartersville GA,3,900,2,34.187000,-84.820400,0,
6352416660,2017-11-02 16:38,https://atlanta.craigslist.org/atl/apa/d/beautiful-2-bedrom-25/6352416660.html,Beautiful 2 Bedrom 2.5 Bathrooom Renovated Townhomes !!!,730,,2,0,2.5,33.605300,-84.481300,22,5271 w fayetteville rd collage park GA US
6352414732,2017-11-02 16:38,https://atlanta.craigslist.org/atl/apa/d/beautiful-2-bedrom-25/6352414732.html,Beautiful 2 Bedrom 2.5 Bathrooom Renovated Townhomes !!!,730,,2,0,2.5,33.605300,-84.481300,22,5271 w fayetteville rd collage park GA US
6352400461,2017-11-02 16:38,https://atlanta.craigslist.org/atl/apa/d/beautiful-2-bedrom-25/6352400461.html,Beautiful 2 Bedrom 2.5 Bathrooom Renovated Townhomes !!!,730,college park,2,0,2.5,33.605300,-84.481300,22,5271 w fayetteville rd collage park GA US
6360227608,2017-11-02 16:38,https://atlanta.craigslist.org/atl/apa/d/2bedroom-15-bathroom-in/6360227608.html,2bedroom 1.5 bathroom in Prefect Location 2905 Springdale Road SW,750,,2,0,1.5,33.705100,-84.380800,22,
6360219679,2017-11-02 16:37,https://atlanta.craigslist.org/atl/apa/d/2bedroom-townhome-prime/6360219679.html,2bedroom Townhome Prime Location,750,,2,0,1.5,33.705100,-84.380800,22,
6371206968,2017-11-02 16:37,https://atlanta.craigslist.org/atl/apa/d/laurel-park-apartments-1-2/6371206968.html,Laurel Park Apartments - 1/2 OFF FIRST MONTH'S RENT !!!,699,5758 Highway 85,2,980,1.5,33.642800,-84.461800,22,5758 Highway 85 Riverdale GA US
6360214139,2017-11-02 16:37,https://atlanta.craigslist.org/atl/apa/d/2-bedroom-in-prefect-location/6360214139.html,2 bedroom in Prefect Location 2905 Springdale Road SW Atlanta,750,,2,0,1.5,33.705100,-84.380800,22,
6360210081,2017-11-02 16:37,https://atlanta.craigslist.org/atl/apa/d/1bedroom-1bathroom-2905/6360210081.html,1bedroom 1bathroom  !!!!!! 2905 Springdale Road SW,700,,1,0,1,33.705100,-84.380800,22,
6368649352,2017-11-02 16:37,https://atlanta.craigslist.org/atl/apa/d/beautiful-2-bedrom-25/6368649352.html,Beautiful 2 Bedrom 2.5 Bathrooom Renovated Townhomes !!!,730,,0,0,,33.605300,-84.481300,22,5271 w fayetteville rd collage park GA US
6371206381,2017-11-02 16:37,https://atlanta.craigslist.org/atl/apa/d/generous-closet-space-picnic/6371206381.html,"Generous Closet Space, Picnic Area, Private Patio or Balcony",1560,Atlanta,3,1375,2,33.864653,-84.299045,10,2203 Plaster Rd Atlanta GA US
6353829102,2017-11-02 16:37,https://atlanta.craigslist.org/atl/apa/d/beautiful-2-bedrom-25/6353829102.html,Beautiful 2 Bedrom 2.5 Bathrooom Renovated Townhomes !!!,730,,2,0,2.5,33.611679,-84.447994,10,5271 w fayetteville rd college park GA US
6371206210,2017-11-02 16:37,https://atlanta.craigslist.org/atl/apa/d/trendy-1-bedroom-with-sunroom/6371206210.html,Trendy 1 bedroom with Sunroom! 1 Left! Midtown Skyline Views!,1429,"Atlanta, Buckhead, Brookhaven",1,1050,1,,,,
6342189417,2017-11-02 16:37,https://atlanta.craigslist.org/atl/apa/d/beautiful-home-in-the-suburbs/6342189417.html,"BEAUTIFUL HOME IN THE SUBURBS OF CONYERS, GA",1000,conyers,3,0,2,33.719530,-83.998884,10,"2811 Country Brook Court NE, Conyers GA US"
6371206081,2017-11-02 16:37,https://atlanta.craigslist.org/wat/apa/d/more-for-your-money/6371206081.html,More for Your Money,1055,Clarkston,2,1270,2,33.818267,-84.246668,5,1108 Montreal Road Clarkston GA US
6352720004,2017-11-02 16:37,https://atlanta.craigslist.org/atl/apa/d/beautiful-2-bedrom-25/6352720004.html,Beautiful 2 Bedrom 2.5 Bathrooom Renovated Townhomes !!!,730,,2,0,2.5,33.605300,-84.481300,22,5271 w fayetteville rd collage park GA US
6352903603,2017-11-02 16:37,https://atlanta.craigslist.org/atl/apa/d/beautiful-2-bedrom-25/6352903603.html,Beautiful 2 Bedrom 2.5 Bathrooom Renovated Townhomes!!!,730,,2,0,2.5,33.605300,-84.481300,22,5271 w fayetteville rd collage park GA US
6353575224,2017-11-02 16:37,https://atlanta.craigslist.org/atl/apa/d/beautiful-2-bedrom-25/6353575224.html,Beautiful 2 Bedrom 2.5 Bathrooom Renovated Townhomes !!!,730,,2,0,2.5,33.605300,-84.481300,22,5271 w fayetteville rd collage park GA US
6371188064,2017-11-02 16:36,https://atlanta.craigslist.org/atl/apa/d/hardwood-floors-granite/6371188064.html,"Hardwood Floors, Granite Counters, Attached Garages",1410,Roswell Rd and Dunwoody Pl,2,1511,2,34.005848,-84.339649,5,9401 Roberts Dr Sandy Springs GA US
6360206249,2017-11-02 16:36,https://atlanta.craigslist.org/atl/apa/d/2905-springdale-road-sw/6360206249.html,"2905 Springdale Road SW Atlanta, GA 30315",750,,2,0,1.5,33.705100,-84.380800,22,
6355299653,2017-11-02 16:36,https://atlanta.craigslist.org/atl/apa/d/beautiful-2-bedrom-25/6355299653.html,Beautiful 2 Bedrom 2.5 Bathrooom Renovated Townhomes !!!,730,,2,0,2.5,33.605300,-84.481300,22,5271 w fayetteville rd collage park GA US
6371205176,2017-11-02 16:36,https://atlanta.craigslist.org/wat/apa/d/private-patio-disability/6371205176.html,"Private Patio, Disability Access, Dishwasher",1575,"3450 Miller Dr, Chamblee, GA 30341",2,1208,2,33.892040,-84.306545,5,3450 Miller Dr Chamblee GA US
6355303136,2017-11-02 16:36,https://atlanta.craigslist.org/atl/apa/d/beautiful-2-bedrom-25/6355303136.html,Beautiful 2 Bedrom 2.5 Bathrooom Renovated Townhomes !!!,730,,2,0,2.5,33.605300,-84.481300,22,5271 w fayetteville rd collage park GA US
6355040133,2017-11-02 16:36,https://atlanta.craigslist.org/atl/apa/d/beautiful-2-bedrom-25/6355040133.html,Beautiful 2 Bedrom 2.5 Bathrooom Renovated Townhomes !!!,730,,2,0,2.5,33.605300,-84.481300,22,5271 w fayetteville rd collage park GA US
6353856569,2017-11-02 16:36,https://atlanta.craigslist.org/atl/apa/d/beautiful-2-bedrom-25/6353856569.html,Beautiful 2 Bedrom 2.5 Bathrooom Renovated Townhomes!!!,730,,2,0,2.5,33.605300,-84.481300,22,5271 w fayetteville rd collage park GA US
6353820701,2017-11-02 16:36,https://atlanta.craigslist.org/atl/apa/d/beautiful-2-bedrom-25/6353820701.html,Beautiful 2 Bedrom 2.5 Bathrooom Renovated Townhomes!!!,730,,2,0,2.5,33.605300,-84.481300,22,5271 w fayetteville rd collage park GA US
6353744176,2017-11-02 16:36,https://atlanta.craigslist.org/atl/apa/d/beautiful-2-bedrom-25/6353744176.html,Beautiful 2 Bedrom 2.5 Bathrooom Renovated Townhomes !!!,730,,2,0,2.5,33.605300,-84.481300,22,5271 w fayetteville rd collage park GA US
6354122207,2017-11-02 16:36,https://atlanta.craigslist.org/atl/apa/d/fall-in-love-with-our/6354122207.html,"Fall in love with our Spacious 2 bedrooms, Just minutes from downtown",875,,2,980,0,33.852459,-84.299263,10,2515 Northeast Expressway atlanta GA US
6371192721,2017-11-02 16:36,https://atlanta.craigslist.org/eat/apa/d/spacious-upgraded-2-bedroom/6371192721.html,Spacious Upgraded 2 Bedroom Apartment Home $500 off,1029,Marietta,2,1228,2,33.934628,-84.503377,10,730 Franklin Gateway Marietta GA US
6353678174,2017-11-02 16:36,https://atlanta.craigslist.org/atl/apa/d/beautiful-2-bedrom-25/6353678174.html,Beautiful 2 Bedrom 2.5 Bathrooom Renovated Townhomes!!!,730,,2,0,2.5,33.605300,-84.481300,22,5271 w fayetteville rd collage park GA US
6344360597,2017-11-02 16:35,https://atlanta.craigslist.org/atl/apa/d/west-cove-town-homes/6344360597.html,West Cove Town Homes,700,college park,2,0,1.5,33.605300,-84.481300,22,5271 w fayetteville rd collage park GA US
6358955177,2017-11-02 16:35,https://atlanta.craigslist.org/atl/apa/d/beautiful-3bedroom-2-full/6358955177.html,Beautiful 3bedroom 2 full bathroom Ranch Style Home,1150,college park,3,0,2,33.598525,-84.548799,10,4800 cochran rd college park GA US
6352733541,2017-11-02 16:35,https://atlanta.craigslist.org/atl/apa/d/beautiful-2-bedrom-25/6352733541.html,Beautiful 2 Bedrom 2.5 Bathrooom Renovated Townhomes!!!,730,,2,0,2.5,33.611679,-84.447994,10,5271 w fayetteville rd college park GA US
6371203317,2017-11-02 16:35,https://atlanta.craigslist.org/atl/apa/d/playground-24hr-emergency/6371203317.html,"Playground, 24hr. Emergency maintenance, Triple crown molding",1903,Dunwoody,3,1521,2,33.966900,-84.324900,22,4867 Ashford Dunwoody Rd Atlanta GA US
6352731884,2017-11-02 16:35,https://atlanta.craigslist.org/atl/apa/d/beautiful-2-bedrom-25/6352731884.html,Beautiful 2 Bedrom 2.5 Bathrooom Renovated Townhomes !!!,730,,2,0,2.5,33.605300,-84.481300,22,5271 w fayetteville rd collage park GA US
6352411192,2017-11-02 16:34,https://atlanta.craigslist.org/atl/apa/d/beautiful-2-bedrom-25/6352411192.html,Beautiful 2 Bedrom 2.5 Bathrooom Renovated Townhomes !!!,730,,2,0,2.5,33.605300,-84.481300,22,5271 w fayetteville rd collage park GA US
6357828080,2017-11-02 16:34,https://atlanta.craigslist.org/atl/apa/d/2915-springdale-road-sw/6357828080.html,"2915 Springdale Road SW Atlanta, GA 30315",800,,2,0,1,33.705100,-84.380800,22,
6352727799,2017-11-02 16:34,https://atlanta.craigslist.org/atl/apa/d/beautiful-2-bedrom-25/6352727799.html,Beautiful 2 Bedrom 2.5 Bathrooom Renovated Townhomes !!!,730,,2,0,2.5,33.605300,-84.481300,22,5271 w fayetteville rd collage park GA US
6352721918,2017-11-02 16:34,https://atlanta.craigslist.org/atl/apa/d/beautiful-2-bedrom-25/6352721918.html,Beautiful 2 Bedrom 2.5 Bathrooom Renovated Townhomes !!!,730,,2,0,2.5,33.605300,-84.481300,22,5271 w fayetteville rd collage park GA US
6357703699,2017-11-02 16:34,https://atlanta.craigslist.org/atl/apa/d/3br-beautiful-3-bedroom-2/6357703699.html,3br - BEAUTIFUL 3 BEDROOM 2 BATHROOM  IN GREAT LOCATION,850,,3,0,2,33.682300,-84.161000,22,
6371201440,2017-11-02 16:34,https://atlanta.craigslist.org/atl/apa/d/445-highland-ave-ne-studio/6371201440.html,"445 N Highland Ave NE # STUDIO  Atlanta, GA 30307",895,445 N Highland Avenue NE,0,550,1,33.766002,-84.353521,5,445 N Highland Avenue NE Atlanta GA US
6352483049,2017-11-02 16:34,https://atlanta.craigslist.org/atl/apa/d/beautiful-2-bedrom-25/6352483049.html,Beautiful 2 Bedrom 2.5 Bathrooom Renovated Townhomes!!!,730,,2,0,2.5,33.605300,-84.481300,22,5271 w fayetteville rd collage park GA US
6352569669,2017-11-02 16:33,https://atlanta.craigslist.org/atl/apa/d/5271-west-fayetteville-rd/6352569669.html,"5271 West Fayetteville Rd, College Park, GA 30349 2 Beds 2.5 Baths",730,,2,0,2.5,33.605300,-84.481300,22,5271 w fayetteville rd collage park GA US
6371201081,2017-11-02 16:33,https://atlanta.craigslist.org/nat/apa/d/on-site-laundry-center-tennis/6371201081.html,"On-site laundry center., Tennis Court, Black appliances",1035,"1300 Beaver Ruin Road , Norcross, GA 30093",2,1120,2,33.927297,-84.138612,5,1300 Beaver Ruin RoadÂ  Norcross GA US
6352592607,2017-11-02 16:33,https://atlanta.craigslist.org/atl/apa/d/beautiful-2-bedrom-25/6352592607.html,Beautiful 2 Bedrom 2.5 Bathrooom Renovated Townhomes !!!,730,,2,0,2.5,33.605300,-84.481300,22,5271 w fayetteville rd collage park GA US
6371200965,2017-11-02 16:33,https://atlanta.craigslist.org/sat/apa/d/clayton-forest-want-you/6371200965.html,CLAYTON FOREST WANT YOU!!!!,685,FOREST PARK,0,875,,33.627133,-84.365303,10,4663 WALDROP DRIVE FOREST PARK GA US
6352404882,2017-11-02 16:33,https://atlanta.craigslist.org/atl/apa/d/beautiful-2-bedrom-25/6352404882.html,Beautiful 2 Bedrom 2.5 Bathrooom Renovated Townhomes!!!,730,,2,0,2.5,33.605300,-84.481300,22,5271 w fayetteville rd collage park GA US
6371200674,2017-11-02 16:33,https://atlanta.craigslist.org/nat/apa/d/apt-in-roswell-easy-access-to/6371200674.html,"Apt In Roswell W/ Easy Access To GA-400, I-285 & HWY 141!",1120,"Alpharetta, GA",1,735,1,,,,
6344381701,2017-11-02 16:33,https://atlanta.craigslist.org/atl/apa/d/beautiful-2-bedrom-25/6344381701.html,Beautiful 2 Bedrom 2.5 Bathrooom Renovated Townhomes!!!,730,college park,2,0,2.5,33.611679,-84.447994,10,5271 w fayetteville rd college park GA US
6371200537,2017-11-02 16:33,https://atlanta.craigslist.org/atl/apa/d/2br-apartment-2nd-floor-avail/6371200537.html,2BR apartment/ 2nd Floor/ Avail Jan 7th,1338,Villas at Loganville,2,1186,2,33.876900,-83.896800,22,
6355344127,2017-11-02 16:33,https://atlanta.craigslist.org/atl/apa/d/6103-fairington-ridge-circle/6355344127.html,"6103 Fairington Ridge Circle Lithonia, GA 30038",850,,3,0,2,33.682300,-84.161000,22,
6371151242,2017-11-02 16:33,https://atlanta.craigslist.org/atl/apa/d/your-job-and-rental-history/6371151242.html,YOUR JOB AND RENTAL HISTORY IS YOUR CREDIT,900,,0,0,,33.851300,-84.287000,22,
6355334445,2017-11-02 16:33,https://atlanta.craigslist.org/atl/apa/d/1829-whitehall-forest-court/6355334445.html,"1829 Whitehall Forest Court SE Atlanta, GA 30316",850,,3,0,2,33.721700,-84.333900,22,
6355327220,2017-11-02 16:33,https://atlanta.craigslist.org/atl/apa/d/beautiful-2-bedrom-25/6355327220.html,Beautiful 2 Bedrom 2.5 Bathrooom Renovated Townhomes!!!,730,,2,0,2.5,33.605300,-84.481300,22,5271 w fayetteville rd collage park GA US
6346194088,2017-11-02 16:33,https://atlanta.craigslist.org/atl/apa/d/beautiful-3-bedroom-25/6346194088.html,Beautiful 3 Bedroom 2.5 Bathrooom Renovated Townhomes!!!,830,,3,0,2.5,,,,
6371203317,2017-11-02 16:35,https://atlanta.craigslist.org/atl/apa/d/playground-24hr-emergency/6371203317.html,"Playground, 24hr. Emergency maintenance, Triple crown molding",1903,Dunwoody,3,1521,2,33.966900,-84.324900,22,4867 Ashford Dunwoody Rd Atlanta GA US
6352731884,2017-11-02 16:35,https://atlanta.craigslist.org/atl/apa/d/beautiful-2-bedrom-25/6352731884.html,Beautiful 2 Bedrom 2.5 Bathrooom Renovated Townhomes !!!,730,,2,0,2.5,33.605300,-84.481300,22,5271 w fayetteville rd collage park GA US
6352411192,2017-11-02 16:34,https://atlanta.craigslist.org/atl/apa/d/beautiful-2-bedrom-25/6352411192.html,Beautiful 2 Bedrom 2.5 Bathrooom Renovated Townhomes !!!,730,,2,0,2.5,33.605300,-84.481300,22,5271 w fayetteville rd collage park GA US
6357828080,2017-11-02 16:34,https://atlanta.craigslist.org/atl/apa/d/2915-springdale-road-sw/6357828080.html,"2915 Springdale Road SW Atlanta, GA 30315",800,,2,0,1,33.705100,-84.380800,22,
6352727799,2017-11-02 16:34,https://atlanta.craigslist.org/atl/apa/d/beautiful-2-bedrom-25/6352727799.html,Beautiful 2 Bedrom 2.5 Bathrooom Renovated Townhomes !!!,730,,2,0,2.5,33.605300,-84.481300,22,5271 w fayetteville rd collage park GA US
6352721918,2017-11-02 16:34,https://atlanta.craigslist.org/atl/apa/d/beautiful-2-bedrom-25/6352721918.html,Beautiful 2 Bedrom 2.5 Bathrooom Renovated Townhomes !!!,730,,2,0,2.5,33.605300,-84.481300,22,5271 w fayetteville rd collage park GA US
6357703699,2017-11-02 16:34,https://atlanta.craigslist.org/atl/apa/d/3br-beautiful-3-bedroom-2/6357703699.html,3br - BEAUTIFUL 3 BEDROOM 2 BATHROOM  IN GREAT LOCATION,850,,3,0,2,33.682300,-84.161000,22,
6371201440,2017-11-02 16:34,https://atlanta.craigslist.org/atl/apa/d/445-highland-ave-ne-studio/6371201440.html,"445 N Highland Ave NE # STUDIO  Atlanta, GA 30307",895,445 N Highland Avenue NE,0,550,1,33.766002,-84.353521,5,445 N Highland Avenue NE Atlanta GA US
6352483049,2017-11-02 16:34,https://atlanta.craigslist.org/atl/apa/d/beautiful-2-bedrom-25/6352483049.html,Beautiful 2 Bedrom 2.5 Bathrooom Renovated Townhomes!!!,730,,2,0,2.5,33.605300,-84.481300,22,5271 w fayetteville rd collage park GA US
6352569669,2017-11-02 16:33,https://atlanta.craigslist.org/atl/apa/d/5271-west-fayetteville-rd/6352569669.html,"5271 West Fayetteville Rd, College Park, GA 30349 2 Beds 2.5 Baths",730,,2,0,2.5,33.605300,-84.481300,22,5271 w fayetteville rd collage park GA US
6371201081,2017-11-02 16:33,https://atlanta.craigslist.org/nat/apa/d/on-site-laundry-center-tennis/6371201081.html,"On-site laundry center., Tennis Court, Black appliances",1035,"1300 Beaver Ruin Road , Norcross, GA 30093",2,1120,2,33.927297,-84.138612,5,1300 Beaver Ruin RoadÂ  Norcross GA US
6352592607,2017-11-02 16:33,https://atlanta.craigslist.org/atl/apa/d/beautiful-2-bedrom-25/6352592607.html,Beautiful 2 Bedrom 2.5 Bathrooom Renovated Townhomes !!!,730,,2,0,2.5,33.605300,-84.481300,22,5271 w fayetteville rd collage park GA US
6371200965,2017-11-02 16:33,https://atlanta.craigslist.org/sat/apa/d/clayton-forest-want-you/6371200965.html,CLAYTON FOREST WANT YOU!!!!,685,FOREST PARK,0,875,,33.627133,-84.365303,10,4663 WALDROP DRIVE FOREST PARK GA US
6352404882,2017-11-02 16:33,https://atlanta.craigslist.org/atl/apa/d/beautiful-2-bedrom-25/6352404882.html,Beautiful 2 Bedrom 2.5 Bathrooom Renovated Townhomes!!!,730,,2,0,2.5,33.605300,-84.481300,22,5271 w fayetteville rd collage park GA US
6371200674,2017-11-02 16:33,https://atlanta.craigslist.org/nat/apa/d/apt-in-roswell-easy-access-to/6371200674.html,"Apt In Roswell W/ Easy Access To GA-400, I-285 & HWY 141!",1120,"Alpharetta, GA",1,735,1,,,,
6344381701,2017-11-02 16:33,https://atlanta.craigslist.org/atl/apa/d/beautiful-2-bedrom-25/6344381701.html,Beautiful 2 Bedrom 2.5 Bathrooom Renovated Townhomes!!!,730,college park,2,0,2.5,33.611679,-84.447994,10,5271 w fayetteville rd college park GA US
6371200537,2017-11-02 16:33,https://atlanta.craigslist.org/atl/apa/d/2br-apartment-2nd-floor-avail/6371200537.html,2BR apartment/ 2nd Floor/ Avail Jan 7th,1338,Villas at Loganville,2,1186,2,33.876900,-83.896800,22,
6355344127,2017-11-02 16:33,https://atlanta.craigslist.org/atl/apa/d/6103-fairington-ridge-circle/6355344127.html,"6103 Fairington Ridge Circle Lithonia, GA 30038",850,,3,0,2,33.682300,-84.161000,22,
6371151242,2017-11-02 16:33,https://atlanta.craigslist.org/atl/apa/d/your-job-and-rental-history/6371151242.html,YOUR JOB AND RENTAL HISTORY IS YOUR CREDIT,900,,0,0,,33.851300,-84.287000,22,
6355334445,2017-11-02 16:33,https://atlanta.craigslist.org/atl/apa/d/1829-whitehall-forest-court/6355334445.html,"1829 Whitehall Forest Court SE Atlanta, GA 30316",850,,3,0,2,33.721700,-84.333900,22,
6355327220,2017-11-02 16:33,https://atlanta.craigslist.org/atl/apa/d/beautiful-2-bedrom-25/6355327220.html,Beautiful 2 Bedrom 2.5 Bathrooom Renovated Townhomes!!!,730,,2,0,2.5,33.605300,-84.481300,22,5271 w fayetteville rd collage park GA US
6346194088,2017-11-02 16:33,https://atlanta.craigslist.org/atl/apa/d/beautiful-3-bedroom-25/6346194088.html,Beautiful 3 Bedroom 2.5 Bathrooom Renovated Townhomes!!!,830,,3,0,2.5,,,,
6371199877,2017-11-02 16:33,https://atlanta.craigslist.org/atl/apa/d/2br-townhome-hardi-plank/6371199877.html,2BR Townhome/ Hardi Plank Flooring/ Attached Garage,1496,Villas at Loganville,2,1626,2.5,,,,
6346192266,2017-11-02 16:33,https://atlanta.craigslist.org/atl/apa/d/beautiful-3-bedroom-25/6346192266.html,Beautiful 3 Bedroom 2.5 Bathrooom Renovated Townhomes!!!,830,,0,0,,,,,
6343391549,2017-11-02 16:32,https://atlanta.craigslist.org/atl/apa/d/beautful-2-bedroom-25/6343391549.html,Beautful 2 bedroom 2.5 bathroom Town Home In the Heart Of Atlanta,1000,atlanta,0,0,,33.723000,-84.470200,22,44 Belmonte Circle atlanata GA US
6371199443,2017-11-02 16:32,https://atlanta.craigslist.org/nat/apa/d/two-bedroom-two-bath/6371199443.html,Two Bedroom Two Bath Available here at Rosemont in Roswell GA,1256,"Roswell, GA",2,1050,2,34.058205,-84.326214,10,1900 Rosemont Parkway Roswell GA US
6344330386,2017-11-02 16:32,https://atlanta.craigslist.org/atl/apa/d/beautiful-3-bedroom-25/6344330386.html,Beautiful 3 Bedroom 2.5 Bathrooom Renovated Townhomes!!!,830,college park,3,0,2.5,33.605300,-84.481300,22,5271 w fayetteville rd collage park GA US
6371199355,2017-11-02 16:32,https://atlanta.craigslist.org/atl/apa/d/3bdr-2ba/6371199355.html,3Bdr/2Ba,1360,,3,980,2,33.716361,-84.329804,10,1438 Bouldercrest Road SE Atlanta GA US
6346129899,2017-11-02 16:32,https://atlanta.craigslist.org/atl/apa/d/beautiful-2-bedrom-25/6346129899.html,Beautiful 2 Bedrom 2.5 Bathrooom Renovated Townhomes!!!,730,college park,2,0,2.5,33.605300,-84.481300,22,5271 w fayetteville rd collage park GA US
6345927957,2017-11-02 16:32,https://atlanta.craigslist.org/atl/apa/d/beautiful-2-bedrom-25/6345927957.html,Beautiful 2 Bedrom 2.5 Bathrooom Renovated Townhomes!!!,730,college park,2,0,2.5,33.605300,-84.481300,22,5271 w fayetteville rd collage park GA US
6346162903,2017-11-02 16:32,https://atlanta.craigslist.org/atl/apa/d/beautiful-2-bedrom-25/6346162903.html,Beautiful 2 Bedrom 2.5 Bathrooom Renovated Townhomes!!!,730,college park,2,0,2.5,,,,
6346165105,2017-11-02 16:32,https://atlanta.craigslist.org/atl/apa/d/beautiful-2-bedrom-25/6346165105.html,Beautiful 2 Bedrom 2.5 Bathrooom Renovated Townhomes!!!,730,college park,2,0,2.5,,,,
6371143832,2017-11-02 16:32,https://atlanta.craigslist.org/nat/apa/d/your-job-and-rental-history/6371143832.html,YOUR JOB AND RENTAL HISTORY IS YOUR CREDIT,1400,,0,0,,33.890100,-83.963200,22,
6371169827,2017-11-02 16:32,https://atlanta.craigslist.org/eat/apa/d/fully-furnished-room-for-rent/6371169827.html,Fully Furnished Room for Rent in Decatur: Utilities Incl. $700 Monthly,700,,0,0,,33.695400,-84.248900,22,2942 Ember Dr Decatur GA US
6371198552,2017-11-02 16:32,https://atlanta.craigslist.org/atl/apa/d/everything-you-want-and-more/6371198552.html,"Everything you want and MORE! 1090 sq ft 2 bed, 1 bath available!",1250,Decatur,2,1090,1,33.769900,-84.295000,22,
6371170650,2017-11-02 16:32,https://atlanta.craigslist.org/sat/apa/d/fall-into-our-2-bedroom/6371170650.html,Fall into our 2 Bedroom!,815,,0,876,,33.879600,-84.502300,22,
6346166401,2017-11-02 16:32,https://atlanta.craigslist.org/atl/apa/d/beautiful-2-bedrom-25/6346166401.html,Beautiful 2 Bedrom 2.5 Bathrooom Renovated Townhomes!!!,730,college park,0,0,,,,,
6371198074,2017-11-02 16:31,https://atlanta.craigslist.org/nat/apa/d/great-location-in-kennesaw/6371198074.html,GREAT LOCATION in KENNESAW!,1085,Ashford Ridenour,1,825,1,33.991026,-84.584935,10,1575 Ridenour Pkwy NW Kennesaw GA US
6355321511,2017-11-02 16:31,https://atlanta.craigslist.org/atl/apa/d/beautiful-2-bedrom-25/6355321511.html,Beautiful 2 Bedrom 2.5 Bathrooom Renovated Townhomes !!!,730,,2,0,2.5,33.605300,-84.481300,22,5271 w fayetteville rd collage park GA US
6355277939,2017-11-02 16:31,https://atlanta.craigslist.org/atl/apa/d/beautiful-2-bedrom-25/6355277939.html,Beautiful 2 Bedrom 2.5 Bathrooom Renovated Townhomes!!!,730,,2,0,2.5,33.605300,-84.481300,22,5271 w fayetteville rd collage park GA US
6346190143,2017-11-02 16:31,https://atlanta.craigslist.org/atl/apa/d/beautiful-3-bedroom-25/6346190143.html,Beautiful 3 Bedroom 2.5 Bathrooom Renovated Townhomes!!!,830,,0,0,,,,,
6371197192,2017-11-02 16:31,https://atlanta.craigslist.org/atl/apa/d/look-lease-specials-visit-us/6371197192.html,Look & Lease Specials! Visit us today,1319,Atlanta,2,1051,2,33.861258,-84.471092,15,2800 Paces Ferry Rd Atlanta GA US
6346188980,2017-11-02 16:31,https://atlanta.craigslist.org/atl/apa/d/beautiful-2-bedrom-25/6346188980.html,Beautiful 2 Bedrom 2.5 Bathrooom Renovated Townhomes!!!,730,,2,0,2.5,,,,
6345921464,2017-11-02 16:30,https://atlanta.craigslist.org/atl/apa/d/beautiful-3-bedroom-25/6345921464.html,Beautiful 3 Bedroom 2.5 Bathrooom Renovated Townhomes!!!,830,college park,3,0,2.5,33.605300,-84.481300,22,5271 West Fayetteville Rd collage park GA US
6371196545,2017-11-02 16:30,https://atlanta.craigslist.org/nat/apa/d/head-turning-style/6371196545.html,"Head-turning Style, Extraordinary Location!",950,Lawrenceville,1,897,1,33.953582,-84.044962,10,1595 Old Norcross Rd Lawrenceville GA US
6371196176,2017-11-02 16:30,https://atlanta.craigslist.org/atl/apa/d/beautiful-2-bedrom-25/6371196176.html,Beautiful 2 Bedrom 2.5 Bathrooom Renovated Townhomes !!!,730,,2,0,2.5,33.605300,-84.481300,22,5271 w fayetteville rd collage park GA US
6368493374,2017-11-02 16:29,https://atlanta.craigslist.org/atl/apa/d/fabulous-impeccable-living-at/6368493374.html,Fabulous Impeccable Living at THE ROCCA! **European Inspired Luxury!,,Buckhead/THE ROCCA!~2brs $2000's!,0,0,,33.843692,-84.424200,10,3280 Northside Parkway atlanta GA US
6371186842,2017-11-02 16:29,https://atlanta.craigslist.org/sat/apa/d/washer-dryer-connections-walk/6371186842.html,"Washer/Dryer Connections, Walk in closets, Upgrade Packages Available",927,Marietta,2,1100,1,,,,
6342169606,2017-11-02 16:29,https://atlanta.craigslist.org/atl/apa/d/beautiful-townhome-in-great/6342169606.html,Beautiful Townhome In A Great Location,800,marietta,2,0,1,33.919636,-84.573270,10,1380 Old Coach Rd SW Marietta GA US
6339268498,2017-11-02 16:28,https://atlanta.craigslist.org/atl/apa/d/great-2-bedroom-2-bath-a/6339268498.html,GREAT 2 Bedroom 2 Bath w/a Sunken Family Room,800,,0,0,,33.695400,-84.248900,22,3575 Oakvale Rd Unit 810 decatur GA US
6339238542,2017-11-02 16:28,https://atlanta.craigslist.org/atl/apa/d/beautiful-3-bedroom-25/6339238542.html,Beautiful 3 Bedroom 2.5 Bathrooom Renovated Townhomes!!!,830,college park,3,0,2.5,33.611679,-84.447994,10,5271 w fayetteville rd college park GA US
6355321771,2017-11-02 16:27,https://atlanta.craigslist.org/atl/apa/d/renttoown-goodbedroom-house/6355321771.html,☺ =renttoown= good 2-3-4-5 bedroom HOUSE! Available N~O~W! ☺,400,atlanta,3,0,2,33.938200,-84.540300,22,
6346187442,2017-11-02 16:27,https://atlanta.craigslist.org/atl/apa/d/beautiful-2-bedrom-25/6346187442.html,Beautiful 2 Bedrom 2.5 Bathrooom Renovated Townhomes!!!,730,,2,0,2.5,,,,
6339233154,2017-11-02 16:27,https://atlanta.craigslist.org/atl/apa/d/beautiful-2-bedrom-25/6339233154.html,Beautiful 2 Bedrom 2.5 Bathrooom Renovated Townhomes!!!,730,college park,2,0,2.5,33.611679,-84.447994,10,5271 w fayetteville rd college park GA US
6371191258,2017-11-02 16:27,https://atlanta.craigslist.org/atl/apa/d/krc-hilltops-1-1-apartments/6371191258.html,"KRC Hilltops "" 1 x 1 Apartments Available.",750,5651 Brook Hollow Parkway,1,775,1,33.921212,-84.192286,10,5651 Brook Hollow Parkway Norcross GA US
6371177286,2017-11-02 16:26,https://atlanta.craigslist.org/sat/apa/d/beautiful-apartment-homes-500/6371177286.html,Beautiful Apartment Homes $500 off 1st month,919,Marietta,1,0,1,33.934628,-84.503377,10,730 Franklin Gateway Marietta GA US
6371190156,2017-11-02 16:26,https://atlanta.craigslist.org/wat/apa/d/save-save-save-webb-bridge/6371190156.html,"❄ SAVE, SAVE, SAVE! WEBB BRIDGE CROSSING",1255,"Cummings, Alpharetta, Avalon, Roswell, Forsyth, North Point",2,1076,2,34.075488,-84.278290,5,5000 Webb Bridge Court Alpharetta GA US
6371189299,2017-11-02 16:25,https://atlanta.craigslist.org/sat/apa/d/its-leasing-time-for-clayton/6371189299.html,ITS LEASING TIME FOR CLAYTON FOREST APARTMENT!!!!,685,FOREST PARK,2,875,1,33.627133,-84.365303,10,4663 WALDROP DRIVE FOREST PARK GA US
6348158007,2017-11-02 16:25,https://atlanta.craigslist.org/atl/apa/d/3-bedroom-home-avaiabe-for/6348158007.html,□ 3 Bed.room 'home Avaiľabľe for rent! □,400,atlanta,3,0,2,33.938200,-84.540300,22,
6371188110,2017-11-02 16:25,https://atlanta.craigslist.org/atl/apa/d/washer-dryer-connections/6371188110.html,"Washer/Dryer Connections, Fireplace, Breakfast Bar, Deck or Patio",999,Doraville,1,850,1,,,,
6371187730,2017-11-02 16:24,https://atlanta.craigslist.org/atl/apa/d/ge-stainless-steel-energy/6371187730.html,"GE Stainless steel energy star appliances, Large kitchen islands",1690,,2,1147,2,33.919330,-84.348366,10,1160 Hammond Dr Sandy Springs GA US
6371172745,2017-11-02 16:24,https://atlanta.craigslist.org/wat/apa/d/business-center-custom-white/6371172745.html,"Business Center, Custom White Kitchens, Crown Molding",1375,Atlanta,3,1649,2,33.910039,-84.378135,5,5675 Roswell Road Atlanta GA US
6371167300,2017-11-02 16:24,https://atlanta.craigslist.org/eat/apa/d/fully-furnished-room-for-rent/6371167300.html,Fully Furnished Room for Rent in Decatur: Utilities Included For $375,375,,0,0,,33.695400,-84.248900,22,2942 Ember Dr Decatur GA US
6340702615,2017-11-02 16:24,https://atlanta.craigslist.org/atl/apa/d/must-see-great-3-4-bed-room/6340702615.html,☚ Must See! Great 3-4 Bed Room Home for Rent. Large Balcony! ☚,400,atlanta,3,0,2,33.938200,-84.540300,22,
6343694784,2017-11-02 16:24,https://atlanta.craigslist.org/atl/apa/d/immediate-room-available-in-3/6343694784.html,*Immediate room available in 3 bed/2bath apt in Brookhaven!,620,Brookhaven/Lenox Park,3,1400,2,,,,
6371186774,2017-11-02 16:24,https://atlanta.craigslist.org/atl/apa/d/just-1-mile-to-georgia-tech/6371186774.html,Just 1 Mile to Georgia Tech! Voted Most Popular 2 bedroom in Midtown!,1349,"Atlanta, Midtown, Buckhead",1,807,1,33.798400,-84.388300,22,
6371186591,2017-11-02 16:24,https://atlanta.craigslist.org/atl/apa/d/laurel-park-apartments-1-2/6371186591.html,Laurel Park Apartments - 1/2 OFF FIRST MONTH'S RENT !!!,699,5758 Highway 85,2,980,1.5,33.705100,-84.380800,22,5758 Highway 85 Riverdale GA US
6371186357,2017-11-02 16:23,https://atlanta.craigslist.org/sat/apa/d/new-you-new-home-oak-run/6371186357.html,"A New You, A New Home! Oak Run Apartments, Jonesboro",639,"Jonesboro, GA",2,1000,1,33.540782,-84.364148,10,7878 North Main Street Jonesboro GA US
6371186329,2017-11-02 16:23,https://atlanta.craigslist.org/wat/apa/d/pets-allowed-linen-closet/6371186329.html,"Pets Allowed, Linen Closet, Online Payments Available",860,"1500 Bellemeade Dr SW, Marietta, GA 30008",1,747,1,33.919698,-84.574286,5,1500 Bellemeade Dr SW Marietta GA US
6371186273,2017-11-02 16:23,https://atlanta.craigslist.org/nat/apa/d/3-bedroom-available/6371186273.html,3 BEDROOM AVAILABLE $1111.00,1111,,3,1200,2,33.857000,-84.216000,22,
6371186143,2017-11-02 16:23,https://atlanta.craigslist.org/atl/apa/d/1-in-customer-service-98/6371186143.html,#1 in Customer Service! 98% Leased Brookhaven Community!,1784,"Brookhaven, Buckhead, Atlanta",2,1250,2,,,,
6371165987,2017-11-02 16:23,https://atlanta.craigslist.org/eat/apa/d/fully-furnished-room-for-rent/6371165987.html,Fully Furnished Room for Rent in Decatur: Utilities Included For $225,225,,0,0,,33.695400,-84.248900,22,2942 Ember Dr Decatur GA US
6371184884,2017-11-02 16:22,https://atlanta.craigslist.org/atl/apa/d/save-1200-today-only/6371184884.html,Save $1200 Today Only! Contemporary 1 bedroom! 6 Miles from Emory!,1089,Buckhead/Midtown/Atlanta,1,756,1,33.798400,-84.388300,22,
6371184470,2017-11-02 16:22,https://atlanta.craigslist.org/nat/apa/d/large-living-rooms-wi-fi/6371184470.html,"Large Living Rooms, Wi-Fi, Private Balconies",1560,Atlanta,3,1525,2,33.938547,-84.368456,5,550 Abernathy Rd NE Atlanta GA US
6352161674,2017-11-02 16:22,https://atlanta.craigslist.org/atl/apa/d/cheap-3-4-br-house-in-prime/6352161674.html,▸ Cheap 3-4 br house!! in prime location. Close to School & Park!,400,atlanta,3,0,2,33.938200,-84.540300,22,
6364143866,2017-11-02 16:22,https://atlanta.craigslist.org/atl/apa/d/wide-ewly-remodeled-2345-br/6364143866.html,"|||| Wide Ňewly Remodeled 2,3,4,5 br Big Family `home for Rent! ||||",400,atlanta,3,0,2,33.938200,-84.540300,22,
6371159956,2017-11-02 16:21,https://atlanta.craigslist.org/eat/apa/d/get-ready-to-move-in/6371159956.html,GET READY TO MOVE IN!!! BEAUTIFUL APARTMENTS!!,827,Stone Mountain,2,1024,1,33.793944,-84.211307,10,100 Ashley Creek Circle stone mountain GA US
6371182510,2017-11-02 16:21,https://atlanta.craigslist.org/wat/apa/d/dishwasher-walk-in-closet/6371182510.html,Dishwasher - Walk-In Closet - Business Center,856,Marietta,1,694,1,33.915207,-84.483263,5,"3500 Windcliff Drive, SE Marietta GA US"
6364153375,2017-11-02 16:21,https://atlanta.craigslist.org/atl/apa/d/inexpensive-3-4-br-home-in/6364153375.html,◕ Inexpensive 3-4 br `home in prime area. Closely to School & Park!,400,atlanta,3,0,2,33.938200,-84.540300,22,
6351882753,2017-11-02 16:20,https://atlanta.craigslist.org/wat/apa/d/cpn-scn-150-evictionbad-credi/6351882753.html,&&(((((&*&/#//#/CPN SCN $150 Eviction&Bad Credi& (,1,Paypal Payments Accepted,2,0,0,33.786500,-84.445400,22,
6371181638,2017-11-02 16:20,https://atlanta.craigslist.org/nat/apa/d/resort-style-pool-business/6371181638.html,"Resort style pool, Business Center, Washer/Dryer INCLUDED, Coffee Bar",1241,North Buckhead,1,725,1,33.890525,-84.379270,10,240 E Belle Isle Road Atlanta GA US
6371181488,2017-11-02 16:20,https://atlanta.craigslist.org/nat/apa/d/spacious-one-two-three/6371181488.html,"Spacious One, Two & Three Bedroom Residences, Valet Trash Service",1265,Kennesaw,3,1327,2,34.028700,-84.604700,22,Barrett Parkway at Greers Chapel Road Kennesaw GA US
6371180926,2017-11-02 16:20,https://atlanta.craigslist.org/nat/apa/d/6-weeks-of-free-rent-at/6371180926.html,6 Weeks of FREE Rent at Modera Sandy Springs,,6125 Roswell Road,0,0,,33.921782,-84.380150,5,6125 Roswell Road Atlanta GA US
6371180749,2017-11-02 16:19,https://atlanta.craigslist.org/nat/apa/d/have-the-home-jus-for-you/6371180749.html,i have the home jus for you,870,,1,0,0,33.941800,-84.070600,22,
6371180648,2017-11-02 16:19,https://atlanta.craigslist.org/sat/apa/d/wired-for-high-speed-internet/6371180648.html,"Wired for high-speed internet, 24-Hour Emergency Management",835,,2,1084,2,33.863100,-84.538200,22,
6371180530,2017-11-02 16:19,https://atlanta.craigslist.org/atl/apa/d/clubhouse-24-hour-emergency/6371180530.html,"Clubhouse, 24 Hour Emergency Maintenance, Package Receiving, Dog Park",1415,"Brookhaven,GA",2,1080,2,33.851316,-84.315913,5,100 Windmont Drive Brookhaven GA US
6364144790,2017-11-02 16:19,https://atlanta.craigslist.org/atl/apa/d/big-family-3-4-bed-room-house/6364144790.html,"Big family 3-4 bed room House!!! Huge front yard, finished basement!",400,atlanta,3,0,2,33.938200,-84.540300,22,
6371157342,2017-11-02 16:19,https://atlanta.craigslist.org/atl/apa/d/brand-new-1x1-midtown-gas/6371157342.html,BRAND NEW 1x1 MIDTOWN! GAS COOKING! LEED CERTIFIED!,2155,"915 West Peachtree St. NW, Atlanta, GA 30309",1,717,1,33.779545,-84.387275,5,915 West Peachtree St. NW Atlanta GA US
6371167184,2017-11-02 16:19,https://atlanta.craigslist.org/atl/apa/d/villas-0f-vinings/6371167184.html,Villas 0f Vinings,1200,"Smyrna,Ga.",2,1100,2.5,33.873095,-84.499314,15,"Villa Ct.,S.E. at Atlanta Rd. Smyrna GA US"
6371168603,2017-11-02 16:19,https://atlanta.craigslist.org/nat/apa/d/your-job-and-rental-history/6371168603.html,YOUR JOB AND RENTAL HISTORY IS YOUR CREDIT,1579,,0,0,,33.863500,-84.008100,22,
6339245623,2017-11-02 16:18,https://atlanta.craigslist.org/atl/apa/d/beautiful-2-bedrom-15/6339245623.html,Beautiful 2 Bedrom 1.5 Bathrooom Renovated Townhomes!!!,700,college park,2,0,1.5,33.605300,-84.481300,22,
6345872888,2017-11-02 16:18,https://atlanta.craigslist.org/atl/apa/d/beautiful-2-bedrom-25/6345872888.html,Beautiful 2 Bedrom 2.5 Bathrooom Renovated Townhomes!!!,730,college park,2,0,2.5,33.605300,-84.481300,22,"5271 West Fayetteville Rd, collage park GA US"
6371177686,2017-11-02 16:17,https://atlanta.craigslist.org/atl/apa/d/1br-1ba-home-black-whirlpool/6371177686.html,1BR/1BA Home w/ Black Whirlpool Appliances in a Pet-Friendly Community,1395,"Atlanta, GA",1,931,1,33.926700,-84.333400,22,60 Perimeter Center Pl Ne Atlanta GA US
6371146804,2017-11-02 16:17,https://atlanta.craigslist.org/nat/apa/d/your-job-and-rental-history/6371146804.html,YOUR JOB AND RENTAL HISTORY IS YOUR CREDIT,1250,,0,0,,33.897200,-84.592000,22,
6355268668,2017-11-02 16:17,https://atlanta.craigslist.org/atl/apa/d/beautiful-2-bedrom-25/6355268668.html,Beautiful 2 Bedrom 2.5 Bathrooom Renovated Townhomes !!!,730,,2,0,2.5,33.605300,-84.481300,22,5271 w fayetteville rd collage park GA US
6371155789,2017-11-02 16:17,https://atlanta.craigslist.org/eat/apa/d/get-ready-to-move-in/6371155789.html,GET READY TO MOVE IN!!! BEAUTIFUL APARTMENTS!!,827,Stone Mountain,2,1024,1,33.793944,-84.211307,10,100 Ashley Creek Circle stone mountain GA US
6371177076,2017-11-02 16:17,https://atlanta.craigslist.org/nat/apa/d/controlled-access-playground/6371177076.html,"Controlled Access, Playground, Pool with Waterfall, Cabana Area",1280,Sugarloaf,2,1167,2,,,,
6368228807,2017-11-02 16:17,https://atlanta.craigslist.org/wat/apa/d/1bedroom-apartment-home/6368228807.html,1Bedroom Apartment Home Available now! Spacious and Beautiful!,1075,Hiram,2,1175,2,33.882535,-84.736553,22,6737 Bill Carruth Pkwy Hiram GA US
6371176772,2017-11-02 16:17,https://atlanta.craigslist.org/sat/apa/d/check-out-this-amazing-2/6371176772.html,Check out this Amazing 2 bedroom for NOVEMBER!!,1061,Jonesboro,2,1059,2,33.524200,-84.359000,22,
6355265427,2017-11-02 16:17,https://atlanta.craigslist.org/atl/apa/d/beautiful-2-bedrom-25/6355265427.html,Beautiful 2 Bedrom 2.5 Bathrooom Renovated Townhomes !!!,730,,2,0,2.5,33.605300,-84.481300,22,5271 w fayetteville rd collage park GA US
6346171462,2017-11-02 16:17,https://atlanta.craigslist.org/atl/apa/d/beautiful-2-bedrom-25/6346171462.html,Beautiful 2 Bedrom 2.5 Bathrooom Renovated Townhomes!!!,730,,0,0,,,,,
6331775054,2017-11-02 16:17,https://atlanta.craigslist.org/atl/apa/d/delay-eviction-for-months/6331775054.html,DELAY EVICTION FOR MONTHS WITHOUT FILING BANKRUPTCY!!!,,,0,0,,33.798400,-84.388300,22,
6346170229,2017-11-02 16:16,https://atlanta.craigslist.org/atl/apa/d/beautiful-2-bedrom-25/6346170229.html,Beautiful 2 Bedrom 2.5 Bathrooom Renovated Townhomes!!!,730,college park,0,0,,,,,
6368229259,2017-11-02 16:16,https://atlanta.craigslist.org/wat/apa/d/1-bedroom-apartment-home/6368229259.html,1 Bedroom Apartment Home Available for October!,1060,Hiram,1,975,1,33.879799,-84.738613,22,6737 Bill Carruth Pkwy Hiram GA US
6341935879,2017-11-02 16:16,https://atlanta.craigslist.org/atl/apa/d/roomy-3-bedroom-2-bath-end/6341935879.html,Roomy 3 Bedroom 2 Bath end unit,850,Metro Atlanta,3,0,2,33.684660,-84.312709,10,"1829 Whitehall Forest Court SE Atlanta, GA US"
6355188199,2017-11-02 16:16,https://atlanta.craigslist.org/atl/apa/d/beautiful-2-bedrom-25/6355188199.html,Beautiful 2 Bedrom 2.5 Bathrooom Renovated Townhomes !!!,730,,2,0,2.5,33.611679,-84.447994,10,5271 w fayetteville rd college park GA US
6368249621,2017-11-02 16:16,https://atlanta.craigslist.org/wat/apa/d/huge-gorgeous-3-bedroom/6368249621.html,"Huge, Gorgeous 3 Bedroom Apartment Home in Hiram, GA!",1390,Hiram,3,1350,2,33.881053,-84.737377,22,6737 Bill Carruth Pkwy Hiram GA US
6355153030,2017-11-02 16:16,https://atlanta.craigslist.org/atl/apa/d/beautiful-2-bedrom-25/6355153030.html,Beautiful 2 Bedrom 2.5 Bathrooom Renovated Townhomes!!!,730,,2,0,2.5,33.605300,-84.481300,22,5271 w fayetteville rd collage park GA US
6371141256,2017-11-02 16:16,https://atlanta.craigslist.org/nat/apa/d/your-job-rental-history-is/6371141256.html,YOUR JOB & RENTAL HISTORY IS REQURED!!!,1400,,0,0,,33.890100,-83.963200,22,
6355150924,2017-11-02 16:16,https://atlanta.craigslist.org/atl/apa/d/beautiful-2-bedrom-25/6355150924.html,Beautiful 2 Bedrom 2.5 Bathrooom Renovated Townhomes!!!,730,,2,0,2.5,33.605300,-84.481300,22,5271 w fayetteville rd collage park GA US
6371175412,2017-11-02 16:16,https://atlanta.craigslist.org/nat/apa/d/luxury-living-at-woodland/6371175412.html,Luxury living at Woodland Hills Apartments!,1245,,1,1005,1,33.810285,-84.290015,10,3471 N Druid Hills Rd Decatur GA US
6355037873,2017-11-02 16:16,https://atlanta.craigslist.org/atl/apa/d/beautiful-2-bedrom-25/6355037873.html,Beautiful 2 Bedrom 2.5 Bathrooom Renovated Townhomes !!!,730,,2,0,2.5,33.605300,-84.481300,22,5271 w fayetteville rd collage park GA US
6371175276,2017-11-02 16:16,https://atlanta.craigslist.org/wat/apa/d/summer-is-over-fall-into/6371175276.html,☀ SUMMER IS OVER! FALL INTO SAVINGS AT WEBB BRIDGE CROSSING!,1135,"Cummings, Alpharetta, Avalon, Roswell, Forsyth, North Point",2,950,1,34.075488,-84.278290,5,5000 Webb Bridge Court Alpharetta GA US
6353766360,2017-11-02 16:16,https://atlanta.craigslist.org/atl/apa/d/beautiful-2-bedrom-25/6353766360.html,Beautiful 2 Bedrom 2.5 Bathrooom Renovated Townhomes !!!,730,,2,0,2.5,33.605300,-84.481300,22,5271 w fayetteville rd collage park GA US
6355211578,2017-11-02 16:16,https://atlanta.craigslist.org/atl/apa/d/beautiful-2-bedrom-25/6355211578.html,Beautiful 2 Bedrom 2.5 Bathrooom Renovated Townhomes !!!,730,,2,0,2.5,33.605300,-84.481300,22,5271 w fayetteville rd collage park GA US
6371163694,2017-11-02 16:15,https://atlanta.craigslist.org/nat/apa/d/just-minutes-from-downtown/6371163694.html,Just minutes from downtown historic Roswell and from GA 400!,1120,"Wood Creek, Roswell",2,1110,2,,,,
6353749663,2017-11-02 16:15,https://atlanta.craigslist.org/atl/apa/d/beautiful-2-bedrom-25/6353749663.html,Beautiful 2 Bedrom 2.5 Bathrooom Renovated Townhomes !!!,730,,2,0,2.5,33.605300,-84.481300,22,5271 w fayetteville rd collage park GA US
6352718333,2017-11-02 16:15,https://atlanta.craigslist.org/atl/apa/d/beautiful-2-bedrom-25/6352718333.html,Beautiful 2 Bedrom 2.5 Bathrooom Renovated Townhomes !!!,730,,2,0,2.5,33.605300,-84.481300,22,5271 w fayetteville rd collage park GA US
6371174422,2017-11-02 16:15,https://atlanta.craigslist.org/atl/apa/d/gorgeous-2-bedroom-2-bathroom/6371174422.html,"Gorgeous 2 Bedroom, 2 Bathroom Townhome in Midtown!",1760,Atlanta,2,936,2,33.799842,-84.370169,10,1616 piedmont avenue ne atlanta GA US
6342176649,2017-11-02 16:15,https://atlanta.craigslist.org/atl/apa/d/spacious-two-bedroom-2/6342176649.html,Spacious two bedroom 2 bathroom townhouse,750,riverdale,2,0,2,33.560282,-84.404921,10,7183 WIlliamsburg Drive riverdale GA US
6371174422,2017-11-02 16:15,https://atlanta.craigslist.org/atl/apa/d/gorgeous-2-bedroom-2-bathroom/6371174422.html,"Gorgeous 2 Bedroom, 2 Bathroom Townhome in Midtown!",1760,Atlanta,2,936,2,33.799842,-84.370169,10,1616 piedmont avenue ne atlanta GA US
6342176649,2017-11-02 16:15,https://atlanta.craigslist.org/atl/apa/d/spacious-two-bedroom-2/6342176649.html,Spacious two bedroom 2 bathroom townhouse,750,riverdale,2,0,2,33.560282,-84.404921,10,7183 WIlliamsburg Drive riverdale GA US
6371174028,2017-11-02 16:15,https://atlanta.craigslist.org/nat/apa/d/fully-updated-kitchens-and/6371174028.html,Fully Updated Kitchens and More - Just Beyond The Welcome Mat!,1480,"Smyrna, GA",2,1210,2,,,,
6371136774,2017-11-02 16:15,https://atlanta.craigslist.org/wat/apa/d/convenient-kitchens-include/6371136774.html,Convenient kitchens include appliances and in sink garbage disposal,1030,,0,0,,33.698900,-84.745400,22,
6371173356,2017-11-02 16:14,https://atlanta.craigslist.org/eat/apa/d/midtown-living-without-the/6371173356.html,MidTown Living Without The Prices !!!!,980,Snellville,1,700,1,33.817800,-84.022900,22,2300 Snellville GA US
6371173181,2017-11-02 16:14,https://atlanta.craigslist.org/eat/apa/d/units-going-quick/6371173181.html,UNITS GOING QUICK!!,775,"1200 Rockmont Circle SW Conyers, GA",2,850,1,33.658821,-84.037604,10,1200 Rockmont Circle SW Conyers GA US
6371172418,2017-11-02 16:14,https://atlanta.craigslist.org/wat/apa/d/love-your-new-home-here-at/6371172418.html,♥ LOVE YOUR NEW HOME HERE AT WEBB BRIDGE CROSSING,1255,"Cummings, Alpharetta, Avalon, Roswell, Forsyth, North Point",2,1076,2,34.075488,-84.278290,5,5000 Webb Bridge Court Alpharetta GA US
6371141127,2017-11-02 16:14,https://atlanta.craigslist.org/wat/apa/d/right-where-you-want-to-be-at/6371141127.html,Right Where You Want To Be & At The Right Price! 2 Bedroom Senior Apt!,1024,Austell,2,922,1,33.832351,-84.625420,5,3755 Medical Park Drive Mulkey Rd GA US
6354183073,2017-11-02 16:14,https://atlanta.craigslist.org/nat/apa/d/your-job-and-rental-history/6354183073.html,YOUR JOB AND RENTAL HISTORY IS YOUR CREDIT,1579,,0,0,,33.863500,-84.008100,22,
6371126002,2017-11-02 16:13,https://atlanta.craigslist.org/atl/apa/d/1bd-1-bath-840-atlanta-unit/6371126002.html,"1Bd, 1 Bath $840 Atlanta Unit",840,Atlanta GA,1,0,1,,,,
6371171559,2017-11-02 16:13,https://atlanta.craigslist.org/eat/apa/d/2-bedroom-2-bath-available/6371171559.html,2 Bedroom 2 Bath Available Now !!!!!,1287,Snellville,2,1140,2,33.817800,-84.022900,22,2300 Snellville GA US
6371171393,2017-11-02 16:13,https://atlanta.craigslist.org/atl/apa/d/stop-look-and-save-1200/6371171393.html,"Stop, Look, and Save $1200! Spacious 2 bedroom in Midtown! Today Only!",1799,"Atlanta, Midtown, SCAD, Buckhead",2,1164,2,33.798400,-84.388300,22,
6371158597,2017-11-02 16:13,https://atlanta.craigslist.org/sat/apa/d/maple-valley-estates-townhome/6371158597.html,MAPLE VALLEY ESTATES TOWNHOME AVAILABLE FOR RENT. CALL FOR MORE INFO,950,UNION CITY,3,0,2.5,33.583200,-84.549900,0,
6371162935,2017-11-02 16:13,https://atlanta.craigslist.org/nat/apa/d/get-250-back-move-in-today/6371162935.html,☀  Get $250 back!! Move In Today!! Apply ONLINE NOW!!,1275,Marietta,1,1034,1,33.903474,-84.471254,5,2825 Windy Hill Road Marietta GA US
6340885560,2017-11-02 16:13,https://atlanta.craigslist.org/eat/apa/d/4br-3ba-single-family-home1848/6340885560.html,4BR/3BA SINGLE FAMILY HOME(1848),1350,CONYERS,4,0,3,33.640447,-84.022134,10,1848 Parker Road Conyers GA US
6350198139,2017-11-02 16:13,https://atlanta.craigslist.org/eat/apa/d/your-job-and-rental-history/6350198139.html,YOUR JOB AND RENTAL HISTORY IS YOUR CREDIT,1250,,0,0,,33.897200,-84.592000,22,
6351404193,2017-11-02 16:12,https://atlanta.craigslist.org/eat/apa/d/your-job-and-rental-history/6351404193.html,YOUR JOB AND RENTAL HISTORY IS YOUR CREDIT,1200,,0,0,,33.904500,-84.862100,22,
6350182199,2017-11-02 16:12,https://atlanta.craigslist.org/eat/apa/d/your-job-and-rental-history/6350182199.html,YOUR JOB AND RENTAL HISTORY IS YOUR CREDIT,1375,,0,0,,33.767700,-85.013300,22,
6371170146,2017-11-02 16:12,https://atlanta.craigslist.org/atl/apa/d/today-only-upgraded-2-bedroom/6371170146.html,Today Only! Upgraded 2 bedroom! Gated Buckhead Community! Save $1200!,1399,Buckhead/Midtown/Atlanta,1,988,1,33.798400,-84.388300,22,
6371169718,2017-11-02 16:12,https://atlanta.craigslist.org/atl/apa/d/come-look-and-lease-poolside/6371169718.html,"Come Look and Lease, Poolside Wifi, Chair Railing",988,Fairburn,1,643,1,33.542650,-84.577824,10,5474 Oakley Industrial Blvd Fairburn GA US
6371169683,2017-11-02 16:12,https://atlanta.craigslist.org/atl/apa/d/trendy-1-bedroom-last-1/6371169683.html,Trendy 1 bedroom! Last 1 Available! 4 Minutes to GA-400!,1334,"Brookhaven, Buckhead, Atlanta",1,850,1,,,,
6371140653,2017-11-02 16:12,https://atlanta.craigslist.org/sat/apa/d/fayette-clayton-line/6371140653.html,Fayette/Clayton Line,1295,Jonesboro,5,2912,2.5,33.502751,-84.417325,22,9233 Grady Dr Jonesboro GA US
6351116285,2017-11-02 16:11,https://atlanta.craigslist.org/nat/apa/d/your-job-and-rental-history/6351116285.html,YOUR JOB AND RENTAL HISTORY IS YOUR CREDIT,1250,,0,0,,33.897200,-84.592000,22,
6351292902,2017-11-02 16:11,https://atlanta.craigslist.org/nat/apa/d/your-job-and-rental-history/6351292902.html,YOUR JOB AND RENTAL HISTORY IS YOUR CREDIT,1579,,0,0,,33.863500,-84.008100,22,
6351423881,2017-11-02 16:11,https://atlanta.craigslist.org/nat/apa/d/your-job-and-rental-history/6351423881.html,YOUR JOB AND RENTAL HISTORY IS YOUR CREDIT,1150,,0,0,,33.642800,-84.461800,22,
6349890284,2017-11-02 16:11,https://atlanta.craigslist.org/atl/apa/d/junk-removal-hauling-services/6349890284.html,***Junk Removal & Hauling Services***,65,,0,0,,33.794200,-84.201800,22,
6351523582,2017-11-02 16:10,https://atlanta.craigslist.org/nat/apa/d/your-job-and-rental-history/6351523582.html,YOUR JOB AND RENTAL HISTORY IS YOUR CREDIT,1395,,0,0,,33.865600,-84.072500,22,
6371167682,2017-11-02 16:10,https://atlanta.craigslist.org/eat/apa/d/yes-we-take-pets/6371167682.html,"Yes, we take pets!",965,Lithonia,2,1120,2,33.735600,-84.100900,22,40 Amanda Drive Lithonia GA US
6371167401,2017-11-02 16:10,https://atlanta.craigslist.org/eat/apa/d/come-grow-with-us/6371167401.html,Come grow with us,835,Lithonia,1,890,1,33.735600,-84.100900,22,40 Amanda Drive Lithonia GA US
6371167130,2017-11-02 16:10,https://atlanta.craigslist.org/nat/apa/d/high-ceilings-premier/6371167130.html,"High Ceilings, Premier Renovation, Tennis Court, On-Site Management",980,,1,735,1,34.069689,-84.648607,5,4710 Baker Grove Rd Acworth GA US
6349862844,2017-11-02 16:10,https://atlanta.craigslist.org/atl/apa/d/junk-removal-hauling-services/6349862844.html,Junk Removal & Hauling Services,65,,0,0,,33.794200,-84.201800,22,
6371166810,2017-11-02 16:10,https://atlanta.craigslist.org/wat/apa/d/fitness-center-private-entry/6371166810.html,Fitness Center - Private Entry - Alarm monitoring prewired,895,Forest Park,3,1388,2,33.587423,-84.376634,5,461 Old Dixie Way Forest Park GA US
6351506899,2017-11-02 16:09,https://atlanta.craigslist.org/sat/apa/d/your-job-and-rental-history/6351506899.html,YOUR JOB AND RENTAL HISTORY IS YOUR CREDIT,800,,0,0,,33.794200,-84.201800,22,
6371165738,2017-11-02 16:09,https://atlanta.craigslist.org/sat/apa/d/looking-for-lovely-1-bed-1/6371165738.html,Looking for a lovely 1 Bed / 1 bath? Search no more! 825 Sq Feet,917,Reynolds Nature Preserve,1,825,1,33.584900,-84.324700,22,7290 Southlake Pwky Morrow GA US
6371136938,2017-11-02 16:09,https://atlanta.craigslist.org/eat/apa/d/get-ready-to-move-in/6371136938.html,GET READY TO MOVE IN!!! BEAUTIFUL APARTMENTS!!,827,Stone Mountain,2,1024,1,33.793944,-84.211307,10,100 Ashley Creek Circle stone mountain GA US
6371165654,2017-11-02 16:09,https://atlanta.craigslist.org/atl/apa/d/look-and-lease-immediate-move/6371165654.html,LOOK AND LEASE. IMMEDIATE MOVE INS. $200 OFF!!,600,"Decatur, GA",1,0,1,33.695400,-84.248900,22,
6333223496,2017-11-02 16:08,https://atlanta.craigslist.org/eat/apa/d/reduced-pricebeautiful-condo/6333223496.html,☀REDUCED PRICE☀BEAUTIFUL CONDO! GREAT AREA IN LITHONIA!,850,LITHONIA,3,0,2,33.682300,-84.161000,22,
6351427877,2017-11-02 16:08,https://atlanta.craigslist.org/sat/apa/d/your-job-and-rental-history/6351427877.html,YOUR JOB AND RENTAL HISTORY IS YOUR CREDIT,1350,,0,0,,33.810500,-84.136100,22,
6371164270,2017-11-02 16:08,https://atlanta.craigslist.org/atl/apa/d/newly-renovated-2-bedroom/6371164270.html,Newly Renovated 2 Bedroom Townhouses!,1190,Smyrna,0,0,,33.860226,-84.516109,10,1202 wexford hills parkway Smyrna GA US
6350887367,2017-11-02 16:08,https://atlanta.craigslist.org/eat/apa/d/plan-on-moving-we-got-you/6350887367.html,Plan On Moving We Got You Covered!,821,Decatur,1,647,1,33.727800,-84.214300,22,
6340416024,2017-11-02 16:08,https://atlanta.craigslist.org/nat/apa/d/you-can-count-on-our-team-to/6340416024.html,You can count on our team to Make It Happen for you! NEW and Gorgeous!,1364,SugarHill/SUGAR HILL OVERLOOK~w/GARAGES!,2,1362,2.5,34.112400,-83.996500,22,1637 Marakanda Trail Sugar Hill GA US
6371163691,2017-11-02 16:07,https://atlanta.craigslist.org/nat/apa/d/2-bedroom-blowout/6371163691.html,2 Bedroom Blowout!!!,1217,Alpharetta,2,1121,2,34.073443,-84.277072,10,6503 Webb Bridge Court Alpharetta GA US
6371163622,2017-11-02 16:07,https://atlanta.craigslist.org/atl/apa/d/laurel-park-apartments-1-2/6371163622.html,Laurel Park Apartments - 1/2 OFF FIRST MONTH'S RENT !!!,699,5758 Highway 85,2,980,1.5,33.723000,-84.470200,22,5758 Highway 85 Riverdale GA US
6331468710,2017-11-02 16:07,https://atlanta.craigslist.org/sat/apa/d/your-job-and-rental-history/6331468710.html,YOUR JOB AND RENTAL HISTORY IS YOUR CREDIT,800,,0,0,,33.794200,-84.201800,22,
6371162916,2017-11-02 16:07,https://atlanta.craigslist.org/nat/apa/d/everything-you-need-in-one/6371162916.html,Everything You Need in One Place! Call About Overture Barrett Today!,2350,"Kennesaw, GA",1,990,1.5,,,,
6371162867,2017-11-02 16:07,https://atlanta.craigslist.org/sat/apa/d/picnic-and-grilling-areas/6371162867.html,"Picnic and Grilling Areas, Online Resident Portal, Large Closets",1120,Newnan,3,1330,2,33.396639,-84.744374,10,10 Lakeside Way Newnan GA US
6371149344,2017-11-02 16:06,https://atlanta.craigslist.org/eat/apa/d/get-ready-to-move-in/6371149344.html,GET READY TO MOVE IN!!! BEAUTIFUL APARTMENTS!!,827,Stone Mountain,2,1024,1,33.793944,-84.211307,10,100 Ashley Creek Circle STONE MOUNTAIN GA US
6371160929,2017-11-02 16:06,https://atlanta.craigslist.org/nat/apa/d/spa-additional-storage/6371160929.html,"Spa, Additional Storage, Ceiling Fan, Valet Dry Cleaning, Sundeck",953,,1,828,1,34.052819,-83.989788,5,"2910 Buford Dr, NE Buford GA US"
6371160348,2017-11-02 16:05,https://atlanta.craigslist.org/atl/apa/d/past-evictionswe-can-help/6371160348.html,Past Evictions......WE CAN HELP!!!!!!  IMMEDIATE MOVE INS!!!,600,"Decatur, GA",1,0,1,33.695400,-84.248900,22,
6360405165,2017-11-02 16:04,https://atlanta.craigslist.org/atl/apa/d/pop-in-for-tour/6360405165.html,🎈 Pop In For A Tour 🎈,1099,REDUCED ADMIN FEE,1,0,1,33.933500,-84.395800,22,
6368192120,2017-11-02 16:04,https://atlanta.craigslist.org/atl/apa/d/might-as-whale-stop-in-for/6368192120.html,🐳 Might as WHALE stop in for a tour! 🐳,1099,The Reserve at Ridegwood,1,0,1,33.933500,-84.395800,22,
6360255448,2017-11-02 16:04,https://atlanta.craigslist.org/atl/apa/d/leaf-your-old-apartment-behind/6360255448.html,"""Leaf"" Your Old Apartment Behind!",1099,Last 1x1 left!!,1,0,1,,,,
6352521908,2017-11-02 16:04,https://atlanta.craigslist.org/atl/apa/d/location-location-location/6352521908.html,⏩⏩ LOCATION LOCATION LOCATION ⏪⏪,1099,Sandy Springs,1,0,1,,,,
6360252469,2017-11-02 16:04,https://atlanta.craigslist.org/atl/apa/d/managers-special-last-one-left/6360252469.html,Manager's Special-- LAST ONE LEFT!!,1099,Atlanta,1,0,1,,,,
6333919017,2017-11-02 16:04,https://atlanta.craigslist.org/atl/apa/d/delay-eviction-for-months/6333919017.html,DELAY EVICTION FOR MONTHS WITHOUT FILING BANKRUPTCY!!!,,,0,0,,33.798400,-84.388300,22,
6371158139,2017-11-02 16:04,https://atlanta.craigslist.org/eat/apa/d/dont-worry-be-happy-at-linden/6371158139.html,"Don't worry, be happy at Linden Ridge Apartments",1200,"Stone Mountain, GA",3,1925,2.5,33.799695,-84.217794,10,5400 Memorial Drive Stone Mountain GA US
6368348121,2017-11-02 16:04,https://atlanta.craigslist.org/atl/apa/d/open-house-this-saturday/6368348121.html,⏩⏩ OPEN HOUSE THIS SATURDAY ⏪⏪,1335,Sandy Springs,2,0,1,,,,
6371142113,2017-11-02 16:04,https://atlanta.craigslist.org/atl/apa/d/fall-in-love-with-luxury/6371142113.html,"Fall in love with luxury living at its finest! Beautiful 2 BR, 2 BA!",1295,Greenbriar Mall,0,1161,,33.682558,-84.493388,10,2975 Continental Colony Pkwy SW Atlanta GA US
6349806849,2017-11-02 16:04,https://atlanta.craigslist.org/atl/apa/d/live-the-sweet-life-at-the/6349806849.html,Live the SWEET life at The Reserve! 🍰,1099,Sandy Springs,1,0,1,,,,
6368384891,2017-11-02 16:03,https://atlanta.craigslist.org/atl/apa/d/the-reserve-is-the-place-to/6368384891.html,🍯 The Reserve is the place to BEE🍯,1425,Atlanta,2,0,2,,,,
6360217944,2017-11-02 16:03,https://atlanta.craigslist.org/atl/apa/d/stop-look-live-your-retreat/6360217944.html,"Stop, Look, LIVE!!! Your Retreat Awaits!",1425,The Reserve at Ridgewood,2,0,2,,,,
6360220111,2017-11-02 16:03,https://atlanta.craigslist.org/atl/apa/d/furry-friends-welcome/6360220111.html,🐶 🐱 Furry Friends Welcome 🐶 🐱,1190,Sandy Springs,1,0,1,,,,
6371156586,2017-11-02 16:03,https://atlanta.craigslist.org/atl/apa/d/save-1200-today-only/6371156586.html,Save $1200 Today Only! Contemporary 1 bedroom! 6 Miles from Emory!,1089,Buckhead/Midtown/Atlanta,1,756,1,33.798400,-84.388300,22,
6360226610,2017-11-02 16:03,https://atlanta.craigslist.org/atl/apa/d/stop-looking-start-living/6360226610.html,"⏩⏩ Stop looking, start LIVING! ⏪⏪",1190,Sandy Springs,1,0,1,,,,
6371120102,2017-11-02 16:02,https://atlanta.craigslist.org/eat/apa/d/brand-new-5-bedrooms-3-baths/6371120102.html,Brand New 5 Bedrooms 3 Baths Available NOW!! FICO SCORE NO PROBLEM!!!,2150,Buford,5,0,3,34.079700,-83.930800,22,
6371154920,2017-11-02 16:01,https://atlanta.craigslist.org/atl/apa/d/1-mile-to-atlantic-station/6371154920.html,1 mile to Atlantic Station! Huge 2 bedroom/2 bath! Save $1200!,1799,"Atlanta, Midtown, SCAD, Buckhead",2,1164,2,33.798400,-84.388300,22,
6360320601,2017-11-02 16:01,https://atlanta.craigslist.org/eat/apa/d/low-no-credit-first-time/6360320601.html,LOW/NO CREDIT? FIRST TIME RENTER? ASK FOR ECREIA!!!!!,938,,2,1146,2,33.794200,-84.201800,22,
