pid,dt,url,title,price,neighb,beds,sqft,baths,lat,lng,accuracy,address
6356266003,2017-11-02 17:00,https://augusta.craigslist.org/apa/d/glorious-absolutely-renovated/6356266003.html,"▍ Glorious, absolutely renovated single family house!! for ȑeǹt!",400,augusta,3,0,2,33.460100,-81.973000,22,
6371235289,2017-11-02 16:57,https://augusta.craigslist.org/apa/d/new-flooring-vaulted-ceilings/6371235289.html,"New flooring, vaulted ceilings, lowered prices!!",885,"Aiken, South Carolina",1,750,1,33.534639,-81.720165,5,101 Greengate Cir Aiken GA US
6371222393,2017-11-02 16:48,https://augusta.craigslist.org/apa/d/glass-tile-backsplash/6371222393.html,"Glass tile backsplash, Hardwood plank flooring, USB charging stations",925,"1000 Alder Way, Evans , GA 30809",1,751,1,33.535938,-82.121709,5,1000 Alder Way Evans GA US
6332075109,2017-11-02 16:47,https://augusta.craigslist.org/apa/d/keysville-nice-area-3-bed-2/6332075109.html,Keysville Nice area 3 bed 2 bath granite countertops,900,Bath or Vaucluse,3,1831,1.5,33.693800,-81.853400,22,
6359260195,2017-11-02 16:45,https://augusta.craigslist.org/apa/d/2br-top-floor-with-vaulted/6359260195.html,2BR Top floor with Vaulted Ceiling Available Now with Free Rent!,799,Ridgecrest,2,1000,2,33.522900,-82.085200,22,
6363263213,2017-11-02 16:45,https://augusta.craigslist.org/apa/d/location-is-key-1br-first/6363263213.html,Location is Key!!! 1BR first floor available now with FREE RENT,599,Ridgecrest,1,525,1,33.522900,-82.085200,22,
6358973839,2017-11-02 16:45,https://augusta.craigslist.org/apa/d/special-rate-2br-available/6358973839.html,Special Rate 2BR available today!!!,799,Ridgecrest Apartments,2,1000,2,33.522900,-82.085200,22,
6358948642,2017-11-02 16:45,https://augusta.craigslist.org/apa/d/awesome-pool-view-2br/6358948642.html,Awesome Pool View 2BR - November Rent FREE!!!,819,Ridgecrest,2,1000,2,33.522900,-82.085200,22,
6358954835,2017-11-02 16:44,https://augusta.craigslist.org/apa/d/1br-top-floor-with-fireplace/6358954835.html,1BR - Top Floor with Fireplace available today & Same day Approval,639,Ridgecrest Apartments,1,525,1,33.522900,-82.085200,22,
6360214916,2017-11-02 16:44,https://augusta.craigslist.org/apa/d/1d-with-fireplace-vaulted/6360214916.html,1D with fireplace & vaulted ceilings Available today - November Free!,769,Ridgecrest,1,723,1,33.522900,-82.085200,22,
6357739034,2017-11-02 16:44,https://augusta.craigslist.org/apa/d/spacious-2-bedroom-available/6357739034.html,Spacious 2 Bedroom Available Now! No Rent for November!,799,Ridgecrest,2,1000,2,33.522900,-82.085200,22,
6359263856,2017-11-02 16:44,https://augusta.craigslist.org/apa/d/2br-deal-some-utilities-d/6359263856.html,2BR Deal -  Some Utilities & W/D Included available now! Nov Free!,909,Ridgecrest,2,1000,2,33.522900,-82.085200,22,
6357702501,2017-11-02 16:44,https://augusta.craigslist.org/apa/d/holiday-time-to-move-2br/6357702501.html,Holiday Time to Move 2BR available 12/21,839,Ridgecrest,2,1000,2,33.522122,-82.047672,10,926 Stevens Creek Road Augusta GA US
6350286002,2017-11-02 16:44,https://augusta.craigslist.org/apa/d/one-bedroom-deluxe-available/6350286002.html,One Bedroom Deluxe available 11/10,759,Ridgecrest Apartments,1,723,1,33.522900,-82.085200,22,
6363214999,2017-11-02 16:44,https://augusta.craigslist.org/apa/d/pet-friendly-community-2br/6363214999.html,Pet Friendly Community 2BR available  Nov Rent FREE,819,Ridgecrest Apts,2,1000,2,33.522900,-82.085200,22,
6371208319,2017-11-02 16:38,https://augusta.craigslist.org/apa/d/welcome-home/6371208319.html,Welcome HOME!!!,650,Augusta,2,840,1,33.457237,-82.042839,10,3122 Damascus Road Augusta GA US
6361880694,2017-11-02 16:35,https://augusta.craigslist.org/apa/d/cheap-3-4-br-house-in-top/6361880694.html,◨ Cheap 3-4 br house!! in top area. Close to School & Park! ◨,400,augusta,3,0,2,33.460100,-81.973000,22,
6371176199,2017-11-02 16:34,https://augusta.craigslist.org/apa/d/each-apartment-home-includes/6371176199.html,Each apartment home includes a private patio or balcony!,821,Augusta,0,775,,33.478359,-82.071975,10,1355 Jackson Rd Augusta GA US
6371201369,2017-11-02 16:34,https://augusta.craigslist.org/apa/d/perfect-home-for-perfect-price/6371201369.html,Perfect home for a perfect price,586,River Creek,0,0,,33.516092,-82.034985,15,2525 Center West Parkway Augusta GA US
6371185721,2017-11-02 16:23,https://augusta.craigslist.org/apa/d/beautiful-2-bedroom-apartment/6371185721.html,Beautiful 2 bedroom apartment awaits you!,791,Augusta,2,928,2,33.522900,-82.085200,22,2319 Springhouse Lane Augusta GA US
6345023955,2017-11-02 16:23,https://augusta.craigslist.org/apa/d/brick-ranch-covered-porch/6345023955.html,===> BRICK RANCH w/ COVERED PORCH =>>> GREAT LOCATION IN COLUMBIA CO,1250,Evans,0,1555,,33.541200,-82.139800,22,4445 Galway Evans GA US
6360534044,2017-11-02 16:14,https://augusta.craigslist.org/apa/d/ready-today-get-keys-today/6360534044.html,READY TODAY! GET KEYS TODAY! Save $200 @ Move In!,1002,"Aiken, South Carolina",3,1236,2,33.526052,-81.732069,5,100 Cody Lane Aiken GA US
6371172069,2017-11-02 16:14,https://augusta.craigslist.org/apa/d/your-next-1br-1ba-apartment/6371172069.html,YOUR NEXT 1BR/1BA APARTMENT COMES WITH A BALCONY & A GARDEN TUB,1070,Augusta,1,909,1,33.518252,-82.025517,10,1035 Alexander Dr Augusta GA US
6371170369,2017-11-02 16:12,https://augusta.craigslist.org/apa/d/washer-dryer-connections-bark/6371170369.html,"Washer/Dryer connections, ""Bark Park"", Oversized closets",1489,"680 Crane Creek Drive, Augusta, GA 30907",2,1509,2,33.522900,-82.085200,5,680 Crane Creek Drive Augusta GA US
6371169144,2017-11-02 16:11,https://augusta.craigslist.org/apa/d/3-sparkling-ponds-with/6371169144.html,"3 sparkling ponds with relaxing fountains, NEW Dog Park, Bay windows",890,"100 Sterling Ridge Dr., Augusta, GA 30909",2,1024,2,33.484942,-82.088780,5,100 Sterling Ridge Dr. Augusta GA US
6371168472,2017-11-02 16:11,https://augusta.craigslist.org/apa/d/gorgeous-three-bedroom-flat/6371168472.html,Gorgeous Three Bedroom Flat -$ 99 Move-In Fee! Half off November!!,1019,GATEWOOD,3,1125,2,,,,
6371154202,2017-11-02 16:01,https://augusta.craigslist.org/apa/d/come-one-come-all-river-creek/6371154202.html,Come One Come All River Creek is the place to be,586,River Creek,0,0,,33.516092,-82.034985,15,2525 Center West Parkway Augusta GA US
