pid,dt,url,title,price,neighb,beds,sqft,baths,lat,lng,accuracy,address
6371424992,2017-11-02 16:31,https://bakersfield.craigslist.org/apa/d/2br-for-rent-2-bed-1-bath/6371424992.html,2br - For Rent 2 Bed/1 Bath Oildale,800,Oildale,2,0,1,35.417313,-119.032472,10,
6336287383,2017-11-02 16:18,https://bakersfield.craigslist.org/apa/d/design-fabricate-install-real/6336287383.html,"Design, Fabricate & Install REAL ESTATE SIGNS & BANNERS",,*** FREE QUOTES***,0,0,,35.163260,-119.046324,22,
6371381658,2017-11-02 16:13,https://bakersfield.craigslist.org/apa/d/beautiful-bright-and-well/6371381658.html,Beautiful bright and well-kept home located in NE Bakersfield in the g,500,13413 Duccio Dr Bakersfield CA 93306,3,2222,2,35.463637,-118.789785,22,
6371398275,2017-11-02 16:13,https://bakersfield.craigslist.org/apa/d/condo-for-rent/6371398275.html,Condo for Rent,750,1016 S. Robinson St.,2,0,1,35.362120,-118.988576,20,Robinson St Bakersfield CA US
6371393876,2017-11-02 16:03,https://bakersfield.craigslist.org/apa/d/ventura-ca-1-master-bedroom-1/6371393876.html,"VENTURA, C.A. 1 Master Bedroom + 1 Bathroom Private Gated House/Duplex",1650,"VENTURA, CALIFORNIA",1,0,1,34.278800,-119.165100,22,
6371392684,2017-11-02 16:02,https://bakersfield.craigslist.org/apa/d/charming-community-excellent/6371392684.html,CHARMING COMMUNITY! EXCELLENT PRICE!,835,SW Bakersfield,2,788,1.5,35.335556,-119.051435,5,4249 Parker Avenue Bakersfield CA US
