pid,dt,url,title,price,neighb,beds,sqft,baths,lat,lng,accuracy,address
6368635720,2017-11-02 17:00,https://baltimore.craigslist.org/apa/d/3-bedroom-townhouse/6368635720.html,3 Bedroom Townhouse,899,Brooklyn,2,0,0,,,,
6363752099,2017-11-02 16:59,https://baltimore.craigslist.org/apa/d/swimming-pool-free-parking/6363752099.html,"Swimming Pool, Free Parking, Walk to Franklin Square Hospital",1180,Baltimore,2,945,1,,,,
6371220000,2017-11-02 16:58,https://baltimore.craigslist.org/apa/d/come-and-visit-us-we-offer-1/6371220000.html,"Come and visit us, we offer 1 month free",2015,"5 Stonewain Court #1A, Towson, MD 21204",3,1250,2,39.410221,-76.621941,5,5 Stonewain Court Towson MD US
6368645989,2017-11-02 16:58,https://baltimore.craigslist.org/apa/d/3-bedroom-townhouse/6368645989.html,3 Bedroom Townhouse,899,Brooklyn,3,0,2,,,,
6371232544,2017-11-02 16:55,https://baltimore.craigslist.org/apa/d/luxury-all-around/6371232544.html,Luxury All Around.,1570,"7260 Eden Brook Drive Columbia, MD",2,994,2,39.168951,-76.866979,10,7260 Eden Brook Drive Columbia MD US
6371231823,2017-11-02 16:55,https://baltimore.craigslist.org/apa/d/great-special-luxury-1bed/6371231823.html,GREAT SPECIAL! Luxury 1Bed/1Bath for $1290 AND One Month Free!!!,1290,"Glen Burnie, MD",1,740,1,39.171971,-76.567326,22,Maple Tree Drive at Marley Neck Blvd Glen Burnie MD US
6371230867,2017-11-02 16:54,https://baltimore.craigslist.org/apa/d/beautiful-apartments-with/6371230867.html,Beautiful Apartments with Lots of Appeal. Apply Today!,995,"3901 Clarks Ln, Baltimore, MD 21215, USA, Baltimore, MD 2121",2,0,1,39.359702,-76.703228,5,"3901 Clarks Ln, Baltimore, MD 21215, USA Baltimore MD US"
6371190684,2017-11-02 16:52,https://baltimore.craigslist.org/apa/d/start-living-large-youll-love/6371190684.html,"Start living large! You'll love our 2 bed, 2 bath! 1100 Sq Ft!",1367,,2,1100,2,39.212247,-76.891953,10,11311 Little Patuxent Parkway Columbia MD US
6371227496,2017-11-02 16:52,https://baltimore.craigslist.org/apa/d/three-bedroom-apartment/6371227496.html,Three Bedroom Apartment Available At Our Lovely Beethoven Apts!!,1800,Bolton Hill/MICA,3,1500,2,39.307820,-76.625151,10,1518 Park Ave. Baltimore MD US
6371226918,2017-11-02 16:51,https://baltimore.craigslist.org/apa/d/spacious-one-bedroom-with-den/6371226918.html,"Spacious One Bedroom with Den, Balcony & Harbor View in Fells Point",2525,Fell St Fells Point,1,1063,1,39.280188,-76.587925,5,951 Fell St Baltimore MD US
6371213536,2017-11-02 16:51,https://baltimore.craigslist.org/apa/d/1-bedroom-for-rent/6371213536.html,1 BEDROOM FOR RENT,675,Baltimore City,0,0,,39.306400,-76.639300,22,
6371225761,2017-11-02 16:51,https://baltimore.craigslist.org/apa/d/come-see-our-amazing-deals-at/6371225761.html,Come See Our Amazing Deals at The Beethoven Apts Today !!,1495,Bolton Hill/MICA,2,1200,1,39.307820,-76.625151,10,1518 Park Ave. Baltimore MD US
6371225078,2017-11-02 16:50,https://baltimore.craigslist.org/apa/d/resident-appreciation-events/6371225078.html,"Resident Appreciation Events, Public Transportation, Shopping Center",750,"956 Argonne Drive, Baltimore, MD 21218",2,0,1,39.339703,-76.601206,5,956 Argonne Drive Baltimore MD US
6371224862,2017-11-02 16:50,https://baltimore.craigslist.org/apa/d/2-bedroom-apartments-move-in/6371224862.html,2 Bedroom Apartments!!! MOVE IN TODAY!!!! SPECIALS EXTENDED!!!!,1100,BALTIMORE,2,900,2,39.360344,-76.702399,10,3809 Clarks Lane Baltimore MD US
6371223236,2017-11-02 16:49,https://baltimore.craigslist.org/apa/d/newly-remodeled-one-bedroom/6371223236.html,Newly Remodeled One Bedroom Spiral Staircase Call Today For Details!,1425,Bolton Hill/MICA,1,1100,1,39.307820,-76.625151,10,1518 Park Ave. Baltimore MD US
6371221994,2017-11-02 16:48,https://baltimore.craigslist.org/apa/d/hard-hat-specials-at-the/6371221994.html,"""HARD HAT"" Specials at The Residences at 300 St. Paul! Get in early!",1745,"Baltimore, Downtown, Inner Harbor, Mt. Vernon, Mount Vernon",2,0,2,39.292450,-76.614334,5,300 Saint Paul Place Baltimore MD US
6371221626,2017-11-02 16:48,https://baltimore.craigslist.org/apa/d/hard-hat-specials-at-the/6371221626.html,"""HARD HAT"" Specials at The Residences at 300 St. Paul! Get in early!",1295,"Baltimore, Downtown, Inner Harbor, Mt. Vernon, Mount Vernon",1,0,1,39.292475,-76.614259,5,300 Saint Paul Place Baltimore MD US
6371221408,2017-11-02 16:48,https://baltimore.craigslist.org/apa/d/come-see-our-amazing-deals-at/6371221408.html,Come See Our Amazing Deals at The Beethoven Apts Today !!,1395,Bolton Hill/MICA,1,1100,1,39.307820,-76.625151,10,1518 Park Ave. Baltimore MD US
6371221219,2017-11-02 16:47,https://baltimore.craigslist.org/apa/d/garage-parking-available-at/6371221219.html,Garage parking available at The Residences at 300 St. Paul! Tour NOW!,1745,"Baltimore, Downtown, Inner Harbor, Mt. Vernon, Mount Vernon",2,0,2,39.292450,-76.614334,5,300 Saint Paul Place Baltimore MD US
6371109418,2017-11-02 16:47,https://baltimore.craigslist.org/apa/d/big-family-3-4-br-house-huge/6371109418.html,"▃ Big family 3-4 br House!!! Huge courtyard, finished basement! ▃",400,baltimore,3,0,2,39.294600,-76.625200,22,
6371220854,2017-11-02 16:47,https://baltimore.craigslist.org/apa/d/garage-parking-available-at/6371220854.html,Garage parking available at The Residences at 300 St. Paul!  Tour NOW!,1295,"Baltimore, Downtown, Inner Harbor, Mt. Vernon, Mount Vernon",1,0,1,39.292475,-76.614259,5,300 Saint Paul Place Baltimore MD US
6371220564,2017-11-02 16:47,https://baltimore.craigslist.org/apa/d/studio-apartment-with/6371220564.html,Studio Apartment with Gorgeous Harbor View!,2233,"Baltimore, MD",0,0,,39.281417,-76.598080,20,Dock Street Baltimore MD US
6371220524,2017-11-02 16:47,https://baltimore.craigslist.org/apa/d/if-interested-in-this/6371220524.html,IF INTERESTED IN THIS PROPERTY PLEASE CALL CIERRA FOR MORE DETAILS!!!,1365,"19 Warren Park Dr, Pikesville, MD 21208",2,1043,2,39.365581,-76.721061,5,19 Warren Park Dr Pikesville MD US
6371220454,2017-11-02 16:47,https://baltimore.craigslist.org/apa/d/renovated-2-br-2-ba-great/6371220454.html,"Renovated 2 BR/2 BA,  Great Location with Parking",1750,Otterbein,2,906,2,39.283666,-76.617499,15,Sharp St at Conway Baltimore MD US
6371220352,2017-11-02 16:47,https://baltimore.craigslist.org/apa/d/baltimore-citys-premiere-2/6371220352.html,Baltimore City's Premiere 2 Bedroom Apartments!,1745,"Baltimore, Downtown, Inner Harbor, Mt. Vernon, Mount Vernon",2,0,2,39.292483,-76.614312,5,300 St. Paul Place Baltimore MD US
6371218290,2017-11-02 16:45,https://baltimore.craigslist.org/apa/d/resident-garden-plots-car/6371218290.html,"Resident Garden Plots, Car Wash Station, GE Refrigerator, Fire Pit",1285,Nottingham,1,700,1,39.391400,-76.487100,22,Bedrock Circle at Southfield Drive Nottingham MD US
6371218010,2017-11-02 16:45,https://baltimore.craigslist.org/apa/d/great-towson-apartment/6371218010.html,"Great Towson Apartment, University Shuttle, Pool, Fitness Ctr",1275,Towson,2,900,1.5,39.409292,-76.615273,10,1 Bonrock Court Towson MD US
6371217870,2017-11-02 16:45,https://baltimore.craigslist.org/apa/d/fitness-center-community-pool/6371217870.html,"Fitness center, community pool, and tennis court onsite",1215,Glen Burnie,1,797,1,,,,
6371217212,2017-11-02 16:45,https://baltimore.craigslist.org/apa/d/come-visit-today-double/6371217212.html,"Come Visit Today, double patios, walk in closets",1275,Towson,2,900,1.5,39.409292,-76.615273,10,1 Bonrock Court Towson MD US
6371215976,2017-11-02 16:44,https://baltimore.craigslist.org/apa/d/407-winterberry-court-edgewood/6371215976.html,"407 Winterberry Court, Edgewood",1450,Baltimore,3,0,1.5,39.427700,-76.305500,22,407 Winterberry Court Edgewood MD US
6371215874,2017-11-02 16:44,https://baltimore.craigslist.org/apa/d/specials-specials-specials/6371215874.html,Specials ! Specials ! Specials! Stafford Apartments Available Today!,1068,Mount Vernon/Peabody,1,525,1,39.298329,-76.615888,10,716 Washington Place. Baltimore MD US
6371214701,2017-11-02 16:43,https://baltimore.craigslist.org/apa/d/sweet-deals-just-in-time-for/6371214701.html,Sweet Deals just in time for the Holidays!!,979,,3,0,1,39.427700,-76.305500,22,
6371214201,2017-11-02 16:42,https://baltimore.craigslist.org/apa/d/3-bedroom-2-full-bath-now/6371214201.html,3 Bedroom 2 Full Bath Now Leasing-Pool View! Apply Today!,1899,"Laurel,College Park, Beltsville, Columbia MD",3,1276,2,39.095264,-76.863313,0,
6371213439,2017-11-02 16:42,https://baltimore.craigslist.org/apa/d/baltimore-citys-premiere-1/6371213439.html,Baltimore City's Premiere 1 Bedroom Apartments!,1295,"Baltimore, Downtown, Inner Harbor, Mt. Vernon, Mount Vernon",1,0,1,39.292447,-76.614327,5,300 St. Paul Place Baltimore MD US
6371213223,2017-11-02 16:42,https://baltimore.craigslist.org/apa/d/internet-included-here-at-the/6371213223.html,Internet Included Here At The Stafford Apartments,1295,Mount Vernon/Peabody,2,653,1,39.298329,-76.615888,10,716 Washington Place. Baltimore MD US
6371212953,2017-11-02 16:42,https://baltimore.craigslist.org/apa/d/new-baltimore-apartments/6371212953.html,New Baltimore apartments nestled between Inner Harbor and Mt. Vernon!,1745,"Baltimore, Downtown, Inner Harbor, Mt. Vernon, Mount Vernon",2,0,2,39.292483,-76.614312,5,300 St. Paul Place Baltimore MD US
6371212580,2017-11-02 16:41,https://baltimore.craigslist.org/apa/d/new-baltimore-apartments/6371212580.html,New Baltimore apartments nestled between Inner Harbor and Mt. Vernon!,1295,"Baltimore, Downtown, Inner Harbor, Mt. Vernon, Mount Vernon",1,0,1,39.292447,-76.614327,5,300 St. Paul Place Baltimore MD US
6371212174,2017-11-02 16:41,https://baltimore.craigslist.org/apa/d/take-baltimore-living-to-the/6371212174.html,Take Baltimore living to the next level with unmatched amenities!,1295,"Baltimore, Downtown, Inner Harbor, Mt. Vernon, Mount Vernon",1,0,1,39.292518,-76.614327,5,300 St. Paul Place Baltimore MD US
6371211730,2017-11-02 16:41,https://baltimore.craigslist.org/apa/d/take-baltimore-living-to-the/6371211730.html,Take Baltimore living to the next level with unmatched amenities!,1745,"Baltimore, Downtown, Inner Harbor, Mt. Vernon, Mount Vernon",2,0,2,39.292423,-76.614312,5,300 St. Paul Place Baltimore MD US
6371211430,2017-11-02 16:41,https://baltimore.craigslist.org/apa/d/specials-first-month-rent/6371211430.html,Specials!! First Month Rent Free End Soon Call Today Schedule A Tour!!,1084,Mount Vernon/Peabody,1,460,1,39.298329,-76.615888,10,716 Washington Place. Baltimore MD US
6371211248,2017-11-02 16:40,https://baltimore.craigslist.org/apa/d/beautiful-split-level/6371211248.html,Beautiful Split Level Apartment in Federal Hill FREE PARKING!,1625,,1,1000,1,39.268516,-76.611922,10,101 E. Wells St Baltimore MD US
6371211037,2017-11-02 16:40,https://baltimore.craigslist.org/apa/d/best-kitchen-in-columbia/6371211037.html,Best Kitchen in Columbia!,1420,,2,927,1,39.214100,-76.878800,22,5351 Harpers Farms rd Columbia MD US
6371194747,2017-11-02 16:40,https://baltimore.craigslist.org/apa/d/brand-new-clubhouse-stunning/6371194747.html,"""Brand new clubhouse, Stunning upgraded interiors, Walking trails""",1635,Columbia,2,1070,5,39.206275,-76.895980,5,11608 Little Patuxent Parkway Columbia MD US
6371210431,2017-11-02 16:40,https://baltimore.craigslist.org/apa/d/1br-deluxe-available/6371210431.html,1BR DELUXE AVAILABLE,999,BALTIMORE CO,1,0,1,39.329600,-76.734100,22,2008-K Woodlawn Drive Baltimore MD US
6371210256,2017-11-02 16:40,https://baltimore.craigslist.org/apa/d/beautifully-renovated-4br/6371210256.html,Beautifully Renovated 4BR Home in Hampden!,2850,Pacific St.,4,0,2.5,39.323758,-76.629982,5,Pacific St at Chestnut Ave Baltimore MD US
6371210238,2017-11-02 16:40,https://baltimore.craigslist.org/apa/d/look-at-the-benefits-of-pre/6371210238.html,Look at the Benefits of Pre-Leasing at Caton House Apartments!,1409,Catonsville,2,1200,1,39.279180,-76.732843,10,417 Wheaton Place Catonsville MD US
6371209390,2017-11-02 16:39,https://baltimore.craigslist.org/apa/d/move-in-with-just-200-today-1/6371209390.html,MOVE IN WITH JUST $200 TODAY!!! 1 Bedroom available in Mount Vernon,1299,Mount Vernon,1,0,1,39.296325,-76.617681,10,111 W. Centre St Baltimore MD US
6332774931,2017-11-02 16:39,https://baltimore.craigslist.org/apa/d/price-drop-2-level-apartment/6332774931.html,PRICE DROP !!!   2 LEVEL APARTMENT available IMMEDIATELY!,819,Security Deposit moves you in!!!!,2,0,1,39.253178,-76.623232,15,Seamon Ave at Seabury Rd Baltimore MD US
6367069023,2017-11-02 16:39,https://baltimore.craigslist.org/apa/d/big-family-3-4-bdrm-house/6367069023.html,"☺ Big family 3-4 bdrm House!!! Huge front yard, finished basement! ☺",400,baltimore,3,0,2,39.294600,-76.625200,22,
6367064666,2017-11-02 16:39,https://baltimore.craigslist.org/apa/d/wide-ewly-remodeled-2345-br/6367064666.html,"◫ Wide Ňewly Remodeled 2,3,4,5 br Family 'home for Rent! ◫",400,baltimore,3,0,2,39.294600,-76.625200,22,
6371208679,2017-11-02 16:39,https://baltimore.craigslist.org/apa/d/studio-available-for-november/6371208679.html,Studio Available For November 15th Move In!!,900,Mount Vernon/Peabody,0,450,1,39.297505,-76.617772,10,103 W. Monument St. Baltimore MD US
6371208294,2017-11-02 16:38,https://baltimore.craigslist.org/apa/d/come-see-all-that-gallery/6371208294.html,COME SEE ALL THAT GALLERY TOWER HAS TO OFFER!!! Mt. Vernon,1299,Mount Vernon,1,0,1,39.296325,-76.617681,10,111 W Centre St Baltimore MD US
6367019441,2017-11-02 16:38,https://baltimore.craigslist.org/apa/d/wide-ewly-remodeled-2345-br/6367019441.html,"☻ Wide Ňewly Remodeled 2,3,4,5 br Family 'home for Ɍeŋt!",400,baltimore,3,0,2,39.294600,-76.625200,22,
6371207625,2017-11-02 16:38,https://baltimore.craigslist.org/apa/d/plan-ahead-1-bedroom-den/6371207625.html,Plan Ahead! 1 Bedroom w/ Den. Apply Now & Lock In LOW Pricing,1220,Cockeysville,1,980,1,39.477276,-76.601497,10,10701 Cardington Way Apt 104 Cockeysville MD US
6362092158,2017-11-02 16:37,https://baltimore.craigslist.org/apa/d/spacious-2-bedroom/6362092158.html,****SPACIOUS 2 BEDROOM APARTMENT****1st MONTH RENT FREE!,819,must apply today for 1st month rent free,2,0,1,39.253374,-76.626320,15,Round Rd at Seamon Ave Baltimore MD US
6371206556,2017-11-02 16:37,https://baltimore.craigslist.org/apa/d/as-the-leaves-begin-to-fall/6371206556.html,"As the leaves begin to fall, So are these Prices! $829",829,"EDGEWOOD, ABERDEEN,ABINGDON,BELAIR",1,0,1,39.427700,-76.305500,22,2033 ARMSTRONG ST edegwood MD US
6371206471,2017-11-02 16:37,https://baltimore.craigslist.org/apa/d/mount-vernon-1-bedrooms-all/6371206471.html,MOUNT VERNON 1 BEDROOMS w/ ALL UTILITIES INCLUDED!!!,1299,Mount Vernon,1,0,1,39.296325,-76.617681,10,111 W. Centre St Baltimore MD US
6371206221,2017-11-02 16:37,https://baltimore.craigslist.org/apa/d/watch-the-leaves-change-from/6371206221.html,WATCH THE LEAVES CHANGE FROM YOUR GORGEOUS VIEW!! Mt. Vernon,1299,Mount Vernon,1,0,1,39.296325,-76.617681,10,111 W. Centre St Baltimore MD US
6367114437,2017-11-02 16:36,https://baltimore.craigslist.org/apa/d/3-bedroom-house-aval-for-et/6367114437.html,▐ 3 Bed.room House!! Aval. for ȑeǹt! ▐,400,baltimore,3,0,2,39.294600,-76.625200,22,
6367069182,2017-11-02 16:36,https://baltimore.craigslist.org/apa/d/second-chance-3-br-gorgeous/6367069182.html,♦ Second Chance! 3 Br Gorgeous Cheap Spacey House!!! ♦,400,baltimore,3,0,2,39.294600,-76.625200,22,
6371205268,2017-11-02 16:36,https://baltimore.craigslist.org/apa/d/beautiful-1-bed-1-bath-with/6371205268.html,Beautiful 1 Bed/ 1 Bath with Loft on Top Floor Available Now!,1740,"Baltimore, MD",1,892,1,39.340100,-76.415300,22,11550 Crossroads Circle Baltimore MD US
6367073421,2017-11-02 16:36,https://baltimore.craigslist.org/apa/d/renttoown-gorgeousbedroom/6367073421.html,▴ -renttoown- gorgeous 2-3-4-5 bedroom HOUSE! Available RIGHT AWAY!,400,baltimore,3,0,2,39.294600,-76.625200,22,
6356032697,2017-11-02 16:35,https://baltimore.craigslist.org/apa/d/3-bd-home-available-for-et/6356032697.html,♫ 3 Bd Home Available_ for ȑeǹt! ♫,400,baltimore,3,0,2,39.294600,-76.625200,22,
6371202722,2017-11-02 16:35,https://baltimore.craigslist.org/apa/d/top-floor-spacios-elegant/6371202722.html,"Top floor, Spacios & Elegant Studio Apartment",1592,"Baltimore, MD",0,600,1,39.286251,-76.622274,10,511 W Pratt St Baltimore MD US
6371202727,2017-11-02 16:35,https://baltimore.craigslist.org/apa/d/this-is-the-best-time-to-live/6371202727.html,THIS IS THE BEST TIME TO LIVE IN MT. VERNON!! Mt. Vernon,1299,Mount Vernon,1,0,1,39.294600,-76.625200,0,111 W Centre St Baltimore MD US
6371202027,2017-11-02 16:34,https://baltimore.craigslist.org/apa/d/large-floorplan-towson/6371202027.html,"Large Floorplan, Towson Shuttle, Fitness Center, Pool",1100,Towson,1,736,1,39.409292,-76.615273,10,1 Bonrock Court Towson MD US
6371201627,2017-11-02 16:34,https://baltimore.craigslist.org/apa/d/no-prorate-1-year-of-free/6371201627.html,"NO PRORATE,  1 YEAR OF FREE PARKING, AND DINNER!!!! Mt. Vernon",1299,Mount Vernon,1,0,1,39.296325,-76.617681,10,111 W. Centre St Baltimore MD US
6356036187,2017-11-02 16:34,https://baltimore.craigslist.org/apa/d/renttoown-gorgeousbedroom/6356036187.html,◒ =renttoown= gorgeous 2-3-4-5 bedroom HOUSE! Aval. TODAY! ◒,400,baltimore,3,0,2,39.294600,-76.625200,22,
6356037720,2017-11-02 16:34,https://baltimore.craigslist.org/apa/d/beautiful-completely/6356037720.html,"♡ Beautiful, completely reconstructed single family house for ȑen",400,baltimore,3,0,2,39.294600,-76.625200,22,
6356033401,2017-11-02 16:33,https://baltimore.craigslist.org/apa/d/low-cost-3-4-bedroom-home-in/6356033401.html,♒ Low-cost 3-4 bedroom `home in perfect area. Close to School & Park!,400,baltimore,3,0,2,39.294600,-76.625200,22,
6371200320,2017-11-02 16:33,https://baltimore.craigslist.org/apa/d/leaves-are-falling-and-so-are/6371200320.html,LEAVES ARE FALLING AND SO ARE PRICES AT RIDGEVIEW,1295,WESTMINSTER,3,1070,2,39.561646,-77.029138,10,800 South Burning Tree Drive Westminster MD US
6371200062,2017-11-02 16:33,https://baltimore.craigslist.org/apa/d/dinner-on-us-your-1st-night-1/6371200062.html,DINNER ON US YOUR 1ST NIGHT + 1 YEAR OF FREE PARKING!! Mt. Vernon,1299,Mount Vernon,1,0,1,39.294600,-76.625200,0,111 W Centre St Baltimore MD US
6371200082,2017-11-02 16:33,https://baltimore.craigslist.org/apa/d/now-available-playground/6371200082.html,"Now Available, Playground, Expansive Closets",1095,Baltimore,2,1048,1.5,39.329671,-76.766294,10,2531 Sarrington Circle Baltimore MD US
6371188205,2017-11-02 16:33,https://baltimore.craigslist.org/apa/d/relax-your-pets-are-welcome/6371188205.html,Relax your Pets are Welcome!,1299,,1,743,1,39.214100,-76.878800,22,5351 Harpers Farms rd Columbia MD US
6356036934,2017-11-02 16:32,https://baltimore.craigslist.org/apa/d/wide-new-remodeled-2345-br/6356036934.html,"◉ Wide New Remodeled 2,3,4,5 br Family House! for Ɍeŋt! ◉",400,baltimore,3,0,2,39.294600,-76.625200,22,
6371199300,2017-11-02 16:32,https://baltimore.craigslist.org/apa/d/off-campus-housing-available/6371199300.html,OFF CAMPUS HOUSING AVAILABLE AT GALLERY TOWER!!! Mount Vernon,1299,Mount Vernon,1,0,1,39.296325,-76.617681,10,111 W Centre St Baltimore MD US
6371197584,2017-11-02 16:31,https://baltimore.craigslist.org/apa/d/nice-1-br-apartment-on/6371197584.html,Nice 1 Br. Apartment on Secluded Horse Farm Close To Gibson Island,1150,Pasadena,1,0,0,39.120600,-76.495000,0,
6371197370,2017-11-02 16:31,https://baltimore.craigslist.org/apa/d/townhome-brand-new-3br-25/6371197370.html,TOWNHOME- BRAND NEW 3BR. 2.5 BATH/DON'T LOOK PAST THIS GEM!,1500,ELKTON,3,1500,2.5,39.656237,-75.817064,15,1600 West creek Village Dr. Elkton MD US
6356032064,2017-11-02 16:31,https://baltimore.craigslist.org/apa/d/renttoown-awesomebedroom/6356032064.html,▭ -renttoown- awesome 2-3-4-5 bedroom HOUSE! Available N_O_W! ▭,400,baltimore,3,0,2,39.294600,-76.625200,22,
6371195587,2017-11-02 16:30,https://baltimore.craigslist.org/apa/d/prepare-your-thanksgiving/6371195587.html,Prepare your Thanksgiving Feast in your new Place! $869,869,Edgewood,2,0,1,39.427700,-76.305500,22,
6371026130,2017-11-02 16:29,https://baltimore.craigslist.org/apa/d/wide-brand-new-remodeled-2345/6371026130.html,"☈ Wide Brand New Remodeled 2,3,4,5 br Big Family House! for Reǹť",400,baltimore,3,0,2,39.294600,-76.625200,22,
6371100509,2017-11-02 16:26,https://baltimore.craigslist.org/apa/d/cheap-3-4-bdrm-home-in/6371100509.html,☟ Cheap 3-4 bdrm 'home in excellent location. Near to School & Park!,400,baltimore,3,0,2,39.294600,-76.625200,22,
6371190195,2017-11-02 16:26,https://baltimore.craigslist.org/apa/d/1-bedroom-ready-now-apply/6371190195.html,1 Bedroom Ready Now Apply Today .... Get Pre Approved In Minutes...,1029,Near Catonsville,1,0,1,39.329600,-76.734100,22,1729 Champlain Drive Near Catonsville MD US
6371189689,2017-11-02 16:26,https://baltimore.craigslist.org/apa/d/comfort-and-convenience/6371189689.html,"Comfort and Convenience, Kitchen Pantry, Gas Cooking, Pet Friendly!",1110,Catonsville,2,0,1,39.278200,-76.740100,22,351 A Suter Road Catonsville MD US
6371189035,2017-11-02 16:25,https://baltimore.craigslist.org/apa/d/great-location-spacious/6371189035.html,GREAT LOCATION SPACIOUS APARTMENT,1419,Glen Burnie,3,1055,1.5,39.161800,-76.629700,22,7820 Parke West Drive Glen Burnie MD US
6371188709,2017-11-02 16:25,https://baltimore.craigslist.org/apa/d/fantastic-rent-savings-tour/6371188709.html,Fantastic Rent Savings*!  Tour Today!,1151,Glen Burnie,2,0,1,39.159732,-76.602730,10,7491 E. Furnace Branch Road Glen Burnie MD US
6371187860,2017-11-02 16:24,https://baltimore.craigslist.org/apa/d/9th-floor-2-bedroom-with/6371187860.html,"9th floor, 2 bedroom, with spectacular city views, available now",1619,1020 Park Ave,2,1271,2,39.301660,-76.618670,20,1020 Park Ave Baltimore MD US
6371187425,2017-11-02 16:24,https://baltimore.craigslist.org/apa/d/free-pro-rated-rent-for/6371187425.html,FREE PRO RATED RENT for Immediate MOve in!!!! 2BD 2BA,1085,,2,0,2,39.427700,-76.305500,22,
6348380391,2017-11-02 16:24,https://baltimore.craigslist.org/apa/d/private-owned-currently-2-6/6348380391.html,PRIVATE OWNED. CURRENTLY 2-6 BDRMS AVAILABLE IN NORTHUMBERLAND COUNTY.,575,PETS OK-GARAGES-LARGE YARDS,5,0,2,,,,
6371186246,2017-11-02 16:23,https://baltimore.craigslist.org/apa/d/open-this-weekendcome-in-for/6371186246.html,OPEN THIS WEEKEND 11/4/2017!!! COME IN FOR A TOUR!!!,,,0,0,,39.362146,-76.676307,10,5902 Cross Country Blvd Baltimore MD US
6371185517,2017-11-02 16:23,https://baltimore.craigslist.org/apa/d/this-is-the-best-time-to-live/6371185517.html,THIS IS THE BEST TIME TO LIVE IN MT. VERNON!! Mt. Vernon,1299,Mount Vernon,1,0,1,39.294600,-76.625200,0,111 W Centre St Baltimore MD US
6371184826,2017-11-02 16:22,https://baltimore.craigslist.org/apa/d/federal-hill-park-1-bed-1/6371184826.html,Federal Hill Park 1 bed 1 bath unit,1050,1007 Riverside Ave unit 2,1,0,1,39.264500,-76.622400,22,
6371183868,2017-11-02 16:22,https://baltimore.craigslist.org/apa/d/picture-yourself-in-this-2x2/6371183868.html,Picture Yourself in This 2x2 Apartment w/ a Gas-Powered Fireplace,1835,"Columbia, MD",2,1013,2,,,,
6371183164,2017-11-02 16:21,https://baltimore.craigslist.org/apa/d/worried-about-your-credit/6371183164.html,WORRIED ABOUT YOUR CREDIT? DON'T BE! WE'LL CONSIDER YOU! Mt. Vernon,1299,Mount Vernon,1,0,1,39.294600,-76.625200,0,111 W Centre St Baltimore MD US
6371029921,2017-11-02 16:21,https://baltimore.craigslist.org/apa/d/awesome-home-for-re-with/6371029921.html,▧ Awesome Home for Reǹť with Wooden Floors! ▧,400,baltimore,3,0,2,39.294600,-76.625200,22,
6371174899,2017-11-02 16:20,https://baltimore.craigslist.org/apa/d/granite-counter-tops-hardwood/6371174899.html,"Granite counter tops, hardwood floors, washer and dryer and 24hr Gym",1300,Federal Hill,1,950,1,39.268516,-76.611922,10,101 E Wells St Baltimore MD US
6371180289,2017-11-02 16:19,https://baltimore.craigslist.org/apa/d/celebrate-the-holidays-in/6371180289.html,Celebrate the Holiday's in Your New Home!,1310,Elkridge,1,794,1,39.187240,-76.789732,10,6731 Old Waterloo Rd Elkridge MD US
6371180116,2017-11-02 16:19,https://baltimore.craigslist.org/apa/d/fellowship-court-apartments/6371180116.html,FELLOWSHIP COURT APARTMENTS... Your New Home Is Waiting!,1514,Towson,2,0,1,39.391549,-76.584728,5,5 Fellowship Court Towson MD US
6371171482,2017-11-02 16:18,https://baltimore.craigslist.org/apa/d/best-priced-cottage/6371171482.html,Best Priced Cottage!,1319,,3,900,1,,,,
6368393230,2017-11-02 16:18,https://baltimore.craigslist.org/apa/d/30-foot-trailer-with-slide/6368393230.html,30 foot trailer with slide out on quiet farm,500,Jarrettsville,1,0,1,39.616200,-76.468400,22,
6371178226,2017-11-02 16:18,https://baltimore.craigslist.org/apa/d/free-application-99-deposit/6371178226.html,FREE Application & $99 Deposit on Move In Ready Apartments!,1600,Cockeysville,2,1145,2,39.477276,-76.601497,10,10701 Cardington Way Apt 104 Cockeysville MD US
6362177540,2017-11-02 16:17,https://baltimore.craigslist.org/apa/d/beautiful-town-home-with/6362177540.html,Beautiful town home with WASHER/DRYER..................COME SEE,969,south baltimore,2,0,1,39.247893,-76.618868,20,Gulfport Drive Baltimore MD US
6371176558,2017-11-02 16:17,https://baltimore.craigslist.org/apa/d/wifi-areas-professionally/6371176558.html,"WiFi Areas, Professionally Managed, Lease Today",1475,Baltimore,1,719,1,39.289466,-76.613957,10,10 Light St Baltimore MD US
6371175549,2017-11-02 16:16,https://baltimore.craigslist.org/apa/d/best-layouts-downtown/6371175549.html,Best Layouts Downtown AVAILABLE NOW!,1400,,2,1200,2,39.286247,-76.622390,10,519 W Pratt Baltimore MD US
6371173786,2017-11-02 16:15,https://baltimore.craigslist.org/apa/d/large-bedrooms-washer-and/6371173786.html,Large Bedrooms+ Washer and Dryer+ FREE Parking= 101 E. Wells,1550,Federal Hill,1,900,1,39.268516,-76.611922,10,101 E Wells St Baltimore MD US
6371172954,2017-11-02 16:14,https://baltimore.craigslist.org/apa/d/high-ceilings-ample-storage/6371172954.html,"HIGH CEILINGS, AMPLE STORAGE & WASHER/DRYER IN UNIT",1295,,1,800,1,39.268516,-76.611922,10,101 E. Wells St Baltimore MD US
6371172307,2017-11-02 16:14,https://baltimore.craigslist.org/apa/d/low-pricing-ready-for/6371172307.html,LOW Pricing Ready for December! Call Today,1250,,1,800,1,39.268516,-76.611922,10,101 E Wells St Baltimore MD US
6354021336,2017-11-02 16:13,https://baltimore.craigslist.org/apa/d/spacious-3-bedroom-townhome/6354021336.html,"Spacious 3 Bedroom Townhome With 2.5 Baths, Sound Good??",1729,Cockeysville,3,1300,2.5,39.471666,-76.636248,7,
6335373072,2017-11-02 16:13,https://baltimore.craigslist.org/apa/d/3bedroom-25-bathroom-townhome/6335373072.html,"3Bedroom 2.5 Bathroom Townhome,",1699,Cockeysville,3,1300,2.5,39.491900,-76.667700,22,
6367040997,2017-11-02 16:13,https://baltimore.craigslist.org/apa/d/freevember-freevember/6367040997.html,FREEVEMBER! FREEVEMBER! FREEVEMBER!,1229,"Cockeysville, MD",2,1017,1,39.491900,-76.667700,22,
6371170519,2017-11-02 16:13,https://baltimore.craigslist.org/apa/d/stellar-special-no-pay/6371170519.html,Stellar Special! No Pay November For This 3Bed/2Bath!,2200,"Ellicott City, MD",3,1390,2,39.235577,-76.815891,5,4900 Walking Stick Road Ellicott City MD US
6359289235,2017-11-02 16:12,https://baltimore.craigslist.org/apa/d/free-pro-rate-our-way-of/6359289235.html,FREE PRO RATE!!! OUR WAY OF GIVING THANKS TO YOU!!,1729,"Cockeysville, MD",3,1298,2.5,39.491900,-76.667700,22,
6354256251,2017-11-02 16:12,https://baltimore.craigslist.org/apa/d/beautiful-spacious-energy/6354256251.html,Beautiful! Spacious! Energy Efficient 3 Bedroom 3 Bathroom Apartment!!,1799,"Cockeysville, MD 21230",3,1565,3,39.470672,-76.634703,7,
6359241560,2017-11-02 16:12,https://baltimore.craigslist.org/apa/d/knock-knocktrick-or-free/6359241560.html,"Knock, Knock....Trick or Free First Month!!!!",1264,"Cockeysville, MD",2,1124,1,39.491900,-76.667700,22,
6359307515,2017-11-02 16:12,https://baltimore.craigslist.org/apa/d/freevember-freevember/6359307515.html,FREEVEMBER!!   FREEVEMBER!!    FREEVEMBER!!,1229,"Cockeysville, MD",2,1017,1,39.491900,-76.667700,22,
6353842428,2017-11-02 16:12,https://baltimore.craigslist.org/apa/d/beautiful-one-bedroom-den/6353842428.html,Beautiful One Bedroom Den Apartment Available November 11th!!,1199,Cockeysville Md,1,945,1,39.471341,-76.634263,22,
6353866866,2017-11-02 16:12,https://baltimore.craigslist.org/apa/d/beautiful-crossed-vented-2/6353866866.html,Beautiful Crossed Vented 2 Bedroom Deluxe. Hardwood Floors!!,1264,"Cockeysville, MD 21230",2,1124,1,39.470622,-76.634697,22,
6370985328,2017-11-02 16:12,https://baltimore.craigslist.org/apa/d/excellent-perfectly-remodeled/6370985328.html,"▐ Excellent, perfectly remodeled single family house! for ȑenŧ!",400,baltimore,3,0,2,39.294600,-76.625200,22,
6367059755,2017-11-02 16:11,https://baltimore.craigslist.org/apa/d/free-pro-rate-our-way-of/6367059755.html,FREE PRO RATE!!! OUR WAY OF GIVING THANKS TO YOU!!,1729,"Cockeysville, MD",3,1298,2.5,39.491900,-76.667700,22,
6350455294,2017-11-02 16:11,https://baltimore.craigslist.org/apa/d/2-bedroom-furnished-near-jhmi/6350455294.html,2 bedroom furnished near JHMI,1800,Johns Hopkins Hospital,2,0,2.5,39.295323,-76.590043,15,Orleans Street at Chapel Street Baltimore MD US
6371153026,2017-11-02 16:11,https://baltimore.craigslist.org/apa/d/dont-miss-your-chance-to-call/6371153026.html,Don't miss your chance to call us home !,1029,911 South Marlyn Ave,2,0,1,39.308600,-76.453300,22,911 South Marlyn AveÂ  Baltimore MD US
6354449450,2017-11-02 16:10,https://baltimore.craigslist.org/apa/d/renovated-three-bedroom/6354449450.html,RENOVATED THREE BEDROOM,,Brooklyn,3,0,1.5,39.231354,-76.603560,22,Sixth st Baltimore MD US
6371167478,2017-11-02 16:10,https://baltimore.craigslist.org/apa/d/we-work-with-bad-credit/6371167478.html,We work with Bad credit,1100,"128 Nunnery Ln, Catonsville, MD 21228",2,733,0,39.279262,-76.716084,5,128 Nunnery Ln Catonsville MD US
6365133047,2017-11-02 16:10,https://baltimore.craigslist.org/apa/d/nov-15-br-1ba-in-old-goucher/6365133047.html,Nov 1.5 BR / 1BA in Old Goucher / Charles Village,825,103 E 22 street,1,750,1,39.314324,-76.614651,10,101 e 22nd street baltimore MD US
6371158134,2017-11-02 16:10,https://baltimore.craigslist.org/apa/d/1-month-free-canton-skyline/6371158134.html,1 MONTH FREE! CANTON SKYLINE VIEW! WATERFRONT/NEXT TO PARK!,2240,Canton,2,1420,2,39.278216,-76.575321,15,Boston St. at Linwood Baltimore MD US
6371166148,2017-11-02 16:09,https://baltimore.craigslist.org/apa/d/this-week-only-500-off-1st/6371166148.html,"This Week Only, $500 Off 1st Month Rent, Move in by 11/30",1000,,2,809,1,39.339096,-76.532283,10,5738 Cedonia Ave Baltimore MD US
6371105265,2017-11-02 16:09,https://baltimore.craigslist.org/apa/d/cheap-3-4-bdrm-house-in/6371105265.html,► Cheap 3-4 bdrm house in excellent location. Close to School & Park!,400,baltimore,3,0,2,39.294600,-76.625200,22,
6371161780,2017-11-02 16:06,https://baltimore.craigslist.org/apa/d/one-and-half-months-free-call/6371161780.html,One and a Half Months Free!!! Call today!!!!,1775,Downtown Baltimore,2,1252,2,39.288389,-76.620369,10,11 S. Eutaw Street Baltimore MD US
6368559582,2017-11-02 16:06,https://baltimore.craigslist.org/apa/d/spacious-layouts-private/6368559582.html,"Spacious layouts, Private balconies, Complimentary parking",1290,"5 Stonewain Court #1A, Towson, MD 21204",2,1100,1,39.410221,-76.621941,5,5 Stonewain Court Towson MD US
6371151853,2017-11-02 16:05,https://baltimore.craigslist.org/apa/d/process-applications-in-10/6371151853.html,Process applications in 10 MINUTES !!! 2BR APARTMENTS $799-$875,799,Coventry Road,2,900,1,39.279495,-76.700683,20,Coventry Road Baltimore MD US
6371009196,2017-11-02 16:05,https://baltimore.craigslist.org/apa/d/awesome-house-for-et-with/6371009196.html,◊ Awesome House for Ȑeǹt with Wooden Floors! ◊,400,baltimore,3,0,2,39.294600,-76.625200,22,
6371033977,2017-11-02 16:05,https://baltimore.craigslist.org/apa/d/3-bd-home-aval-for-rent/6371033977.html,◔ 3 Bd Home Aval. for rent! ◔,400,baltimore,3,0,2,39.294600,-76.625200,22,
6371157236,2017-11-02 16:03,https://baltimore.craigslist.org/apa/d/now-leasing-granite-counters/6371157236.html,"NOW LEASING, GRANITE COUNTERS, PET FRIENDLY COMMUNITY!",1851,"Federal Hill, South Baltimore",2,1118,2,39.268560,-76.612805,10,2 East Wells Street Baltimore MD US
6371155816,2017-11-02 16:02,https://baltimore.craigslist.org/apa/d/cozy-condo-rentnear-white/6371155816.html,"★★cozy condo rent $1, 400 - near White Marsh mall area",1400,"White Marsh, Perry Hall",2,0,2,39.400039,-76.484928,5,Lincolnshire CT Parkville MD US
6371137611,2017-11-02 16:01,https://baltimore.craigslist.org/apa/d/625-grundy-st-3-bed-3-bath/6371137611.html,"625 Grundy St. - 3 Bed, 3 Bath Townhome in Brewers Hill",1800,Brewers Hill,3,0,3,,,,
6371154544,2017-11-02 16:01,https://baltimore.craigslist.org/apa/d/you-are-steps-away-from-your/6371154544.html,YOU ARE STEPS AWAY FROM YOUR PUMPKIN LATTE! FIRST MONTH FREE!,1129,"Glen Burnie, Pasadena",1,682,1,39.138149,-76.600499,5,7847 Americana Circle Glen Burnie MD US
6369809243,2017-11-02 16:01,https://baltimore.craigslist.org/apa/d/fabulous-fed-hill-2bd-3ba/6369809243.html,Fabulous Fed Hill 2bd/3ba with den Townhome--Available now!,2150,105 Pilgrim Landing (Federal Hill,2,1700,3,39.264500,-76.622400,22,105 Pilgrim Landing Baltimore MD US
6371153769,2017-11-02 16:01,https://baltimore.craigslist.org/apa/d/beautiful-apartments-with/6371153769.html,Beautiful Apartments with Lots of Appeal. Apply Today!,995,"3901 Clarks Ln, Baltimore, MD 21215, USA, Baltimore, MD 2121",2,0,1,39.359702,-76.703228,5,"3901 Clarks Ln, Baltimore, MD 21215, USA Baltimore MD US"
