pid,dt,url,title,price,neighb,beds,sqft,baths,lat,lng,accuracy,address
6371317528,2017-11-02 16:59,https://batonrouge.craigslist.org/apa/d/2-bedroom-2-bath/6371317528.html,2 Bedroom 2 Bath,950,,2,1055,2,30.427300,-91.035600,22,
6371316088,2017-11-02 16:58,https://batonrouge.craigslist.org/apa/d/1-bedroom-1-bath/6371316088.html,1 Bedroom 1 Bath,1055,,1,794,1,30.427300,-91.035600,22,
6352192253,2017-11-02 16:53,https://batonrouge.craigslist.org/apa/d/brownstone-casita-ready-to/6352192253.html,BROWNSTONE*/*/*CASITA READY TO*/*/*MOVE,400,atonatonatonaton,3,1200,2,,,,
6352189836,2017-11-02 16:52,https://batonrouge.craigslist.org/apa/d/baronialhouse-forrent/6352189836.html,BARONIAL~_~_~HOUSE FOR~_~_~RENT,400,rourourourouge,3,1200,2,,,,
6352190933,2017-11-02 16:51,https://batonrouge.craigslist.org/apa/d/brick-builthome-with-3/6352190933.html,"BRICK-BUILT=,=,=HOME WITH 3 BEDROOMS=,=,=",400,rou rou rou rou,3,1200,2,,,,
6371293495,2017-11-02 16:47,https://batonrouge.craigslist.org/apa/d/lsu-student-community/6371293495.html,"LSU Student Community, Community Club Room, Walk to LSU Campus",609,Baton Rouge,4,1359,4,30.402709,-91.178050,10,4194 Burbank Drive Baton Rouge LA US
6371296782,2017-11-02 16:43,https://batonrouge.craigslist.org/apa/d/978-3br-come-fall-in-love/6371296782.html,$978/ 3br Come fall in love with Port Royal - November Rent FREE!!!,978,6454 Airline Hwy,0,1185,,30.486000,-91.148100,22,
6371294964,2017-11-02 16:41,https://batonrouge.craigslist.org/apa/d/too-the-windows-too-the-walls/6371294964.html,"Too the windows, Too the walls, come check out your new home for fall!",699,,0,0,,30.406600,-91.146800,22,
6371293691,2017-11-02 16:40,https://batonrouge.craigslist.org/apa/d/pet-friendly-gated-community/6371293691.html,A Pet Friendly Gated Community with All utilities included!!,1240,Baton Rouge,2,950,2,30.443682,-91.007584,10,1680 Oneal Lane Baton Rouge LA US
6371292912,2017-11-02 16:40,https://batonrouge.craigslist.org/apa/d/spring-into-november-at-the/6371292912.html,Spring into November at The Exchange at Baton Rouge!,599,,4,0,4,30.391442,-91.162105,5,449 Ben Hur Road Baton Rouge LA US
6371291869,2017-11-02 16:39,https://batonrouge.craigslist.org/apa/d/978-3br-come-fall-in-love/6371291869.html,$978/ 3br Come fall in love with Port Royal - November Rent FREE!!!,978,6454 Airline Hwy,3,1185,2,30.486000,-91.148100,22,
6371289931,2017-11-02 16:38,https://batonrouge.craigslist.org/apa/d/24-hour-courtesy-officer-24/6371289931.html,"24 Hour Courtesy Officer, 24 Hour Maintenance",1080,Baton Rouge,2,1200,1,30.405908,-91.037100,5,4949 Stumberg Lane Baton Rouge LA US
6360272113,2017-11-02 16:37,https://batonrouge.craigslist.org/apa/d/nice-3br-2ba-house-for-hire/6360272113.html,+/-#NICE 3BR/2BA HOUSE FOR HIRE+/-#,500,PET WELCOME,3,1200,2,29.987100,-90.169500,22,
6360272024,2017-11-02 16:37,https://batonrouge.craigslist.org/apa/d/nice-3br-2ba-house-for-hire/6360272024.html,+/-#NICE 3BR/2BA HOUSE FOR HIRE+/-#,500,PET WELCOME,3,1200,2,29.987100,-90.169500,22,
6360272125,2017-11-02 16:37,https://batonrouge.craigslist.org/apa/d/nice-3br-2ba-house-for-hire/6360272125.html,+/-#NICE 3BR/2BA HOUSE FOR HIRE+/-#,500,PET WELCOME,3,1200,2,29.987100,-90.169500,22,
6348368935,2017-11-02 16:36,https://batonrouge.craigslist.org/apa/d/discover-how-lease-option-can/6348368935.html,Discover how a Lease-Option can Work For You,658,4522 Springfield,3,1158,2,30.406600,-91.146800,22,
6359347238,2017-11-02 16:33,https://batonrouge.craigslist.org/apa/d/preferred-employee-discount/6359347238.html,"PREFERRED EMPLOYEE DISCOUNT ON ALL FLOOR PLANS (1,2 &3)!!! COME SEE US",929,,2,1152,1.5,30.408900,-91.084200,22,
6371282478,2017-11-02 16:32,https://batonrouge.craigslist.org/apa/d/free-rent-immediate-move-in/6371282478.html,"**FREE RENT** IMMEDIATE MOVE-IN AVAILABLE-1, 2 & 3 BEDROOM FLOOR PLANS",779,,1,648,1,30.408900,-91.084200,22,
6371260406,2017-11-02 16:26,https://batonrouge.craigslist.org/apa/d/mobile-home-for-rent/6371260406.html,Mobile Home for Rent,900,Denham Springs,3,1280,2,30.531888,-90.901369,10,11068 Monroe Perkins Road Denham springs LA US
6371266885,2017-11-02 16:20,https://batonrouge.craigslist.org/apa/d/open-air-cabanas-smoke-free/6371266885.html,"Open air cabanas, Smoke Free community, Wood style flooring, Gameroom",599,,4,0,4,30.391534,-91.162190,5,449 Ben Hur Road Baton Rouge LA US
6371257955,2017-11-02 16:14,https://batonrouge.craigslist.org/apa/d/one-room-apartment/6371257955.html,One room Apartment,650,gonzales,1,0,1,30.247300,-90.918000,22,
6340857059,2017-11-02 16:13,https://batonrouge.craigslist.org/apa/d/discover-how-lease-option-can/6340857059.html,Discover how a Lease-Option can Work For You,890,3125 Walnut St.,3,1500,2,30.449200,-91.185600,22,
6361908662,2017-11-02 16:10,https://batonrouge.craigslist.org/apa/d/bayou-rouge-2br-2b-condo/6361908662.html,Bayou Rouge 2BR/2B Condo. approx 1000 sq ft-1st floor,1100,Baton Rouge,2,1000,2,30.406458,-91.065659,10,11011 Cal Rd BATON ROUGE LA US
6371231858,2017-11-02 16:04,https://batonrouge.craigslist.org/apa/d/2-bed-2-bath-close-to/6371231858.html,2 bed / 2 bath close to everything,800,,2,0,2,30.364729,-91.126614,5,
