pid,dt,url,title,price,neighb,beds,sqft,baths,lat,lng,accuracy,address
6340807818,2017-11-02 16:42,https://bend.craigslist.org/apa/d/newly-constructed-apartment/6340807818.html,Newly constructed apartment near Old Mill District! (200#202),1250,200 SW Summer Lake #202,2,1000,2,44.038582,-121.309891,10,200 SW Summer lake Dr. Bend OR US
6348489368,2017-11-02 16:42,https://bend.craigslist.org/apa/d/beautiful-fully-furnished/6348489368.html,Beautiful fully furnished home is located on serene Awbrey Butte(3049),2725,3049 NW Jewell Way,3,2382,2.5,44.091500,-121.407300,22,
6352544782,2017-11-02 16:42,https://bend.craigslist.org/apa/d/spacious-home-in-mountain/6352544782.html,"Spacious home in Mountain High, access to community pool (20436)",1695,20436 Powder Mountain,3,1700,2,44.022300,-121.298500,22,
6352519496,2017-11-02 16:41,https://bend.craigslist.org/apa/d/gorgeous-pahlisch-town-home/6352519496.html,Gorgeous Pahlisch Town Home in the Stonegate community (60255),1525,60255 Addie Triplett Lp.,3,1700,2.5,44.022300,-121.298500,22,
6352504748,2017-11-02 16:41,https://bend.craigslist.org/apa/d/charming-single-level-home-on/6352504748.html,Charming single level home on just over an acre lot (20874),1595,20874 King Hezekiah Way,3,1458,2,44.022300,-121.298500,22,
6352448759,2017-11-02 16:41,https://bend.craigslist.org/apa/d/ranch-style-home-located-on/6352448759.html,Ranch style home located on acreage (4046),1750,4046 SW Highland Ave.,2,1232,2,44.276700,-121.189600,22,
6352447780,2017-11-02 16:41,https://bend.craigslist.org/apa/d/gorgeous-river-canyon-home/6352447780.html,Gorgeous River Canyon home! (61104),2000,61104 Snowbrush Dr.,4,2311,2.5,44.022300,-121.298500,22,
6352442151,2017-11-02 16:40,https://bend.craigslist.org/apa/d/adorable-single-level-duplex/6352442151.html,Adorable single level duplex in Redmond (2117),1250,2117 SW Canyon Dr.,2,1200,2,44.276700,-121.189600,22,
6361893232,2017-11-02 16:40,https://bend.craigslist.org/apa/d/single-level-home-in-redmond/6361893232.html,Single level home in Redmond featuring an open floor plan (1950),1350,1950 SW 36th St.,3,1574,2,44.276700,-121.189600,22,
6361942214,2017-11-02 16:38,https://bend.craigslist.org/apa/d/cute-two-story-duplex-on-cul/6361942214.html,A cute two story duplex on a cul-de-sac (1559),1125,1559 SW Rimrock Way,2,874,1.5,44.276700,-121.189600,22,
6352430889,2017-11-02 16:37,https://bend.craigslist.org/apa/d/great-single-level-home-close/6352430889.html,Great single level home close to the Old Mill District (61279),1595,61279 SW Kristen St.,3,1505,2,44.022300,-121.298500,22,
6353104953,2017-11-02 16:36,https://bend.craigslist.org/apa/d/newer-home-3-miles-from/6353104953.html,Newer home 3 miles from Deschutes River and Old Mill District (21137),1895,21137 Darnel Ave.,3,1743,2.5,44.022300,-121.298500,22,
6350403753,2017-11-02 16:35,https://bend.craigslist.org/apa/d/single-level-home-in-yardley/6350403753.html,Single-level home in Yardley Estates (63142),1750,63142 Layton Ave.,3,1626,2,44.092800,-121.293600,22,
6361889339,2017-11-02 16:35,https://bend.craigslist.org/apa/d/attractive-duplex-in/6361889339.html,Attractive duplex in a convenient NE Bend location (834 #2),1275,834 NE Hidden Valley Dr. #2,2,1046,2,44.092800,-121.293600,22,834 NE Hidden Valley Bend OR US
6361891377,2017-11-02 16:35,https://bend.craigslist.org/apa/d/beautiful-home-in-riverstone/6361891377.html,Beautiful home in Riverstone subdivision 63110 Riverstone (63110),1875,63110 Riverstone Dr.,4,2150,3.5,44.091500,-121.407300,22,63110 Riverstone Dr. Bend OR US
6367057050,2017-11-02 16:34,https://bend.craigslist.org/apa/d/single-level-fully-furnished/6367057050.html,Single level Fully furnished home located in Lane Knoll Estates(22355),2700,22355 White Peaks Dr.,3,2139,2.5,44.022300,-121.298500,22,
6367058478,2017-11-02 16:34,https://bend.craigslist.org/apa/d/cozy-town-home-in-redmond-1227/6367058478.html,Cozy town home in Redmond (1227),1195,1227 SW 27th St.,3,1583,2.5,44.276700,-121.189600,22,
6367600013,2017-11-02 16:33,https://bend.craigslist.org/apa/d/adorable-3-bedroom-apartment/6367600013.html,Adorable 3 bedroom apartment on 1st floor near downtown Sisters (114),1050,114 West Adams #20,3,970,1,44.293011,-121.551204,10,114 W. Adams unit 20 sisters OR US
6371426544,2017-11-02 16:32,https://bend.craigslist.org/apa/d/amazingfenced/6371426544.html,&&AMAZING&Fenced backyard&remodeled floor&basement&Good,1107,"Bend, OR",3,1842,2,44.022300,-121.298500,22,
6371425778,2017-11-02 16:31,https://bend.craigslist.org/apa/d/town-home-with-private-fenced/6371425778.html,Town home with private fenced patio (1817 A),895,1817 NE Tucson Way A,2,1050,1.5,44.092800,-121.293600,22,
6371407384,2017-11-02 16:24,https://bend.craigslist.org/apa/d/new-paint-interior-and/6371407384.html,"New Paint interior and exterior. Stainless Steel Kitchen Appliances,",1300,"Prineville, OR",3,0,2.5,44.304500,-120.833600,22,
6358903276,2017-11-02 16:17,https://bend.craigslist.org/apa/d/available-today-full-bath-in/6358903276.html,AVAILABLE TODAY   Full Bath in each MB    Enclosed 2 car  Garage,1395,NE Bend,2,1650,2.5,44.076472,-121.291444,5,1050 NE Butler Market Rd. Bend OR US
6371406952,2017-11-02 16:14,https://bend.craigslist.org/apa/d/charming-sw-home-in-private/6371406952.html,Charming SW Home in Private Cul De Sac.,1695,Bend,3,1407,2.5,44.022300,-121.298500,22,61189 SW Sleepy Ct. Bend OR US
6332857939,2017-11-02 16:12,https://bend.craigslist.org/apa/d/br-1-bath-chaparral/6332857939.html,$925-$950- 2BR/1 Bath - Chaparral Apartments - Freshly Remodeled - 80,950,Red,2,800,1,44.276700,-121.189600,22,244 SW Rimrock Way Redmond OR US
6332869886,2017-11-02 16:12,https://bend.craigslist.org/apa/d/975-2br-1-bath-obsidian/6332869886.html,$975 - 2BR/1 Bath - Obsidian Apartments - Freshly Remodeled - 800 sq.,975,Red,2,800,1,44.276700,-121.189600,22,1619 SW Obsidian Ave Redmond OR US
6371401881,2017-11-02 16:10,https://bend.craigslist.org/apa/d/se-duplex-very-near-the-old/6371401881.html,SE Duplex very near the Old Mill District,1100,Bend,2,1200,2,44.022300,-121.298500,22,Sally Lane at Beth Ave Bend OR US
6358205426,2017-11-02 16:07,https://bend.craigslist.org/apa/d/two-bedrooms-available-750/6358205426.html,Two Bedrooms Available! $750 Off First Month on Select Apartments!,1725,NW Crossing,2,826,2,44.059157,-121.359787,5,3001 NW Clearwater Drive Bend OR US
6358314474,2017-11-02 16:07,https://bend.craigslist.org/apa/d/the-range-apartments-pre/6358314474.html,The Range Apartments ~ Pre-Lease for November/December Move In!,1450,NW Crossing,1,0,1,44.059096,-121.359959,5,3001 NW Clearwater Drive Bend OR US
6359206480,2017-11-02 16:06,https://bend.craigslist.org/apa/d/find-your-new-home-at-range/6359206480.html,Find Your New Home at RANGE!! Call Now!,1300,bend,1,0,1,44.091500,-121.407300,22,3001 NW Clearwater Dr. Bend OR US
6371394110,2017-11-02 16:03,https://bend.craigslist.org/apa/d/town-home-in-gardenside/6371394110.html,Town-home in Gardenside Neighborhood,1595,Bend,2,1300,2.5,44.022300,-121.298500,22,Marigold Lane at Starlight Drive Bend OR US
6371391447,2017-11-02 16:01,https://bend.craigslist.org/apa/d/charming-furnished-2-master/6371391447.html,Charming FURNISHED 2 Master BR/2.5BA HOME near St. Charles Hospital!,2000,Bend/Mountain View,2,1400,2.5,44.073024,-121.270981,20,NE Robinson at Purcell Bend OR US
