pid,dt,url,title,price,neighb,beds,sqft,baths,lat,lng,accuracy,address
6371302075,2017-11-02 16:47,https://bgky.craigslist.org/apa/d/4-bedroom-home-in-town-large/6371302075.html,"4 bedroom home in town, large, fenced yard",1550,bowling green,4,0,2.5,36.971938,-86.450061,15,ridgecrest at cabell bowling green KY US
6332272088,2017-11-02 16:15,https://bgky.craigslist.org/apa/d/1-bedroom-1-bathroom-luxury/6332272088.html,1 bedroom/1 bathroom LUXURY apartments available!,729,Bowling Green,1,766,1,36.948444,-86.432190,5,2600 Chandler Dr Bowling Green KY US
6349897991,2017-11-02 16:14,https://bgky.craigslist.org/apa/d/1-bedroom-1-bathroom-luxury/6349897991.html,1 bedroom/1 bathroom LUXURY Apartment Homes Available!,975,Bowling Green,1,765,1,36.943855,-86.432705,5,2600 Chandler Dr Bowling Green KY US
6349883462,2017-11-02 16:12,https://bgky.craigslist.org/apa/d/3-bedroom-2-bathroom-luxury/6349883462.html,"3 bedroom, 2 bathroom LUXURY apartments available!",949,2600 Chandler Dr,3,1350,2,36.948547,-86.433091,5,2600 Chandler Dr Bowling Green KY US
