pid,dt,url,title,price,neighb,beds,sqft,baths,lat,lng,accuracy,address
6371314616,2017-11-02 16:57,https://bham.craigslist.org/apa/d/large-historic-2x1-with/6371314616.html,Large historic 2x1 with private balcony and washer/dryer connections!!,875,,0,900,,33.491180,-86.808794,10,1131 16th Avenue South Birmingham AL US
6371312024,2017-11-02 16:55,https://bham.craigslist.org/apa/d/call-about-move-in-specials/6371312024.html,Call About Move In Specials!!!!,750,Bessemer,2,0,1.5,33.322400,-86.965700,22,
6371286261,2017-11-02 16:54,https://bham.craigslist.org/apa/d/conveniently-located/6371286261.html,Conveniently Located,565,,0,0,,33.322400,-86.965700,22,
6371310186,2017-11-02 16:53,https://bham.craigslist.org/apa/d/beautiful-vaulted-ceilings/6371310186.html,BEAUTIFUL Vaulted Ceilings! Come see today!,1011,Hoover,2,1179,2,33.366047,-86.811795,10,5775 Summer Place Parkway Hoover AL US
6371309715,2017-11-02 16:53,https://bham.craigslist.org/apa/d/move-in-before-the-holidays/6371309715.html,Move In Before The Holidays! *ONE FREE MONTH*,916,Hoover,2,1103,1,33.366047,-86.811795,10,5775 Summer Place Parkway Hoover AL US
6371279697,2017-11-02 16:53,https://bham.craigslist.org/apa/d/pet-friendly/6371279697.html,Pet Friendly,565,,0,0,,33.322400,-86.965700,22,
6371306770,2017-11-02 16:51,https://bham.craigslist.org/apa/d/renovated-3-bedroom-2-bath/6371306770.html,RENOVATED 3 BEDROOM 2 BATH READY FOR MOVE IN!,1199,Vestavia Hills,3,1350,2,33.444183,-86.813760,20,Columbiana Road at Hwy 31 Vestavia Hills AL US
6367455884,2017-11-02 16:49,https://bham.craigslist.org/apa/d/reduced-rates3-2-rent-2own/6367455884.html,&&&&&&&&Reduced Rates&3/2 Rent 2own Home,399,,0,0,,,,,
6367455895,2017-11-02 16:49,https://bham.craigslist.org/apa/d/reduced-rates3-2-rent-2own/6367455895.html,&&&&&&&&Reduced Rates&3/2 Rent 2own Home,399,,0,0,,,,,
6367455898,2017-11-02 16:49,https://bham.craigslist.org/apa/d/reduced-rates3-2-rent-2own/6367455898.html,&&&&&&&&Reduced Rates&3/2 Rent 2own Home,399,,0,0,,,,,
6371302122,2017-11-02 16:47,https://bham.craigslist.org/apa/d/head-turning/6371302122.html,Head-Turning Deals*Extraordinary Location*Ready For Move In*Call Today,1129,Rocky Ridge Road-Vestavia Area,2,1192,2,33.441118,-86.766440,15,901 Old Forest Road Birmingham AL US
6335458144,2017-11-02 16:45,https://bham.craigslist.org/apa/d/beautiful-apartment-homes/6335458144.html,BEAUTIFUL APARTMENT HOMES,925,,2,1200,2,33.465300,-86.808200,22,
6371300083,2017-11-02 16:45,https://bham.craigslist.org/apa/d/today-is-the-perfect-day-to/6371300083.html,Today is the Perfect Day to Find Your New Home! Free Rent Give-Away,1129,Ready NOW-Rocky Ridge Road,2,1192,2,33.441161,-86.766983,15,901 Old Forest Road Birmingham AL US
6371299290,2017-11-02 16:45,https://bham.craigslist.org/apa/d/need-place-before-christmas/6371299290.html,Need a Place Before Christmas?,810,The Oaks of St Clair,1,814,1,33.603500,-86.466800,22,5413 Oaks of St Clair Circle Moody AL US
6332853669,2017-11-02 16:44,https://bham.craigslist.org/apa/d/renovated-homes-classic-units/6332853669.html,RENOVATED  HOMES/CLASSIC UNITS AVAILABLE,925,VALLEY AVE,2,1200,2,33.465300,-86.808200,22,
6343291892,2017-11-02 16:43,https://bham.craigslist.org/apa/d/beautifully-renovated-units/6343291892.html,BEAUTIFULLY RENOVATED UNITS AVAILABLE,755,,1,900,1,33.465300,-86.808200,22,
6333924715,2017-11-02 16:42,https://bham.craigslist.org/apa/d/renovated-units-your-new-home/6333924715.html,RENOVATED UNITS! YOUR NEW HOME AWAITS!!,755,,2,1000,1,33.465300,-86.808200,22,
6333925912,2017-11-02 16:41,https://bham.craigslist.org/apa/d/marvelous-new-home/6333925912.html,MARVELOUS NEW HOME,815,,2,1200,2,33.465300,-86.808200,22,
6371286469,2017-11-02 16:41,https://bham.craigslist.org/apa/d/best-rates-in-town-all-you/6371286469.html,****~`~` BEST RATES IN TOWN .... ALL YOU NEED IS $399`~`~****,795,Birmingham,3,1390,1.5,33.639884,-86.674727,10,344 20th Avenue NE Birmingham AL US
6333926626,2017-11-02 16:40,https://bham.craigslist.org/apa/d/dog-park-and-much-more/6333926626.html,DOG PARK AND  MUCH MORE !,800,,2,1100,1,33.465300,-86.808200,22,
6371290580,2017-11-02 16:38,https://bham.craigslist.org/apa/d/youve-found-something-special/6371290580.html,"You've found something special at Meadow Wood Apartments! 2 bed, 2 bat",845,Pelham,2,984,2,33.312478,-86.814990,10,800 Valleyview Rd Pelham AL US
6371283748,2017-11-02 16:38,https://bham.craigslist.org/apa/d/now-leasing/6371283748.html,Now Leasing,565,,0,0,,33.322400,-86.965700,22,
6333927894,2017-11-02 16:38,https://bham.craigslist.org/apa/d/awesome-apartments-homes/6333927894.html,AWESOME APARTMENTS HOMES !!,695,,1,900,1,33.465300,-86.808200,22,
6371287360,2017-11-02 16:36,https://bham.craigslist.org/apa/d/move-in-specialvestavia-hills/6371287360.html,MOVE IN SPECIAL $899! #1 VESTAVIA HILLS SCHOOL SYSTEM!,899,Vestavia Hills,2,1250,1.5,33.444183,-86.813760,20,Columbiana Road at Hwy 31 Vestavia Hills AL US
6371260160,2017-11-02 16:27,https://bham.craigslist.org/apa/d/leasing-with-you-in-mind/6371260160.html,Leasing With You In Mind,565,,0,0,,33.322400,-86.965700,22,
6371247219,2017-11-02 16:25,https://bham.craigslist.org/apa/d/early-bird-special/6371247219.html,Early Bird Special!,565,,0,0,,33.322400,-86.965700,22,
6371266367,2017-11-02 16:20,https://bham.craigslist.org/apa/d/121-13th-ave-ne-3-bedroom-15/6371266367.html,121 13th Ave NE - 3 bedroom/ 1.5 Bath GREAT HOME!!,1100,Center Point,3,0,1.5,33.649300,-86.705700,22,13th Ave NE Birmingham AL US
6371257593,2017-11-02 16:14,https://bham.craigslist.org/apa/d/1221-five-mile-rd-great-3/6371257593.html,"1221 Five Mile Rd - Great 3 bedroom, 1 bath!  Must See!!",850,Center Point,3,0,1,33.600216,-86.700343,20,Five Mile Rd Birmingham AL US
6343385995,2017-11-02 16:11,https://bham.craigslist.org/apa/d/dont-throw-away-rent-money/6343385995.html,Dont Throw away Rent Money See our Leasing Program,725,1736 15th Ave. S.,3,1250,2,,,,
6371225519,2017-11-02 16:09,https://bham.craigslist.org/apa/d/2bed-1ba-in-central/6371225519.html,"2BED, 1BA IN CENTRAL HOMEWOOD~WALK TO THE PIG, THE PARK + THE LIBRARY!",800,SoHo District,2,770,1,33.477131,-86.788529,10,1902 Courtney Drive Homewood AL US
6368491105,2017-11-02 16:08,https://bham.craigslist.org/apa/d/save-apply-for-only-49-and/6368491105.html,Save $$$ Apply for only $49 and receive FREE Rent!!!,880,"100 Inverness Lane, Birmingham, AL 35242",2,1047,1,33.422601,-86.706502,5,100 Inverness Lane Birmingham AL US
6371246512,2017-11-02 16:05,https://bham.craigslist.org/apa/d/7233-higdon-rd/6371246512.html,7233 Higdon Rd -,885,East Lake,4,0,2,33.547939,-86.734962,20,Higdon Rd Birmingham AL US
6348092280,2017-11-02 16:05,https://bham.craigslist.org/apa/d/move-in-now-discover-our/6348092280.html,Move in Now! Discover our Lease-own Option,755,Irving St at 13th St,3,1150,2,33.521000,-86.806600,22,
6371243808,2017-11-02 16:04,https://bham.craigslist.org/apa/d/this-2-bedroom-apartment-is/6371243808.html,THIS 2 BEDROOM APARTMENT IS READY FOR YOU TODAY!!!,1075,HOMEWOOD,2,1060,2,33.447256,-86.812944,20,1301 Lakeshore Place Homewood AL US
6371243134,2017-11-02 16:03,https://bham.craigslist.org/apa/d/just-few-left-1-bedroom-63500/6371243134.html,Just A Few Left 1 bedroom $635.00,635,Bessemer,1,0,1,33.322400,-86.965700,22,
6358042317,2017-11-02 16:02,https://bham.craigslist.org/apa/d/reduced-rates3-2-rent-2own/6358042317.html,&&&&&&&&Reduced Rates&3/2 Rent 2own Home,399,,0,0,,,,,
6358042294,2017-11-02 16:02,https://bham.craigslist.org/apa/d/reduced-rates3-2-rent-2own/6358042294.html,&&&&&&&&Reduced Rates&3/2 Rent 2own Home,399,,0,0,,,,,
6358042315,2017-11-02 16:01,https://bham.craigslist.org/apa/d/reduced-rates3-2-rent-2own/6358042315.html,&&&&&&&&Reduced Rates&3/2 Rent 2own Home,399,,0,0,,,,,
6371240270,2017-11-02 16:01,https://bham.craigslist.org/apa/d/1-month-free/6371240270.html,1 MONTH FREE,728,Hoover,2,945,1,33.418800,-86.786700,22,990 Wisteria Place Hoover AL US
