pid,dt,url,title,price,neighb,beds,sqft,baths,lat,lng,accuracy,address
6360977832,2017-11-02 16:32,https://billings.craigslist.org/apa/d/pet-friendly-single-level/6360977832.html,"PET FRIENDLY, SINGLE LEVEL TOWN HOME WITH ATTACHED GARAGE INCLUDED",795,1414 Chanel Loop,1,0,1,,,,
6352678883,2017-11-02 16:32,https://billings.craigslist.org/apa/d/single-level-patio-homes/6352678883.html,"Single-level Patio Homes, Central Air, Pet-Friendly, Attached Garage!",850,"5629 Reds Way, (Off Elysian & Mullowney",1,0,1,,,,
6368516279,2017-11-02 16:32,https://billings.craigslist.org/apa/d/central-air-attached-garage/6368516279.html,"Central Air, Attached Garage Included in Rent, Granite Countertops",850,"5629 Reds Way, Billings MT. 59101, MT 59101",1,0,1,,,,
6371356891,2017-11-02 16:31,https://billings.craigslist.org/apa/d/november-special-150-security/6371356891.html,November Special - $150 Security Deposit On All Apartment Homes!!,865,Billings,2,936,1,45.760259,-108.614548,5,3900 Victory Circle Billings MT US
6371344972,2017-11-02 16:21,https://billings.craigslist.org/apa/d/close-to-shopping-apply-today/6371344972.html,"Close to Shopping, Apply today!",885,Poly & 17th Street West,0,510,1,45.794545,-108.555731,5,2460 Village Lane Billings MT US
