pid,dt,url,title,price,neighb,beds,sqft,baths,lat,lng,accuracy,address
6348644338,2017-11-02 16:58,https://binghamton.craigslist.org/apa/d/3-bedroom-apartment-endicott/6348644338.html,"3 bedroom apartment, Endicott",900,Watson Blvd.,3,0,1,42.109050,-76.054123,20,Watson Blvd. Endicott NY US
6359215695,2017-11-02 16:54,https://binghamton.craigslist.org/apa/d/2br-1ba-townhouse-endwell/6359215695.html,2BR/1BA Townhouse - Endwell,750,"Endwell, NY",2,0,1,42.089359,-76.068629,10,1702 Davis Vestal NY US
6348786974,2017-11-02 16:41,https://binghamton.craigslist.org/apa/d/85-floral-ave-1-bedroom/6348786974.html,85 Floral Ave  1 Bedroom (STUDENT ONLY),625,Johnson City,0,0,1,42.126700,-75.968500,0,
6371209629,2017-11-02 16:39,https://binghamton.craigslist.org/apa/d/1-bedroom-401-main-st-2nd/6371209629.html,1 Bedroom @ 401 W Main St (2nd floor),545,Endicott,1,0,1,42.126700,-75.968500,0,
6343341723,2017-11-02 16:36,https://binghamton.craigslist.org/apa/d/beautiful-spacious-3-bedroom/6343341723.html,"Beautiful, Spacious 3 Bedroom, Hillside Court",765,West Endicott,3,750,1,42.094425,-76.069765,0,
6371191187,2017-11-02 16:27,https://binghamton.craigslist.org/apa/d/8-br-student-house-awesome/6371191187.html,"8 BR STUDENT HOUSE, AWESOME PLACE TO CALL HOME, GREAT BLOCK  2018-19",450,SEMINARY,8,0,2,,,,
6359332345,2017-11-02 16:26,https://binghamton.craigslist.org/apa/d/4-bedroom-duplex/6359332345.html,4 BEDROOM DUPLEX,875,BINGHAMTON NY,4,0,1.5,42.090502,-75.907390,15,VESTAL AVE at EUCLID AVE Binghamton NY US
6352610246,2017-11-02 16:26,https://binghamton.craigslist.org/apa/d/great-vestal-location-rano/6352610246.html,Great Vestal Location ( Rano Blvd),695,,2,0,1,42.092713,-76.002946,0,
6344277075,2017-11-02 16:25,https://binghamton.craigslist.org/apa/d/great-downtown-location-for/6344277075.html,GREAT DOWNTOWN LOCATION FOR STUDENTS FOR 18-19!,1200,BINGHAMTON,2,0,1,42.115100,-75.930900,22,136 FRONT ST BOMGHAMTON NY US
6349504811,2017-11-02 16:25,https://binghamton.craigslist.org/apa/d/great-vestal-location-rano/6349504811.html,Great Vestal Location ( Rano Blvd),695,,2,0,1,42.092713,-76.002946,0,
6371188601,2017-11-02 16:25,https://binghamton.craigslist.org/apa/d/8-br-student-house-sweet/6371188601.html,"8 BR STUDENT HOUSE, SWEET HOUSE, GREAT BLOCK 2018-19",450,MURRAY,8,0,2,,,,
6367513749,2017-11-02 16:24,https://binghamton.craigslist.org/apa/d/5-bed-2-bath-house/6367513749.html,5 BED 2 BATH HOUSE STUDENTS 2018-2019 NEWLY RENOVATED,475,124 Chapin St,5,2400,2,42.097824,-75.922480,5,Chapin at Main St binghamton NY US
6353647731,2017-11-02 16:24,https://binghamton.craigslist.org/apa/d/amazing-single-family-forwhy/6353647731.html,Amazing Single Family for 2018-19 | Why pay campus rates??,500,Binghamton,6,0,0,42.095734,-75.926715,15,Chestnut Street at Leroy Street Binghamton NY US
6371185507,2017-11-02 16:23,https://binghamton.craigslist.org/apa/d/6-br-student-sweet-house-for/6371185507.html,"6 BR STUDENT SWEET HOUSE FOR 5 OR  6,NEW LR FURN, CLOSE TO DT, 2018-19",400,OAK,6,0,2,,,,
6367497937,2017-11-02 16:22,https://binghamton.craigslist.org/apa/d/3-bed-studentswalk-to-bars/6367497937.html,3 BED STUDENTS 2018-2019 WALK TO BARS,450,89 Murray St,3,1400,1,42.097207,-75.921916,15,Murray at seminary binghamton NY US
6367494226,2017-11-02 16:22,https://binghamton.craigslist.org/apa/d/3-bed-huge-apartment-must-see/6367494226.html,3 BED HUGE APARTMENT MUST SEE NICE NEIGHBORHOOD,425,2 Bellevue Ave,3,1500,1,42.105594,-75.936685,5,Bellevue Ave at Main St binghamton NY US
6367490392,2017-11-02 16:21,https://binghamton.craigslist.org/apa/d/14-40-bed-students-frat/6367490392.html,14-40 BED STUDENTS FRAT/SORORITY/SPORTS/LARGE GROUP *FREE UBERs*+PARTY,475,103-105 CHESTNUT ST,8,15000,8,42.100197,-75.927243,5,Chestnut St at Main St binghamton NY US
6367490681,2017-11-02 16:21,https://binghamton.craigslist.org/apa/d/4-bed-2-bath-students-5min/6367490681.html,4 BED 2 BATH STUDENTS *5min* walk to bars HUGE BEDROOMS,425,172 Chapin St,4,2000,2,42.101693,-75.920892,5,Chapin at north binghamton NY US
6367517246,2017-11-02 16:20,https://binghamton.craigslist.org/apa/d/4-bed-forstudents-newly/6367517246.html,4 BED FOR 2018-2019 STUDENTS NEWLY RENOVATED,450,136 Chapin St,4,1600,1,42.098509,-75.922265,5,Chapin at Main binghamton NY US
6371180161,2017-11-02 16:19,https://binghamton.craigslist.org/apa/d/wonderful-1-br-apartment-huge/6371180161.html,WONDERFUL 1 Br Apartment + Huge Detached Garage + Storage Room!,650,"6 Genesee ave, Binghamton, NY 13903",1,600,1,42.090048,-75.908307,10,6 genesee ave binghamton NY US
6367490271,2017-11-02 16:17,https://binghamton.craigslist.org/apa/d/3-bed-apartment-studentsbrand/6367490271.html,3 BED APARTMENT STUDENTS 2018-2019 *BRAND NEW*,450,80 Chapin St,3,1600,1,42.095590,-75.923690,15,Chapin at Leroy Binghamton NY US
6371175664,2017-11-02 16:16,https://binghamton.craigslist.org/apa/d/8910-students10-br-housenew/6371175664.html,"8,9,10 STUDENTS,10 BR HOUSE,NEW LR FURN, 2 KITCH,GREAT NEIGHBORS",400,WALNUT,0,0,2,,,,
6367501679,2017-11-02 16:15,https://binghamton.craigslist.org/apa/d/3-bedstudent-apartment-huge/6367501679.html,3 BED 2018-2019 STUDENT APARTMENT HUGE,425,140 Chapin St,3,1500,1,42.098748,-75.922115,5,Chapin at Main St binghamton NY US
6367523731,2017-11-02 16:15,https://binghamton.craigslist.org/apa/d/789-bed-student/6367523731.html,"7,8,9 BED STUDENT HOUSE 2018-2019 HUUUUUUUGE",425,172 Chapin St,8,4000,4,42.101852,-75.920999,5,Chapin at north binghamton NY US
6349454294,2017-11-02 16:14,https://binghamton.craigslist.org/apa/d/special/6349454294.html,- SPECIAL POSSIBILITY≋≋≋REFURBISHED 3 BED.ROOM ≋≋,500,bin=+=gham=+=ton,3,1200,2,42.105400,-75.887600,22,
6349454311,2017-11-02 16:14,https://binghamton.craigslist.org/apa/d/special/6349454311.html,- SPECIAL POSSIBILITY≋≋≋REFURBISHED 3 BED.ROOM ≋≋,500,bin=+=gham=+=ton,3,1200,2,42.105400,-75.887600,22,
6349454298,2017-11-02 16:14,https://binghamton.craigslist.org/apa/d/special/6349454298.html,- SPECIAL POSSIBILITY≋≋≋REFURBISHED 3 BED.ROOM ≋≋,500,bin=+=gham=+=ton,3,1200,2,42.105400,-75.887600,22,
6367505763,2017-11-02 16:14,https://binghamton.craigslist.org/apa/d/5-bed-2-bath-studentsnewly/6367505763.html,5 BED 2 BATH STUDENTS 2018-2019 NEWLY RENOVATED,425,103 CHESTNUT ST,5,1500,2,42.100244,-75.927243,5,Chestnut St at Main St binghamton NY US
6350236990,2017-11-02 16:12,https://binghamton.craigslist.org/apa/d/students-3-and-4-bed/6350236990.html,STUDENTS 3 and 4 BED APARTMENTS 5min WALK TO BARS,450,87 Oak St,3,1600,1,42.096944,-75.920547,15,oak st at seminary ave Binghamton NY US
6337871214,2017-11-02 16:12,https://binghamton.craigslist.org/apa/d/6-8-beds-students-350-bed/6337871214.html,6-8 BEDS STUDENTS $350/bed! 2018-2019,350,105 Chestnut st,8,3000,2,42.100117,-75.927050,5,Chestnut at Main Binghamton NY US
6350239341,2017-11-02 16:11,https://binghamton.craigslist.org/apa/d/13-16-bed-house-students/6350239341.html,13-16 BED HOUSE STUDENTS 2018-2019,450,87 Oak St,8,6000,4,42.096944,-75.920547,15,oak at seminary Binghamton NY US
6353960728,2017-11-02 16:11,https://binghamton.craigslist.org/apa/d/students-3-or-6-bed-huge/6353960728.html,STUDENTS: 3 or 6 bed huge really nice house for 2018-2019,425,2 Bellevue Ave,3,3000,1,42.105864,-75.936942,5,Bellevue Ave at Main St Binghamton NY US
6348962728,2017-11-02 16:05,https://binghamton.craigslist.org/apa/d/studentsbedroomsnewly/6348962728.html,"STUDENTS 3,4,5,6,7,8+ BEDROOMS 2018-2019 NEWLY RENOVATED",450,OAK MURRAY CHAPIN,7,3000,3,42.095492,-75.922492,15,Murray at Leroy Binghamton NY US
6371154468,2017-11-02 16:01,https://binghamton.craigslist.org/apa/d/student-townhousesgroups-of/6371154468.html,"STUDENT TOWNHOUSES,GROUPS OF 4,5,6 6BR//5BR//4BR, NEWER BLDG, 2018-19",350,OAK,4,0,2,,,,
