pid,dt,url,title,price,neighb,beds,sqft,baths,lat,lng,accuracy,address
6371184239,2017-11-02 16:54,https://bloomington.craigslist.org/apa/d/3-bed-2-bath-townhome-for/6371184239.html,"3 bed, 2 bath townhome for rent! 3438 Burks",950,3438 South Burks Court,3,1296,2,39.125359,-86.527009,10,3438 South Burks Court Bloomington IN US
6371199560,2017-11-02 16:45,https://bloomington.craigslist.org/apa/d/3-bed-2-bath-house-for-rent/6371199560.html,"3 bed, 2 bath house for rent! 2216 I Street - Bedford",850,2216 I Street,3,1080,2,38.853763,-86.482808,10,2216 I Street Bedford IN US
6371195887,2017-11-02 16:38,https://bloomington.craigslist.org/apa/d/4-bed-2-bath-townhouse-for/6371195887.html,"4 bed, 2 bath townhouse for rent! 3973 Cramer",1300,3973 South Cramer Circle,4,1650,2,39.122394,-86.546460,10,3973 South Cramer Circle Bloomington IN US
6344867025,2017-11-02 16:33,https://bloomington.craigslist.org/apa/d/now-leasing-spacious-one/6344867025.html,Now Leasing  Spacious One Bedrooms NEWLY UPGRADED--Ceramic Flooring,659,"Columbus, IN",1,576,1,,,,
6366760712,2017-11-02 16:33,https://bloomington.craigslist.org/apa/d/newly-renovated-one-bedroom/6366760712.html,Newly Renovated One Bedroom Single Story Apartment Home,659,"Columbus, IN",1,576,1,,,,
6343631924,2017-11-02 16:24,https://bloomington.craigslist.org/apa/d/2-bed-1-bath-apartment-for/6343631924.html,"2 bed, 1 bath apartment for rent! 345 #16",650,345 S. Curry Pike,2,675,1,39.163950,-86.582904,10,345 S. Curry Pike Bloomington IN US
6363337702,2017-11-02 16:24,https://bloomington.craigslist.org/apa/d/4-bed-3-bath-townhouse-for/6363337702.html,"4 Bed, 3 Bath Townhouse for Rent! 1475 Rockcrest",1300,1475 W. Rockcrest Dr,4,1635,3,39.126300,-86.576900,22,1475 W. Rockcrest Dr Bloomington IN US
6351391952,2017-11-02 16:24,https://bloomington.craigslist.org/apa/d/college-housingbed-2-bath/6351391952.html,COLLEGE HOUSING 2018-19! 4 Bed 2 Bath House! - 517 Lincoln,2650,517 S. Lincoln St,4,1949,2,39.160647,-86.531069,10,517 S. Lincoln St Bloomington IN US
6351494907,2017-11-02 16:24,https://bloomington.craigslist.org/apa/d/college-housing-forbed-1-bath/6351494907.html,"College Housing for 2018-2019 1 bed, 1 bath apartment! 339 B",825,339 S Lincoln St Apt B,1,490,1,39.230300,-86.469200,22,
6351474502,2017-11-02 16:24,https://bloomington.craigslist.org/apa/d/college-housing-forbed-2-bath/6351474502.html,"College Housing for 2018-2019! 3 bed, 2 bath House! 2206 E. 8th",1700,2206 E 8th St,3,1315,2,39.230300,-86.469200,22,
6343404967,2017-11-02 16:24,https://bloomington.craigslist.org/apa/d/3-bed-25-bath-townhouse-for/6343404967.html,"3 bed, 2.5 bath townhouse for rent! 1105 S. Fairview Unit F",975,1105 S. Fairview St.,3,1440,2.5,39.155811,-86.540995,10,1105 S. Fairview St. Bloomington IN US
6351465604,2017-11-02 16:24,https://bloomington.craigslist.org/apa/d/college-housing-forbed-25/6351465604.html,"College Housing for 2018-2019! 3 bed, 2.5 bath! 331 Varsity",1230,331 Varsity,3,1350,2,39.230300,-86.469200,22,
6343580776,2017-11-02 16:23,https://bloomington.craigslist.org/apa/d/802-vine-st-apt-01/6343580776.html,802 W VINE ST APT #01,625,"Ellettsville,Indiana",2,0,1,39.254500,-86.619600,22,
6351498831,2017-11-02 16:23,https://bloomington.craigslist.org/apa/d/college-housing-forbed-1-bath/6351498831.html,"College Housing for 2018-2019 1 bed, 1 bath apartment! 339 C",800,339 S Lincoln Apt C,1,490,1,39.230300,-86.469200,22,
6332739172,2017-11-02 16:22,https://bloomington.craigslist.org/apa/d/wow-what-location-best-3-br/6332739172.html,WOW!  What a location! Best 3 BR at IU!  Right behind Nick's!,2550,420 E 6th,3,1200,1,39.167319,-86.529050,5,420 E 6th St at Dunn Bloomington IN US
6371135239,2017-11-02 16:01,https://bloomington.craigslist.org/apa/d/ultra-large-4br-3bath-great/6371135239.html,***ULTRA LARGE 4BR/3BATH/GREAT LOCATION/GREAT PRICE**,1250,BLOOMINGTON,4,3000,3,39.157752,-86.548297,22,801 west pointe Ct BLOOMINGTON IN US
