pid,dt,url,title,price,neighb,beds,sqft,baths,lat,lng,accuracy,address
6371279594,2017-11-02 16:30,https://bn.craigslist.org/apa/d/beautiful-3-br-25-bath-home/6371279594.html,"Beautiful 3 BR, 2.5 Bath home with finished basement, Washer/Dryer inc",1250,1229 Beacon Hill,3,2340,2.5,40.521205,-88.967414,5,1229 beacon hill court Normal IL US
6348443579,2017-11-02 16:16,https://bn.craigslist.org/apa/d/special-30-off-monthly-close/6348443579.html,Special $30 OFF MONTHLY!! Close to everything! 2x1 @ Lakewood Terrace,620,1311 N. Hershey Road,2,0,1,40.470500,-88.943300,0,
6348445367,2017-11-02 16:16,https://bn.craigslist.org/apa/d/30-off-monthly-close-to/6348445367.html,$30 OFF MONTHLY!! Close to everything! 2x1 Lakewood Terrace,620,1311 N. Hershey Road,2,0,1,40.470500,-88.943300,0,
6333801949,2017-11-02 16:16,https://bn.craigslist.org/apa/d/special-30-off-2bedroom-1/6333801949.html,SPECIAL $30 OFF 2bedroom 1 bath Apartment  @Presidents Place,570,824 E. Washington St,2,0,1,40.479807,-88.982447,22,
6332429472,2017-11-02 16:16,https://bn.craigslist.org/apa/d/special-stop-in-today-and/6332429472.html,SPECIAL!! STOP IN TODAY AND CHECK US OUT!! 2x1@Highland Hills,695,1706 Springfield Rd.,2,0,1,40.478300,-88.989300,0,
6332431432,2017-11-02 16:16,https://bn.craigslist.org/apa/d/special-30-off-monthly-close/6332431432.html,Special $30 OFF MONTHLY!! Close to everything! 2x1 @ Lakewood Terrace,595,1301 N. Hershey Road,2,0,1,40.470500,-88.943300,0,
6332427639,2017-11-02 16:16,https://bn.craigslist.org/apa/d/quiet-neighborhood-come-check/6332427639.html,Quiet Neighborhood. Come check us out! -1 bed 1 bath at Goose Creek!,675,2 Goose Creek Drive,1,0,1,40.460338,-89.006043,0,
6339440760,2017-11-02 16:16,https://bn.craigslist.org/apa/d/special-30-off-monthly-close/6339440760.html,Special $30 OFF MONTHLY!! Close to everything! 2x1 @ Lakewood Terrace,595,1305 N. Hershey Road,2,0,1,40.470500,-88.943300,0,
6339387671,2017-11-02 16:16,https://bn.craigslist.org/apa/d/check-us-out-quiet-community/6339387671.html,Check us out!! Quiet Community! 2x1 Apartment @Fairmont,645,717 Fairmont Dr.,2,0,1,40.470500,-88.943300,0,
6357721407,2017-11-02 16:16,https://bn.craigslist.org/apa/d/quiet-neighborhood-come-check/6357721407.html,Quiet Neighborhood. Come check us out! -2 bed 2 bath at Goose Creek!,840,2 Goose Creek Drive,2,0,2,40.460338,-89.006043,0,
6371252244,2017-11-02 16:10,https://bn.craigslist.org/apa/d/come-check-us-out-2-bed-1/6371252244.html,Come check us out! -2 bed 1 bath at Goose Creek!,775,2 Goose Creek Drive,2,0,2,40.460338,-89.006043,0,
6371250863,2017-11-02 16:09,https://bn.craigslist.org/apa/d/quiet-neighborhood-come-check/6371250863.html,Quiet Neighborhood. Come check us out! -2 bed 2 bath at Goose Creek!,870,2 Goose Creek Drive,2,0,2,40.460338,-89.006043,0,
6371249935,2017-11-02 16:08,https://bn.craigslist.org/apa/d/quiet-neighborhood-come-check/6371249935.html,Quiet Neighborhood. Come check us out! -2 bed 2 bath at Goose Creek!,840,2 Goose Creek Drive,2,0,2,40.460338,-89.006043,0,
6371248677,2017-11-02 16:07,https://bn.craigslist.org/apa/d/close-to-beautiful-park-2/6371248677.html,Close to beautiful park! 2 bedroom 1 bath@Holiday Park,660,1412 E. Croxton Ave.,2,0,1,40.470500,-88.943300,0,
6371247505,2017-11-02 16:06,https://bn.craigslist.org/apa/d/special-30-off-monthly-close/6371247505.html,Special $30 OFF MONTHLY!! Close to everything! 1x1 @ Lakewood Terrace,575,1307.5 N. Hershey Road,1,0,1,40.470500,-88.943300,0,
6371244428,2017-11-02 16:04,https://bn.craigslist.org/apa/d/special-welcome-home-2x1/6371244428.html,SPECIAL!! Welcome Home! 2x1 @ Arcadia Apartments,600,802 Arcadia Dr,2,0,1,40.471479,-88.950144,0,
