pid,dt,url,title,price,neighb,beds,sqft,baths,lat,lng,accuracy,address
6371390628,2017-11-02 17:00,https://boise.craigslist.org/apa/d/remodeled-2-bedroom-2-bath/6371390628.html,REMODELED 2 BEDROOM 2 BATH JUST FOR YOU!!!,1400,"173 E. Mallard Dr. Boise, ID",2,1023,2,43.596549,-116.177877,15,E. Mallard Dr. at Parkcenter Blvd. Boise ID US
6371371919,2017-11-02 16:55,https://boise.craigslist.org/apa/d/duplex-for-rent/6371371919.html,DUPLEX FOR RENT!,925,"209 S Dewey Ave - A, Middleton, ID",3,1200,2,43.704527,-116.619578,10,209 S Dewey Ave Middleton ID US
6371382140,2017-11-02 16:53,https://boise.craigslist.org/apa/d/fall-is-beautiful-at-sugar/6371382140.html,Fall is beautiful at Sugar Pine!,895,,2,800,1.5,43.585100,-116.219100,22,
6363586510,2017-11-02 16:51,https://boise.craigslist.org/apa/d/unbeatable-move-in-special/6363586510.html,~Unbeatable Move in Special~,950,3002 Ohio Ave,2,1200,2,43.548382,-116.537288,20,3002 Ohio Ave Nampa ID US
6371379411,2017-11-02 16:50,https://boise.craigslist.org/apa/d/brand-new-never-lived-in/6371379411.html,BRAND NEW NEVER LIVED IN,1825,6705 Thornton St.,4,2378,3,43.593700,-116.536000,22,6705 Thornton St. Nampa ID US
6354283149,2017-11-02 16:50,https://boise.craigslist.org/apa/d/sw-boise-3-bed-2-bath/6354283149.html,SW BOISE 3 Bed 2 Bath,1250,"5490 S Moonfire Boise, ID",3,1413,2,43.553276,-116.322727,5,5490 S Moonfire Boise ID US
6371378156,2017-11-02 16:49,https://boise.craigslist.org/apa/d/2-bedroom-2-bath-se-boise/6371378156.html,2 BEDROOM 2 BATH SE BOISE CLOSE TO DOWNTOWN!!!,1250,"173 E. Mallard Dr. Boise, ID",2,1023,2,43.596549,-116.177877,15,E. Mallard Dr. at Parkcenter Blvd. Boise ID US
6371376410,2017-11-02 16:48,https://boise.craigslist.org/apa/d/three-bedroom-two-bathroom/6371376410.html,"Three-Bedroom, Two-Bathroom Apt. w/ Pool, Gym, & Sports Court Access",1059,Boise,3,1118,2,43.653657,-116.252567,10,5122 W. Stoker Ln Boise ID US
6371375674,2017-11-02 16:47,https://boise.craigslist.org/apa/d/riverbend-court-apartments/6371375674.html,RIVERBEND COURT APARTMENTS,100,FRUITLAND,2,750,1,44.026175,-116.928949,10,18 Circle Dr. Fruitland ID US
6371368980,2017-11-02 16:42,https://boise.craigslist.org/apa/d/house-for-rent-dec-1/6371368980.html,House for rent - Dec 1,1100,North Boise,2,825,1,,,,
6371368347,2017-11-02 16:41,https://boise.craigslist.org/apa/d/1-bed-1-bath-cozy-corner/6371368347.html,1 bed 1 bath! Cozy corner apartment!,830,West Boise,1,560,1,43.661340,-116.346499,10,6240 N Park Meadow Way Boise ID US
6343478472,2017-11-02 16:38,https://boise.craigslist.org/apa/d/remodeled-home-for-rent-in/6343478472.html,Remodeled home for rent in Nampa!,1150,46 S. Canyon,3,1608,2,43.583400,-116.584800,22,46 S. Canyon Nampa ID US
6366346964,2017-11-02 16:38,https://boise.craigslist.org/apa/d/house-for-rent-3508-rosegreen/6366346964.html,House for Rent    3508 ROSEGREEN AVE,995,NAMPA,3,1143,2,,,,
6371360937,2017-11-02 16:35,https://boise.craigslist.org/apa/d/move-in-special-1-bedroom-for/6371360937.html,MOVE IN SPECIAL!!!  1 BEDROOM FOR UNDER $900!,899,"173 E. Mallard Dr. Boise, ID",1,622,1,43.596549,-116.177877,15,E. Mallard Dr. at Parkcenter Blvd. BOISE ID US
6371358983,2017-11-02 16:33,https://boise.craigslist.org/apa/d/cozy-2-bedroom-home-large-yard/6371358983.html,Cozy 2-Bedroom Home w/Large Yard!,875,Nampa,2,750,1,43.583220,-116.579897,5,229 Smith Avenue Nampa ID US
6371354150,2017-11-02 16:29,https://boise.craigslist.org/apa/d/full-lake-and-foothill-view/6371354150.html,"FULL lake and foothill view, wood grain flooring, stainless appliances",1157,Boise,1,660,1,43.650733,-116.257261,10,3504 N Whistler Ln Boise ID US
6360534777,2017-11-02 16:28,https://boise.craigslist.org/apa/d/nice-home-in-meridian/6360534777.html,Nice Home in Meridian,1300,Meridian,3,1500,2.5,43.649800,-116.430600,22,463 blue heron street Meridian ID US
6357630319,2017-11-02 16:28,https://boise.craigslist.org/apa/d/beautiful-home-in-meridian/6357630319.html,Beautiful Home in Meridian,1400,Meridian,4,1152,1,43.649800,-116.430600,22,1338 Chateau drive Meridian ID US
6371353319,2017-11-02 16:28,https://boise.craigslist.org/apa/d/corner-2-bed-2-bath-with/6371353319.html,Corner 2 bed 2 bath with ATTACHED GARAGE and MT View!!,1295,1495 South Tech Lane,2,1168,2,43.591084,-116.408386,5,1495 South Tech Lane Meridian ID US
6371352283,2017-11-02 16:27,https://boise.craigslist.org/apa/d/large-brick-home-on-large-lot/6371352283.html,Large Brick Home on large lot (available by Thanksgiving),1500,Emmett,5,2866,2.5,43.875653,-116.484935,10,1219 East Main St Emmett ID US
6368635522,2017-11-02 16:23,https://boise.craigslist.org/apa/d/grand-4-bed-25-bath-formal/6368635522.html,"Grand 4 bed, 2.5 bath w/ Formal Dining, Den/Office, Bonus Room, & Beau",1695,meridian,4,2100,2.5,,,,
6364736088,2017-11-02 16:21,https://boise.craigslist.org/apa/d/great-2-bed-1-bath-apartment/6364736088.html,Great 2 Bed/ 1 Bath Apartment!!!,795,Nampa,2,866,1,,,,
6364703539,2017-11-02 16:21,https://boise.craigslist.org/apa/d/2x1-end-unit-downstairs/6364703539.html,"2x1, End Unit, Downstairs, Fenced Patio, Desirable Nampa Location, Ext",795,Nampa,2,866,1,,,,
6364690735,2017-11-02 16:21,https://boise.craigslist.org/apa/d/charming-3-bed-2-bath-in/6364690735.html,Charming 3 Bed/ 2 Bath in Meridian! Great location!,1300,meridian,3,1254,2,,,,
6364645535,2017-11-02 16:21,https://boise.craigslist.org/apa/d/open-3-bed-2-bath-breakfast/6364645535.html,"Open 3 Bed, 2 Bath w/ Breakfast Bar, Split Floorplan, & Patio!",975,Nampa,3,1147,2,,,,
6364649875,2017-11-02 16:20,https://boise.craigslist.org/apa/d/spacious-4-bed-25-bath-3-car/6364649875.html,"Spacious 4 Bed 2.5 Bath, 3 Car Garage, and Storage Shed! Bonus Room! O",1200,Caldwell,4,1800,2.5,,,,
6364639870,2017-11-02 16:20,https://boise.craigslist.org/apa/d/charming-2-bed-1-bath-duplex/6364639870.html,Charming 2 Bed/1 Bath Duplex at a Great Price in Nampa!,695,nampa,2,700,1,,,,
6364629474,2017-11-02 16:20,https://boise.craigslist.org/apa/d/2-bed-2-bath-duplex-w-gas/6364629474.html,"2 Bed/ 2 Bath Duplex w/W/D, Gas Fireplace, & Split Bed Floor Plan!",895,Caldwell,2,1000,2,,,,
6364592357,2017-11-02 16:20,https://boise.craigslist.org/apa/d/cute-3-bed-2-bath-home-in/6364592357.html,"Cute 3 Bed 2 Bath Home in Boise with Storage, 2 Car Garage and Large D",1125,Boise,0,1410,,,,,
6364584425,2017-11-02 16:20,https://boise.craigslist.org/apa/d/charming-2-bed-1-bath-in/6364584425.html,Charming 2 Bed/ 1 Bath in Boise! Lease Today!,975,Bosie,2,831,1,,,,
6364558984,2017-11-02 16:20,https://boise.craigslist.org/apa/d/corner-lot-3bd-2ba-home-in/6364558984.html,"Corner Lot 3Bd, 2Ba Home in the Blackhawk Subdivision! Bonus Rm, Fully",1245,Nampa,3,1367,2,,,,
6364543185,2017-11-02 16:20,https://boise.craigslist.org/apa/d/lovely-3-bed-2-bath-in/6364543185.html,Lovely 3 Bed/ 2 Bath in Caldwell w/Open Floorplan! Must See!!!,1250,Caldwell,3,1102,2,,,,
6364535203,2017-11-02 16:20,https://boise.craigslist.org/apa/d/grand-4-bed-25-bath-formal/6364535203.html,"Grand 4 bed, 2.5 bath w/ Formal Dining, Den/Office, Bonus Room, & Beau",1695,Meridian,4,2100,2.5,,,,
6364490441,2017-11-02 16:20,https://boise.craigslist.org/apa/d/this-gorgeous-3-bed-3-bath-is/6364490441.html,This Gorgeous 3 Bed/ 3 Bath is a MUST SEE!,1495,Boise,3,1667,3,,,,
6364471573,2017-11-02 16:20,https://boise.craigslist.org/apa/d/upscale-3-bed-25-bath/6364471573.html,"Upscale 3 bed/2.5 bath Townhome - Granite, W/D, Hardwood!",1395,Boise,3,1390,2,,,,
6364453713,2017-11-02 16:19,https://boise.craigslist.org/apa/d/beautiful-2-bed-2-bath-near/6364453713.html,"Beautiful 2 Bed/ 2 Bath Near BSU, shopping and more!",950,Boise,2,1037,2,,,,
6371342203,2017-11-02 16:19,https://boise.craigslist.org/apa/d/affinity-at-boise-the-55/6371342203.html,Affinity at Boise. The 55+ Active Adult Lifestyle Apartment Community*,,West Boise,2,762,1,43.637187,-116.343080,15,13626 W Baldcypress Street Boise ID US
6362243114,2017-11-02 16:15,https://boise.craigslist.org/apa/d/fall-in-love-with-this/6362243114.html,Fall in love with this gorgeous 4 Bed/ 2 Bath with bonus in Boise!,1550,Boise,4,1416,2,,,,
6362249436,2017-11-02 16:14,https://boise.craigslist.org/apa/d/gorgeous-4-bed-2-bath-in-kuna/6362249436.html,Gorgeous 4 Bed/ 2 Bath in Kuna! Must see!,1595,Kuna,4,1849,2,,,,
6362218316,2017-11-02 16:14,https://boise.craigslist.org/apa/d/charming-and-modern-3-bed-2/6362218316.html,Charming and Modern 3 Bed/ 2 Bath with bonus in Boise! Must See!!!,1450,Boise,3,1699,2,,,,
6362230769,2017-11-02 16:14,https://boise.craigslist.org/apa/d/gorgeous-modern-3-bed-2-bath/6362230769.html,Gorgeous Modern 3 Bed/ 2 Bath with Bonus in Kuna! LEASE TODAY!,1495,Kuna,3,1699,2,,,,
6362210813,2017-11-02 16:14,https://boise.craigslist.org/apa/d/great-2-bed-1-bath-apartment/6362210813.html,Great 2 Bed/ 1 Bath Apartment!!!,715,Nampa,2,866,1,,,,
6371326896,2017-11-02 16:14,https://boise.craigslist.org/apa/d/move-in-read-1-bed-1-bath/6371326896.html,"Move in read! 1 bed 1 bath, vaulted ceilings!",1,Boise,1,750,1,43.613746,-116.294135,10,930 N. Maple Grove Rd. Boise ID US
6362198747,2017-11-02 16:14,https://boise.craigslist.org/apa/d/2x1-end-unit-downstairs/6362198747.html,"2x1, End Unit, Downstairs, Fenced Patio, Desirable Nampa Location, Ext",715,Nampa,2,866,1,,,,
6362142795,2017-11-02 16:13,https://boise.craigslist.org/apa/d/fall-in-love-with-this-4-bed/6362142795.html,Fall in love with this 4 Bed/ 2 Bath House in Boise! It will go fast!!,1550,Boise,4,1845,2,,,,
6362086369,2017-11-02 16:13,https://boise.craigslist.org/apa/d/spacious-4-bed-25-bath-3-car/6362086369.html,"Spacious 4 Bed 2.5 Bath, 3 Car Garage, and Storage Shed! Bonus Room! O",1200,Caldwell,4,1800,2.5,,,,
6362068262,2017-11-02 16:13,https://boise.craigslist.org/apa/d/open-3-bed-2-bath-breakfast/6362068262.html,"Open 3 Bed, 2 Bath w/ Breakfast Bar, Split Floorplan, & Patio!",975,Nampa,3,1147,2,,,,
6362049595,2017-11-02 16:13,https://boise.craigslist.org/apa/d/charming-2-bed-1-bath-duplex/6362049595.html,Charming 2 Bed/1 Bath Duplex at a Great Price in Nampa!,695,Nampa,2,700,1,,,,
6362028040,2017-11-02 16:13,https://boise.craigslist.org/apa/d/2-bed-2-bath-duplex-w-gas/6362028040.html,"2 Bed/ 2 Bath Duplex w/W/D, Gas Fireplace, & Split Bed Floor Plan!",895,Caldwell,2,1000,2,,,,
6361897745,2017-11-02 16:13,https://boise.craigslist.org/apa/d/charming-2-bed-1-bath-in/6361897745.html,Charming 2 Bed/ 1 Bath in Boise! Lease Today!,975,Boise,2,831,1,,,,
6361904083,2017-11-02 16:13,https://boise.craigslist.org/apa/d/cute-3-bed-2-bath-home-in/6361904083.html,"Cute 3 Bed 2 Bath Home in Boise with Storage, 2 Car Garage and Large D",1125,Boise,3,1410,2,,,,
6361876207,2017-11-02 16:13,https://boise.craigslist.org/apa/d/corner-lot-3bd-2ba-home-in/6361876207.html,"Corner Lot 3Bd, 2Ba Home in the Blackhawk Subdivision! Bonus Rm, Fully",1245,Nampa,3,1367,2,,,,
6361798435,2017-11-02 16:12,https://boise.craigslist.org/apa/d/this-gorgeous-3-bed-3-bath-is/6361798435.html,This Gorgeous 3 Bed/ 3 Bath is a MUST SEE!,1495,Boise,3,1667,3,,,,
6361773950,2017-11-02 16:12,https://boise.craigslist.org/apa/d/perfect-open-floorplan-3-bed/6361773950.html,Perfect Open Floorplan 3 Bed/ 2 Bath,1395,Meridian,3,1646,2,,,,
6361784339,2017-11-02 16:12,https://boise.craigslist.org/apa/d/upscale-3-bed-25-bath/6361784339.html,"Upscale 3 bed/2.5 bath Townhome - Granite, W/D, Hardwood!",1395,Boise,3,1390,2.5,,,,
6361733986,2017-11-02 16:12,https://boise.craigslist.org/apa/d/beautiful-2-bed-2-bath-near/6361733986.html,Beautiful 2 Bed/ 2 Bath Near BSU,950,Boise,2,1037,2,,,,
6368243998,2017-11-02 16:12,https://boise.craigslist.org/apa/d/fall-in-love-with-this-4-bed/6368243998.html,Fall in love with this 4 Bed/ 2 Bath House in Boise! It will go fast!!,1550,Boise,4,1845,2,,,,
6368251104,2017-11-02 16:12,https://boise.craigslist.org/apa/d/charming-and-modern-3-bed-2/6368251104.html,Charming and Modern 3 Bed/ 2 Bath with bonus in Boise! Must See!!!,1450,Boise,3,1699,2,,,,
6368268772,2017-11-02 16:12,https://boise.craigslist.org/apa/d/gorgeous-modern-3-bed-2-bath/6368268772.html,Gorgeous Modern 3 Bed/ 2 Bath with Bonus in Kuna! LEASE TODAY!,1495,Kuna,3,1699,2,,,,
6368272783,2017-11-02 16:12,https://boise.craigslist.org/apa/d/fall-in-love-with-this/6368272783.html,Fall in love with this gorgeous 4 Bed/ 2 Bath with bonus in Boise!,1550,Boise,4,1416,2,,,,
6368277614,2017-11-02 16:12,https://boise.craigslist.org/apa/d/gorgeous-4-bed-2-bath-in-kuna/6368277614.html,Gorgeous 4 Bed/ 2 Bath in Kuna! Must see!,1595,Kuna,4,1849,2,,,,
6368287914,2017-11-02 16:12,https://boise.craigslist.org/apa/d/lovely-3-bed-2-bath-in/6368287914.html,Lovely 3 Bed/ 2 Bath in Caldwell w/Open Floorplan! Must See!!!,1250,Caldwell,3,1102,2,,,,
6368314793,2017-11-02 16:12,https://boise.craigslist.org/apa/d/corner-lot-3bd-2ba-home-in/6368314793.html,"Corner Lot 3Bd, 2Ba Home in the Blackhawk Subdivision! Bonus Rm, Fully",1245,,3,1367,2,,,,
6368334657,2017-11-02 16:12,https://boise.craigslist.org/apa/d/2-bed-2-bath-floor-plan/6368334657.html,"2 Bed/2 Bath, Floor-Plan B Apartment with Full Size Washer/Dryer, Carp",895,Nampa,2,1000,2,,,,
6368361260,2017-11-02 16:12,https://boise.craigslist.org/apa/d/cute-3-bed-2-bath-home-in/6368361260.html,"Cute 3 Bed 2 Bath Home in Boise with Storage, 2 Car Garage and Large D",1125,Boise,3,1410,2,,,,
6368355692,2017-11-02 16:11,https://boise.craigslist.org/apa/d/charming-2-bed-1-bath-in/6368355692.html,Charming 2 Bed/ 1 Bath in Boise! Lease Today!,975,Boise,2,831,1,,,,
6368330174,2017-11-02 16:11,https://boise.craigslist.org/apa/d/2-bedroom-2-bath-great/6368330174.html,2 bedroom 2 bath! Great location! Half off first month!,895,Nampa,2,1000,2,,,,
6368493215,2017-11-02 16:11,https://boise.craigslist.org/apa/d/2-bed-2-bath-duplex-w-gas/6368493215.html,"2 Bed/ 2 Bath Duplex w/W/D, Gas Fireplace, & Split Bed Floor Plan!",895,Caldwell,2,1000,2,,,,
6368500710,2017-11-02 16:11,https://boise.craigslist.org/apa/d/charming-2-bed-1-bath-duplex/6368500710.html,Charming 2 Bed/1 Bath Duplex at a Great Price in Nampa!,695,Nampa,2,700,1,,,,
6368508057,2017-11-02 16:11,https://boise.craigslist.org/apa/d/open-3-bed-2-bath-breakfast/6368508057.html,"Open 3 Bed, 2 Bath w/ Breakfast Bar, Split Floorplan, & Patio!",975,Nampa,3,1147,2,,,,
6368541861,2017-11-02 16:11,https://boise.craigslist.org/apa/d/spacious-4-bed-25-bath-3-car/6368541861.html,"Spacious 4 Bed 2.5 Bath, 3 Car Garage, and Storage Shed! Bonus Room! O",1200,Caldwell,4,1800,2.5,,,,
6368563054,2017-11-02 16:11,https://boise.craigslist.org/apa/d/charming-3-bed-2-bath-in/6368563054.html,Charming 3 Bed/ 2 Bath in Meridian! Great location!,1300,Meridian,3,1254,2,,,,
6368576365,2017-11-02 16:11,https://boise.craigslist.org/apa/d/2x1-end-unit-downstairs/6368576365.html,"2x1, End Unit, Downstairs, Fenced Patio, Desirable Nampa Location, Ext",715,Nampa,2,866,1,,,,
6368595541,2017-11-02 16:11,https://boise.craigslist.org/apa/d/great-2-bed-1-bath-at-great/6368595541.html,Great 2 Bed/ 1 Bath at a Great Price in Nampa. Lease Today!!!,715,Nampa,2,866,1,,,,
6368589731,2017-11-02 16:11,https://boise.craigslist.org/apa/d/great-2-bed-1-bath-apartment/6368589731.html,Great 2 Bed/ 1 Bath Apartment!!!,715,nampa,2,866,1,,,,
6368598296,2017-11-02 16:11,https://boise.craigslist.org/apa/d/nice-2-bed-1-bath-in-great/6368598296.html,Nice 2 Bed/ 1 Bath in Great Nampa Location! Must see!,715,Nampa,2,866,1,,,,
6368614838,2017-11-02 16:10,https://boise.craigslist.org/apa/d/adorable-2-bed-15-bath/6368614838.html,"Adorable 2 bed, 1.5 bath, Private Yard, W/D, WST!",695,Nampa,2,893,1.5,,,,
6368618205,2017-11-02 16:10,https://boise.craigslist.org/apa/d/upscale-3-bed-25-bath/6368618205.html,"Upscale 3 bed/2.5 bath Townhome - Granite, W/D, Hardwood!",1395,Boise,3,1390,2.5,,,,
6368627469,2017-11-02 16:10,https://boise.craigslist.org/apa/d/this-gorgeous-3-bed-3-bath-is/6368627469.html,This Gorgeous 3 Bed/ 3 Bath is a MUST SEE!,1465,Boise,3,1667,3,,,,
6371327987,2017-11-02 16:08,https://boise.craigslist.org/apa/d/open-house-friday-2-bedroom/6371327987.html,"OPEN HOUSE FRIDAY: 2 Bedroom, 1.5 Bath Townhome",750,Nampa,2,900,1.5,43.583702,-116.592793,5,155 N Midland Blvd Nampa ID US
6345965536,2017-11-02 16:06,https://boise.craigslist.org/apa/d/emmett-nice-schools-4-bed-2/6345965536.html,Emmett Nice schools 4 bed 2 bath,725,Boise or Garden Vall,5,1533,2.5,44.088700,-116.065800,22,
6365156901,2017-11-02 16:05,https://boise.craigslist.org/apa/d/405-ofarrell-pets-ok-walk/6365156901.html,"405 W OFARRELL, PETS OK, WALK DOWNTOWN, VA, FED BLDG, GREAT SCHOOLS,",1400,NORTH END,2,1000,1,43.624851,-116.191946,10,405 W OFARRELL BOISE ID US
6371315957,2017-11-02 16:05,https://boise.craigslist.org/apa/d/1200-or-900-post-is-fraud-see/6371315957.html,$1200 or $900 Post is FRAUD see $1400 for REAL post DO NOT SENT MONEY,1200,405 W FARRELL BOISE,2,1000,1,,,,
6366456716,2017-11-02 16:05,https://boise.craigslist.org/apa/d/405-ofarrell-pets-ok-walk/6366456716.html,"405 W OFARRELL, PETS OK, WALK DOWNTOWN, VA, FED BLDG, GREAT SCHOOLS,",1400,NORTH END,2,1000,1,43.624851,-116.191946,10,405 W OFARRELL BOISE ID US
6371313116,2017-11-02 16:04,https://boise.craigslist.org/apa/d/modern-interiors-with/6371313116.html,"Modern interiors with contemporary finishes, 24-hour fitness center",1116,Boise,2,911,1,43.614191,-116.294135,10,985 N. Maple Grove Rd Boise ID US
6365154248,2017-11-02 16:04,https://boise.craigslist.org/apa/d/405-ofarrell-pets-ok-walk/6365154248.html,"405 W OFARRELL, PETS OK, WALK DOWNTOWN, VA, FED BLDG, GREAT SCHOOLS,",1400,NORTH END,2,1000,1,43.624851,-116.191946,10,405 W OFARRELL BOISE ID US
6366460595,2017-11-02 16:04,https://boise.craigslist.org/apa/d/pets-ok-garage-walk-downtown/6366460595.html,"PETS OK,  GARAGE, WALK DOWNTOWN, VA, FED BLDG, GREAT SCHOOLS,",1400,NORTH END,2,1000,1,43.624851,-116.191946,10,405 W OFARRELL BOISE ID US
6371321848,2017-11-02 16:03,https://boise.craigslist.org/apa/d/2-bedroom-duplex-in-caldwell/6371321848.html,2 Bedroom Duplex in Caldwell,750,210 S Homedale Ave,2,862,1,43.669144,-116.670750,10,210 S Homedale Ave Caldwell ID US
