pid,dt,url,title,price,neighb,beds,sqft,baths,lat,lng,accuracy,address
6371387080,2017-11-02 16:57,https://boulder.craigslist.org/apa/d/boulder-living-at-the-hub/6371387080.html,Boulder Living at The HUB,1600,1853 26th Street,1,614,1,,,,
6371385615,2017-11-02 16:56,https://boulder.craigslist.org/apa/d/large-2-bedroom-on-the-hill/6371385615.html,"Large 2 Bedroom, On The Hill, Fall Pre-Leasing 2018",1995,1055 9th Street Unit C,1,0,1,40.006777,-105.282047,5,9th Street at College Avenue Boulder CO US
6343895425,2017-11-02 16:55,https://boulder.craigslist.org/apa/d/for-fall-2018-on-the-hill/6343895425.html,For Fall 2018 - On the Hill - House With Room For 3 or 4,2700,1130 1/2 12th Street,2,0,1.5,40.007845,-105.277112,5,1130 12th Street at Pennsylvania Boulder CO US
6335900308,2017-11-02 16:52,https://boulder.craigslist.org/apa/d/bright-2-bedroom-townhome-in/6335900308.html,Bright 2 Bedroom Townhome in Saddlebrook,1725,"Superior, CO",2,1224,2,39.939475,-105.141753,20,Concord Ln Superior CO US
6371379433,2017-11-02 16:50,https://boulder.craigslist.org/apa/d/secluded-chautauqua/6371379433.html,Secluded Chautauqua Neighborhood! 4bd/2.5 bath! (1300 BB),3995,Boulder,4,0,2.5,39.997185,-105.275698,10,1300 Bluebell Boulder CO US
6339474653,2017-11-02 16:50,https://boulder.craigslist.org/apa/d/500-signing-bonus-you-will/6339474653.html,$500 Signing Bonus!! You will NOT believe this location off Pearl!,2595,934 Spruce St,4,1442,2,40.018201,-105.283690,10,934 Spruce Boulder CO US
6339475067,2017-11-02 16:50,https://boulder.craigslist.org/apa/d/spacious-downtown-3-bedroom/6339475067.html,Spacious Downtown 3 Bedroom Boulder Duplex! Garage Available!,1695,,3,1010,1,40.025520,-105.287389,10,732 Alpine Ave. Boulder CO US
6339468857,2017-11-02 16:50,https://boulder.craigslist.org/apa/d/stunning-new-home-available/6339468857.html,Stunning New Home Available! Lafayette - Nov. 1st! 491 Murphy Creek,2200,491 Murphy Creek Dr,4,1334,4,39.998000,-105.096300,22,491 Murphy Creek Dr Lafayette CO US
6371374644,2017-11-02 16:46,https://boulder.craigslist.org/apa/d/spacious-1-bedroom-fall-pre/6371374644.html,Spacious 1 bedroom - Fall Pre-Leasing 2018,1195,915 30th Street Unit C,1,650,1,40.003769,-105.253465,5,30th Street at Aurora Avenue Boulder CO US
6371374596,2017-11-02 16:46,https://boulder.craigslist.org/apa/d/1-br-den-in-luxury-apartment/6371374596.html,1 BR + Den in luxury apartment community!,2435,Boulder,1,1030,1,40.021244,-105.253738,10,"1955 30th Street, Suite 100 Boulder CO US"
6371364801,2017-11-02 16:38,https://boulder.craigslist.org/apa/d/400-off-1st-months-rent-this/6371364801.html,$400 off 1st months rent - this weekend only! Great Opportunity!!,1494,"855 W Dillon Road, Louisville, CO 80027",2,1062,2,39.956932,-105.147113,5,855 W Dillon Road Louisville CO US
6367859324,2017-11-02 16:38,https://boulder.craigslist.org/apa/d/sunny-1-bedroom-apt-near/6367859324.html,Sunny 1 bedroom apt near North Boulder Park,1385,Boulder,1,525,1,40.025520,-105.288730,15,6th street at alpine Boulder CO US
6371352153,2017-11-02 16:35,https://boulder.craigslist.org/apa/d/fantastic-2bed-2bathbrand-new/6371352153.html,Fantastic* 2bed/2bath*BRAND NEW CARPET*Washer+Dryer INCLUDED!,1360,Ute Creek Apartments,2,1058,2,40.189430,-105.072727,5,e. 17th Ave at Pace St  CO US
6365547805,2017-11-02 16:34,https://boulder.craigslist.org/apa/d/fully-furnished-1-bedroom/6365547805.html,Fully Furnished 1 Bedroom Condo Short or Long Term,1949,"$1,945",1,720,1,40.009735,-105.255890,7,
6367625867,2017-11-02 16:33,https://boulder.craigslist.org/apa/d/quiet-top-floor-1-bedroom/6367625867.html,"Quiet, Top Floor, 1 Bedroom Condo near the Golf Course",1375,Louisville,1,800,1,39.959945,-105.158644,22,
6371359194,2017-11-02 16:33,https://boulder.craigslist.org/apa/d/apartments-ready-for/6371359194.html,Apartments ready for Immediate Move In with $500 off!,1455,Lakewood,2,1044,2,39.654077,-105.086975,5,8557 W Hampden Ave Lakewood CO US
6357006098,2017-11-02 16:32,https://boulder.craigslist.org/apa/d/mountain-peace-views-like/6357006098.html,"Mountain peace & views like nowhere else, only 12 min to Boulder",1395,Four mile canyon,1,650,1,40.015520,-105.324554,5,
6367521647,2017-11-02 16:22,https://boulder.craigslist.org/apa/d/cozy-condo-available-feb-1st/6367521647.html,Cozy condo available Feb 1st. Short lease. Quiet. Clean.,1150,Lafayette,1,0,1,39.998000,-105.096300,22,
6371340867,2017-11-02 16:18,https://boulder.craigslist.org/apa/d/on-site-management-on-site/6371340867.html,"On-site Management, On-site Maintenance, New Countertops, Dishwasher",1040,Longmont,1,500,1,40.196442,-105.107039,10,2211 Pratt Street Longmont CO US
6371325222,2017-11-02 16:05,https://boulder.craigslist.org/apa/d/spacious-awesome-3-beds-2/6371325222.html,SPACIOUS & AWESOME 3 BEDS & 2 BATH & READY TO MOVE IN!!,1570,"Boulder, CO",3,0,2,40.037500,-105.277100,22,
6367988980,2017-11-02 16:04,https://boulder.craigslist.org/apa/d/beautiful-apartment-available/6367988980.html,//BEAUTIFUL APARTMENT AVAILABLE NOW***,544,"Boulder, CO",5,1200,4,39.961000,-105.147000,22,
6363713614,2017-11-02 16:03,https://boulder.craigslist.org/apa/d/our-perfect-rental-is-waiting/6363713614.html,OUR PERFECT RENTAL is WAITING FOR YOU,580,"Boulder, CO",5,1200,3,39.961000,-105.147000,22,
6371322225,2017-11-02 16:03,https://boulder.craigslist.org/apa/d/modern-3-bedroom-with-cozy/6371322225.html,Modern 3 Bedroom with cozy fireplace overlooking pool,1893,Westminster,3,1180,2,39.859800,-105.074165,5,6969 W 90th Ave Westminster CO US
