pid,dt,url,title,price,neighb,beds,sqft,baths,lat,lng,accuracy,address
6368398594,2017-11-02 16:34,https://bozeman.craigslist.org/apa/d/wonderful-3-bed-1-bath-duplex/6368398594.html,"WONDERFUL 3 bed, 1 bath DUPLEX, Garage, NEW PAINT and CARPET",1095,Bozeman - 504 N 15th,3,0,1,45.681457,-111.056614,15,n 15th at main st bozeman MT US
6371348931,2017-11-02 16:25,https://bozeman.craigslist.org/apa/d/unique-b3-district-2-br-apt/6371348931.html,Unique B3 District 2 BR Apt. in Historical Downtown Bozeman,1200,Bozeman,2,0,1,45.677132,-111.035704,10,214 S. Black Bozeman MT US
6367662070,2017-11-02 16:24,https://bozeman.craigslist.org/apa/d/log-house-on-40-acres-3br-2ba/6367662070.html,Log House on 40 acres 3br. 2ba.,1675,Bozeman Pass,3,1700,2,45.654600,-110.560900,0,
6363495083,2017-11-02 16:22,https://bozeman.craigslist.org/apa/d/downtown-bozeman-right-where/6363495083.html,"DOWNTOWN BOZEMAN, RIGHT WHERE YOU WANT TO BE!",1000,120 E. Lamme Ave,1,700,1,45.681322,-111.034688,5,east lamme st. at North Bozeman Bozeman MT US
6371338925,2017-11-02 16:17,https://bozeman.craigslist.org/apa/d/available-now-pet-friendly/6371338925.html,Available Now!!! Pet Friendly!! Enjoy Fall!!!,1338,Bozeman,2,950,1,45.686502,-111.065641,10,603 Emily Drive Bozeman MT US
6342792976,2017-11-02 16:01,https://bozeman.craigslist.org/apa/d/house-with-acreage-for-rent/6342792976.html,House with acreage for rent. Three Forks,1800,Three Forks,4,0,2,,,,
