pid,dt,url,title,price,neighb,beds,sqft,baths,lat,lng,accuracy,address
6340505930,2017-11-02 16:56,https://carbondale.craigslist.org/apa/d/lease-now-for-2-months-free/6340505930.html,Lease Now For 2 Months Free! All Utilities Included!,829,Carbondale,2,830,1,37.717632,-89.194950,10,
6352344138,2017-11-02 16:34,https://carbondale.craigslist.org/apa/d/lease-your-new-studio/6352344138.html,Lease Your New Studio Apartment Now! 1 LEFT $100 Deposit,499,,0,500,1,37.720000,-89.215800,0,
6334054516,2017-11-02 16:32,https://carbondale.craigslist.org/apa/d/lease-your-1-br-apartment-for/6334054516.html,Lease Your 1 BR Apartment for Jan. Before Its Too Late! $100 Deposit,579,,1,600,1,37.720000,-89.215800,0,
6358887494,2017-11-02 16:32,https://carbondale.craigslist.org/apa/d/stylish-studios-leasing-for/6358887494.html,STYLISH STUDIOS ~ leasing for Jan 2018 $529/security deposit waived,529,,0,500,1,37.720000,-89.215800,0,
6359817929,2017-11-02 16:24,https://carbondale.craigslist.org/apa/d/nice-2-bed-15-bath-close-to/6359817929.html,"Nice 2 Bed, 1.5 bath close to SIU (Winter Special $495)",495,Carbondale,0,0,,37.720000,-89.215800,22,
6371259107,2017-11-02 16:15,https://carbondale.craigslist.org/apa/d/house-for-rent/6371259107.html,HOUSE FOR RENT,650,Macoupin County,0,0,,39.069500,-89.856500,0,
6368565144,2017-11-02 16:11,https://carbondale.craigslist.org/apa/d/royal-studio-apartments-on/6368565144.html,Royal Studio Apartments On The West Side Of Campus!!,300,512 S Hays St.,0,0,,37.720000,-89.215800,22,
6368565667,2017-11-02 16:11,https://carbondale.craigslist.org/apa/d/420-wifi-included-large/6368565667.html,"$420 WIFI INCLUDED, Large Studio Suites",420,Carbondale,0,0,,37.721807,-89.211909,10,
