pid,dt,url,title,price,neighb,beds,sqft,baths,lat,lng,accuracy,address
6371317944,2017-11-02 16:59,https://cedarrapids.craigslist.org/apa/d/2-bedroom-apt-pet-friendly/6371317944.html,2 Bedroom Apt-Pet Friendly,595,Cedar Rapids,2,825,1,42.014468,-91.630762,5,38th Street Drive SE at 1st Avenue CEDAR RAPIDS IA US
6351224446,2017-11-02 16:49,https://cedarrapids.craigslist.org/apa/d/th-ave-se-duplex-for-rent/6351224446.html,2302 12th Ave SE Duplex For Rent,550,,1,540,1,41.974883,-91.634776,10,
6364914985,2017-11-02 16:39,https://cedarrapids.craigslist.org/apa/d/free-available-right-now/6364914985.html,Free Available RIGHT NOW Cedar Rapids / Marion Area Apartment List,,3330 Southgate Court SW,0,0,,41.952100,-91.685300,0,
6352810237,2017-11-02 16:34,https://cedarrapids.craigslist.org/apa/d/large-1-bedroom-available-for/6352810237.html,LARGE 1 BEDROOM AVAILABLE FOR IMMEDIATE MOVE IN!,579,Cedar Rapids,1,650,1,42.012617,-91.669149,10,2040 Glass Road Cedar Rapids IA US
6371271669,2017-11-02 16:24,https://cedarrapids.craigslist.org/apa/d/move-today-and-pay-no-rent/6371271669.html,Move today and pay NO RENT until Dec. 1st- just your deposit!,749,Southwest Cedar Rapids,2,880,1,41.924795,-91.656704,5,5502 Kirkwood Blvd SWÂ  Cedar Rapids IA US
