pid,dt,url,title,price,neighb,beds,sqft,baths,lat,lng,accuracy,address
6358833528,2017-11-02 16:15,https://cfl.craigslist.org/apa/d/get-your-new-home/6358833528.html,GET YOUR*** ***NEW HOME,400,dsgfhhadrhja,3,1200,2,,,,
6358831319,2017-11-02 16:14,https://cfl.craigslist.org/apa/d/low-cost-rent/6358831319.html,LOW ((((COST)))) RENT,400,heardfdsgtland,3,1200,2,,,,
6343564020,2017-11-02 16:03,https://cfl.craigslist.org/apa/d/gorgeous-home-wonderfully/6343564020.html,Gorgeous home wonderfully nestled in a friendly neighborhood,788,,3,0,2,,,,
6334135203,2017-11-02 16:03,https://cfl.craigslist.org/apa/d/perfect-rental-home-available/6334135203.html,PERFECT RENTAL! HOME AVAILABLE NOW!,587,,6,0,5,,,,
