pid,dt,url,title,price,neighb,beds,sqft,baths,lat,lng,accuracy,address
6371316785,2017-11-02 16:58,https://chambana.craigslist.org/apa/d/1-bed-1-bath-cable-ready-24/6371316785.html,"1 Bed 1 Bath - Cable Ready, 24 Hour Business Center, 1 month FREE!!",559,"1032 Kerr Ave, Urbana, IL 61801",1,560,1,40.122082,-88.195729,5,1032 Kerr AveÂ  Urbana IL US
6371314810,2017-11-02 16:57,https://chambana.craigslist.org/apa/d/ideal-5-br-beautiful-campus/6371314810.html,Ideal 5 BR! Beautiful Campus View! Updated Units! Available Now!,1500,"102 E. Gregory, Champaign, IL",5,0,2,40.104094,-88.238615,10,102 E. Gregory Champaign IL US
6371314829,2017-11-02 16:57,https://chambana.craigslist.org/apa/d/ideal-5-br-beautiful-campus/6371314829.html,Ideal 5 BR! Beautiful Campus View! Updated Units! Available Now!,1500,"102 E. Gregory, Champaign, IL",5,0,2,40.104094,-88.238615,10,102 E. Gregory Champaign IL US
6371314784,2017-11-02 16:57,https://chambana.craigslist.org/apa/d/ideal-5-br-beautiful-campus/6371314784.html,Ideal 5 BR! Beautiful Campus View! Updated Units! Available Now!,1500,"102 E. Gregory, Champaign, IL",5,0,2,40.104094,-88.238615,10,102 E. Gregory Champaign IL US
6371300769,2017-11-02 16:53,https://chambana.craigslist.org/apa/d/super-cute-4-br-quiet-campus/6371300769.html,Super Cute 4 BR! Quiet Campus Location! Available Now!,1100,"810 S. Oak, Champaign, IL",4,950,1,40.108873,-88.241557,10,810 S. Oak Champaign IL US
6371300756,2017-11-02 16:52,https://chambana.craigslist.org/apa/d/super-cute-4-br-quiet-campus/6371300756.html,Super Cute 4 BR! Quiet Campus Location! Available Now!,1100,"810 S. Oak, Champaign, IL",4,950,1,40.108873,-88.241557,10,810 S. Oak Champaign IL US
6371307630,2017-11-02 16:51,https://chambana.craigslist.org/apa/d/first-floor-apt-available/6371307630.html,First Floor Apt Available Next Month Next to the 24Hour Laundry Center,759,Blocks away from Memorial Stadium,2,860,1,40.094955,-88.249340,10,
6371284732,2017-11-02 16:51,https://chambana.craigslist.org/apa/d/great-4-br-near-engineering/6371284732.html,Great 4 BR near Engineering! Balcony! Dishwasher! Available Now!,799,"208 E. White, Champaign, IL",4,900,1,40.114409,-88.236933,10,208 E. White Champaign IL US
6371295728,2017-11-02 16:50,https://chambana.craigslist.org/apa/d/awesome-4-br-near-engineering/6371295728.html,Awesome 4 BR near Engineering! Updated! Washer/Dryer! Available Now!,850,"211 E. Clark, Champaign, IL",4,950,1,40.115364,-88.237037,10,211 E. Clark Champaign IL US
6371293676,2017-11-02 16:49,https://chambana.craigslist.org/apa/d/c-bbq-grills-with-seating/6371293676.html,"A/C BBQ Grills With Seating Area, Clubhouse, 1 month free!!",589,"1032 Kerr Ave, Urbana, IL 61801",1,590,1,40.122082,-88.195729,5,1032 Kerr AveÂ  Urbana IL US
6371295793,2017-11-02 16:49,https://chambana.craigslist.org/apa/d/awesome-4-br-near-engineering/6371295793.html,Awesome 4 BR near Engineering! Updated! Washer/Dryer! Available Now!,850,"211 E. Clark, Champaign, IL",4,950,1,40.115364,-88.237037,10,211 E. Clark Champaign IL US
6371289208,2017-11-02 16:49,https://chambana.craigslist.org/apa/d/perfect-4-br-near-engineering/6371289208.html,Perfect 4 BR near Engineering! Balcony! Dishwasher! Available Now!,799,"210 E. White, Champaign, IL",4,1020,1,40.114410,-88.236899,10,210 E. White Champaign IL US
6371289191,2017-11-02 16:49,https://chambana.craigslist.org/apa/d/perfect-4-br-near-engineering/6371289191.html,Perfect 4 BR near Engineering! Balcony! Dishwasher! Available Now!,799,"210 E. White, Champaign, IL",4,1020,1,40.114410,-88.236899,10,210 E. White Champaign IL US
6371300733,2017-11-02 16:46,https://chambana.craigslist.org/apa/d/super-cute-4-br-quiet-campus/6371300733.html,Super Cute 4 BR! Quiet Campus Location! Available Now!,1100,"810 S. Oak, Champaign, IL",4,950,1,40.108873,-88.241557,10,810 S. Oak Champaign IL US
6371284687,2017-11-02 16:45,https://chambana.craigslist.org/apa/d/great-4-br-near-engineering/6371284687.html,Great 4 BR near Engineering! Balcony! Dishwasher! Available Now!,799,"208 E. White, Champaign, IL",4,900,1,40.114409,-88.236933,10,208 E. White Champaign IL US
6371295770,2017-11-02 16:42,https://chambana.craigslist.org/apa/d/awesome-4-br-near-engineering/6371295770.html,Awesome 4 BR near Engineering! Updated! Washer/Dryer! Available Now!,850,"211 E. Clark, Champaign, IL",4,950,1,40.115364,-88.237037,10,211 E. Clark Champaign IL US
6371288749,2017-11-02 16:42,https://chambana.craigslist.org/apa/d/large-closets-short-term/6371288749.html,"Large Closets, Short Term Lease, 24 Hour Fitness Center!! 1 Month FREE",619,"1032 Kerr Ave, Urbana, IL 61801",1,600,1,40.122082,-88.195729,5,1032 Kerr AveÂ  Urbana IL US
6371276466,2017-11-02 16:41,https://chambana.craigslist.org/apa/d/beautiful-4-br-high-end/6371276466.html,Beautiful 4 BR! High End Finish! Washer/Dryer! Must See! Available Now,2600,"108 E. Daniel, Champaign, IL",4,1253,3,40.107908,-88.238537,10,108 E. Daniel Champaign IL US
6336476630,2017-11-02 16:38,https://chambana.craigslist.org/apa/d/house-available-now-1st/6336476630.html,House available now! 1st month's rent free!,1225,1207 W Daniel St,2,0,2,40.107300,-88.278800,22,
6371289226,2017-11-02 16:37,https://chambana.craigslist.org/apa/d/perfect-4-br-near-engineering/6371289226.html,Perfect 4 BR near Engineering! Balcony! Dishwasher! Available Now!,799,"210 E. White, Champaign, IL",4,1020,1,40.114410,-88.236899,10,210 E. White Champaign IL US
6371286880,2017-11-02 16:35,https://chambana.craigslist.org/apa/d/oh-yeswe-got-it1-month-free/6371286880.html,Oh yes...we got it...1 month free!!,689,"1032 Kerr Ave, Urbana, IL 61801",2,750,1,40.122082,-88.195729,5,1032 Kerr AveÂ  Urbana IL US
6371284763,2017-11-02 16:34,https://chambana.craigslist.org/apa/d/great-4-br-near-engineering/6371284763.html,Great 4 BR near Engineering! Balcony! Dishwasher! Available Now!,799,"208 E. White, Champaign, IL",4,900,1,40.114409,-88.236933,10,208 E. White Champaign IL US
6371263767,2017-11-02 16:31,https://chambana.craigslist.org/apa/d/awesome-4-br-washer-dryer-in/6371263767.html,Awesome 4 BR! Washer/Dryer in Unit! High End Finish! Available Now!,2600,"106 E. Armory, Champaign, IL",4,1243,3,40.105391,-88.237606,10,106 E. Armory Champaign IL US
6371277385,2017-11-02 16:28,https://chambana.craigslist.org/apa/d/beautiful-4-br-high-end/6371277385.html,Beautiful 4 BR! High End Finish! Washer/Dryer! Must See! Available Now,2600,"108 E. Daniel, Champaign, IL",4,1253,3,40.107908,-88.238537,10,108 E. Daniel Champaign IL US
6371276493,2017-11-02 16:28,https://chambana.craigslist.org/apa/d/beautiful-4-br-high-end/6371276493.html,Beautiful 4 BR! High End Finish! Washer/Dryer! Must See! Available Now,2600,"108 E. Daniel, Champaign, IL",4,1253,3,40.107908,-88.238537,10,108 E. Daniel Champaign IL US
6359054637,2017-11-02 16:27,https://chambana.craigslist.org/apa/d/sign-today/6359054637.html,SIGN TODAY!,599,Campustown Rentals,0,0,,40.110373,-88.239205,5,
6352360384,2017-11-02 16:27,https://chambana.craigslist.org/apa/d/your-new-home-is-here/6352360384.html,Your New Home is Here!,599,Campustown Rentals,0,0,,40.111000,-88.240700,22,
6366804944,2017-11-02 16:27,https://chambana.craigslist.org/apa/d/apartments-close-to-campus/6366804944.html,Apartments Close to Campus for Affordable Prices,399,Campus Town Rentals,0,0,,40.110072,-88.234055,5,
6351041460,2017-11-02 16:22,https://chambana.craigslist.org/apa/d/duplex-south-of-campus/6351041460.html,*Duplex-South of Campus -Available Now,840,"2704 S First, C.",2,0,1,40.111000,-88.240700,22,First at Windsor Champaign IL US
6350172644,2017-11-02 16:22,https://chambana.craigslist.org/apa/d/engineering-campus-august-2018/6350172644.html,*Engineering Campus-August 2018,730,"1003 W Stoughton, U",2,0,1,40.113535,-88.223988,0,Stoughton at Goodwin Urbana IL US
6348795867,2017-11-02 16:21,https://chambana.craigslist.org/apa/d/edgewood-subdivision-3/6348795867.html,*Edgewood Subdivision!!  3 bedroom recently renovated,1225,"305 Dodson Dr West, Urbana, Illinois",3,0,1.5,40.074600,-88.169100,22,305 Dodson Drive West Urbana IL US
6345056661,2017-11-02 16:21,https://chambana.craigslist.org/apa/d/2-bed-1-bath-newly-renovated/6345056661.html,"*2 Bed, 1 Bath Newly Renovated",720,316 Cedar Champaign,2,0,1,40.111000,-88.240700,22,
6350190279,2017-11-02 16:21,https://chambana.craigslist.org/apa/d/best-deal-3br-2ba-on-campus/6350190279.html,*BEST DEAL 3BR/2BA on Campus Fall 2018,1605,"502 E Springfield, Champaign",3,0,2,40.112689,-88.232083,0,Springfield at Fifth Champaign IL US
6350157383,2017-11-02 16:21,https://chambana.craigslist.org/apa/d/newly-remodeled-3-bed-2-bath/6350157383.html,*Newly Remodeled 3 Bed/2 bath house w/ attached garage for rent,1199,,3,0,2,40.092598,-88.284066,10,2303 Brett Champaign IL US
6351129011,2017-11-02 16:21,https://chambana.craigslist.org/apa/d/urbana-campus-with-washer-and/6351129011.html,*Urbana campus with washer and dryer!!-Available Now and August 2018,799,"808 W Illinois, U.",1,0,1,40.109065,-88.219271,15,Illinois at Lincoln Urbana IL US
6350156305,2017-11-02 16:21,https://chambana.craigslist.org/apa/d/1-2-and-3-bedroom-apartments/6350156305.html,"*1, 2 and 3 Bedroom Apartments on Campus -Fall 2018",1360,"808 W Illinois, Urbana",3,0,2,40.109065,-88.219271,0,
6350098624,2017-11-02 16:21,https://chambana.craigslist.org/apa/d/convenient-campus-location/6350098624.html,*Convenient Campus Location!  Available Fall 2018,840,"503 E Springfield, Champaign",1,0,1,40.112689,-88.232083,0,Springfield at Fifth Champaign IL US
6350208398,2017-11-02 16:20,https://chambana.craigslist.org/apa/d/4th-and-white-street/6350208398.html,"*4th and White Street, Champaign- Fall 2018",1140,"301 S Fourth, Champaign",2,0,2,40.111000,-88.240700,22,Fourth at White Champaign IL US
6350237891,2017-11-02 16:20,https://chambana.craigslist.org/apa/d/beautifully-remodeled-house/6350237891.html,*BEAUTIFULLY REMODELED HOUSE,925,"1001 Western, C.",2,0,1,40.106538,-88.275447,15,Western at William Champaign IL US
6350261598,2017-11-02 16:20,https://chambana.craigslist.org/apa/d/huge-1-bedroom-near-campus/6350261598.html,*Huge 1 Bedroom Near Campus,515,"1320 Frederick, Champaign",1,0,1,40.111000,-88.240700,22,
6351057882,2017-11-02 16:20,https://chambana.craigslist.org/apa/d/best-deal-around/6351057882.html,*BEST DEAL AROUND,550,"307/311 W Birch, Champaign",1,0,1,40.099907,-88.246667,15,Birch at State Champaign IL US
6350120661,2017-11-02 16:20,https://chambana.craigslist.org/apa/d/great-price-3br-on-campus/6350120661.html,"*GREAT PRICE 3BR on Campus, Fall 2018",1578,"505 E Stoughton, Champaign",3,0,2,40.113477,-88.232087,0,
6350138963,2017-11-02 16:20,https://chambana.craigslist.org/apa/d/large-one-bedroom-on-campus/6350138963.html,*Large One Bedroom On Campus Fall 2018,540,"205 E Green, Champaign",1,0,1,40.110231,-88.237045,0,
6351159798,2017-11-02 16:20,https://chambana.craigslist.org/apa/d/walk-to-the-park-from-this/6351159798.html,*WALK TO THE PARK FROM THIS COZY 2/1 HOUSE,905,"1208 S ELM, CHAMPAIGN",2,0,1,40.111000,-88.240700,22,
6351141102,2017-11-02 16:20,https://chambana.craigslist.org/apa/d/hidden-gem-in-urbana-newly/6351141102.html,*HIDDEN GEM IN URBANA... NEWLY UPDATED,565,"906 S Vine, U.",2,0,1,40.105590,-88.204975,15,Vine at Washington Urbana IL US
6371263813,2017-11-02 16:18,https://chambana.craigslist.org/apa/d/awesome-4-br-washer-dryer-in/6371263813.html,Awesome 4 BR! Washer/Dryer in Unit! High End Finish! Available Now!,2600,"106 E. Armory, Champaign, IL",4,1243,3,40.105391,-88.237606,10,106 E. Armory Champaign IL US
6371263789,2017-11-02 16:18,https://chambana.craigslist.org/apa/d/awesome-4-br-washer-dryer-in/6371263789.html,Awesome 4 BR! Washer/Dryer in Unit! High End Finish! Available Now!,2600,"106 E. Armory, Champaign, IL",4,1243,3,40.105391,-88.237606,10,106 E. Armory Champaign IL US
6371232062,2017-11-02 16:15,https://chambana.craigslist.org/apa/d/great-3-br-in-quiet-campus/6371232062.html,Great 3 BR in Quiet Campus Location! Updated! Available Now!,900,"810 S. Oak, Champaign, IL",3,800,1,40.108873,-88.241557,10,810 S. Oak Champaign IL US
6371237437,2017-11-02 16:15,https://chambana.craigslist.org/apa/d/updated-3-br-washer-dryer/6371237437.html,Updated 3 BR! Washer/Dryer! Balcony! Available Now!,900,"906 S. Oak, Champaign, IL",3,1075,2,40.107802,-88.241556,10,906 S. Oak Champaign IL US
6350808196,2017-11-02 16:13,https://chambana.craigslist.org/apa/d/3-bedroom-2-bath-on-1-acre-of/6350808196.html,"3 BEDROOM, 2 BATH ON 1 ACRE OF LAND",950,2809 E Airport rd URBANA,3,1025,2,40.141476,-88.168159,5,airport rd at brownfield rd Urbana IL US
6354947908,2017-11-02 16:12,https://chambana.craigslist.org/apa/d/3-bedroom-1-bath-detached/6354947908.html,"3 Bedroom, 1 Bath, W/Detached Garage",825,1617 Ivanhoe Way Urbana,3,925,1,40.101267,-88.187878,5,ivanhoe way at austin Urbana IL US
6371237286,2017-11-02 16:10,https://chambana.craigslist.org/apa/d/updated-3-br-washer-dryer/6371237286.html,Updated 3 BR! Washer/Dryer! Balcony! Available Now!,900,906 S. Oak,3,1075,2,40.107802,-88.241556,10,906 S. Oak Champaign IL US
6371232078,2017-11-02 16:03,https://chambana.craigslist.org/apa/d/great-3-br-in-quiet-campus/6371232078.html,Great 3 BR in Quiet Campus Location! Updated! Available Now!,900,"810 S. Oak, Champaign, IL",3,800,1,40.108873,-88.241557,10,810 S. Oak Champaign IL US
