pid,dt,url,title,price,neighb,beds,sqft,baths,lat,lng,accuracy,address
6371238135,2017-11-02 17:00,https://charleston.craigslist.org/apa/d/november-rent-free-if-you/6371238135.html,November Rent FREE if You Move In Before the 24th!,1399,James Island,2,1150,2,32.717122,-79.970426,5,1001 Riverland Woods Place Charleston SC US
6371228931,2017-11-02 16:53,https://charleston.craigslist.org/apa/d/want-chance-to-win-cruise/6371228931.html,Want a chance to win a cruise voucher for $1200? Call to inquire,1199,"1000 Channel Marker Way, Charleston, SC 29410",2,1033,2,32.934452,-80.004509,5,1000 Channel Marker Way Charleston SC US
6371228570,2017-11-02 16:53,https://charleston.craigslist.org/apa/d/two-bedroom-apartment-save/6371228570.html,Two Bedroom Apartment! Save $500 !! Apply & Move By Oct. 10th!,981,summerville,2,1000,1.5,32.960744,-80.164834,10,1660 old trolley rd summerville SC US
6371224713,2017-11-02 16:50,https://charleston.craigslist.org/apa/d/fall-special-apply-move-by/6371224713.html,Fall Special! Apply & Move By Oct. 10th Receive $500 Off 1st Month !,981,summerville,2,1000,1.5,32.960744,-80.164834,10,1660 old trolley rd summerville SC US
6371224211,2017-11-02 16:49,https://charleston.craigslist.org/apa/d/put-those-shades-on-living/6371224211.html,Put those shades on! Living life over our giant saltwater pool!,1672,James Island,2,1116,2,32.718000,-79.953700,22,215 Promenade Vista St Charleston SC US
6371220931,2017-11-02 16:47,https://charleston.craigslist.org/apa/d/hidden-oaks-apartments-near/6371220931.html,Hidden Oaks Apartments - Near Northwoods Mall,900,North Charleston,3,875,1,32.963653,-80.059641,10,2625 Otranto Road North Charleston SC US
6371220257,2017-11-02 16:47,https://charleston.craigslist.org/apa/d/apply-today/6371220257.html,Apply today!,950,"N. Charleston, Goose Creek",1,697,1,32.953831,-80.048415,5,2225 Greenridge Road North Charleston SC US
6334256107,2017-11-02 16:46,https://charleston.craigslist.org/apa/d/beautiful-pet-friendly/6334256107.html,Beautiful Pet Friendly Community - Fenced in Yard!,1215,West Ashley,2,1181,2.5,32.836183,-80.064068,5,Shadow Pointe Drive at Bees Feery Road Charleston SC US
6371212437,2017-11-02 16:41,https://charleston.craigslist.org/apa/d/dont-miss-out-on-our-great/6371212437.html,Don't Miss Out on Our Great Specials!,1290,SUMMERVILLE,3,1417,2,32.958193,-80.162001,5,111 SPRINGVIEW LN SUMMERVILLE SC US
6371211054,2017-11-02 16:40,https://charleston.craigslist.org/apa/d/magnolia-downs-apartments/6371211054.html,Magnolia Downs Apartments,635,Charleston,1,0,1,32.799300,-80.006000,22,802 E Estates Blvd Charleston SC US
6371206147,2017-11-02 16:37,https://charleston.craigslist.org/apa/d/what-great-place-to-live-3-bd/6371206147.html,"What a great place to live! 3 bd, 1.5 ba, 1400 sq ft. Come home today!",980,North Charleston,3,1400,1.5,32.892900,-80.045800,22,
6371200811,2017-11-02 16:33,https://charleston.craigslist.org/apa/d/downtown-one-block-from/6371200811.html,Downtown - one block from Hampton Park,1500,16B Francis,2,0,1,32.802480,-79.952531,5,Francis at Rutledge Charleston SC US
6361527853,2017-11-02 16:32,https://charleston.craigslist.org/apa/d/west-ashley-1-bedroom-now/6361527853.html,WEST ASHLEY 1 BEDROOM NOW JUST $965!  YOU WILL LOVE THIS COMMUNITY!,965,WEST ASHLEY,1,821,1,32.835751,-80.062866,5,Shadow Pointe Drive at Bees Ferry Road Charleston SC US
6371195065,2017-11-02 16:29,https://charleston.craigslist.org/apa/d/2-bedroom-apartment-for-rent/6371195065.html,2 BEDROOM APARTMENT FOR RENT ON JAMES ISLAND,1250,444 HOWLE AVE. APT. A,2,950,1,32.757138,-79.984871,10,
6371188439,2017-11-02 16:25,https://charleston.craigslist.org/apa/d/great-price-and-move-in/6371188439.html,GREAT Price and Move In SPECIALS! Spacious/Screened Porch/Pets OK!,1580,Mt. Pleasant,2,1198,2,32.875787,-79.767866,22,
6371182047,2017-11-02 16:20,https://charleston.craigslist.org/apa/d/live-near-the-beach-walk-to/6371182047.html,Live near the beach! Walk to shops and restaurants! Available NOW!!!,1200,Mt Pleasant,0,768,1,32.822444,-79.818549,5,
6371179814,2017-11-02 16:19,https://charleston.craigslist.org/apa/d/3br-2-full-bathrooms/6371179814.html,3BR/2 full bathrooms - Marrington Village - Call today!,830,Goose Creek,3,1050,2,32.961403,-80.004557,10,5000 Harbour Lake Drive Goose Creek SC US
6336229932,2017-11-02 16:18,https://charleston.craigslist.org/apa/d/quiet-country-home-reduced/6336229932.html,Quiet Country Home reduced,975,,3,1250,2,,,,
6371176720,2017-11-02 16:17,https://charleston.craigslist.org/apa/d/1br-1ba-apartment-french/6371176720.html,1BR/1BA Apartment - French Quarter - Downtown Charleston,1615,207 East Bay St,1,513,1,32.780185,-79.927340,5,East Bay St at Cumberland St Charleston SC US
6371172650,2017-11-02 16:14,https://charleston.craigslist.org/apa/d/lease-before-they-are-all-gone/6371172650.html,Lease before they are all gone!!,920,"N. Charleston, Goose Creek",1,697,1,32.953831,-80.048415,5,2225 Greenridge Road North Charleston SC US
6360824562,2017-11-02 16:14,https://charleston.craigslist.org/apa/d/riviera-at-seaside-studio/6360824562.html,Riviera at Seaside Studio - November rent is free!!,1140,Mount Pleasant,0,0,,32.847300,-79.820600,22,
6371166499,2017-11-02 16:09,https://charleston.craigslist.org/apa/d/great-location-free-gym/6371166499.html,Great Location!  Free Gym Membership! Move In Special!  Save $$$$$,970,Monument Square,2,850,1,32.808357,-80.006512,10,1551 Sam Rittenberg Blvd Charleston SC US
6348553767,2017-11-02 16:09,https://charleston.craigslist.org/apa/d/1209-south-blvd-in-park-circle/6348553767.html,1209 South Blvd in Park Circle,1800,,4,2300,2,32.877262,-79.987874,20,South Blvd at Oakbrook North Charleston SC US
6371165008,2017-11-02 16:08,https://charleston.craigslist.org/apa/d/1-bedroom-apply-now-for-this/6371165008.html,1 Bedroom - Apply Now for this FANTASTIC deal!,829,West Ashley,1,702,1,32.798602,-80.006613,10,1515 Ashley River Road Charleston SC US
6342239876,2017-11-02 16:05,https://charleston.craigslist.org/apa/d/luxurious-2-bed-1-bath/6342239876.html,Luxurious 2 bed / 1 bath available with convenient washer & dryer,985,Charleston,2,950,1.5,32.811799,-80.011972,10,1735 Ashley Hall road Charleston SC US
6371157779,2017-11-02 16:03,https://charleston.craigslist.org/apa/d/1000-west-where-the-apartment/6371157779.html,1000 West!!! Where The Apartment Search Ends,1255,"Charleston, SC",2,1103,2,32.802882,-80.092714,22,
6332720677,2017-11-02 16:02,https://charleston.craigslist.org/apa/d/brilliant-the-life-style-you/6332720677.html,BRILLIANT The Life Style YOU Deserve!!!,935,Lease To Own,0,1730,,39.164200,-84.452200,22,
6371154651,2017-11-02 16:01,https://charleston.craigslist.org/apa/d/accessible-location-community/6371154651.html,"Accessible location, community amenities, & lowcountry character!",1355,,2,1103,0,32.800824,-80.092607,20,Bonanza Road Johns Island SC US
6364339596,2017-11-02 16:01,https://charleston.craigslist.org/apa/d/furnished-house-all-utilities/6364339596.html,Furnished House | All Utilities | Short Term OK | Cannonborough,2995,Downtown Charleston,2,0,1.5,32.790518,-79.947252,22,Ipswich Court at Spring Street Charleston SC US
