pid,dt,url,title,price,neighb,beds,sqft,baths,lat,lng,accuracy,address
6332817867,2017-11-02 17:00,https://charlottesville.craigslist.org/apa/d/warm-up-for-winter-wood/6332817867.html,Warm up for Winter! Wood burning fireplace!,1250,Barclay Place Apartments,2,1059,2,38.093600,-78.561100,22,
6332809691,2017-11-02 17:00,https://charlottesville.craigslist.org/apa/d/move-in-next-week/6332809691.html,Move in next week!,1295,Barclay Place Apartments,2,1059,2,38.093600,-78.561100,22,
6371229388,2017-11-02 16:53,https://charlottesville.craigslist.org/apa/d/for-leaselocust-st/6371229388.html,FOR LEASE--401 1/2 A Locust St,525,401 Locust St,0,0,,38.157400,-79.065100,22,401 1/2 A Locust St Waynesboro VA US
6371228856,2017-11-02 16:53,https://charlottesville.craigslist.org/apa/d/income-restrictions-apply/6371228856.html,Income restrictions apply! Lovely apartments in Culpeper!,995,Culpeper - 704 Belle Court,3,971,1,,,,
6371224743,2017-11-02 16:50,https://charlottesville.craigslist.org/apa/d/artists-will-love-to-paint/6371224743.html,Artists Will Love To Paint Their Life Picture Here At Beacon On 5th!,1999,Charlottesville,2,0,2,38.017838,-78.497529,5,100 Dalton Lane Charlottesville VA US
6371214948,2017-11-02 16:43,https://charlottesville.craigslist.org/apa/d/now-leasing-luxury-apartments/6371214948.html,Now Leasing!!! Luxury Apartments located on 5th Street!,1740,,2,1210,2,38.006828,-78.599994,22,5th Street Charlottesville VA US
6371210224,2017-11-02 16:40,https://charlottesville.craigslist.org/apa/d/ivy-ridge-apartments-2/6371210224.html,Ivy Ridge Apartments - 2 Bedrooms,675,"1730 Ivy Street, Waynesboro, VA",2,900,1.5,38.082082,-78.898315,5,1730 Ivy Street Waynesboro VA US
6371205817,2017-11-02 16:37,https://charlottesville.craigslist.org/apa/d/for-lease-131-wayneridge-rd/6371205817.html,FOR LEASE--131 Wayneridge Rd,665,131 Wayneridge Rd Waynesboro Va,2,0,1,38.074327,-78.907232,10,131 Wayneridge Waynesboro VA US
6371196252,2017-11-02 16:30,https://charlottesville.craigslist.org/apa/d/waverly-place-apartments-fall/6371196252.html,Waverly Place Apartments *Fall Specials*,880,Louisa,1,0,1,38.013200,-78.034700,22,
6335402295,2017-11-02 16:27,https://charlottesville.craigslist.org/apa/d/great-place-to-call-home/6335402295.html,A great place to call home!,,Charlottesville,0,0,,38.006828,-78.599994,22,810 Catalpa Court  VA US
6371189434,2017-11-02 16:25,https://charlottesville.craigslist.org/apa/d/waaaahoooo-find-out-why-uva/6371189434.html,"Waaaahoooo, Find Out Why UVA Graduates Love Beacon On 5th!",1999,Charlottesville,2,0,2,38.017804,-78.497915,5,100 Dalton Lane Charlottesville VA US
6371166379,2017-11-02 16:21,https://charlottesville.craigslist.org/apa/d/gorgeous-hard-wood-flrs-new/6371166379.html,Gorgeous hard-wood flrs new paint,984,,0,0,,,,,
6371166289,2017-11-02 16:09,https://charlottesville.craigslist.org/apa/d/2-bed-2-bath-available/6371166289.html,"2 bed, 2 bath available 12/7/2017",1199,UVA School of Law,2,950,2,38.046407,-78.516534,10,100 Ivy Drive Charlottesville VA US
