pid,dt,url,title,price,neighb,beds,sqft,baths,lat,lng,accuracy,address
6371236269,2017-11-02 16:58,https://cincinnati.craigslist.org/apa/d/november-move-in-special-one/6371236269.html,November move in special! One month rent free!,900,Romaine Court Apartments - Oakley,2,755,1,39.153189,-84.409377,0,Romaine Drive at Brotherton Road Cincinnati OH US
6336868908,2017-11-02 16:56,https://cincinnati.craigslist.org/apa/d/ideal-2-bedroom-roommate/6336868908.html,Ideal 2 Bedroom Roommate Layout in Gated Mason Community! 1 Left!,,Mason/Cincinnati/Sycamore,2,1100,2.5,39.291186,-84.321356,22,8770 Wales Drive Cincinnati OH US
6352883073,2017-11-02 16:50,https://cincinnati.craigslist.org/apa/d/otr-hillside-house-for-rent/6352883073.html,OTR Hillside House for Rent,1250,Mulberry,2,1000,2,39.118728,-84.516302,15,Mulberry at Rice Cincinnati OH US
6371220252,2017-11-02 16:47,https://cincinnati.craigslist.org/apa/d/otr-city-living/6371220252.html,OTR City Living,2000,1405 Clay,1,964,1.5,39.111341,-84.513041,10,1405 Clay Cincinnati OH US
6371206925,2017-11-02 16:37,https://cincinnati.craigslist.org/apa/d/glenbridge-manors-in/6371206925.html,"❄ Glenbridge Manors in Cincinnati, Tanning Booth, Billiards Room",1415,"Cincinnati, Symmes, Sycamore, Mason",2,1234,2,39.269200,-84.330700,5,11513 Village Brook Drive Cincinnati OH US
6371206382,2017-11-02 16:37,https://cincinnati.craigslist.org/apa/d/super-home-super-area-great/6371206382.html,SUPER HOME SUPER AREA GREAT LOCATION LOCATION,1700,LOOKOUT FARM,3,0,3.5,39.030130,-84.573957,15,lookout farm at dixie hwy crestview hills OH US
6360355225,2017-11-02 16:37,https://cincinnati.craigslist.org/apa/d/only-1-spacious-2-bedroom/6360355225.html,Only 1 Spacious 2 Bedroom Townhome Left! 1 Mile from Governors Hill!,1099,Blue Ash/Sycamore/Cincinnati,2,1100,2.5,,,,
6371195977,2017-11-02 16:36,https://cincinnati.craigslist.org/apa/d/covington-two-room-studio/6371195977.html,Covington - Two Room - Studio apartment - Heat Paid,425,Covington - West,0,0,1,39.068846,-84.511557,5,holman st at 17th st covington OH US
6371186927,2017-11-02 16:35,https://cincinnati.craigslist.org/apa/d/clifton-oak-st-1-bedroom/6371186927.html,Clifton! Oak St. 1 Bedroom! Newly Renovated! Free Heat,525,Cincinnati,1,500,1,39.130612,-84.499595,10,523 Oak St Cincinnati OH US
6371202145,2017-11-02 16:34,https://cincinnati.craigslist.org/apa/d/now-leasing/6371202145.html,NOW LEASING!!!,770,"Hartwell, Finneytown, Wyoming",2,1000,2,39.235300,-84.461900,22,375 W Galbraith rd Cincinnati OH US
6371182334,2017-11-02 16:33,https://cincinnati.craigslist.org/apa/d/take-2-months-free-1000-gift/6371182334.html,Take 2 months free + $1000 gift card! Be on the banks!,1723,Downtown,1,809,1,39.107200,-84.502000,22,44 W Freedom Way Cincinnati OH US
6371193862,2017-11-02 16:28,https://cincinnati.craigslist.org/apa/d/voted-1-community-in-west/6371193862.html,Voted #1 Community in West Chester!,849,"West Chester, OH.",2,912,1,39.346657,-84.400278,10,6757 Lakeside Drive West Chester OH US
6335330364,2017-11-02 16:24,https://cincinnati.craigslist.org/apa/d/1-left-unbelievably-popular-2/6335330364.html,1 Left! Unbelievably Popular 2 Bedroom Townhome! Sycamore Schools!,,"Mason, Sycamore, Montgomery",2,1100,2.5,39.291319,-84.321527,22,8770 Wales Drive Cincinnati OH US
6371157530,2017-11-02 16:20,https://cincinnati.craigslist.org/apa/d/cheviot-2bd-2ba-is-off-the/6371157530.html,Cheviot 2Bd/2Ba is Off the Beaten Path!,900,Cheviot,2,1584,2,39.164394,-84.603829,10,3310 Dickinson Ave. Cheviot OH US
6371181691,2017-11-02 16:20,https://cincinnati.craigslist.org/apa/d/clifton-2-bedroom-1-study-rm/6371181691.html,"Clifton! 2 Bedroom  1 Study Rm, Newly Renovated! Utilities Included!",650,Cincinnati,2,700,1,39.130612,-84.499595,10,523 Oak St Cincinnati OH US
6371178997,2017-11-02 16:18,https://cincinnati.craigslist.org/apa/d/200-off-top-floor-2-bedroom/6371178997.html,$200 OFF TOP FLOOR 2 BEDROOM!! ASK US ABOUT OUR SPECIALS!!,815,Northern KY,2,990,1.5,39.030000,-84.559000,22,67 Blue Stone Court Lakeside Park OH US
6371165538,2017-11-02 16:17,https://cincinnati.craigslist.org/apa/d/beautiful-2-bed-in-the/6371165538.html,Beautiful 2 Bed in the Wallace Woods,645,"Covington, KY",2,500,1,39.065335,-84.498548,10,500 Wallace Ave Covington OH US
6360583952,2017-11-02 16:16,https://cincinnati.craigslist.org/apa/d/low-income-housing-for-seniors/6360583952.html,Low-Income Housing for Seniors,,"Hamilton, OH",1,650,1,39.375656,-84.556509,10,631 Woodlawn Ave. Hamilton OH US
6371164589,2017-11-02 16:16,https://cincinnati.craigslist.org/apa/d/university-station-3-bedroom/6371164589.html,University Station: 3 Bedroom Available!,785,"Norwood, OH.",3,1201,3,39.148701,-84.470253,10,1725 Cleneay Ave Norwood OH US
6371173038,2017-11-02 16:14,https://cincinnati.craigslist.org/apa/d/1-bedroom-spacious-newly/6371173038.html,1 Bedroom Spacious! Newly Renovated! Heat Included!,575,Clifton/UC/Downtown,1,500,1,39.127756,-84.503304,10,2532 Highland Ave Cincinnati OH US
6332821028,2017-11-02 16:14,https://cincinnati.craigslist.org/apa/d/conviently-located-in-quiet/6332821028.html,Conviently Located in Quiet Wooded Community,550,13 E. North St,1,0,1,39.229351,-84.436767,10,13 E. North Street reading OH US
6367176346,2017-11-02 16:14,https://cincinnati.craigslist.org/apa/d/conveniently-located-in-quiet/6367176346.html,"Conveniently located in a quiet, wooded community",650,"123 East North St., Reading, OH",1,0,1,39.229364,-84.436803,10,11 e. north st. reading OH US
6349542107,2017-11-02 16:13,https://cincinnati.craigslist.org/apa/d/charming-historic-details/6349542107.html,"Charming Historic Details, Luxurious Modern Amenities downtown",1495,204 W. 8th St.,2,1100,2,39.104128,-84.517429,10,
6332355762,2017-11-02 16:13,https://cincinnati.craigslist.org/apa/d/northern-kentucky-2br-5/6332355762.html,Northern Kentucky 2BR 5 minutes from downtown Cincinnati,795,Park Hills,2,0,1,39.073769,-84.528923,15,Parkvale Court at Amsterdam Park Hills OH US
6371170172,2017-11-02 16:12,https://cincinnati.craigslist.org/apa/d/99-deposit-half-off-rent/6371170172.html,$99 DEPOSIT!! HALF OFF RENT!! **,831,Forest Park,1,673,1,39.299844,-84.563047,15,1440 W Kemper Road Cincinnati OH US
6371152798,2017-11-02 16:10,https://cincinnati.craigslist.org/apa/d/beautiful-1-bed-in-the/6371152798.html,Beautiful 1 Bed in the Wallace Woods,545,"Covington, KY",1,500,1,39.065335,-84.498548,10,500 Wallace Ave Covington OH US
6371165745,2017-11-02 16:09,https://cincinnati.craigslist.org/apa/d/dog-walking-services-outdoor/6371165745.html,"Dog-walking services, Outdoor grilling area, Yoga and spin studio",1581,Downtown,1,728,1,39.097025,-84.512748,22,44 W Freedom Way Cincinnati OH US
6371152988,2017-11-02 16:08,https://cincinnati.craigslist.org/apa/d/quiet-street-quiet/6371152988.html,&&&&&&Quiet street & quiet neighborhood close to eve,450,Cincinnati,2,0,2,39.151096,-84.596615,5,3315 Daytona Ave Ohio OH US
6371163252,2017-11-02 16:07,https://cincinnati.craigslist.org/apa/d/university-station-2-bedroom/6371163252.html,University Station: 2 Bedroom Available!,815,"Norwood, OH.",2,898,2,39.148701,-84.470253,10,1725 Cleneay Ave Norwood OH US
6371161807,2017-11-02 16:06,https://cincinnati.craigslist.org/apa/d/university-station-1-bedroom/6371161807.html,University Station: 1 Bedroom Available!,1015,"Norwood, OH.",1,600,1,39.148701,-84.470253,10,1725 Cleneay Ave Norwood OH US
6363525579,2017-11-02 16:06,https://cincinnati.craigslist.org/apa/d/voted-best-2-bedroom-in-mason/6363525579.html,Voted Best 2 Bedroom in Mason! Save $1200! Hurry in! Only 1 Left!,,Mason/Blue Ash/Sycamore,2,1100,2.5,,,,
6363295035,2017-11-02 16:04,https://cincinnati.craigslist.org/apa/d/4-bedroom-2-bath-in-an-hoa/6363295035.html,4 bedroom 2 bath in an HOA community,1790,"Union, KY",4,2300,2.5,38.943500,-84.727400,22,
6371144730,2017-11-02 16:03,https://cincinnati.craigslist.org/apa/d/spacious-2-bd-massive-walk-in/6371144730.html,Spacious 2 BD w/ Massive Walk in Closet - Available NOVEMBER 11,880,Near Mt.Lookout/Hyde Park,2,950,2,39.103817,-84.396333,10,2551 spindlehill dr cincinnati OH US
6371138225,2017-11-02 16:01,https://cincinnati.craigslist.org/apa/d/clifton-2-bedroom-heat/6371138225.html,Clifton! 2 Bedroom  Heat Included!,699,Cincinnati,2,700,1,39.127756,-84.503304,10,2532 Highland Ave Cincinnati OH US
6371142067,2017-11-02 16:01,https://cincinnati.craigslist.org/apa/d/apartments-in-oxford/6371142067.html,Apartments in Oxford,549,1562 Magnolia Dr.,4,1676,4.5,39.490794,-84.719868,5,1562 Magnolia Dr. Oxford OH US
