pid,dt,url,title,price,neighb,beds,sqft,baths,lat,lng,accuracy,address
6371314643,2017-11-02 16:57,https://clarksville.craigslist.org/apa/d/deposit-starts-at-just-99/6371314643.html,Deposit starts at just $99!,684,,2,925,1,36.843221,-87.500367,10,300 Hickory Ridge Circle Hopkinsville TN US
6371298433,2017-11-02 16:52,https://clarksville.craigslist.org/apa/d/need-more-space-move-in-today/6371298433.html,Need more space??? Move in today!,684,,2,925,1,36.843221,-87.500367,10,300 Hickory Ridge Circle Hopkinsville TN US
6371297948,2017-11-02 16:44,https://clarksville.craigslist.org/apa/d/stop-by-today-tour-and-get-in/6371297948.html,STOP BY TODAY! TOUR AND GET IN ON OUR SPECIALS!,684,,2,925,1,36.843221,-87.500367,10,300 Hickory Ridge Circle Hopkinsville TN US
6371297629,2017-11-02 16:43,https://clarksville.craigslist.org/apa/d/we-are-pet-friendly/6371297629.html,We are Pet Friendly!,789,,3,1250,1.5,36.843221,-87.500367,10,300 Hickory Ridge Circle Hopkinsville TN US
6342339808,2017-11-02 16:29,https://clarksville.craigslist.org/apa/d/fang-tastic-location-fang/6342339808.html,Fang-tastic Location! Fang-tastic Prices! Fang-tastic Apartments!,610,Morris Estates,2,960,1,36.828465,-87.480296,10,452 Sivley Rd Hopkinsville TN US
6336425768,2017-11-02 16:28,https://clarksville.craigslist.org/apa/d/spooktacular-savings-at/6336425768.html,Spooktacular Savings at Morris Estates!!!,610,Morris Estates,2,960,1,36.828465,-87.480296,10,452 Sivley Rd Hopkinsville TN US
6336429057,2017-11-02 16:28,https://clarksville.craigslist.org/apa/d/we-have-pumpkin-of-deal/6336429057.html,We have a Pumpkin of a Deal available for you at Morris Estates!!,610,Morris Estates,2,960,1,36.828465,-87.480296,10,452 Sivley Rd Hopkinsville TN US
6335771780,2017-11-02 16:28,https://clarksville.craigslist.org/apa/d/horri-fic-great-boo-ve-in/6335771780.html,Horri-i-fic Great Boo-ve In Specials at Morris Estates,610,Morris Estates,2,960,1,36.828465,-87.480296,10,452 Sivley Rd Hopkinsville TN US
6342316919,2017-11-02 16:28,https://clarksville.craigslist.org/apa/d/carve-out-good-life-at-morris/6342316919.html,"""Carve"" Out a Good Life at Morris Estates",610,Morris Estates,2,960,1,36.828465,-87.480296,10,452 Sivley Rd Hopkinsville TN US
6342314278,2017-11-02 16:27,https://clarksville.craigslist.org/apa/d/abracadabra-presto-chango/6342314278.html,"Abracadabra, Presto-Chango - Service Request Completed just like that!",610,Morris Estates,2,960,1,36.828465,-87.480296,10,452 Sivley Rd Hopkinsville TN US
6335767506,2017-11-02 16:27,https://clarksville.craigslist.org/apa/d/abracadabra-presto-chango/6335767506.html,"Abracadabra, Presto-Chango - Service Request Completed just like that!",610,Morris Estates,2,960,1,36.828465,-87.480296,10,452 Sivley Rd Hopkinsville TN US
6335757924,2017-11-02 16:26,https://clarksville.craigslist.org/apa/d/horri-fic-great-boo-ve-in/6335757924.html,Horri-i-fic Great Boo-ve In Specials at Morris Estates,610,"Hopkinsville, KY",2,960,1,36.828465,-87.480296,10,452 Sivley Rd Hopkinsville TN US
6335756448,2017-11-02 16:26,https://clarksville.craigslist.org/apa/d/hocus-pocus-alakazam-we-have/6335756448.html,Hocus Pocus Alakazam - We have the Apartment you've Wished For!,610,Morris Estates,2,960,1,36.828465,-87.480296,10,452 Sivley Rd Hopkinsville TN US
6335769609,2017-11-02 16:25,https://clarksville.craigslist.org/apa/d/your-savings-will-be/6335769609.html,Your Savings will be Monstrous at Morris Estates!!!,610,Morris Estates,2,960,1,36.828465,-87.480296,10,452 Sivley Rd Hopkinsville TN US
6335760539,2017-11-02 16:25,https://clarksville.craigslist.org/apa/d/youll-fall-in-love-with-your/6335760539.html,You'll Fall in Love with Your New Apartment at Morris Estates!!,610,"Hopkinsville, KY",2,960,1,36.828465,-87.480296,10,452 Sivley Rd Hopkinsville TN US
6335764526,2017-11-02 16:25,https://clarksville.craigslist.org/apa/d/the-savings-at-morris-estates/6335764526.html,The Savings at Morris Estates are Fall-Tastic!!!,610,Morris Estates,2,960,1,36.828465,-87.480296,10,452 Sivley Rd Hopkinsville TN US
6342330499,2017-11-02 16:25,https://clarksville.craigslist.org/apa/d/dont-be-afraid-to-fall-in/6342330499.html,Don't Be Afraid to Fall in Love with Morris Estates!!,610,Morris Estates,2,960,1,36.828465,-87.480296,10,452 Sivley Rd Hopkinsville TN US
6342344802,2017-11-02 16:25,https://clarksville.craigslist.org/apa/d/falling-leaves-falling-prices/6342344802.html,Falling Leaves. . Falling Prices! They're Both Happening at Morris!,610,Morris Estates,2,960,1,36.828465,-87.480296,10,452 Sivley Rd Hopkinsville TN US
6336431976,2017-11-02 16:24,https://clarksville.craigslist.org/apa/d/morris-estates-has-fall/6336431976.html,Morris Estates has Fall-Tastic Move In Specials!!!,610,Morris Estates,2,960,1,36.828465,-87.480296,10,452 Sivley Rd Hopkinsville TN US
6336435248,2017-11-02 16:24,https://clarksville.craigslist.org/apa/d/its-time-to-leave-your-old/6336435248.html,It's Time to Leave Your Old Home Behind & Fall in Love with Morris!!!,610,Morris Estates,2,960,1,36.828465,-87.480296,10,452 Sivley Rd Hopkinsville TN US
6336437660,2017-11-02 16:24,https://clarksville.craigslist.org/apa/d/dont-worry-we-love-your-fur/6336437660.html,Don't Worry We Love Your Fur Babies Too at Morris Estates!!!,610,Morris Estates,2,960,1,36.828465,-87.480296,10,452 Sivley Rd Hopkinsville TN US
6358943089,2017-11-02 16:01,https://clarksville.craigslist.org/apa/d/full-single-family-house/6358943089.html,Full Single Family House   Rent2Own Opportunity,888,1102 S 46th St,3,1290,2,36.522000,-87.349000,22,1102 S 46th Clarksville TN US
