pid,dt,url,title,price,neighb,beds,sqft,baths,lat,lng,accuracy,address
6371078727,2017-11-02 16:58,https://cleveland.craigslist.org/apa/d/3-bed-room-home-aval-for-rent/6371078727.html,♤ 3 Bed Room `home Aval. for rent! ♤,400,cleveland,3,0,2,41.523400,-81.599600,22,
6371184729,2017-11-02 16:58,https://cleveland.craigslist.org/apa/d/beautiful-apartment-available/6371184729.html,BEAUTIFUL APARTMENT AVAILABLE NOW,750,"CLEVELAND, Ohio",3,0,2,41.382600,-81.796400,22,
6371233221,2017-11-02 16:56,https://cleveland.craigslist.org/apa/d/modern-apartment-in-the-heart/6371233221.html,Modern Apartment in The Heart of The Warehouse District!,1413,Downtown Cleveland,1,834,1,41.481600,-81.701800,22,
6352352905,2017-11-02 16:53,https://cleveland.craigslist.org/apa/d/studio-short-leases-available/6352352905.html,STUDIO SHORT LEASES AVAILABLE ALL UTILITIES INCLUDED,595,STEPS TO CLEVELAND STATE UNIVERSITY 2344 PROSPECT,0,0,1,41.500350,-81.672621,10,
6364563399,2017-11-02 16:53,https://cleveland.craigslist.org/apa/d/studio-short-leases-available/6364563399.html,STUDIO SHORT LEASES AVAILABLE ALL UTILITIES INCLUDED,595,STEPS TO CLEVELAND STATE UNIVERSITY 2344 PROSPECT,0,0,1,41.500350,-81.672621,10,
6371228678,2017-11-02 16:53,https://cleveland.craigslist.org/apa/d/dowtown-cleveland-living-in/6371228678.html,Dowtown Cleveland Living in Style at Reserve Square!,1056,Cleveland,1,700,1,41.506400,-81.674300,22,1701 East 12th St Cleveland OH US
6368303245,2017-11-02 16:52,https://cleveland.craigslist.org/apa/d/hey-hey-hey-lets-get-you-into/6368303245.html,"HEY, HEY, HEY! LET'S GET YOU INTO YOUR NEW APARTMENT HOME!!",730,1550W. Royalton Rd,2,713,1,41.313803,-81.691175,10,1550 W. Royalton Rd Broadview Heights OH US
6371220359,2017-11-02 16:51,https://cleveland.craigslist.org/apa/d/seven-hills-luxury-townhome/6371220359.html,Seven Hills Luxury Townhome,1795,Seven Hills,3,1500,2.5,41.404706,-81.681461,5,5845 Crescent Ridge Dr Seven Hills OH US
6371222876,2017-11-02 16:49,https://cleveland.craigslist.org/apa/d/two-bedroom-corner-suite/6371222876.html,Two Bedroom Corner Suite - November Move In - Fall Specials Available!,1344,"Cleveland, Ohio City, Tremont, Lakewood",2,950,2,41.494058,-81.704357,5,1500 Detroit Avenue Cleveland OH US
6367732789,2017-11-02 16:47,https://cleveland.craigslist.org/apa/d/awesome-3beds-1-bath/6367732789.html,AWESOME 3BEDS 1 BATH AVAILABLE NOW,1000,Cleveland,3,1154,1,41.457100,-81.784400,22,10716 Cleveland OH US
6368047204,2017-11-02 16:46,https://cleveland.craigslist.org/apa/d/3-bedroom-full-rehab-in/6368047204.html,3 Bedroom Full Rehab in Cleveland E188,745,,3,1100,1.5,41.470100,-81.523200,22,
6350048326,2017-11-02 16:44,https://cleveland.craigslist.org/apa/d/not-available-by-phone-text/6350048326.html,Not Available By Phone? Text Us-Shaker Heights 1Bed1Bath Awaiting You!,908,"Shaker Heights, Beachwood, Mayfield, Euclid",1,840,1,41.457692,-81.536162,10,3715 Warrensville Center Road Shaker Heights OH US
6349492842,2017-11-02 16:44,https://cleveland.craigslist.org/apa/d/special-offer-shaker-heights/6349492842.html,Special Offer! Shaker Heights - Oliver House 1Bed 1Bath Call Today!,908,"Shaker, Beachwood, Mayfield",1,840,1,41.470100,-81.523200,22,3715 Warrenville Center Road Shaker Heights OH US
6371212755,2017-11-02 16:41,https://cleveland.craigslist.org/apa/d/luxury-warehouse-apartment/6371212755.html,Luxury Warehouse Apartment -- Temp. Low Price!,1599,The New Flats,2,1091,1,41.500492,-81.701856,10,1220 W 9th ST at Main ST Cleveland OH US
6360489056,2017-11-02 16:41,https://cleveland.craigslist.org/apa/d/new-november-specials-3bdrm/6360489056.html,"NEW NOVEMBER SPECIALS! 3BDRM! EUCLID, WILLOUGHBY, MAYFIELD",1114,"Willoughby, Mayfield, Euclid, Wickliffe, Eastlake",3,1300,2,41.582530,-81.486489,10,
6371210226,2017-11-02 16:40,https://cleveland.craigslist.org/apa/d/bedford-heights-trinity/6371210226.html,Bedford Heights - Trinity Towers $299 Deposit,799,Bedford Hts,2,840,1.5,41.409461,-81.498953,15,Rockside Road at Aurora Rd Bedford Heights OH US
6340595141,2017-11-02 16:39,https://cleveland.craigslist.org/apa/d/new-november-specials-100-off/6340595141.html,"NEW NOVEMBER SPECIALS $100 OFF RENT! 2BD 1BTH STEP! EUCLID, WILLOUGHBY",773,"Euclid, Willoughby, Mentor, Mayfield",2,1000,1,41.582530,-81.486489,10,
6345814422,2017-11-02 16:38,https://cleveland.craigslist.org/apa/d/2-bedroom-up-corlett-with/6345814422.html,2 bedroom up corlett with carpet,650,East 118,4,0,1,41.450900,-81.619000,22,East 118 CLEVELAND OH US
6340587899,2017-11-02 16:37,https://cleveland.craigslist.org/apa/d/new-deals-november-specials/6340587899.html,"NEW DEALS, NOVEMBER SPECIALS! 1BDRM! EUCLID, WILLOUGHBY",677,"Euclid, Willoughby, Mentor, Mayfield",1,780,1,41.582530,-81.486489,10,
6343713091,2017-11-02 16:37,https://cleveland.craigslist.org/apa/d/whole-house-available-up-or/6343713091.html,Whole house available up or down,650,FARRINGDON,2,0,1,41.457744,-81.602869,20,FARRINGDON at East 117 CLEVELAND OH US
6353952843,2017-11-02 16:35,https://cleveland.craigslist.org/apa/d/million-dollar-renovations/6353952843.html,"Million Dollar Renovations! 1,2,3 Bedroom Suites Available",630,Richmond hts/highland hts/mayfield,1,630,1,41.561502,-81.530226,20,
6351071423,2017-11-02 16:34,https://cleveland.craigslist.org/apa/d/new-november-specials2-bd-2bh/6351071423.html,"NEW NOVEMBER SPECIALS!2 BD 2BH! AVAILABLE!EUCLID, MAYFIELD, WILLOUGHBY",766,"Euclid, Willoughby, Mentor, Mayfield",2,1000,2,41.582530,-81.486489,10,
6371201581,2017-11-02 16:34,https://cleveland.craigslist.org/apa/d/2-bed-15-bath-townhouse/6371201581.html,2 Bed 1.5 Bath Townhouse Available for Immediate Move! Great Location!,1065,"Mayfield, Lyndhurst, Gates Mills",2,1000,1.5,41.501000,-81.469400,22,
6331586843,2017-11-02 16:33,https://cleveland.craigslist.org/apa/d/2-bedroom-parma/6331586843.html,2 bedroom Parma,750,Off ridge,2,1201,1,41.389700,-81.735100,22,
6343705243,2017-11-02 16:33,https://cleveland.craigslist.org/apa/d/23-bedroom-up-mlk-farringdon/6343705243.html,2&3 bedroom up mlk/Farringdon area Beautiful hardwood floor's,650750,East 118,3,0,1,41.450900,-81.619000,22,East 118 CLEVELAND OH US
6340592108,2017-11-02 16:31,https://cleveland.craigslist.org/apa/d/new-november-specials2-bd-2bh/6340592108.html,"NEW NOVEMBER SPECIALS!2 BD 2BH! AVAILABLE!EUCLID, MAYFIELD, WILLOUGHBY",755,"Euclid, Willoughby, Mentor, Mayfield",2,1000,2,41.582530,-81.486489,10,
6371196668,2017-11-02 16:30,https://cleveland.craigslist.org/apa/d/4-bedroom-plus-2bathroom/6371196668.html,4 bedroom plus 2bathroom close to shaker but in Cleveland,850,,4,0,2,41.471400,-81.583900,22,Barlett at Barlett CLEVELAND OH US
6340608412,2017-11-02 16:29,https://cleveland.craigslist.org/apa/d/new-deals-november-specials/6340608412.html,"NEW DEALS, NOVEMBER SPECIALS! 2BD DELUXE JR. EUCLID, WILLOUGHBY",884,"Euclid, Willoughby, Mentor, Mayfield",2,1000,2,41.582530,-81.486489,10,
6371082452,2017-11-02 16:29,https://cleveland.craigslist.org/apa/d/beautiful-perfectly/6371082452.html,"◒ Beautiful, perfectly reconstructed single family `home for reǹ",400,cleveland,3,0,2,41.523400,-81.599600,22,
6371173087,2017-11-02 16:26,https://cleveland.craigslist.org/apa/d/3-bedroom-house-in-quiet-parma/6371173087.html,3 bedroom house in quiet Parma,985,Off ridge,3,1300,1,41.389700,-81.735100,22,
6368503397,2017-11-02 16:26,https://cleveland.craigslist.org/apa/d/november-specials-2-deluxe/6368503397.html,"NOVEMBER SPECIALS! 2 DELUXE! AVAILABLE! EUCLID, MAYFIELD, WILLOUGHBY",935,"Willoughby, Mayfield, Euclid, Wickliffe, Eastlake",2,1150,2,41.582530,-81.486489,10,
6371186085,2017-11-02 16:23,https://cleveland.craigslist.org/apa/d/3bdrm-house-for-rent/6371186085.html,3BDRM HOUSE FOR RENT,675,LORAIN,3,1360,1,41.457800,-82.171000,22,
6371168523,2017-11-02 16:22,https://cleveland.craigslist.org/apa/d/professional-wrestling/6371168523.html,Professional Wrestling Training,,Cleveland,0,0,shared,,,,
6371183673,2017-11-02 16:21,https://cleveland.craigslist.org/apa/d/the-garfield-lease-lunch-event/6371183673.html,THE GARFIELD LEASE & LUNCH EVENT!!!!,1095,Cleveland,0,0,,41.500119,-81.689354,10,1965 E. 6th Street at Euclid Cleveland OH US
6368508227,2017-11-02 16:21,https://cleveland.craigslist.org/apa/d/new-november-special-2bd-1bh/6368508227.html,"NEW NOVEMBER SPECIAL! 2BD 1BH! AVAILABLE! EUCLID, MAYFIELD, WILLOUGHBY",866,"Willoughby, Mayfield, Euclid, Wickliffe, Eastlake",2,1000,1,41.582530,-81.486489,10,
6371163570,2017-11-02 16:21,https://cleveland.craigslist.org/apa/d/parma-3-bedroom/6371163570.html,Parma 3 bedroom,985,Off Ridge,3,1300,1,41.389700,-81.735100,22,
6371169831,2017-11-02 16:20,https://cleveland.craigslist.org/apa/d/apply-today-to-receive-free/6371169831.html,"Apply Today to receive a FREE 32' Flat Screen TV, Tablet or Microwave!",750,1885 Taylor Rd,2,700,1,41.535600,-81.573700,22,"1885, Taylor Rd East Cleveland OH US"
6371088659,2017-11-02 16:18,https://cleveland.craigslist.org/apa/d/johnson-st-3-bedroom-2-bath/6371088659.html,&&&&& Johnson St 3 bedroom 2 bath house for rent.,500,cleveland,2,1200,2,41.523400,-81.599600,22,
6371177999,2017-11-02 16:18,https://cleveland.craigslist.org/apa/d/shaker-hts-2bd-room-for-rent/6371177999.html,shaker hts 2bd room for rent,750,shaker hts,2,1200,1,41.471400,-81.583900,0,
6331553517,2017-11-02 16:17,https://cleveland.craigslist.org/apa/d/independence-ohio-schools/6331553517.html,Independence Ohio Schools,1300,Independence,3,16340,1,41.380900,-81.664200,22,
6371164169,2017-11-02 16:17,https://cleveland.craigslist.org/apa/d/parma/6371164169.html,ParmA,985,Spring garden,3,1300,1,41.389700,-81.735100,22,
6358775592,2017-11-02 16:16,https://cleveland.craigslist.org/apa/d/shaker-3-bed-rm-office-2-full/6358775592.html,"Shaker, 3 Bed rm + Office, 2 Full Baths, Oak Floors, New Paint, Wins-2",995,Shaker Heights,3,0,2,41.465445,-81.555690,10,17624 Winslow Shaker Heights OH US
6371163467,2017-11-02 16:14,https://cleveland.craigslist.org/apa/d/its-not-myth-the-remodeled/6371163467.html,It's not a myth the remodeled units at 444 Park are AMAZING!!,725,,0,0,,41.559200,-81.482800,22,
6348076562,2017-11-02 16:11,https://cleveland.craigslist.org/apa/d/amazing-upgraded-3-bed-close/6348076562.html,** AMAZING UPGRADED 3 Bed Close To Community CENTER=}},400,**CERAMIC TILE FLOOR}},3,1200,2,41.473500,-81.739800,22,
6343112277,2017-11-02 16:11,https://cleveland.craigslist.org/apa/d/amazing-upgraded-3-bed-close/6343112277.html,** AMAZING UPGRADED 3 Bed Close To Community CENTER=}},400,**CERAMIC TILE FLOOR}},3,1200,2,41.473500,-81.739800,22,
6348077136,2017-11-02 16:11,https://cleveland.craigslist.org/apa/d/amazing-upgraded-3-bed-close/6348077136.html,** AMAZING UPGRADED 3 Bed Close To Community CENTER=}},400,**CERAMIC TILE FLOOR}},3,1200,2,41.473500,-81.739800,22,
6371158537,2017-11-02 16:11,https://cleveland.craigslist.org/apa/d/move-in-ready-1-bedroom/6371158537.html,Move In Ready 1 Bedroom Apartment!  Free Months Rent $$,600,Parma,1,0,1,41.382600,-81.796400,22,
6371167465,2017-11-02 16:10,https://cleveland.craigslist.org/apa/d/4925-banbury-ct-11/6371167465.html,"4925 Banbury Ct - #11/D, Warrensville Hts - 2 bed 1.5 bath condo",695,"Warrensville Heights, OH",2,0,1.5,41.441600,-81.548600,22,
6371165141,2017-11-02 16:09,https://cleveland.craigslist.org/apa/d/parma-3-bedroom/6371165141.html,Parma 3 bedroom,985,Off Ridge,3,1300,1,41.389700,-81.735100,22,
6366564156,2017-11-02 16:08,https://cleveland.craigslist.org/apa/d/renttoown-goodbedroom-house/6366564156.html,☏ =renttoown= good 2-3-4-5 bedroom HOUSE! Aval/ T-O-DAY! ☏,400,cleveland,3,0,2,41.523400,-81.599600,22,
6371162626,2017-11-02 16:07,https://cleveland.craigslist.org/apa/d/immediate-occupancy-available/6371162626.html,IMMEDIATE OCCUPANCY AVAILABLE IN THE COVENTRY AREA!!,715,1502 Coventry Rd,2,700,1,41.515794,-81.616747,10,"1502, Coventry Rd East Cleveland OH US"
6371161270,2017-11-02 16:06,https://cleveland.craigslist.org/apa/d/9211-highland-garfield-hts-3/6371161270.html,"9211 S Highland, Garfield Hts - 3 bed 1 bath bungalow home!",875,"Garfield Heights, OH",3,0,1,41.433500,-81.632300,22,
6371088637,2017-11-02 16:05,https://cleveland.craigslist.org/apa/d/johnson-st-3-bedroom-2-bath/6371088637.html,&&&&& Johnson St 3 bedroom 2 bath house for rent.,500,cleveland,3,1200,2,41.523400,-81.599600,22,
6371158727,2017-11-02 16:04,https://cleveland.craigslist.org/apa/d/full-size-washer-and-dryer-in/6371158727.html,Full Size Washer and Dryer in Your Apartment!,1045,619 Park Hill Drive,2,1163,2,41.115767,-81.614857,5,619 Park Hill Drive Fairlawn OH US
6371158051,2017-11-02 16:04,https://cleveland.craigslist.org/apa/d/enjoy-our-fantastic-location/6371158051.html,Enjoy our fantastic location- Valley York Apartments,670,,2,805,1,,,,
