pid,dt,url,title,price,neighb,beds,sqft,baths,lat,lng,accuracy,address
6360329287,2017-11-02 17:00,https://cnj.craigslist.org/apa/d/great-location-dont-miss-this/6360329287.html,Great Location! Don't MISS this 2 Bdrm TOWNHOME in Lakewood! (OPV),1375,"Lakewood, NJ",2,1060,1.5,40.086606,-74.174946,20,Fountain Drive at Pinehurst Drive Lakewood NJ US
6360330534,2017-11-02 16:59,https://cnj.craigslist.org/apa/d/locationlocationlocation/6360330534.html,Location~Location~Location!! Spacious TOWNHOME / Great PRICE! (OPV),1375,"Lakewood, NJ",2,1060,1.5,,,,
6360328404,2017-11-02 16:58,https://cnj.craigslist.org/apa/d/hurry-home-to-this-spacious-2/6360328404.html,Hurry Home to this Spacious 2 Bdrm TOWNHOME in Lakewood! (OPV),1375,"Lakewood, NJ",2,1060,1.5,40.086606,-74.174946,20,Fountain Drive at Pinehurst Drive Lakewood NJ US
6371202633,2017-11-02 16:57,https://cnj.craigslist.org/apa/d/private-owner-currently-2-6/6371202633.html,PRIVATE OWNER CURRENTLY 2-6 BEDROOM UNITS AVAIL IN NORTHUMBERLAND CTY,595,PETS OK-GARAGE-LRG YARD-FREE RENT,6,0,2,,,,
6371225258,2017-11-02 16:57,https://cnj.craigslist.org/apa/d/beautiful-clean-apartment-2/6371225258.html,BEAUTIFUL CLEAN APARTMENT 2 BEDROOMS,1300,south amboy nj,2,0,1,,,,
6360346280,2017-11-02 16:53,https://cnj.craigslist.org/apa/d/save-2000-and-get-flat-screen/6360346280.html,Save $2000 and get a Flat Screen TV ~ 2 Bdrm Apartment in Ewing NJ,1475,"Ewing, Hamilton, Lawrenceville",2,1075,1,40.255523,-74.792707,0,
6371227700,2017-11-02 16:52,https://cnj.craigslist.org/apa/d/metropolitan-doylestown/6371227700.html,Metropolitan Doylestown apartment for Rent,1195,Doylestown Borough,1,748,1,40.305400,-75.148900,22,303 W. State Street Doylestown NJ US
6371226707,2017-11-02 16:51,https://cnj.craigslist.org/apa/d/excellent-neighborhood-clean/6371226707.html,EXCELLENT  NEIGHBORHOOD CLEAN APARTMENT 2 BEDROOMS,1300,south amboy nj,2,0,1,,,,
6371226210,2017-11-02 16:51,https://cnj.craigslist.org/apa/d/great-location-clean/6371226210.html,GREAT LOCATION   CLEAN APARTMENT 2 BEDROOMS,1300,south amboy nj,2,0,1,,,,
6371225721,2017-11-02 16:51,https://cnj.craigslist.org/apa/d/spacious-beautiful-2-bedroom/6371225721.html,SPACIOUS BEAUTIFUL 2 BEDROOM  APARTMENT,1300,south amboy nj,2,0,1,,,,
6371224752,2017-11-02 16:50,https://cnj.craigslist.org/apa/d/commuters-dream-2-bedrooms/6371224752.html,COMMUTERS  DREAM !!!   2 BEDROOMS,1300,south amboy nj,2,0,1,,,,
6371220873,2017-11-02 16:47,https://cnj.craigslist.org/apa/d/we-offer-specials-right-by/6371220873.html,WE OFFER SPECIALS- RIGHT BY NEW BRUNSWICK TRAIN STATION 7 rwj,2320,New Brunswick,2,1152,2,40.489100,-74.448200,22,110 Somerset St 1407 New Brunswick NJ US
6352221425,2017-11-02 16:42,https://cnj.craigslist.org/apa/d/1-bed-extra-large-top-of-line/6352221425.html,1 Bed! Extra Large! Top of Line! (NO FEE/FREE RENT/NO DEPOSIT),1450,Bound Brook,1,0,1,40.561483,-74.528286,10,532 E. Main Street Bound Brook NJ US
6358026349,2017-11-02 16:42,https://cnj.craigslist.org/apa/d/apartamentos-bonitos/6358026349.html,*****APARTAMENTOS BONITOS &ESPACIOSIOS EN BUENA AREA*****,775,1006 s main st,1,0,1,39.387600,-74.514900,22,1006 s main t pleasantvill NJ US
6371158496,2017-11-02 16:40,https://cnj.craigslist.org/apa/d/79-linden-lnprinceton-uu/6371158496.html,"++79 Linden Ln,Princeton, %u%u",1315,central NJ,3,0,1.5,,,,
6371203153,2017-11-02 16:35,https://cnj.craigslist.org/apa/d/3-bedroom-condo-townhouse-for/6371203153.html,"3 Bedroom Condo/Townhouse for rent in Village Pointe $2,350 per month",2350,Edison NJ,3,1587,2.5,40.578000,-74.358900,22,
6371202974,2017-11-02 16:35,https://cnj.craigslist.org/apa/d/priced-and-available-to-move/6371202974.html,Priced and Available to Move TODAY!!!,1379,,2,0,1,39.434704,-76.798713,15,Richmar Rd at Reisterstown Road Owings Mills NJ US
6371181584,2017-11-02 16:29,https://cnj.craigslist.org/apa/d/newly-renovated-no-security/6371181584.html,Newly Renovated- No Security Deposit,1675,Woodbridge,1,762,1,40.539300,-74.311700,22,
6371193086,2017-11-02 16:28,https://cnj.craigslist.org/apa/d/brand-new-luxury-homes-in/6371193086.html,BRAND NEW LUXURY HOMES IN SOUTH AMBOY,2165,,2,1200,2.5,40.464000,-74.274200,22,244 John T. O'Leary Blvd South Amboy NJ US
6371192369,2017-11-02 16:27,https://cnj.craigslist.org/apa/d/condo-yearly-rental-new-pool/6371192369.html,CONDO (YEARLY RENTAL) - NEW POOL (Amazing $),1525,Point pleasant beach,0,0,,40.077530,-74.043581,5,320 Maryland Avenue Point Pleasant Beach NJ US
6344526760,2017-11-02 16:26,https://cnj.craigslist.org/apa/d/3-bedroom-2-bath-home-along/6344526760.html,- 3 Bedroom 2 Bath Home along river,500,central,3,1200,2,40.732800,-74.075500,22,
6344526797,2017-11-02 16:26,https://cnj.craigslist.org/apa/d/3-bedroom-2-bath-home-along/6344526797.html,- 3 Bedroom 2 Bath Home along river,500,central,3,1200,2,40.732800,-74.075500,22,
6371158609,2017-11-02 16:24,https://cnj.craigslist.org/apa/d/79-linden-lnprinceton/6371158609.html,"~~ 79 Linden Ln,Princeton, @~@",1315,central NJ,3,0,1.5,40.366600,-74.640800,22,
6361510452,2017-11-02 16:20,https://cnj.craigslist.org/apa/d/cozy-1-bedroom-in-beautiful/6361510452.html,Cozy 1 bedroom in beautiful building,950,ewing,0,0,,40.247040,-74.774580,5,North olden at Pennington Ewing NJ US
6371178184,2017-11-02 16:18,https://cnj.craigslist.org/apa/d/spacious-one-bedroom-with-den/6371178184.html,$1995.00 Spacious One Bedroom with a Den! The Union at Lyndhurst,1995,Lyndhurst,1,800,1,40.805431,-74.098065,10,1301 Wall St. W. Lyndhurst NJ US
6371165146,2017-11-02 16:09,https://cnj.craigslist.org/apa/d/welcome-home-to-your-luxury/6371165146.html,Welcome home to your luxury apartment!,1812,aberdeen,1,1070,1,40.410900,-74.238000,22,
6371162217,2017-11-02 16:06,https://cnj.craigslist.org/apa/d/151-liddle-ave-edison-adult/6371162217.html,"151 Liddle Ave, Edison - Adult 55+ Community- 1 Bedroom, 1 Full Bath",1025,"151 Liddle Ave, Edison, NJ",1,0,1,40.529335,-74.336954,20,151 Liddle Ave EDISON NJ US
