pid,dt,url,title,price,neighb,beds,sqft,baths,lat,lng,accuracy,address
6371308937,2017-11-02 17:00,https://collegestation.craigslist.org/apa/d/university-trails-apt-sub/6371308937.html,University Trails Apt (Sub Leasing!!),479,"College Station, Tx",2,0,2,30.593045,-96.343133,10,1101 Luther St W College Station TX US
6368678222,2017-11-02 17:00,https://collegestation.craigslist.org/apa/d/newly-renovated-apts-with/6368678222.html,Newly Renovated Apts with Washer/Dryer in Unit!,699,College Station,1,490,1,30.595587,-96.338253,5,800 Marion Pugh Dr.  TX US
6359426396,2017-11-02 16:59,https://collegestation.craigslist.org/apa/d/tour-today-and-get-entered-to/6359426396.html,TOUR TODAY AND GET ENTERED TO WIN $1000 GIFT CARD,699,,1,490,1,30.604500,-96.312300,22,Marion Pugh at Holleman College Station TX US
6368616482,2017-11-02 16:59,https://collegestation.craigslist.org/apa/d/2x2-december-some-bills-paid/6368616482.html,2x2 December! Some Bills Paid! No App & Move In Month's Rent!,799,Renaissance Park,2,900,2,30.594717,-96.324468,10,603 Southwest Parkway College Station TX US
6354276747,2017-11-02 16:58,https://collegestation.craigslist.org/apa/d/renovated-apt-in-unit-washer/6354276747.html,Renovated Apt + In-Unit Washer/Dryer!,524,,2,875,2,30.626936,-96.328146,10,313 Lincoln Ave College Station TX US
6359577106,2017-11-02 16:58,https://collegestation.craigslist.org/apa/d/bike-to-class-renovated-aptsw/6359577106.html,Bike to Class! Renovated Aptsw/ In-Unit Washer/Dryer!,524,,0,0,,30.626936,-96.328146,10,313 Lincoln Avenue College Station TX US
6371315914,2017-11-02 16:58,https://collegestation.craigslist.org/apa/d/great-private-bedrooms-with/6371315914.html,Great Private bedrooms with walk-in closet and fully furnished!,445,Gateway College Station,3,0,3,30.595602,-96.334052,10,117 Holleman Dr W College Station TX US
6354308763,2017-11-02 16:58,https://collegestation.craigslist.org/apa/d/perfect-for-international/6354308763.html,Perfect for International Students -Affordable 1BR & 2BR Apts,524,,0,875,,30.626936,-96.328146,10,313 Lincoln Ave College Station TX US
6354248334,2017-11-02 16:49,https://collegestation.craigslist.org/apa/d/roommate-matching-available/6354248334.html,Roommate Matching Available on 2BR Apts!,479,,2,854,2,30.637764,-96.328435,10,801 Spring Loop College Station TX US
6354237749,2017-11-02 16:41,https://collegestation.craigslist.org/apa/d/renovated-2brs-starting-at/6354237749.html,Renovated 2BR's starting at $459 @ Laurel Ridge,459,,2,1042,0,30.637764,-96.328435,10,801 Spring Loop College Station TX US
6371293723,2017-11-02 16:40,https://collegestation.craigslist.org/apa/d/lease-today-at-santa-fe/6371293723.html,Lease Today at Santa Fe!,609,,0,409,1,30.707349,-95.549195,10,2452 Lake Rd Huntsville TX US
6371250913,2017-11-02 16:16,https://collegestation.craigslist.org/apa/d/lavish-living-here-at-parkway/6371250913.html,Lavish Living Here at Parkway,655,College Station,4,0,4,30.585832,-96.342904,20,1350 Harvey Mitchell Parkway College Station TX US
6362078999,2017-11-02 16:15,https://collegestation.craigslist.org/apa/d/renovated-apts-walk-in-closet/6362078999.html,Renovated Apts w/ Walk-In Closet & Washer/Dryer!,444,801 SPRING LOOP,2,801,1.5,30.637764,-96.328435,10,801 Spring Loop College Station TX US
6371106785,2017-11-02 16:12,https://collegestation.craigslist.org/apa/d/3-bdrm-home-aval-for-re/6371106785.html,♮ 3 Bdrm 'home Aval. for reǹť! ♮,400,collegestation,3,0,2,30.604500,-96.312300,22,
6371110590,2017-11-02 16:11,https://collegestation.craigslist.org/apa/d/second-chance-3-bed-room/6371110590.html,♎ Second Chance! 3 Bed Room Beautiful Low-cost Spacey House!!!! ♎,400,collegestation,3,0,2,30.604500,-96.312300,22,
6371245691,2017-11-02 16:05,https://collegestation.craigslist.org/apa/d/immediate-move-in-available/6371245691.html,IMMEDIATE MOVE IN AVAILABLE @ THE ENCLAVE IN COLLEGE STATION,849,1800 Holleman Dr,1,550,1,30.612202,-96.317530,10,1800 Holleman Dr College Station TX US
