pid,dt,url,title,price,neighb,beds,sqft,baths,lat,lng,accuracy,address
6371237946,2017-11-02 16:59,https://columbia.craigslist.org/apa/d/sweet-southern-living/6371237946.html,Sweet Southern Living,733,841 Frenwood Lane,3,0,1,34.241635,-80.670953,20,frenwood lane lugoff SC US
6346147313,2017-11-02 16:55,https://columbia.craigslist.org/apa/d/special-move-in-byapt-236/6346147313.html,Special Move In by 11/13 (Apt 236) Quality & Location,775,Columbia,2,1162,2.5,,,,
6371228386,2017-11-02 16:52,https://columbia.craigslist.org/apa/d/1-bedroom-loft-townhome-only/6371228386.html,1 Bedroom Loft Townhome-ONLY 1 MORE AVAILABLE-MOVE IN TODAY,725,"3500 Fernandina Road, Columbia, SC",1,925,1.5,34.048494,-81.121497,20,Fernandina Road at St. Andrews Road Columbia SC US
6371227329,2017-11-02 16:52,https://columbia.craigslist.org/apa/d/dont-wait-apply-now/6371227329.html,DON'T WAIT! APPLY NOW!,856,,2,950,2,33.965900,-80.935500,22,
6371227249,2017-11-02 16:52,https://columbia.craigslist.org/apa/d/do-not-put-off-til-tomorrow/6371227249.html,DO NOT PUT OFF TIL TOMORROW WHAT CAN BE DONE TODAY...APPLY NOW,826,,1,685,1,33.965900,-80.935500,22,
6371227269,2017-11-02 16:52,https://columbia.craigslist.org/apa/d/now-leasing-look-and-lease/6371227269.html,NOW LEASING **** LOOK AND LEASE *** MOVE IN TODAY ***,856,,2,950,2,33.965900,-80.935500,22,
6371219470,2017-11-02 16:51,https://columbia.craigslist.org/apa/d/great-prices-in-great/6371219470.html,Great prices in great areas....Check out these Northeast Cola Deals!!!,1150,Northeast Columbia/Forest Acres,4,0,2.5,34.085300,-80.916700,22,
6371206135,2017-11-02 16:45,https://columbia.craigslist.org/apa/d/larger-homes-downtown/6371206135.html,Larger homes downtown....,1000,Rosewood/Shandon/USC,4,0,2,33.990300,-80.999700,22,
6371214811,2017-11-02 16:43,https://columbia.craigslist.org/apa/d/1-bedroom-large-garden-move/6371214811.html,1 Bedroom Large Garden-Move in today-$200 Off,719,"3500 Fernandina Road, Columbia, SC",1,975,1.5,34.048494,-81.121497,20,Fernandina Road at St. Andrews Road Columbia SC US
6371209990,2017-11-02 16:40,https://columbia.craigslist.org/apa/d/reduced-pricing-and-specials/6371209990.html,Reduced Pricing and Specials. Call us Today!,1180,,1,833,1,34.087392,-81.148392,10,356 Lake Murray Boulevard Irmo SC US
6371203279,2017-11-02 16:35,https://columbia.craigslist.org/apa/d/1-bedroom-available-move-in/6371203279.html,1 Bedroom Available-MOVE IN TODAY,665,"3500 Fernandina Road, Columbia, SC",1,850,1,34.048494,-81.121497,20,Fernandina Road at St. Andrews Road Columbia SC US
6371199914,2017-11-02 16:33,https://columbia.craigslist.org/apa/d/discounted-price-the-bluff/6371199914.html,DISCOUNTED PRICE! The Bluff - The Reserve at Lake Carolina,850,Columbia,2,1169,2,34.138800,-80.889200,22,4920 Hardscrabble Rd Columbia SC US
6371199627,2017-11-02 16:32,https://columbia.craigslist.org/apa/d/discounted-price-the/6371199627.html,DISCOUNTED PRICE! The Reservoir - The Reserve at Lake Carolina,900,Columbia,2,1183,2,34.138800,-80.889200,22,4920 Hardscrabble Rd Columbia SC US
6371182881,2017-11-02 16:28,https://columbia.craigslist.org/apa/d/pool-air-conditioner-fitness/6371182881.html,"Pool, Air Conditioner, Fitness Center",884,"1510 Saint Andrews Rd., Columbia, SC 29210",3,1196,2.5,34.045006,-81.116784,5,1510 Saint Andrews Rd.Â  Columbia SC US
6371182032,2017-11-02 16:27,https://columbia.craigslist.org/apa/d/large-3-bedroom-2-bath/6371182032.html,Large 3 bedroom 2 bath doublewide Moble Home for rent $795.00,795,florence,0,0,,34.300300,-79.873200,22,
6371183726,2017-11-02 16:22,https://columbia.craigslist.org/apa/d/fenced-in-spacious-house-with/6371183726.html,Fenced in/Spacious House with bonus workshop/USC/Midlands Tech,895,3310 brookwood ct,3,1250,1,34.026000,-81.004600,22,
6371179771,2017-11-02 16:19,https://columbia.craigslist.org/apa/d/student-discount-at-the-grove/6371179771.html,Student Discount at The Grove!!,625,"716 Zimalcrest Dr, Columbia, SC 29210",1,605,1,34.043382,-81.108421,5,716 Zimalcrest Dr Columbia SC US
6371173343,2017-11-02 16:14,https://columbia.craigslist.org/apa/d/live-outside-the-lines/6371173343.html,Live Outside The Lines!,610,Cayce,1,750,1,,,,
6371155851,2017-11-02 16:12,https://columbia.craigslist.org/apa/d/great-deals-in-lexington/6371155851.html,GREAT deals in Lexington!,995,Lexington,3,0,2,33.972400,-81.235900,22,
6345740428,2017-11-02 16:11,https://columbia.craigslist.org/apa/d/move-in-now-300-off-december/6345740428.html,MOVE IN NOW-$300 OFF DECEMBER RENT,995,West Columbia2,2,1292,2.5,33.928281,-81.085668,5,2490 Fish Hatchery Road West Columbia SC US
6371158301,2017-11-02 16:09,https://columbia.craigslist.org/apa/d/on-site-maintenance-high/6371158301.html,"On-Site Maintenance, High Speed Internet Access, Fitness Center",908,"1000 Bentley Court, Columbia, SC 29210",3,1266,2,34.030081,-81.074738,5,1000 Bentley CourtÂ  Columbia SC US
6343621242,2017-11-02 16:08,https://columbia.craigslist.org/apa/d/move-in-now-300-off-december/6343621242.html,MOVE IN NOW-$300 OFF DECEMBER RENT,995,West Columbia,0,1292,2.5,33.928406,-81.085571,5,2490 Fish Hatchery Road West Columbia SC US
6371150231,2017-11-02 16:05,https://columbia.craigslist.org/apa/d/get-more-house-for-your-money/6371150231.html,Get more house for your money!,780,West Columbia/Cayce,3,0,2,33.995000,-81.088800,22,
6371144695,2017-11-02 16:01,https://columbia.craigslist.org/apa/d/you-can-afford-to-live-in-irmo/6371144695.html,You CAN afford to live in Irmo!!!,1000,Irmo/St. Andrews,4,0,2,34.047900,-81.110100,22,
