pid,dt,url,title,price,neighb,beds,sqft,baths,lat,lng,accuracy,address
6371222242,2017-11-02 17:00,https://columbus.craigslist.org/apa/d/24-hr-gym-beautiful-faux-wood/6371222242.html,24 HR GYM! Beautiful Faux Wood Floors!,865,"6340 Saddler Way, Canal Winchester, OH 43110",2,1000,1,39.834900,-82.804400,5,6340 Saddler Way Canal Winchester OH US
6371238067,2017-11-02 16:59,https://columbus.craigslist.org/apa/d/1356-northport-dr-4br-3bath/6371238067.html,1356 Northport Dr. 4br/3bath av-Now,1495,columbus,4,0,3,40.070704,-83.054424,10,1356 Northport Dr columbus OH US
6371231465,2017-11-02 16:55,https://columbus.craigslist.org/apa/d/move-in-today-and-get-free/6371231465.html,Move in today and get FREE rent until January 1st!,1525,New Albany,2,1350,2.5,40.103565,-82.826297,20,5704 New Albany Rd West New Albany OH US
6371230768,2017-11-02 16:54,https://columbus.craigslist.org/apa/d/westerville-park-apartments/6371230768.html,WESTERVILLE PARK APARTMENTS Completely Renovated-Move In Now!!!!!!,875,Westerville Schools,2,800,1,40.081000,-82.938300,22,4565 Northland Sq Dr East Columbus OH US
6371219051,2017-11-02 16:54,https://columbus.craigslist.org/apa/d/lease-today-recieve-special/6371219051.html,Lease Today & Recieve A Special Bonus!,900,"Reynoldsburg, OH",2,987,1.5,39.929566,-82.807645,10,2800 John Steven Way Reynoldsburg OH US
6371229485,2017-11-02 16:53,https://columbus.craigslist.org/apa/d/spacious-2-bedroom-in/6371229485.html,Spacious 2 Bedroom in Exquisite Grandview Location! Only 1 Left!,,Grandview,2,0,2,39.989520,-83.076259,20,2550 Quarry Lake Dr. Columbus OH US
6371228908,2017-11-02 16:53,https://columbus.craigslist.org/apa/d/start-the-fall-season-off/6371228908.html,Start the Fall Season off Right with a New Home!,1359,5730 Silver Falls Street,2,1133,2,,,,
6371228651,2017-11-02 16:53,https://columbus.craigslist.org/apa/d/spacious-1-bedroom-with/6371228651.html,Spacious 1 Bedroom with Fireplace in New Albany! Only 1 Left!,829,Westerville,1,0,1,40.083330,-82.870276,10,5191 Fairway Lakes Drive Westerville OH US
6371228277,2017-11-02 16:52,https://columbus.craigslist.org/apa/d/relax-in-front-of-your-new/6371228277.html,Relax in Front of Your New Fireplace!,900,"6340 Saddler Way, Canal Winchester, OH 43110",2,955,1.5,39.834900,-82.804400,5,6340 Saddler Way Canal Winchester OH US
6371226150,2017-11-02 16:51,https://columbus.craigslist.org/apa/d/fall-in-love-with-annhurst/6371226150.html,Fall in Love with Annhurst Apartments- OPEN HOUSE 11/19,599,Annhurst Apartments,0,300,1,40.076719,-82.891789,10,4957 Clancy Ct Gahanna OH US
6344894072,2017-11-02 16:51,https://columbus.craigslist.org/apa/d/1st-month-freecrosskey/6344894072.html,1ST MONTH FREE!!!!!CROSSKEY APARTMENTS!!!!,499,5020 chatterton rd #5,1,595,1,39.923000,-82.866400,22,5020 chaterton rd columbus OH US
6371208683,2017-11-02 16:51,https://columbus.craigslist.org/apa/d/open-house-at-calebs-creek-50/6371208683.html,OPEN HOUSE at Caleb's Creek! 50% off of ALL costs! This Saturday ONLY!,1005,Westerville,2,933,2,40.114600,-82.910500,22,6300 Calebs Creek Way Westerville OH US
6351380750,2017-11-02 16:49,https://columbus.craigslist.org/apa/d/first-month-rent-free/6351380750.html,FIRST MONTH RENT FREE!,499,5020 CHATTERTON RD APT 5,1,595,1,39.923000,-82.866400,22,5020 CHATTERTON RD APT 5 COLUMBUS OH US
6355200873,2017-11-02 16:49,https://columbus.craigslist.org/apa/d/brand-new-no-stairs-2-car/6355200873.html,BRAND NEW ~ NO STAIRS ~ 2 CAR GARAGE ~ RENT SPECIALS!!!,1649,"New Albany, OH",2,1326,2,40.102629,-82.804127,7,
6344722755,2017-11-02 16:48,https://columbus.craigslist.org/apa/d/1st-month-freecrosskey/6344722755.html,1ST MONTH FREE!!!!!CROSSKEY APARTMENTS!!!!,499,5020 chatterton rd #5,1,595,1,39.923000,-82.866400,22,5020 chaterton rd columbus OH US
6338892066,2017-11-02 16:48,https://columbus.craigslist.org/apa/d/336-meadowside-ct-gahanna-3br/6338892066.html,336 Meadowside Ct Gahanna 3br/2.5b  *NON SMOKING*,1465,columbus,3,0,2.5,40.052955,-82.887345,10,336 Meadowside Ct Gahanna OH US
6371221765,2017-11-02 16:48,https://columbus.craigslist.org/apa/d/beautiful-westerville/6371221765.html,"֍ Beautiful Westerville apartments, Dishwasher, Central Air/Heating",884,"Westerville, Gahanna, New Albany",1,874,1,40.087892,-82.876251,5,5450 Firewater Lane Westerville OH US
6371220505,2017-11-02 16:47,https://columbus.craigslist.org/apa/d/trendy-2-bedroom-2-miles-to/6371220505.html,Trendy 2 Bedroom! 2 Miles to Olentangy Plaza! Save $1200 Today Only!,,Columbus,2,0,2,40.049500,-83.066900,22,5399 Coachman Rd  OH US
6351283363,2017-11-02 16:46,https://columbus.craigslist.org/apa/d/1st-month-freecrosskey/6351283363.html,1ST MONTH FREE!!!!!CROSSKEY APARTMENTS!!!!,499,5020 chatterton rd #5,1,595,1,39.923000,-82.866400,22,5020 chaterton rd columbus OH US
6344331498,2017-11-02 16:46,https://columbus.craigslist.org/apa/d/1st-month-freecrosskey/6344331498.html,1ST MONTH FREE!!!!!CROSSKEY APARTMENTS!!!!,499,5020 chatterton rd #5,1,595,1,39.923000,-82.866400,22,5020 chaterton rd columbus OH US
6344881522,2017-11-02 16:46,https://columbus.craigslist.org/apa/d/1st-month-freecrosskey/6344881522.html,1ST MONTH FREE!!!!!CROSSKEY APARTMENTS!!!!,499,5020 chatterton rd #5,1,595,1,39.923000,-82.866400,22,5020 chaterton rd columbus OH US
6371218718,2017-11-02 16:46,https://columbus.craigslist.org/apa/d/current-future-osu-students/6371218718.html,"Current & Future OSU students - get off campus!  COTA access, w/d incl",1268,Columbus/OSU/Upper Arlington,2,1053,2,40.052528,-83.042256,15,DeSantis Ct. at Henderson Rd. Columbus OH US
6353940994,2017-11-02 16:46,https://columbus.craigslist.org/apa/d/2-br-apartment-victorian/6353940994.html,2 BR apartment Victorian Village near Short North. Available NOW!,1100,1358 Dennison,2,0,1,39.989747,-83.007889,5,Dennison at King Columbus OH US
6353938913,2017-11-02 16:45,https://columbus.craigslist.org/apa/d/victorian-village-single/6353938913.html,"Victorian Village Single Family House!  Beautiful Yard, 2 car garage!",3000,836 Park St,4,0,3,39.979110,-83.005443,5,Park St at Hubbard Columbus OH US
6360277544,2017-11-02 16:45,https://columbus.craigslist.org/apa/d/amazing-location-get-out-of/6360277544.html,Amazing location... get out of the city.,499,Chatterton,1,595,1,39.915396,-82.861250,10,5020 Chatterton Rd Columbus OH US
6346222882,2017-11-02 16:45,https://columbus.craigslist.org/apa/d/renovated-north-campus-osu/6346222882.html,"RENOVATED NORTH CAMPUS OSU SINGLE FAMILY HOUSE, AVAIL NOW!",1000,2490 Adams,3,0,1,40.013778,-83.006558,5,Adams at E Tompkins Columbus OH US
6371218071,2017-11-02 16:45,https://columbus.craigslist.org/apa/d/fall-for-your-huge-1-bedroom/6371218071.html,"Fall For Your Huge 1 Bedroom in New Albany! Was $1049, Now $949!",949,New Albany/Columbus/Gahanna/Westerville,1,0,1,40.074920,-82.863678,10,4701 Rexwood Drive Columbus OH US
6353995162,2017-11-02 16:45,https://columbus.craigslist.org/apa/d/1080-lincoln-rd-3br-15b/6353995162.html,1080 Lincoln Rd 3br/1.5b Single Family NON SMOKING Grandview Schools,2495,columbus,3,0,1.5,39.978906,-83.056516,10,1080 Lincoln Rd columbus OH US
6352731215,2017-11-02 16:45,https://columbus.craigslist.org/apa/d/victorian-village-short-north/6352731215.html,Victorian Village / Short North Modern Apartment w 2-Car Garage!,3000,241 Collins Ave,3,0,2,39.975969,-83.009498,5,Collins Ave at Dennison Columbus OH US
6351540519,2017-11-02 16:44,https://columbus.craigslist.org/apa/d/victorian-village-short-north/6351540519.html,Victorian Village / Short North Renovated House! Available NOW!,2400,70 W. Starr,3,0,2,39.983089,-83.006880,5,W. Starr at Dennison Columbus OH US
6371216186,2017-11-02 16:44,https://columbus.craigslist.org/apa/d/going-goingalmost-gone-2-bd-2/6371216186.html,"Going, going...almost gone!  2 BD/2 BA-1st floor  $1000 Visa gift card",1268,OSU/Campus/Henderson,2,1053,2,,,,
6371215938,2017-11-02 16:44,https://columbus.craigslist.org/apa/d/spacious-but-cozy-2-bedroom-2/6371215938.html,Spacious but cozy 2 bedroom 2 bathroom apartment,835,"95 S. Westmoor Avenue, Newark, OH 43055",2,1050,2,40.042748,-82.456631,5,95 S. Westmoor AvenueÂ  Newark OH US
6341641678,2017-11-02 16:44,https://columbus.craigslist.org/apa/d/love-where-you-live-98-leased/6341641678.html,Love where you live! 98% Leased Community 5 minutes to Downtown!,,Grandview/Upper Arlington/OSU,2,0,2,40.000298,-83.094625,10,2299 river oaks drive Columbus OH US
6371214155,2017-11-02 16:42,https://columbus.craigslist.org/apa/d/250-deposit-apply-now/6371214155.html,☺ $250 DEPOSIT!!!! APPLY NOW!!!!!,990,"GRANDVIEW, UPPER ARLINGTON, OSU CAMPUS",2,1000,2,39.984987,-83.073081,5,1480 Runaway Bay Drive Columbus OH US
6371211360,2017-11-02 16:40,https://columbus.craigslist.org/apa/d/cozy-1-bedroom-available-now/6371211360.html,Cozy 1 bedroom available now in Clintonville!!!,1230,,1,775,1,,,,
6371209369,2017-11-02 16:39,https://columbus.craigslist.org/apa/d/lowest-rates-in-the-area/6371209369.html,► LOWEST RATES IN THE AREA!!! APPLY TODAY!!!,915,"GRANDVIEW, UPPER ARLINGTON, OSU CAMPUS",2,816,1,39.984987,-83.073081,5,1480 Runaway Bay Drive Columbus OH US
6371209218,2017-11-02 16:39,https://columbus.craigslist.org/apa/d/wildly-popular-grandview-1/6371209218.html,Wildly Popular Grandview 1 Bedroom with Oversized Living Room! 1 Left!,,Grandview,2,0,2,39.989520,-83.076259,20,2550 Quarry Lake Dr. Columbus OH US
6371208873,2017-11-02 16:39,https://columbus.craigslist.org/apa/d/333-powhatan-3br-15b-westgate/6371208873.html,333 Powhatan 3br/1.5b Westgate area  av-Nov 1st,1100,columbus,3,0,1.5,39.947452,-83.085826,10,333 Powhatan Ave columbus OH US
6371207108,2017-11-02 16:38,https://columbus.craigslist.org/apa/d/6162-sharonwoods-4br-25b/6371207108.html,6162 Sharonwoods 4br/2.5b Single Family  av-mid Nov,1195,columbus,4,0,2.5,40.083900,-82.972600,22,6162 Sharon Woods Blv Columbus OH US
6371206610,2017-11-02 16:37,https://columbus.craigslist.org/apa/d/best-roommate-floor-plan-in/6371206610.html,Best Roommate Floor Plan in Columbus! Spacious 2 Bedroom! Only 1 Left!,,Columbus,2,0,2,40.049500,-83.066900,22,5399 Coachman Rd  OH US
6371206557,2017-11-02 16:37,https://columbus.craigslist.org/apa/d/osu-gateway-law-school-at/6371206557.html,OSU Gateway/ Law School at High and Chittenden. Available Now!,870,34 Chittenden apt 17,2,0,1,39.995797,-83.006129,5,Chittenden at N. High Columbus OH US
6371206387,2017-11-02 16:37,https://columbus.craigslist.org/apa/d/come-in-for-thanksgiving-deals/6371206387.html,֍ COME IN FOR THANKSGIVING DEALS!!!,895,"GRANDVIEW, UPPER ARLINGTON, OSU CAMPUS",1,841,1,39.984987,-83.073081,5,1480 Runaway Bay Drive Columbus OH US
6371205750,2017-11-02 16:37,https://columbus.craigslist.org/apa/d/seriously-chic-1-bedroom-walk/6371205750.html,Seriously Chic 1 Bedroom! Walk to OSU! Hurry in! Just 1 Left!,,Grandview/ Columbus,1,0,1,,,,
6371205557,2017-11-02 16:36,https://columbus.craigslist.org/apa/d/2-bedroom-apartment-available/6371205557.html,2 Bedroom apartment available now in Clintonville!,1780,,2,1122,2,,,,
6340280923,2017-11-02 16:36,https://columbus.craigslist.org/apa/d/4035-peakwood-dr-2br-2b-1car/6340280923.html,4035 Peakwood Dr 2br/2b 1car garage Groveport av-Now  ALL ELECTRIC,895,columbus,2,0,2,39.858100,-82.887200,22,4035 Peakwood Dr Groveport OH US
6371193126,2017-11-02 16:36,https://columbus.craigslist.org/apa/d/wonderful-community-just/6371193126.html,Wonderful community just minutes to everything,885,Westerville,2,950,2,40.077786,-82.864279,10,4955 Enclave Blvd. Westerville OH US
6371203947,2017-11-02 16:35,https://columbus.craigslist.org/apa/d/1208-colston-dr-3br-25b-1/6371203947.html,1208 Colston Dr 3br/2.5b / 1/2dbl Westerville *NON SMOKING av-mid Nov,1495,columbus,3,0,2.5,40.095775,-82.892613,10,1208 Colston Dr westerville OH US
6371202887,2017-11-02 16:35,https://columbus.craigslist.org/apa/d/2br-1bath-updated-unit-near/6371202887.html,2BR 1BATH Updated Unit!! Near Polaris Shopping Mall!!,1050,,2,844,1,40.187900,-82.987800,22,
6371201995,2017-11-02 16:34,https://columbus.craigslist.org/apa/d/november-rent-free-2-bedroom/6371201995.html,November rent free! 2 bedroom 2 bath special pricing!,1725,Short North/ Harrison West/Victorian Vil,2,1091,2,39.980195,-83.019648,5,969 Perry St Columbus OH US
6371201669,2017-11-02 16:34,https://columbus.craigslist.org/apa/d/98-weber-rd-2br-1bath/6371201669.html,98 W. Weber Rd 2br/1bath Clintonville  av- Nov 10th,750,columbus,2,0,1,40.025082,-83.017110,10,98 W Weber columbus OH US
6354051792,2017-11-02 16:33,https://columbus.craigslist.org/apa/d/low-price-right-place-the/6354051792.html,"Low price, right place! The Elms: Hidden Gem of Easton",929,,2,1280,1.5,40.058033,-82.898257,10,4334 Appian Way Gahanna OH US
6371200912,2017-11-02 16:33,https://columbus.craigslist.org/apa/d/all-utilities-included/6371200912.html,ALL Utilities Included ~ PRELEASE TODAY ~ Styles To Choose From!,735,Continent French Quarter,1,637,1,40.092776,-82.993442,0,6200 Busch Blvd Columbus OH US
6371200858,2017-11-02 16:33,https://columbus.craigslist.org/apa/d/fall-into-savingsone-week/6371200858.html,FALL INTO SAVINGS!!ONE WEEK ONLY!!! STOP BY TO SEE YOUR NEW HOME!!!,929,"BEXLEY, JCC, CAPITAL UNIVERSITY, DOWNTOWN, OSU",1,728,1,39.970854,-82.924054,5,2877 East Broad Street Columbus OH US
6371200488,2017-11-02 16:33,https://columbus.craigslist.org/apa/d/two-bedrooms-prelease-today-d/6371200488.html,~ Two Bedrooms ~ PRELEASE TODAY ~ W/D Hookups ~ Walk In Closets ~,725,Woodcroft Apartments,2,850,1,40.080872,-82.929937,0,Edgeway Dr. Columbus OH US
6371200137,2017-11-02 16:33,https://columbus.craigslist.org/apa/d/all-utilities-included/6371200137.html,ALL Utilities Included ~ PRELEASE TODAY ~ Styles To Choose From!,735,Continent French Quarter,1,637,1,40.092776,-82.993442,0,6200 Busch Blvd Columbus OH US
6371199693,2017-11-02 16:32,https://columbus.craigslist.org/apa/d/your-dream-apartment-just/6371199693.html,"Your dream apartment, just minutes away from OSU! Coming SOON!",1184,Columbus,1,754,1,40.062954,-83.037460,15,Olentangy River Rd. at Bethel Rd. Columbus OH US
6371199664,2017-11-02 16:32,https://columbus.craigslist.org/apa/d/two-bedrooms-lease-now-d/6371199664.html,Two Bedrooms ~ LEASE NOW ~ W/D Hookups,749,Woodcroft Apartments,2,850,1,40.080872,-82.929937,0,Edgeway Dr. Columbus OH US
6354913305,2017-11-02 16:32,https://columbus.craigslist.org/apa/d/at-the-elms-feel-right-at/6354913305.html,At The Elms feel right at home with many convenient amenities!,659,,1,750,1,40.058033,-82.898257,10,4334 Appian Way Gahanna OH US
6371199356,2017-11-02 16:32,https://columbus.craigslist.org/apa/d/2nd-floor-1-bedroombath-600/6371199356.html,2nd floor 1 bedroom 1 1/2 bath - $600 OFF move in by preleasing,1200,Harrison West / Victorian Village,1,806,1.5,39.979998,-83.019905,5,565 West 1st Ave at Perry Columbus OH US
6371144387,2017-11-02 16:32,https://columbus.craigslist.org/apa/d/worthingtons-newest-upgrades/6371144387.html,Worthington's Newest Upgrades in Pet Friendly Community! Save $1200!,,Columbus,1,0,0,40.130372,-83.020539,10,99 Antelope Way Columbus OH US
6371198946,2017-11-02 16:32,https://columbus.craigslist.org/apa/d/two-bedrooms-lease-now-d/6371198946.html,Two Bedrooms ~ LEASE NOW ~ W/D Hookups,749,Woodcroft Apartments,2,850,1,40.080872,-82.929937,0,Edgeway Dr. Columbus OH US
6371198298,2017-11-02 16:31,https://columbus.craigslist.org/apa/d/looking-for-upgraded/6371198298.html,Looking for a upgraded apartment with a great Deal? $100 off/month!!,1374,Kenny/Bethel/Henderson rd,2,0,2,40.060511,-83.047685,22,
6363252424,2017-11-02 16:30,https://columbus.craigslist.org/apa/d/spacious-2-bedroom-2-bathroom/6363252424.html,SPACIOUS 2 bedroom 2 bathroom apartment. AVAILABLE NOW!,980,Westerville,2,933,2,40.114600,-82.910500,22,6300 Calebs Creek Way Westerville OH US
6364361814,2017-11-02 16:30,https://columbus.craigslist.org/apa/d/1-2-bedrooms-available-like/6364361814.html,1 & 2 Bedrooms Available! Like NEW! Ask about our move in specials!,805,Westerville,1,678,1,40.114600,-82.910500,22,6300 Calebs Creek Way Westerville OH US
6371196352,2017-11-02 16:30,https://columbus.craigslist.org/apa/d/prices-are-falling-fast/6371196352.html,Prices are FALLing fast!,659,,2,0,0,39.939096,-82.818099,10,
6371188399,2017-11-02 16:30,https://columbus.craigslist.org/apa/d/spacious-2br-2ba-home-for-you/6371188399.html,Spacious 2BR/2BA home for you!!!,885,Westerville,2,950,2,40.077786,-82.864279,10,4955 Enclave Blvd Westerville OH US
6353995384,2017-11-02 16:29,https://columbus.craigslist.org/apa/d/enjoy-all-things-fall-in-your/6353995384.html,Enjoy all things FALL in your new home @ The Elms,789,,2,980,1,40.058033,-82.898257,10,4334 Appian Way Gahanna OH US
6371193597,2017-11-02 16:28,https://columbus.craigslist.org/apa/d/1-bedroom-1-bath-590-sq-ft/6371193597.html,1 bedroom 1 bath 590 sq. ft available 11/11 $615 apply today online!,615,"6851 Sharon Court, Columbus, OH 43229",1,590,1,40.107008,-82.976670,5,6851 Sharon CourtÂ  Columbus OH US
6371193046,2017-11-02 16:28,https://columbus.craigslist.org/apa/d/prelease-two-bedrooms-autumn/6371193046.html,~PRELEASE TWO BEDROOMS ~ AUTUMN MOVE IN SPECIALS ~ DEPOSIT CUT IN HALF,725,Columbus,2,850,1,40.092776,-82.993442,0,6200 Busch Blvd Columbus OH US
6371192198,2017-11-02 16:27,https://columbus.craigslist.org/apa/d/600-off-move-in-2-bedroom-2/6371192198.html,$600 OFF MOVE IN - 2 Bedroom 2 Bath - city views - Reduced Rate,1500,Harrison West/Downtown/Victorian Vil,2,1091,2,39.980162,-83.019691,5,565 West 1st Ave at Perry Columbus OH US
6371191891,2017-11-02 16:27,https://columbus.craigslist.org/apa/d/perfect-roommate-style-layout/6371191891.html,Perfect Roommate-Style Layout! 5 Minutes to OSU! Only 1 Left!,,Grandview,2,0,2,39.989520,-83.076259,20,2550 Quarry Lake Dr. Columbus OH US
6371190244,2017-11-02 16:26,https://columbus.craigslist.org/apa/d/unbelievably-popular-1/6371190244.html,Unbelievably Popular 1 Bedroom! Walk to OSU! 2 Left!,,"Grandview, OSU, OSUMC, Downtown, Short North",1,0,1,,,,
6371189901,2017-11-02 16:26,https://columbus.craigslist.org/apa/d/studio-apartment-great/6371189901.html,"Studio Apartment, Great Location",645,Short North/OSU Medical,1,0,1,39.987446,-83.008554,5,Dennison at 5th Columbus OH US
6363007917,2017-11-02 16:25,https://columbus.craigslist.org/apa/d/moving-in-need-of-2-bedroom/6363007917.html,Moving? In Need Of A 2 Bedroom Home? Look No Further! Save $1200 Now!,1099,"Columbus, Grandview, OSU",2,1151,2,40.000298,-83.094625,10,2299 River Oaks Drive Columbus OH US
6371187317,2017-11-02 16:24,https://columbus.craigslist.org/apa/d/buckeye-favorite-chic-2/6371187317.html,A Buckeye Favorite! Chic 2 Bedroom Loft! 9 Minutes to OSU! Save $1200!,,Columbus,2,0,2,40.049500,-83.066900,22,5399 Coachman Rd  OH US
6371149547,2017-11-02 16:24,https://columbus.craigslist.org/apa/d/smaller-2-bedroom-single/6371149547.html,A smaller 2-bedroom single House (ranch),685,,2,0,1,39.936214,-83.055782,15,Midland ave at Eakin Road Columbus OH US
6371185778,2017-11-02 16:23,https://columbus.craigslist.org/apa/d/for-rent-dublin-condo/6371185778.html,FOR RENT DUBLIN CONDO,1150,Granwoods Circle,3,1220,2,40.109300,-83.114600,22,
6371185425,2017-11-02 16:23,https://columbus.craigslist.org/apa/d/top-rated-new-albany-plain/6371185425.html,Top Rated New Albany-Plain Local Schools! Luxury 3 Bedroom Townhome!,1599,New Albany/Columbus/Gahanna/Westerville,3,0,2.5,40.074920,-82.863678,10,4701 Rexwood Drive Columbus OH US
6371185392,2017-11-02 16:23,https://columbus.craigslist.org/apa/d/last-one-bedroom-move-in-today/6371185392.html,Last one bedroom! Move in today!,908,,1,0,1,40.067990,-83.077390,5,Dierker at Bethel Columbus OH US
6371184440,2017-11-02 16:22,https://columbus.craigslist.org/apa/d/autumn-is-here-lease-now-with/6371184440.html,AUTUMN IS HERE ~ LEASE NOW WITH OUR AUTUMN SPECIALS! ~,735,Continent French Quarter,1,637,1,40.092776,-82.993442,0,6200 Busch Blvd Columbus OH US
6371184028,2017-11-02 16:22,https://columbus.craigslist.org/apa/d/two-bedrooms-lease-now-d/6371184028.html,Two Bedrooms ~ LEASE NOW ~ W/D Hookups,749,Woodcroft Apartments,2,850,1,40.080872,-82.929937,0,Edgeway Dr. Columbus OH US
6371170490,2017-11-02 16:21,https://columbus.craigslist.org/apa/d/off-street-parking-laundry/6371170490.html,"Off Street Parking, Laundry Facilities, Extra Storage",1005,"4075 Alkire Glen Way, Columbus, OH 43228",2,934,1,39.915133,-83.108429,5,4075 Alkire Glen WayÂ  Columbus OH US
6371183530,2017-11-02 16:21,https://columbus.craigslist.org/apa/d/two-bedrooms-prelease-now/6371183530.html,~ Two Bedrooms ~ PRELEASE NOW ~ AUTUMN DEALS~,725,Woodcroft Apartments,2,850,1,40.080872,-82.929937,0,Edgeway Dr. Columbus OH US
6371181455,2017-11-02 16:20,https://columbus.craigslist.org/apa/d/chic-1-bedroom-with-fireplace/6371181455.html,Chic 1 Bedroom with Fireplace in New Albany! Only 1 left for $829!,829,Westerville,1,0,1,40.083330,-82.870276,10,5191 Fairway Lakes Drive Westerville OH US
6371181387,2017-11-02 16:20,https://columbus.craigslist.org/apa/d/1-bedroom-apartment-homes/6371181387.html,"1 bedroom apartment homes, Swimming pool with poolside WiFi, Patio",815,,1,650,1,40.117788,-83.085734,10,2645 Hard Rd Columbus OH US
6371178228,2017-11-02 16:18,https://columbus.craigslist.org/apa/d/enjoy-comfort-in-your-new/6371178228.html,~ Enjoy Comfort in your NEW home! ~ ALL Utilities Included,735,Continent French Quarter,1,637,1,40.092776,-82.993442,0,6200 Busch Blvd Columbus OH US
6371177753,2017-11-02 16:17,https://columbus.craigslist.org/apa/d/enjoy-comfort-in-your-new/6371177753.html,~ Enjoy Comfort in your NEW home! ~ ALL Utilities Included,735,Continent French Quarter,1,637,1,40.092776,-82.993442,0,6200 Busch Blvd Columbus OH US
6371177423,2017-11-02 16:17,https://columbus.craigslist.org/apa/d/all-utilities-included/6371177423.html,ALL Utilities Included ~ PRELEASE TODAY ~ Styles To Choose From!,735,Continent French Quarter,1,637,1,40.092776,-82.993442,0,6200 Busch Blvd Columbus OH US
6371176200,2017-11-02 16:16,https://columbus.craigslist.org/apa/d/ideal-2-bedroom-floor-plan/6371176200.html,Ideal 2 Bedroom Floor Plan! Only 10 Minutes from Downtown! 98% Leased!,,Grandview,2,0,2,39.989520,-83.076259,20,2550 Quarry Lake Dr. Columbus OH US
6349835437,2017-11-02 16:16,https://columbus.craigslist.org/apa/d/grandview-area-extra-large-2/6349835437.html,Grandview area Extra Large 2 Bedroom Apartment,995,1800 North Star Rd,2,1300,1,39.994186,-83.048487,5,North Star Rd at Chambers Columbus OH US
6371166077,2017-11-02 16:16,https://columbus.craigslist.org/apa/d/upgraded-apartments-available/6371166077.html,Upgraded Apartments Available!!,900,"Reynoldsburg, OH",2,987,1.5,39.929566,-82.807645,10,2800 John Steven Way Reynoldsburg OH US
6349818737,2017-11-02 16:16,https://columbus.craigslist.org/apa/d/charming-grandview-area-1/6349818737.html,Charming Grandview Area 1 Bedroom Apartment,690,1530 King Ave,1,525,1,39.991851,-83.048358,5,King Ave at North Star Rd Columbus OH US
6349695249,2017-11-02 16:16,https://columbus.craigslist.org/apa/d/grandview-area-large-2/6349695249.html,Grandview area Large 2 Bedroom plus Bonus Room,995,1800 North Star Rd,2,1000,1,39.994219,-83.048315,5,North Star Rd at Chambers Columbus OH US
6333641190,2017-11-02 16:16,https://columbus.craigslist.org/apa/d/grandview-area-2-bedroom-plus/6333641190.html,Grandview area 2 Bedroom plus Bonus Room,995,1800 North Star Rd,2,1000,1,39.994186,-83.048465,5,North Star Rd at Chambers Columbus OH US
6333668667,2017-11-02 16:16,https://columbus.craigslist.org/apa/d/updated-studio-in-the/6333668667.html,Updated Studio in the Grandview Area,580,1860 North Star Rd,0,350,1,39.995879,-83.048465,5,North Star Rd at Northwest Blvd Columbus OH US
6349660643,2017-11-02 16:16,https://columbus.craigslist.org/apa/d/great-grandview-area-studio/6349660643.html,Great Grandview Area Studio Apartments,580,1860 North Star Rd,0,350,1,39.995846,-83.048422,5,North Star Rd at Northwest Blvd Columbus OH US
6333681274,2017-11-02 16:16,https://columbus.craigslist.org/apa/d/great-grandview-area-studio/6333681274.html,Great Grandview Area Studio Apartments,580,1860 North Star Rd,0,350,1,39.995698,-83.048315,5,North Star Rd at Northwest Blvd Columbus OH US
6349643692,2017-11-02 16:16,https://columbus.craigslist.org/apa/d/beautiful-grandview-1-bedroom/6349643692.html,Beautiful Grandview 1 Bedroom Apartments,850,1800/1806 North Star Rd,1,700,1,39.994219,-83.048186,5,North Star Rd at Chambers Columbus OH US
6333693246,2017-11-02 16:16,https://columbus.craigslist.org/apa/d/beautiful-grandview-lg-1/6333693246.html,Beautiful Grandview Lg 1 Bedroom Apartments Now Leasing,850,1800/1806 North Star Rd,1,700,1,39.994186,-83.048508,5,North Star Rd at Chambers Columbus OH US
6358821952,2017-11-02 16:16,https://columbus.craigslist.org/apa/d/beautiful-grandview-1-bedroom/6358821952.html,Beautiful Grandview 1 Bedroom Apartments,850,1800/1806 North Star Rd,1,700,1,39.994169,-83.048551,5,North Star Rd at Chambers Columbus OH US
6358855392,2017-11-02 16:16,https://columbus.craigslist.org/apa/d/great-grandview-area-studio/6358855392.html,Great Grandview Area Studio Apartments,580,1860 North Star Rd,0,350,1,39.995797,-83.048401,5,North Star Rd at Northwest Blvd Columbus OH US
6359232535,2017-11-02 16:15,https://columbus.craigslist.org/apa/d/grandview-area-2-bedroom-plus/6359232535.html,Grandview area 2 Bedroom plus Bonus Room,995,1800 North Star Rd,2,1000,1,39.994186,-83.048315,5,North Star Rd at Chambers Columbus OH US
6359422885,2017-11-02 16:15,https://columbus.craigslist.org/apa/d/charming-grandview-area-1/6359422885.html,Charming Grandview Area 1 Bedroom Apartment,690,1530 King Ave,1,525,1,39.991884,-83.048573,5,King Ave at North Star Rd Columbus OH US
6371173727,2017-11-02 16:15,https://columbus.craigslist.org/apa/d/spacious-1st-flr-apt-at-osu/6371173727.html,Spacious 1st flr apt at OSU and Short North - 80 McMillen Ave,1000,OSU South Campus,3,1000,1,39.991128,-83.008661,5,McMillen Ave at Wall street Columbus OH US
6371170426,2017-11-02 16:12,https://columbus.craigslist.org/apa/d/lock-in-now-at-our-lower/6371170426.html,Lock in NOW at our LOWER RATES for the SUMMER!! Stop In TODAY!!,845,"OSU, GRANDVIEW, UPPER ARLINGTON",1,676,1,39.984987,-83.073081,5,1480 Runaway Bay Drive Columbus OH US
6371170361,2017-11-02 16:12,https://columbus.craigslist.org/apa/d/keep-calm-turkey-on-in-this/6371170361.html,Keep Calm & Turkey On in this November One Bed!,820,Westerville,1,625,1,40.088526,-82.879508,20,Little Turtle Way at Cambria Way Westerville OH US
6371169502,2017-11-02 16:12,https://columbus.craigslist.org/apa/d/german-village-single-family/6371169502.html,German Village Single Family! Must See!! HURRY WON'T LAST LONG !!!,1450,GERMAN VILLAGE,2,0,1.5,39.947609,-82.991918,15,S 5TH ST at FRANKFORT COLUMBUS OH US
6360422948,2017-11-02 16:11,https://columbus.craigslist.org/apa/d/house-by-osu-medical-and/6360422948.html,House by OSU Medical  and Short North - 80 McMillen Rear,950,West of High,2,900,1.5,39.991299,-83.008627,5,80 McMillen Ave Rear Columbus OH US
6371168512,2017-11-02 16:11,https://columbus.craigslist.org/apa/d/hurry-apply-online-today-2/6371168512.html,Hurry! Apply Online Today! 2 Bed 2.5 Bath Town Home SPECIAL*,1275,Avery and Davidson,2,1146,2.5,40.046458,-83.158672,5,Avery at Davidson Hilliard OH US
6371168150,2017-11-02 16:11,https://columbus.craigslist.org/apa/d/2br-2bath-available-now-1500/6371168150.html,2BR 2BATH Available Now!! $1500 Visa or Rent Credit!!,1080,,2,949,2,40.114600,-82.910500,22,
6371167386,2017-11-02 16:10,https://columbus.craigslist.org/apa/d/2-bedrooms-osu-ohio-state/6371167386.html,2 BEDROOMS OSU OHIO STATE NORTH CAMPUS DOUBLE AVAILABLE FALL 2018 AUG!,1349,159 East Maynard Avenue,2,0,1,40.010730,-83.006032,10,159 East Maynard Avenue Columbus OH US
6367034340,2017-11-02 16:10,https://columbus.craigslist.org/apa/d/move-this-fall-and-save-1200/6367034340.html,Move This Fall and SAVE $1200! Huge 1 Bedroom with Balcony!,949,OSUMC/OSU/Grandview/Upper Arlington,1,901,1,,,,
6371165861,2017-11-02 16:09,https://columbus.craigslist.org/apa/d/huge-price-drop-wont-last/6371165861.html,Huge Price Drop-Won't Last Long! Top Floor Corner Unit w/ Premium View,850,Hilliard,1,780,1,40.007999,-83.180237,22,6373 Meadows Way Hilliard OH US
6371165455,2017-11-02 16:09,https://columbus.craigslist.org/apa/d/home-is-where-the-bay-is/6371165455.html,Home is Where the BAY is! Lease today and get $300 OFF at Move in!!,985,"OSU, GRANDVIEW, UPPER ARLINGTON",2,1074,2,39.984987,-83.073081,5,1480 Runaway Bay Drive Columbus OH US
6355091991,2017-11-02 16:09,https://columbus.craigslist.org/apa/d/where-originality-service-is/6355091991.html,Where Originality & Service Is Unmatched... Just Ask Our Competitors!,1258,"Polaris, Westerville, Worthington",2,1300,2.5,40.128139,-83.001712,10,7999 Wildflower Lane Westerville OH US
6371154671,2017-11-02 16:08,https://columbus.craigslist.org/apa/d/irresistible-2-bedroom-town/6371154671.html,Irresistible 2 bedroom Town home!!,679,Columbus,2,988,1.5,39.935209,-82.846034,10,5521 Chatford Square Columbus OH US
6371164460,2017-11-02 16:08,https://columbus.craigslist.org/apa/d/300-move-in-credit-ready-to/6371164460.html,$300 Move In Credit! Ready to Move In NOW!!!,1051,Avery and Davidson,2,1011,2,40.046491,-83.158693,5,Avery at Davidson Hilliard OH US
6371163766,2017-11-02 16:08,https://columbus.craigslist.org/apa/d/these-townhomes-are-going-fast/6371163766.html,These Townhomes Are Going Fast!,909,Willow Bend Apartments!,3,1250,2.5,39.982566,-83.159689,5,Whispering Willow Ln. at Renner Rd. Hilliard OH US
6371161630,2017-11-02 16:06,https://columbus.craigslist.org/apa/d/offer-ends-7pm-today-save/6371161630.html,Offer Ends 7PM Today! Save $1200! Most Popular 2 Bedroom! Grandview!,,Grandview,2,0,2,39.989520,-83.076259,20,2550 Quarry Lake Dr. Columbus OH US
6371160545,2017-11-02 16:05,https://columbus.craigslist.org/apa/d/now-offering-preferred/6371160545.html,Now Offering Preferred Employer DISCOUNT!,911,Avery and Davidson,1,773,1,40.046524,-83.158758,5,Avery at Davidson Hilliard OH US
6371160084,2017-11-02 16:05,https://columbus.craigslist.org/apa/d/move-in-by-nov-15th-and-get/6371160084.html,MOVE IN BY NOV. 15TH and get FREE DECEMBER RENT!!!,768,,2,914,1,39.964800,-83.126000,22,
6371158922,2017-11-02 16:04,https://columbus.craigslist.org/apa/d/2-blocks-from-the-shoe-rent/6371158922.html,2 Blocks from The 'Shoe!! Rent Reduced! Don't Wait!!,900,NEIL,2,900,1,40.006243,-83.014305,5,NEIL at LANE COLUMBUS OH US
6371155282,2017-11-02 16:02,https://columbus.craigslist.org/apa/d/special-2-bed-25-bath-town/6371155282.html,SPECIAL 2 BED 2.5 BATH TOWN HOME! Only 1 left!,1275,Avery and Davidson,2,1146,2.5,40.046491,-83.158779,5,Avery at Davidson Hilliard OH US
6371154753,2017-11-02 16:01,https://columbus.craigslist.org/apa/d/1400-weber-rd-3br-15b-single/6371154753.html,1400 E Weber Rd 3br/1.5b  single family  av-Nov 24th,750,columbus oh,3,0,1.5,40.023163,-82.974180,10,1400 E Weber Rd columbus OH US
6371154234,2017-11-02 16:01,https://columbus.craigslist.org/apa/d/preferred-employer-discounts/6371154234.html,Preferred Employer Discounts AND up to $1800 back on this suite!!,1374,Kenny Road,2,0,2,40.060627,-83.047730,22,
6371153849,2017-11-02 16:01,https://columbus.craigslist.org/apa/d/flawless-newly-remolded-2/6371153849.html,Flawless newly remolded 2 bedroom town home!,779,Bairsford Drive,2,988,1.5,39.935209,-82.846034,10,5521 Chatford Square Columbus OH US
