pid,dt,url,title,price,neighb,beds,sqft,baths,lat,lng,accuracy,address
6369906640,2017-11-02 16:59,https://columbiamo.craigslist.org/apa/d/great-student-apartment-with/6369906640.html,"Great Student  Apartment with Amenities, Bus and WiFi!",,,4,2256,4,38.890036,-92.351384,10,400 West Old Plank Columbia MO US
6360316464,2017-11-02 16:59,https://columbiamo.craigslist.org/apa/d/fantastic-3-bedroom-duplex/6360316464.html,Fantastic 3 bedroom duplex! -1615 Radcliffe Dr,660,Central,3,0,1.5,38.940952,-92.363133,5,Radcliffe at Duke  MO US
6332251978,2017-11-02 16:58,https://columbiamo.craigslist.org/apa/d/receive-300-off-your-first/6332251978.html,RECEIVE $300 OFF YOUR FIRST MONTH'S RENT!!,,,0,0,,38.907582,-92.328179,5,3801 Cooper Dr E Columbia MO US
6371311106,2017-11-02 16:54,https://columbiamo.craigslist.org/apa/d/great-student-apartment-great/6371311106.html,Great Student Apartment... GREAT NEW DEAL!!,529,Columbia,4,1771,4,38.952438,-92.323177,10,1221 E Walnut columbia MO US
6371310321,2017-11-02 16:53,https://columbiamo.craigslist.org/apa/d/house-available-for-rent-in/6371310321.html,"House Available for Rent in November 2017- $1,350/month",1350,,3,1440,2,38.938200,-92.304900,22,805 Norman Dr Columbia MO US
6371295875,2017-11-02 16:51,https://columbiamo.craigslist.org/apa/d/brand-new-on-the-golf-course/6371295875.html,"Brand New On the Golf Course! Starting at $1,699.95",,Columbia,3,2270,2.5,38.938200,-92.304900,22,1601 Residence Drive Columbia MO US
6371296640,2017-11-02 16:50,https://columbiamo.craigslist.org/apa/d/great-student-apartment-next/6371296640.html,Great Student Apartment! Next to Campus!,,,4,1870,4,38.948614,-92.328314,10,825 Elm Street Columbia MO US
6371305460,2017-11-02 16:50,https://columbiamo.craigslist.org/apa/d/1-bedroom-apartment-in-great/6371305460.html,1 Bedroom apartment in a great location! -3416 Balboa - 72,450,South,1,725,1,38.912675,-92.335925,5,Balboa at Sieville Columbia MO US
6371287224,2017-11-02 16:47,https://columbiamo.craigslist.org/apa/d/great-student-apartment-next/6371287224.html,Great Student Apartment! Next to Campus!,,,4,1870,4,38.948614,-92.328314,10,825 Elm Street Columbia MO US
6351136755,2017-11-02 16:47,https://columbiamo.craigslist.org/apa/d/affordable-1-bedroom-no-app/6351136755.html,Affordable 1 Bedroom-No App Fees or Deposit for Limited Time Only,530,Columbia,1,513,1,38.950799,-92.366953,5,
6371297427,2017-11-02 16:43,https://columbiamo.craigslist.org/apa/d/house-available-for-rent-in/6371297427.html,"House Available for Rent in November 2017- $1,350/month",1350,,3,1440,2,38.938200,-92.304900,22,805 Norman Dr Columbia MO US
6371297176,2017-11-02 16:43,https://columbiamo.craigslist.org/apa/d/brand-new-townhomes-at-old/6371297176.html,"Brand New Townhomes at Old Hawthorne! Starting at $1,699.95",,,3,2400,2.5,38.938200,-92.304900,22,1601 Residence Drive Columbia MO US
6371295403,2017-11-02 16:42,https://columbiamo.craigslist.org/apa/d/great-student-apartment-great/6371295403.html,Great Student Apartment... GREAT NEW DEAL!!,529,Columbia,4,1771,4,38.952438,-92.323177,10,1221 E Walnut columbia MO US
6368372606,2017-11-02 16:40,https://columbiamo.craigslist.org/apa/d/cool-2bd-1ba-less-than-250/6368372606.html,Cool 2BD/1BA! Less than $250 per bedroom! -202 Sieville  Ave - 86,495,,2,0,1,,,,
6368373162,2017-11-02 16:40,https://columbiamo.craigslist.org/apa/d/great-2-bedroom-only-minutes/6368373162.html,Great 2 Bedroom Only Minutes From Westminster Campus! -205 Tyler - D,615,Fulton,2,0,1,,,,
6368374104,2017-11-02 16:40,https://columbiamo.craigslist.org/apa/d/affordable-2-bedroom-unit/6368374104.html,Affordable 2 bedroom unit near Downtown! -1812 East Broadway 3E,495,,2,0,1,,,,
6368596677,2017-11-02 16:40,https://columbiamo.craigslist.org/apa/d/awesome-2-bedroom-in-fulton/6368596677.html,Awesome 2 bedroom in Fulton! -203 Tyler St - E,615,,2,0,1,38.840894,-91.951640,5,Tyler St Fulton MO US
6362251620,2017-11-02 16:40,https://columbiamo.craigslist.org/apa/d/great-3-bedroom-country-home/6362251620.html,Great 3 Bedroom Country Home With Great Panoramic View!,695,Auxvasse,3,0,2,38.997875,-92.028522,5,County Rd. 254 Auxvasse MO US
6352980326,2017-11-02 16:40,https://columbiamo.craigslist.org/apa/d/affordable-2-bedroom-2707/6352980326.html,Affordable 2 bedroom! 2707 Quail Dr. #13,375,Central,2,610,1,38.969169,-92.296314,5,Quail Dr. at Sylvan Ln. Columbia MO US
6358968836,2017-11-02 16:40,https://columbiamo.craigslist.org/apa/d/great-1-bedroom-1-bath-2707/6358968836.html,Great 1 Bedroom 1 Bath! -2707 Quail Dr - 6,375,North,1,610,1,38.969236,-92.296443,7,Quail at Sylvan  MO US
6368567365,2017-11-02 16:39,https://columbiamo.craigslist.org/apa/d/affordable-2-bedroom-steps/6368567365.html,Affordable 2 bedroom steps from downtown! -1814 East Broadway Unit 3N,515,,2,0,1,,,,
6368566297,2017-11-02 16:39,https://columbiamo.craigslist.org/apa/d/great-3-bedroom-house-in/6368566297.html,Great 3 bedroom house in Vanderveen! -3704 Panther Dr,1225,,3,1532,2,38.987875,-92.329456,22,Panther at Cheetah  MO US
6368564731,2017-11-02 16:39,https://columbiamo.craigslist.org/apa/d/nice-2-bedroom-1-bath/6368564731.html,Nice 2 Bedroom 1 Bath Apartment! -2707 Quail Dr #2,375,,2,0,1,38.969136,-92.296379,5,Quail at Sylvan  MO US
6368559702,2017-11-02 16:39,https://columbiamo.craigslist.org/apa/d/2-bedroom-house-just-steps/6368559702.html,2 Bedroom house just steps from Campus! -1407 E Walnut St.,1100,Central,2,1010,1,38.952634,-92.318995,5,Walnut at College  MO US
6368547918,2017-11-02 16:39,https://columbiamo.craigslist.org/apa/d/affordable-1-bd-1ba-in/6368547918.html,Affordable 1 BD/1BA in downtown area! -703 Hickman Ave - D,435,,1,0,1,38.957940,-92.329949,5,Hickman at 6th St  MO US
6368374522,2017-11-02 16:39,https://columbiamo.craigslist.org/apa/d/great-2-bedroom-unit-only/6368374522.html,Great 2 Bedroom Unit Only Steps from Downtown! -1814 East Broadway 1S,515,,2,0,1,,,,
6368374943,2017-11-02 16:39,https://columbiamo.craigslist.org/apa/d/great-2bd-located-minutes/6368374943.html,Great 2bd located minutes from campus and downtown! -202 Sieville 75,495,,2,0,1,,,,
6368547328,2017-11-02 16:39,https://columbiamo.craigslist.org/apa/d/great-two-bedroom-apartment/6368547328.html,Great two bedroom apartment close to downtown! -1808 East Broadway 2E,515,Central,2,784,1,38.948462,-92.311163,7,East Broadway at Old Hwy 63  MO US
6368597335,2017-11-02 16:39,https://columbiamo.craigslist.org/apa/d/spacious-duplex-minutes-from/6368597335.html,Spacious Duplex Minutes From Campus! -1811 Sunrise Dr B,795,,3,0,2.5,,,,
6368598793,2017-11-02 16:39,https://columbiamo.craigslist.org/apa/d/fantastic-1-bedroom-in-south/6368598793.html,Fantastic 1 Bedroom in South Columbia! -3408 Balboa - 29,450,,1,0,1,,,,
6368599448,2017-11-02 16:39,https://columbiamo.craigslist.org/apa/d/two-bedroom-with-onsite-pool/6368599448.html,Two bedroom with onsite pool!  -1802 East Broadway 2W,495,,2,0,1,38.949830,-92.311948,10,1802 East Broadway Columbia MO US
6368600456,2017-11-02 16:38,https://columbiamo.craigslist.org/apa/d/large-3-bedroom-3-bath-condo/6368600456.html,Large 3 Bedroom 3 Bath Condo! -1312 White Oak Ln - 301,1100,Central,3,1512,3,38.935605,-92.354980,22,White oak at stadium  MO US
6368722338,2017-11-02 16:38,https://columbiamo.craigslist.org/apa/d/awesome-4-bedroom-house-only/6368722338.html,Awesome 4 bedroom house only minutes from Downtown! -1109 Pannell St,1000,Central,4,1692,2,38.962846,-92.323748,5,Pannell at Wilkes  MO US
6368723107,2017-11-02 16:38,https://columbiamo.craigslist.org/apa/d/fantastic-one-bedroom/6368723107.html,Fantastic one bedroom apartment! -202 Sieville - 80,450,South,1,725,1,38.911973,-92.337534,5,Sieville at Balboa  MO US
6371287770,2017-11-02 16:36,https://columbiamo.craigslist.org/apa/d/great-student-apartment-great/6371287770.html,Great Student Apartment... GREAT NEW DEAL!!,529,Columbia,4,1771,4,38.952438,-92.323177,10,1221 E Walnut columbia MO US
6371287529,2017-11-02 16:36,https://columbiamo.craigslist.org/apa/d/duplex-on-keene-court/6371287529.html,Duplex on Keene Court!,700,Columbia,2,0,1.5,38.948939,-92.290583,20,3109 Keene Ct. Columbia MO US
6371286851,2017-11-02 16:35,https://columbiamo.craigslist.org/apa/d/house-available-for-rent-in/6371286851.html,"House Available for Rent in November 2017- $1,350/month",1350,,3,1440,2,38.938200,-92.304900,22,805 Norman Dr Columbia MO US
6371285653,2017-11-02 16:34,https://columbiamo.craigslist.org/apa/d/great-student-apartment-great/6371285653.html,Great Student Apartment... GREAT NEW DEAL!!,529,Columbia,4,1771,4,38.952438,-92.323177,10,1221 E Walnut columbia MO US
6371260844,2017-11-02 16:21,https://columbiamo.craigslist.org/apa/d/brand-new-non-student/6371260844.html,Brand New Non-Student Apartments Ready for IMMEDIATE Move In!,899,,1,800,1,38.938200,-92.304900,22,4500 Kentsfield Ln Columbia MO US
6371265857,2017-11-02 16:20,https://columbiamo.craigslist.org/apa/d/lease-todaygreat-specialspets/6371265857.html,Lease Today....GREAT Specials....Pets Welcome!!,795,Columbia,3,1350,2,38.995000,-92.311200,22,2200 Aaron Drive Columbia MO US
6371264919,2017-11-02 16:19,https://columbiamo.craigslist.org/apa/d/new-construction-3-br-2-bath/6371264919.html,"New Construction, 3 br 2 bath, Convenient NE Columbia Location",1325,Teton Drive,3,1574,2,38.951750,-92.251081,5,Teton Drive Columbia MO US
6371263392,2017-11-02 16:18,https://columbiamo.craigslist.org/apa/d/reduced-rate-3br/6371263392.html,REDUCED RATE 3BR TOWNHOMES....LIMITED TIME,795,Columbia,3,1350,2,38.995000,-92.311200,22,2200 Aaron Drive Columbia MO US
6371261478,2017-11-02 16:17,https://columbiamo.craigslist.org/apa/d/great-student-apartment-great/6371261478.html,Great Student Apartment... GREAT NEW DEAL!!,529,Columbia,4,1771,4,38.952438,-92.323177,10,1221 E Walnut columbia MO US
6371261125,2017-11-02 16:16,https://columbiamo.craigslist.org/apa/d/luxury-loft-downtown/6371261125.html,Luxury Loft-Downtown!,,,1,569,1,38.952538,-92.325083,10,1101 E Walnut columbia MO US
6334229415,2017-11-02 16:16,https://columbiamo.craigslist.org/apa/d/2-bedroom-2-full-bath-near/6334229415.html,2 Bedroom 2 Full Bath near Mark Twain Lake,450,Shelbina,2,0,2,37.829600,-90.698400,22,
6371260583,2017-11-02 16:16,https://columbiamo.craigslist.org/apa/d/luxury-loft-downtown/6371260583.html,Luxury Loft-Downtown!,,,1,569,1,38.952538,-92.325083,10,1101 E Walnut columbia MO US
6331577416,2017-11-02 16:16,https://columbiamo.craigslist.org/apa/d/300-off-first-months-rent/6331577416.html,$300 OFF FIRST MONTH'S RENT FALL SPECIAL!!,,Columbia,0,0,,38.907565,-92.328179,5,3801 Cooper Dr E Columbia MO US
6371259655,2017-11-02 16:15,https://columbiamo.craigslist.org/apa/d/brand-new-non-student/6371259655.html,Brand New Non-Student Apartments Ready for IMMEDIATE Move In!,999,,2,0,2,38.938200,-92.304900,22,4500 Kentsfield Ln columbia MO US
6352237665,2017-11-02 16:11,https://columbiamo.craigslist.org/apa/d/2018-fall-leasing/6352237665.html,2018 Fall Leasing!!,695,Columbia,2,1100,2,,,,
