pid,dt,url,title,price,neighb,beds,sqft,baths,lat,lng,accuracy,address
6371314933,2017-11-02 16:57,https://corpuschristi.craigslist.org/apa/d/6947-everhart-apartments-has/6371314933.html,6947 Everhart Apartments has apartments for lease!!CALL ASAP!,8251200,6947 Everhart Rd,1,0,1.5,27.691000,-97.398300,22,
6336383645,2017-11-02 16:46,https://corpuschristi.craigslist.org/apa/d/furnished-beach-condo-with/6336383645.html,FURNISHED BEACH CONDO WITH FULL KITCHENETTE,1475,Corpus Christi,3,420,2,27.826078,-97.385495,5,SURFSIDE BLVD at GULFSPRAY BLVD Corpus Christi TX US
6371297614,2017-11-02 16:43,https://corpuschristi.craigslist.org/apa/d/immediate-move-in-awesome/6371297614.html,IMMEDIATE MOVE IN - AWESOME MOVE IN SPECIALS - FREE RENT,615,The Waters,1,0,1,27.644263,-97.299685,5,
6371275664,2017-11-02 16:40,https://corpuschristi.craigslist.org/apa/d/the-best-at-marbella/6371275664.html,The best At Marbella Apartment Homes !!!,679,Marbella Apartment Homes,0,617,,27.708808,-97.406369,10,5901 Weber Rd Corpus Christi TX US
6332213108,2017-11-02 16:39,https://corpuschristi.craigslist.org/apa/d/coming-soon-2-2-d-980/6332213108.html,COMING SOON!!! 2/2-W/D - $980!!,980,,2,1035,2,27.697246,-97.363372,7,1825 Airline Corpus Christi TX US
6371286649,2017-11-02 16:35,https://corpuschristi.craigslist.org/apa/d/campus-quarters-august-2018/6371286649.html,Campus Quarters -  August 2018 Move-Ins Spots available!,649,,3,0,3,27.702510,-97.335168,20,1773 Ennis Joslin Rd Corpus Christi TX US
6347639591,2017-11-02 16:25,https://corpuschristi.craigslist.org/apa/d/beach-condo-monthly-rental/6347639591.html,Beach Condo monthly rental - Villa Del sol condominiums,1200,"North beach Corpus Christ, TX.",1,420,1,27.826200,-97.385700,22,3938 Surside Blvd Corpus Christi TX US
6371264400,2017-11-02 16:19,https://corpuschristi.craigslist.org/apa/d/2br/6371264400.html,2br,950,rockport aransas pass,2,900,1,27.936768,-97.121758,5,259 foggyhill rd apt3 aransas pass TX US
6344409903,2017-11-02 16:14,https://corpuschristi.craigslist.org/apa/d/1011-ennis-joslin-121/6344409903.html,1011 Ennis Joslin #121,750,,1,701,1,27.706100,-97.353700,22,Ennis Joslin at SPID Corpus TX US
6344378270,2017-11-02 16:13,https://corpuschristi.craigslist.org/apa/d/208-circle-drive/6344378270.html,208 Circle Drive,2500,Corpus Christi,6,2446,4,27.737744,-97.366934,5,208 Circle Dr Corpus Christi TX US
6344485380,2017-11-02 16:13,https://corpuschristi.craigslist.org/apa/d/246-indiana/6344485380.html,246 Indiana,900,Corpus Christi,1,675,1,27.767842,-97.391224,5,Indiana at Santa Fe Corpus Christi TX US
6344501156,2017-11-02 16:13,https://corpuschristi.craigslist.org/apa/d/246-indiana/6344501156.html,246 Indiana,1100,Corpus Christi,2,900,1,27.767805,-97.391224,5,Indian at Santa Fe Corpus Christi TX US
6344426719,2017-11-02 16:13,https://corpuschristi.craigslist.org/apa/d/2318-luzius/6344426719.html,2318 Luzius,1600,CORPUS CHRISTI,3,1551,2,27.634900,-97.310300,22,2318 Luzius Corpus Christi TX US
6351437075,2017-11-02 16:09,https://corpuschristi.craigslist.org/apa/d/99-move-in-special-and/6351437075.html,$99 Move In Special and REDUCED PRICES on a 2 BEDROOM!!,850,5445 South Alameda,2,940,1.5,27.706100,-97.353700,22,5445 S. Alameda Corpus Christi TX US
6371200090,2017-11-02 16:06,https://corpuschristi.craigslist.org/apa/d/gorgeous-new-and-renovated/6371200090.html,Gorgeous new and renovated interiors at Sage Corpus Christi!,,Corpus Christi,1,760,1,27.677000,-97.365000,22,5702 Timbergate Drive Corpus Christi TX US
6363239678,2017-11-02 16:01,https://corpuschristi.craigslist.org/apa/d/99-move-in-special-at/6363239678.html,$99 MOVE IN SPECIAL AT PARKVIEW ON A 2 BEDROOM 1 BATH,825,5445 South Alameda,2,854,1,27.706100,-97.353700,22,5445 S. Alameda Corpus Christi TX US
6358931663,2017-11-02 16:01,https://corpuschristi.craigslist.org/apa/d/beautiful-2-bedroom-2-bath/6358931663.html,BEAUTIFUL 2 BEDROOM 2 BATH TOWHNOME ON SOUTH ALAMEDA,1025,5445 South Alameda,2,1133,2,27.706100,-97.353700,22,5445 S. Alameda Corpus Christi TX US
6357662702,2017-11-02 16:01,https://corpuschristi.craigslist.org/apa/d/looking-for-2-bedroom-1-bath/6357662702.html,LOOKING FOR A 2 BEDROOM 1 BATH FOR ONLY $825?!,825,5445 South Alameda,2,0,1,27.706100,-97.353700,22,5445 S. Alameda Corpus Christi TX US
6363249691,2017-11-02 16:01,https://corpuschristi.craigslist.org/apa/d/jack-jill-bathroom-available/6363249691.html,JACK -N- JILL BATHROOM AVAILABLE IN OUR 2 BEDROOM,850,5445 South Alameda,2,940,1.5,27.706100,-97.353700,22,5445 S. Alameda Corpus Christi TX US
