pid,dt,url,title,price,neighb,beds,sqft,baths,lat,lng,accuracy,address
6371435028,2017-11-02 16:40,https://corvallis.craigslist.org/apa/d/3-bedroom-home-for-rent-with/6371435028.html,3 Bedroom Home for Rent with Amazing View in Newport,2100,Newport,3,0,2,44.636295,-124.058447,10,25 SW Hurbert Street Newport OR US
6341358077,2017-11-02 16:33,https://corvallis.craigslist.org/apa/d/country-home-for-rent/6341358077.html,Country Home for Rent,1150,Tangent,3,1200,2,44.549700,-123.110800,0,
6338087963,2017-11-02 16:33,https://corvallis.craigslist.org/apa/d/2-bath-beautiful-big-and-open/6338087963.html,2 bath beautiful big and open Home,1475,Tangent,3,1800,2,,,,
6371398148,2017-11-02 16:16,https://corvallis.craigslist.org/apa/d/do-not-keep-calm-call-today/6371398148.html,DO NOT KEEP CALM! CALL TODAY BEFORE IT'S TOO LATE!,1215,Lebanon,2,1029,2,44.531600,-122.882100,22,
6371390950,2017-11-02 16:14,https://corvallis.craigslist.org/apa/d/very-clean-newly-updated-home/6371390950.html,"Very clean, Newly Updated Home on Corner Lot in the Avenues",925,Sweet Home,2,1017,1,,,,
6371397049,2017-11-02 16:06,https://corvallis.craigslist.org/apa/d/1-room-in-4-bedroom/6371397049.html,1 room in a 4 bedroom,410,Corvallis,0,0,,44.590400,-123.272200,22,
6371381036,2017-11-02 16:01,https://corvallis.craigslist.org/apa/d/take-the-stress-out-of-moving/6371381036.html,Take the Stress Out of Moving by Saving Money! Ask us How!,1150,,3,0,1,44.590400,-123.272200,22,
