pid,dt,url,title,price,neighb,beds,sqft,baths,lat,lng,accuracy,address
6371389420,2017-11-02 16:59,https://cosprings.craigslist.org/apa/d/leaves-are-falling-so-are/6371389420.html,Leaves are Falling & So are Prices!,980,,1,710,1,38.832393,-104.783996,10,2505 E Pikes Peak Ave Colorado Springs CO US
6371382596,2017-11-02 16:53,https://cosprings.craigslist.org/apa/d/fabulous-1-bedroom-ready-for/6371382596.html,Fabulous 1 bedroom ready for move in! Washer/dryer included!,1146,Colorado Springs,0,787,,38.849192,-104.845980,10,1510 Gatehouse Cir Colorado Springs CO US
6341738318,2017-11-02 16:52,https://cosprings.craigslist.org/apa/d/studios-available-100-off/6341738318.html,Studios Available!!! $100 Off First Month's Rent!!,640,,1,504,1,38.818565,-104.767569,10,1030 S. Chelton Colorado Springs CO US
6362001623,2017-11-02 16:51,https://cosprings.craigslist.org/apa/d/studios-available-100-off/6362001623.html,Studios Available!!! $100 Off First Month's Rent!!,640,,1,504,1,38.818565,-104.767569,10,1030 S. Chelton Colorado Springs CO US
6363027777,2017-11-02 16:51,https://cosprings.craigslist.org/apa/d/1bed-1bath-perfect-for-you/6363027777.html,1Bed/1Bath  Perfect for you! COME LOOK TODAY!,690,,1,642,1,38.818565,-104.767569,10,1030 S. Chelton Colorado Springs CO US
6371379322,2017-11-02 16:50,https://cosprings.craigslist.org/apa/d/3x2-with-washer-dryer-balcony/6371379322.html,"3x2 with washer/dryer balcony, pantry, stainless appliances, $750 off",1567,Colorado Springs,3,1286,2,38.814499,-104.747601,5,4275 Sanders View Colorado Springs CO US
6361924896,2017-11-02 16:50,https://cosprings.craigslist.org/apa/d/studios-available-100-off/6361924896.html,Studios Available!!! $100 Off First Month's Rent!!,640,,1,504,1,38.818565,-104.767569,10,1030 S. Chelton Colorado Springs CO US
6371379155,2017-11-02 16:50,https://cosprings.craigslist.org/apa/d/immaculate-gourmet-kitchen/6371379155.html,"Immaculate Gourmet Kitchen w/Full Size W/D, Garage & Vaulted Ceiling!",1710,,2,1088,2,38.917055,-104.773521,5,4675 Alta Point Colorado Springs CO US
6371377119,2017-11-02 16:48,https://cosprings.craigslist.org/apa/d/available-now-to-move-into/6371377119.html,Available Now!! To move into,740,3985 E Bijou St,1,563,1,,,,
6368215368,2017-11-02 16:46,https://cosprings.craigslist.org/apa/d/easy-approval-rental-apartment/6368215368.html,EASY APPROVAL RENTAL. APARTMENT!!,540,"Colorado Springs, CO",3,1400,2,,,,
6368219867,2017-11-02 16:46,https://cosprings.craigslist.org/apa/d/easy-approval-rental-apartment/6368219867.html,EASY APPROVAL RENTAL. APARTMENT!!,547,"Colorado Springs, CO",3,1400,2,38.912900,-104.773400,22,
6371368874,2017-11-02 16:42,https://cosprings.craigslist.org/apa/d/1x1-available-in-march-ask/6371368874.html,1x1 Available in March! Ask About Our Military Special! Cat FRIENDLY,885,Colorado Springs,1,778,1,38.935645,-104.739790,5,7219 Little Timber Grove Colorado Springs CO US
6371367909,2017-11-02 16:41,https://cosprings.craigslist.org/apa/d/grab-this-2-bedroom-apartment/6371367909.html,GRAB THIS 2 BEDROOM APARTMENT BEFORE IT GETS AWAY MOVE IN FOR ONLY $200,1010,3555 WESTWOOD BLVD,2,693,1,38.893338,-104.761956,5,3555 WESTWOOD BLVD COLORADO SPRINGS CO US
6371366930,2017-11-02 16:40,https://cosprings.craigslist.org/apa/d/move-in-december-23rd-hurry/6371366930.html,** Move in December 23rd! Hurry in! Only Studio We Have Left! **,768,25 Broadmoor,0,470,1,38.801592,-104.825429,15,Mt. Washington at Old Broadmoor Colorado Springs CO US
6371366422,2017-11-02 16:40,https://cosprings.craigslist.org/apa/d/youll-be-home-for-christmas/6371366422.html,"YOU'LL BE ""HOME"" FOR CHRISTMAS",1550,,3,1600,1.5,38.940697,-104.789731,20,Timberline Drive at Chapel Hills Colorado Springs CO US
6371361351,2017-11-02 16:35,https://cosprings.craigslist.org/apa/d/an-oversized-walkthrough/6371361351.html,An Oversized Walkthrough Closet Is Available in This 3BR/1.5BA Home,1599,"Colorado Springs, CO",3,1100,1.5,38.908053,-104.816423,10,5400 N Nevada Ave Colorado Springs CO US
6371359203,2017-11-02 16:33,https://cosprings.craigslist.org/apa/d/3br-2ba-residence-near-fort/6371359203.html,3BR/2BA RESIDENCE NEAR FORT CARSON AND PETERSON AIR FORCE BASE!,1620,"Fountain, CO",3,1264,2,38.699600,-104.700500,22,
6371357102,2017-11-02 16:32,https://cosprings.craigslist.org/apa/d/3-bedroom-15-bath-spacious/6371357102.html,"3 Bedroom 1.5 Bath  Spacious Layout, Convenient Patio,  Basement",1395,4215 E Pikes Peak Ave.,3,1706,1.5,38.834326,-104.749483,10,4215 E Pikes Peak Ave.  CO US
6371353652,2017-11-02 16:29,https://cosprings.craigslist.org/apa/d/free-application-with/6371353652.html,Free Application with approval!!! 2 Bedroom Ready 11/16!!!!,895,,2,800,1,38.854154,-104.776917,10,1506 Yuma Colorado Springs CO US
6371338152,2017-11-02 16:28,https://cosprings.craigslist.org/apa/d/duplex-1-bed-1bath-575-for/6371338152.html,Duplex 1 bed 1bath 575 for Rent,575,308 pitkin st,1,0,1,38.837266,-104.779025,10,308 PITKIN ST COLORADO SPRINGS CO US
6371352143,2017-11-02 16:27,https://cosprings.craigslist.org/apa/d/free-application-with/6371352143.html,Free Application with approval!!! 2 Bedroom Ready 11/16!!!!,895,,2,800,1,38.854154,-104.776917,10,1506 Yuma Colorado Springs CO US
6371350305,2017-11-02 16:26,https://cosprings.craigslist.org/apa/d/free-application-with/6371350305.html,Free Application with approval!!! 2 Bedroom Ready 11/16!!!!,895,,2,800,1,38.854154,-104.776917,10,1506 Yuma Colorado Springs CO US
6371350147,2017-11-02 16:26,https://cosprings.craigslist.org/apa/d/come-see-us-welcome-home/6371350147.html,Come See Us! Welcome Home! Amazing 1 Bed W/ $300 Off Just For You!,755,Academy / Austin Bluffs Parkway,1,630,1,38.885969,-104.754730,10,3807 Half Turn Rd. Colorado Springs CO US
6371349898,2017-11-02 16:26,https://cosprings.craigslist.org/apa/d/last-day-300-off-amazing-1/6371349898.html,Last Day! $300 Off! Amazing 1 Bed! Welcome Home! Come In Today!! $755,755,Academy / Austin Bluffs Parkway,1,630,1,38.885969,-104.754730,10,3807 Half Turn Rd. Colorado Springs CO US
6371346167,2017-11-02 16:22,https://cosprings.craigslist.org/apa/d/1-bedroom-readynew-carpet/6371346167.html,1 bedroom ready 11/10! NEW CARPET!!!,795,,1,524,1,38.835484,-104.774307,10,2910 E. Bijou Colorado Springs CO US
6371345467,2017-11-02 16:22,https://cosprings.craigslist.org/apa/d/1-bedroom-ready-coming/6371345467.html,1 bedroom ready coming October!! NEW CARPET!,795,,1,524,1,38.835484,-104.774307,10,2910 E. Bijou Colorado Springs CO US
6371344646,2017-11-02 16:21,https://cosprings.craigslist.org/apa/d/1-bedroom-readynew-carpet/6371344646.html,1 bedroom ready 11/10! NEW CARPET!!!,795,,1,524,1,38.835484,-104.774307,10,2910 E. Bijou Colorado Springs CO US
6371342080,2017-11-02 16:19,https://cosprings.craigslist.org/apa/d/vista-view-classic-great-two/6371342080.html,Vista View Classic -- Great Two-Bedroom Available November!,1025,5537 N Union Blvd,2,853,1,38.910293,-104.774231,15,Union Blvd at Montebello Colorado Springs CO US
6371341083,2017-11-02 16:18,https://cosprings.craigslist.org/apa/d/bright-open-2-bed-1-bath/6371341083.html,"Bright, Open 2-Bed 1-Bath w/ Gleaming Granite Countertops! MOVE IN NOW",1200,Colorado Springs,2,925,1,38.912190,-104.774315,7,5  CO US
6371340385,2017-11-02 16:18,https://cosprings.craigslist.org/apa/d/brand-new-2-bed-apt-granite/6371340385.html,Brand New 2 Bed Apt! Granite Kitchen Countertops & Espresso Cabinets!,1200,Colorado Springs,2,925,1,38.912190,-104.774315,7,5  CO US
6371338575,2017-11-02 16:16,https://cosprings.craigslist.org/apa/d/4319-apache-plume-drive/6371338575.html,4319 Apache Plume Drive,1495,Colorado springs,3,1756,2.5,38.966728,-104.753080,10,4319 Apache Plume Drive Colorado Springs CO US
6371336191,2017-11-02 16:14,https://cosprings.craigslist.org/apa/d/pet-friendly-2br-2ba/6371336191.html,Pet-Friendly 2BR/2BA Apartment with UPDATED Appliances,1010,"Colorado Springs, CO",2,1043,2,,,,
6371335711,2017-11-02 16:14,https://cosprings.craigslist.org/apa/d/brand-new-two-bedroom-ask/6371335711.html,"Brand New Two Bedroom, Ask About Our Look & Lease Special!",1450,Colorado Springs,2,1156,2,,,,
6371334580,2017-11-02 16:13,https://cosprings.craigslist.org/apa/d/get-beautiful-view-of-the/6371334580.html,"Get A Beautiful View of The Mountains in Your New 2BD,2BTH Home!",1300,Colorado Springs,2,1079,2,38.913736,-104.780391,10,2530 Paragon Dr Colorado Springs CO US
6371331733,2017-11-02 16:11,https://cosprings.craigslist.org/apa/d/large-two-bedroom-apartment/6371331733.html,Large Two Bedroom Apartment W/Carport & full size washer and Dryer,1250,Dublin and rangewood,2,1121,2,38.925229,-104.752064,0,
6371330309,2017-11-02 16:09,https://cosprings.craigslist.org/apa/d/one-bedroom-apartment/6371330309.html,One bedroom Apartment,1020,DUBLIN AND RANGEWOOD,1,740,1,38.925630,-104.752579,0,
6371330154,2017-11-02 16:09,https://cosprings.craigslist.org/apa/d/top-floor-1-bed-1-bath-coming/6371330154.html,Top Floor 1 Bed 1 Bath Coming Available Early November!,1205,,1,811,1,39.100700,-104.854200,22,
6371329451,2017-11-02 16:09,https://cosprings.craigslist.org/apa/d/4720-scenic-circle-2/6371329451.html,4720 Scenic Circle #2,825,Colorado springs,2,837,1,38.887272,-104.740266,10,4720 Scenic Circle Colorado Springs CO US
6371312799,2017-11-02 16:05,https://cosprings.craigslist.org/apa/d/poolside-wi-fi-patio-balcony/6371312799.html,"Poolside Wi-Fi, Patio/Balcony, On-Site Management",944,"1432 Sandalwood Drive, Colorado Springs, CO 80916",1,700,1,38.814138,-104.749568,5,1432 Sandalwood DriveÂ  Colorado Springs CO US
6371322599,2017-11-02 16:03,https://cosprings.craigslist.org/apa/d/studio-room-utilities/6371322599.html,"Studio room, utilities included, free wifi",1300,colorado springs,0,0,,38.926800,-104.846400,22,
