pid,dt,url,title,price,neighb,beds,sqft,baths,lat,lng,accuracy,address
6371307358,2017-11-02 16:59,https://dallas.craigslist.org/sdf/apa/d/availability-24-hours-d/6371307358.html,"Availability 24 Hours, W/D Hookup, Clubhouse",915,"1702 N Jupiter Rd, Garland, TX 75042",1,660,1,32.927760,-96.682954,5,1702 N Jupiter RdÂ  Garland TX US
6371291688,2017-11-02 16:59,https://dallas.craigslist.org/ftw/apa/d/2016-lease-to-own-mobile-home/6371291688.html,2016 Lease To Own Mobile Home!!!!,930,Fort Worth,3,1216,2,32.611144,-97.537340,10,5130 Ben Day Murrin Rd Benbrook TX US
6367384495,2017-11-02 16:59,https://dallas.craigslist.org/ftw/apa/d/place-to-call-home-1-bed-bath/6367384495.html,A PLACE TO CALL HOME *****1 Bed /bath  Apply Within!!*****,1080,180 Saint Donovan St,1,682,1,32.756790,-97.365131,22,
6371317057,2017-11-02 16:59,https://dallas.craigslist.org/mdf/apa/d/apartment-home-in-plano/6371317057.html,"☀ Apartment Home in Plano, Ceramic Tile Entries, Dog Park",1330,"9300 Coit Road, Plano, TX 75025",1,1060,1.5,33.104413,-96.770395,5,9300 Coit Road Plano TX US
6339574827,2017-11-02 16:59,https://dallas.craigslist.org/ftw/apa/d/1-1-ready-for-december-get/6339574827.html,1/1 READY FOR DECEMBER - GET THIS GIFT NOW,1070,180 Saint Donovan St,1,682,1,32.757162,-97.366033,5,
6371316967,2017-11-02 16:59,https://dallas.craigslist.org/mdf/apa/d/beautiful-plano-apartments/6371316967.html,"♥ Beautiful Plano apartments, Neighborhood Feel, Large Game Room",1915,"5900 Baywater Drive, Plano, TX 75093",2,1578,2,33.050280,-96.794480,5,5900 Baywater Drive Plano TX US
6371316871,2017-11-02 16:59,https://dallas.craigslist.org/mdf/apa/d/plano-apartment-living/6371316871.html,"☆ Plano Apartment Living, Neighborhood Feel, Ample Storage",1555,"5900 Baywater Drive, Plano, TX 75093",1,1032,1,33.050280,-96.794480,5,5900 Baywater Drive Plano TX US
6371305519,2017-11-02 16:59,https://dallas.craigslist.org/dal/apa/d/vibrant-high-rise-has-great/6371305519.html,A vibrant high rise has great closets and amenities in Design District,1599,Design District / Downtown Dallas,1,751,1,,,,
6371316821,2017-11-02 16:59,https://dallas.craigslist.org/dal/apa/d/come-home-to-gorgeous-home/6371316821.html,Come home to a gorgeous home!!,753,North Dallas,0,0,,32.869060,-96.748719,10,8780 Park Lane Dallas TX US
6343130331,2017-11-02 16:58,https://dallas.craigslist.org/dal/apa/d/newly-renovated-spacious/6343130331.html,Newly Renovated! Spacious Floor Plans!,1840,Far North Dallas,2,1101,2,32.996800,-96.792100,22,
6339467640,2017-11-02 16:58,https://dallas.craigslist.org/ftw/apa/d/largest-2-bed-townhome-ready/6339467640.html,Largest 2 Bed Townhome!!!   - READY FOR MOVE IN NEVEMBER,1388,Fort Worth,2,1240,2.5,32.757173,-97.365689,22,180 Saint Donovan St  TX US
6371316010,2017-11-02 16:58,https://dallas.craigslist.org/mdf/apa/d/apartments-in-plano-fitness/6371316010.html,"❄ Apartments in Plano, Fitness Center, Elegant Clubhouse",1510,"5900 Baywater Drive, Plano, TX 75093",1,970,1,33.050280,-96.794480,5,5900 Baywater Drive Plano TX US
6371315986,2017-11-02 16:58,https://dallas.craigslist.org/mdf/apa/d/march-in-to-super-service-at/6371315986.html,March in to Super Service at Aspen Court!,881,"Arlington, TX",1,720,1,32.778500,-97.083400,22,
6371315865,2017-11-02 16:58,https://dallas.craigslist.org/mdf/apa/d/grand-manor-apartments/6371315865.html,Grand Manor Apartments a perfect place to call home!!,,1750 W. Tarrant Rd.,0,0,,32.764900,-97.011200,22,1750 W. Tarrant Rd. Grand Prairie TX US
6371315740,2017-11-02 16:58,https://dallas.craigslist.org/mdf/apa/d/great-apartments-located-in/6371315740.html,"☀ Great apartments located in Plano, Attached Garages, Large Game Room",1510,"5900 Baywater Drive, Plano, TX 75093",1,970,1,33.050280,-96.794480,5,5900 Baywater Drive Plano TX US
6371315382,2017-11-02 16:57,https://dallas.craigslist.org/ndf/apa/d/great-shopping-and/6371315382.html,Great Shopping and Restaurants !,1245,Plano,2,1189,2,33.054018,-96.750677,10,5401 Independence Pkwy Plano TX US
6371315388,2017-11-02 16:57,https://dallas.craigslist.org/mdf/apa/d/washer-dryer-connections-on/6371315388.html,"Washer/ Dryer Connections, On Site Laundry Room(s), Sauna, Clubhouse",820,Irving,1,732,1,32.856897,-97.010479,5,4310 W Northgate Drive Irving TX US
6339637902,2017-11-02 16:57,https://dallas.craigslist.org/ftw/apa/d/best-price-in-this-area-1-1/6339637902.html,Best Price in this area 1/1 for lease -MOVE IN DECEMBER =GIFT INCLUDED,1080,180 Saint Donovan St,1,682,1,32.758746,-97.364413,22,
6339640213,2017-11-02 16:57,https://dallas.craigslist.org/ftw/apa/d/2-and-3-bed-room-townhomes/6339640213.html,2 AND 3 BED ROOM TOWNHOMES FOR RENT - BEST PRICE IN AREA,1396,180 Saint Donovan St,2,1240,2.5,32.757951,-97.365169,10,
6371304933,2017-11-02 16:57,https://dallas.craigslist.org/dal/apa/d/the-ideal-live-work-play/6371304933.html,"The ideal live, work, play destination in West Village",2079,West Village/Uptown Dallas,2,1275,2,32.803800,-96.785100,22,
6371314834,2017-11-02 16:57,https://dallas.craigslist.org/dal/apa/d/pet-friendly-some-breed/6371314834.html,"Pet friendly! (some breed restrictions), PLAY: Enclosed dog park",2315,Dallas,2,1195,2,32.804970,-96.809844,10,2728 hood st Dallas TX US
6371314698,2017-11-02 16:57,https://dallas.craigslist.org/mdf/apa/d/country-living-in-the-city-3/6371314698.html,Country Living in the City 3/2/2,1700,DWG,4,1900,2,32.697972,-97.150812,5,Texas Dr at California Dalworthington Gardens TX US
6357793841,2017-11-02 16:57,https://dallas.craigslist.org/ftw/apa/d/spacious-kitchen-lots-of/6357793841.html,Spacious Kitchen! Lot's Of Storage! Downstairs! 1- 2 AND 3 AVAILABLE,1388,180 Saint Donovan St,2,1240,2,32.756212,-97.364616,22,
6357796351,2017-11-02 16:56,https://dallas.craigslist.org/ftw/apa/d/large-2-bed-townhome-leasing/6357796351.html,Large 2 Bed Townhome! leasing for NOV  - CALL US HOME,1388,180 Saint Donovan St,2,1240,2.5,32.757951,-97.365169,10,
6371314154,2017-11-02 16:56,https://dallas.craigslist.org/ftw/apa/d/why-wait-pre-lease-today/6371314154.html,Why wait? Pre-lease today!,1085,,2,878,2,32.801744,-97.425495,10,6555 Shady Oaks Manor Dr Fort Worth TX US
6371314038,2017-11-02 16:56,https://dallas.craigslist.org/ndf/apa/d/resort-style-swimming-pool/6371314038.html,Resort Style Swimming Pool - Premium Covered Garages - Covered Parking,1600,George Bush Turnpike and Renner Road,2,1239,2,33.001034,-96.670246,5,380 Vistacourt Dr Plano TX US
6371313447,2017-11-02 16:56,https://dallas.craigslist.org/ftw/apa/d/we-want-to-help-you/6371313447.html,We want to help YOU!,910,,1,672,1,32.801744,-97.425495,10,6555 Shady Oaks Manor Dr Fort Worth TX US
6339578295,2017-11-02 16:56,https://dallas.craigslist.org/ftw/apa/d/open-large-2-2-town-home-for/6339578295.html,OPEN LARGE 2/2 TOWN HOME FOR RENT -WITH OUT THE HUGE PRICE,1388,180 Saint Donovan St,2,1240,2.5,32.739200,-97.385200,22,
6371303176,2017-11-02 16:56,https://dallas.craigslist.org/sdf/apa/d/large-patio-or-balcony-quiet/6371303176.html,"Large Patio or Balcony, Quiet, Residential Neighborhood, Dishwashers",745,Vickery Meadow / Northeast Dallas,1,653,1,32.866917,-96.759173,5,6121 Melody LaneÂ  Dallas TX US
6357812424,2017-11-02 16:55,https://dallas.craigslist.org/ftw/apa/d/2-and-3-bed-room-townhomes/6357812424.html,2 AND 3 BED ROOM TOWNHOMES FOR RENT - BEST PRICE IN AREA,1388,180 Saint Donovan St,2,1240,2.5,32.757951,-97.365169,10,
6357822198,2017-11-02 16:55,https://dallas.craigslist.org/ftw/apa/d/largest-2-bed-townhome-ready/6357822198.html,Largest 2 Bed Townhome!!!   - READY FOR MOVE IN NOW,1388,180 Saint Donovan St,2,1240,2.5,32.756660,-97.365646,22,
6357824169,2017-11-02 16:55,https://dallas.craigslist.org/ftw/apa/d/largest-2-bed-townhome-come/6357824169.html,Largest 2 Bed Townhome!!!    COME SEE US NOW TO LEASE,1388,180 Saint Donovan St,2,1240,2.5,32.756660,-97.365646,22,
6371312555,2017-11-02 16:55,https://dallas.craigslist.org/mdf/apa/d/apartments-in-the-heart-of/6371312555.html,"☆ Apartments In the heart of Plano, Hi-Def Media Center, Dog Park",1080,"9300 Coit Road, Plano, TX 75025",1,767,1,33.104413,-96.770395,5,9300 Coit Road Plano TX US
6338102993,2017-11-02 16:55,https://dallas.craigslist.org/ndf/apa/d/plano-4br-house/6338102993.html,Plano 4br House,1600,3509 Claymore Dr,4,1680,2,33.020413,-96.759489,5,3509 Claymore Dr Plano TX US
6357826288,2017-11-02 16:55,https://dallas.craigslist.org/ftw/apa/d/gorgeous-community-walking/6357826288.html,Gorgeous Community walking distance from UNT!!! CALL US TODAY!!,1333,fort worth,3,1240,2.5,32.739200,-97.385200,22,
6339058971,2017-11-02 16:54,https://dallas.craigslist.org/dal/apa/d/enjoy-the-large-trees/6339058971.html,Enjoy the large trees throughout this community!,800,Far North Dallas,1,529,1,33.000500,-96.831400,22,
6371311632,2017-11-02 16:54,https://dallas.craigslist.org/ndf/apa/d/huge-floor-plans-available-at/6371311632.html,Huge Floor Plans Available at Saddle Creek!,1244,,2,1216,0,32.965700,-96.882500,22,3420 Country Square Dr. Carrollton TX US
6371311027,2017-11-02 16:54,https://dallas.craigslist.org/ndf/apa/d/award-winning-plano-schools/6371311027.html,Award winning Plano Schools!,1306,Plano,2,970,2,33.054018,-96.750677,10,5401 Independence Pkwy Plano TX US
6371310455,2017-11-02 16:53,https://dallas.craigslist.org/mdf/apa/d/apartments-in-plano-relaxing/6371310455.html,"☺ Apartments in Plano, Relaxing Spa, Limited Access Gates",1080,"9300 Coit Road, Plano, TX 75025",1,767,1,33.104413,-96.770395,5,9300 Coit Road Plano TX US
6371310357,2017-11-02 16:53,https://dallas.craigslist.org/mdf/apa/d/spacious-apartments-in-plano/6371310357.html,"► Spacious apartments in Plano, Online Payments Available, Balconies",1020,"9300 Coit Road, Plano, TX 75025",1,669,1,33.104413,-96.770395,5,9300 Coit Road Plano TX US
6371310199,2017-11-02 16:53,https://dallas.craigslist.org/mdf/apa/d/beautiful-plano-apartments/6371310199.html,"֍ Beautiful Plano apartments, Elegant Clubhouse, Breakfast Nooks",1490,"5900 Baywater Drive, Plano, TX 75093",1,985,1,33.050280,-96.794480,5,5900 Baywater Drive Plano TX US
6371310043,2017-11-02 16:53,https://dallas.craigslist.org/ftw/apa/d/balconies-wood-veneer/6371310043.html,"Balconies, Wood veneer cabinets, Stainless steel appliances, Dog Park",1405,Ft Worth,1,874,1,32.749922,-97.360187,10,929 Norwood Street Fort Worth TX US
6371309977,2017-11-02 16:53,https://dallas.craigslist.org/mdf/apa/d/your-new-apartment-home-in/6371309977.html,"♥ Your new apartment home in Plano, Breakfast Nooks, Large Game Room",1465,"5900 Baywater Drive, Plano, TX 75093",1,945,1,33.050280,-96.794480,5,5900 Baywater Drive Plano TX US
6371309118,2017-11-02 16:52,https://dallas.craigslist.org/dal/apa/d/carport-or-garage-parking/6371309118.html,Carport or Garage Parking Available with This Studio Apartment,1091,Dallas,0,576,1,32.773145,-96.831069,10,444 W Commerce St Dallas TX US
6371296128,2017-11-02 16:52,https://dallas.craigslist.org/ftw/apa/d/2016-lease-to-own-mobile-home/6371296128.html,2016 Lease To Own Mobile Home!!!!,930,Fort Worth,3,1216,2,32.611144,-97.537340,10,5130 Ben Day Murrin Rd Fort Worth TX US
6371308742,2017-11-02 16:52,https://dallas.craigslist.org/ndf/apa/d/500-off-any-way-you-want-it/6371308742.html,$500 OFF ANY WAY YOU WANT IT!!! BLOW OUT RATES!!! MOVE IN TODAY!!!!,1794,"DFW AIRPORT, FORT WORTH, EULESS, BEDFORD",3,1377,2,32.824700,-97.050300,5,14301 Centre Station Drive Fort Worth TX US
6371308465,2017-11-02 16:52,https://dallas.craigslist.org/ndf/apa/d/welcome-home-to-centreport/6371308465.html,"☀ Welcome home to Centreport Apartments, Wood Blinds, Billiards Table",990,"DFW AIRPORT, FORT WORTH, EULESS, BEDFORD",1,673,1,32.824700,-97.050300,5,14301 Centre Station Drive Fort Worth TX US
6371308341,2017-11-02 16:52,https://dallas.craigslist.org/ndf/apa/d/apartments-in-fort-worth-high/6371308341.html,"❄ Apartments in Fort Worth, High-End Appliances, Storage Units",1095,"DFW AIRPORT, FORT WORTH, EULESS, BEDFORD",1,793,1,32.824700,-97.050300,5,14301 Centre Station Drive Fort Worth TX US
6371308273,2017-11-02 16:52,https://dallas.craigslist.org/ndf/apa/d/apartment-available-in-fort/6371308273.html,"֍ Apartment Available in Fort Worth, Storage Units, Dog Park",1215,"DFW AIRPORT, FORT WORTH, EULESS, BEDFORD",1,808,1,32.824700,-97.050300,5,14301 Centre Station Drive Fort Worth TX US
6371292771,2017-11-02 16:52,https://dallas.craigslist.org/dal/apa/d/love-it-live-it-rent-mobile/6371292771.html,"LOVE IT, LIVE IT, RENT A MOBILE HOME TODAY!!! HURRY IN.",825,DALLAS,3,0,1.5,32.960000,-96.838500,22,
6371308155,2017-11-02 16:52,https://dallas.craigslist.org/ndf/apa/d/500-off-any-way-you-want-it/6371308155.html,$500 OFF ANY WAY YOU WANT IT!!! BLOW OUT RATES!!! MOVE IN TODAY!!!,1179,"DFW AIRPORT, FORT WORTH, EULESS, BEDFORD",1,869,1,32.824700,-97.050300,5,14301 Centre Station Drive Fort Worth TX US
6371296658,2017-11-02 16:52,https://dallas.craigslist.org/ndf/apa/d/built-in-bookcases-custom/6371296658.html,"Built-in bookcases, Custom cabinets, Courtyard",1490,Parkway Place Apartments,3,1352,2,33.012834,-96.828474,5,19002 Dallas ParkwayÂ  Dallas TX US
6371297657,2017-11-02 16:51,https://dallas.craigslist.org/mdf/apa/d/covered-parking-space/6371297657.html,"Covered Parking Space, Curbside Trash Pickup, Limited Access Gate.",846,"Arlington, TX",1,580,1,32.691935,-97.065967,10,2409 Fallwood Drive Arlington TX US
6371290948,2017-11-02 16:51,https://dallas.craigslist.org/dal/apa/d/you-will-not-want-to-miss-all/6371290948.html,You will not want to miss all that this apartments in south Dallas can offer you,1155,Downtown Dallas/ West End/ Deep Ellum,0,0,1,,,,
6362316882,2017-11-02 16:51,https://dallas.craigslist.org/dal/apa/d/0-deposit-low-rent-for-active/6362316882.html,$0 Deposit & Low Rent for ACTIVE SOLDIERS & SENIORS 55+ on SSI!,385,Killeen,1,0,1,31.119281,-97.721275,10,1015 Hall Killeen TX US
6371249511,2017-11-02 16:51,https://dallas.craigslist.org/ftw/apa/d/just-remodeled-best-pricing/6371249511.html,Just REMODELED Best Pricing!!!,1370,Uptown,1,0,0,32.790400,-96.804400,22,
6371306835,2017-11-02 16:51,https://dallas.craigslist.org/mdf/apa/d/apartments-in-the-middle-of/6371306835.html,"☺ Apartments In the middle of Plano, Relaxing Spa, Cable Ready",1020,"9300 Coit Road, Plano, TX 75025",1,669,1,33.104413,-96.770395,5,9300 Coit Road Plano TX US
6371306646,2017-11-02 16:50,https://dallas.craigslist.org/mdf/apa/d/beautiful-plano-apartments/6371306646.html,"► Beautiful Plano apartments, Walk-in Showers, Hi-Def Media Center",1070,"9300 Coit Road, Plano, TX 75025",1,730,1,33.104413,-96.770395,5,9300 Coit Road Plano TX US
6371266938,2017-11-02 16:50,https://dallas.craigslist.org/ftw/apa/d/new-home-alert/6371266938.html,new home alert,1100,summit oaks,2,1088,2,,,,
6336281950,2017-11-02 16:50,https://dallas.craigslist.org/dal/apa/d/upscale-property-near-smu/6336281950.html,Upscale property near SMU,1322,University Park,0,650,1,,,,
6363665717,2017-11-02 16:50,https://dallas.craigslist.org/dal/apa/d/1st-full-month-free-location/6363665717.html,1st Full Month Free! | Location * Upgrades * Great Price *,916,Oak Lawn,1,632,1,32.816899,-96.821834,5,Kings Rd Dallas TX US
6350913157,2017-11-02 16:50,https://dallas.craigslist.org/dal/apa/d/special-first-3-months-then/6350913157.html,SPECIAL First 3 Months then $640 a month 1 Years Lease Bills Paid!,540,KILLEEN,2,0,1,31.119281,-97.721275,10,1015 N Hall St  TX US
6366784948,2017-11-02 16:50,https://dallas.craigslist.org/dal/apa/d/rare-gem-3-bed-town-house/6366784948.html,"Rare Gem, 3 Bed Town House w/ Access to Pool and Gym. Will go Fast!",2239,,3,1444,2.5,32.790594,-96.786622,5,910 Texas St Dallas TX US
6371305641,2017-11-02 16:50,https://dallas.craigslist.org/ndf/apa/d/no-pet-rent/6371305641.html,No pet Rent!,1092,Plano,2,873,1.5,33.054018,-96.750677,10,5401 Independence Pkwy Plano TX US
6366844294,2017-11-02 16:50,https://dallas.craigslist.org/dal/apa/d/1-month-free-very-popular-new/6366844294.html,1 Month Free! Very Popular/New Apts Near Lake Highlands Town Center,966,Lake Highlands,1,612,1,32.874956,-96.734447,5,Skillman St Dallas TX US
6371304723,2017-11-02 16:49,https://dallas.craigslist.org/ndf/apa/d/ready-to-move-today-apply/6371304723.html,Ready to Move Today? Apply Today Move Today,959,"800 Custer Rd, Richardson, TX 75080",1,797,1,32.958539,-96.735189,5,800 Custer RdÂ  Richardson TX US
6371304577,2017-11-02 16:49,https://dallas.craigslist.org/dal/apa/d/exciting-downtown-lifestyle/6371304577.html,Exciting downtown lifestyle!!,1295,Downtown Dallas/ West End/ Deep Ellum,1,745,1,,,,
6371304186,2017-11-02 16:49,https://dallas.craigslist.org/dal/apa/d/1-1-your-new-home-awaits-you/6371304186.html,A 1/1 * Your new home awaits you!  Live in the moment in Aubrey!,1009,Aubrey/Little Elm,1,750,1,33.292000,-96.987900,22,
6371303603,2017-11-02 16:48,https://dallas.craigslist.org/dal/apa/d/1-1-love-your-new-cozy-uptown/6371303603.html,"A 1/1 * Love your new, cozy Uptown studio spot",1225,Uptown Dallas/West Village,1,555,1,,,,
6366868530,2017-11-02 16:48,https://dallas.craigslist.org/dal/apa/d/receive-1-month-free-at-these/6366868530.html,Receive 1 Month Free at These Premiere Lake Highlands Residences,1278,Lake Highlands,2,1089,2,32.873244,-96.734190,5,Skillman St Dallas TX US
6367193289,2017-11-02 16:48,https://dallas.craigslist.org/dal/apa/d/close-to-oak-lawn-5-min-drive/6367193289.html,"Close To Oak Lawn, 5 Min Drive to Uptown | DART Rail Access Close By",1049,,0,524,1,32.811732,-96.831436,5,Medical District Dallas TX US
6371286700,2017-11-02 16:48,https://dallas.craigslist.org/dal/apa/d/the-perfect-spot-for-dallas/6371286700.html,The perfect spot for Dallas Uptown Living,1399,West Village - Uptown Dallas,1,729,1,32.803800,-96.785100,22,
6368192954,2017-11-02 16:48,https://dallas.craigslist.org/dal/apa/d/next-to-oak-lawn-5-min-drive/6368192954.html,"Next to Oak Lawn, 5 Min Drive to Uptown | DART Rail Access Close By",1094,,1,704,1,32.815353,-96.840405,5,Medical District Dallas TX US
6368198358,2017-11-02 16:48,https://dallas.craigslist.org/dal/apa/d/great-location-5-min-drive-to/6368198358.html,Great Location! 5 Min Drive to Uptown | DART Rail Access Close By,1430,,2,1213,2,32.811732,-96.831436,5,Medical District Dallas TX US
6371302456,2017-11-02 16:47,https://dallas.craigslist.org/dal/apa/d/historic-propertyminutes-from/6371302456.html,Historic Property**Minutes from Downtown Dallas**Ready Now!,1085,Dallas,1,0,1,32.824800,-96.749800,22,
6371173861,2017-11-02 16:47,https://dallas.craigslist.org/dal/apa/d/luxury-apartments-for-rent/6371173861.html,LUXURY APARTMENTS FOR RENT!,865,Plano,1,664,0,,,,
6371287362,2017-11-02 16:47,https://dallas.craigslist.org/dal/apa/d/walkers-paradise-in-uptown/6371287362.html,A walkers paradise in Uptown Dallas! Great price for a winter move!,1234,Uptown Dallas,1,690,1,,,,
6371244967,2017-11-02 16:46,https://dallas.craigslist.org/dal/apa/d/walk-to-your-favorite/6371244967.html,"Walk To Your Favorite Restaurants,, Free Move,,, Free Move,, Free Move",999,West 7th St. FW,1,0,0,32.790400,-96.804400,22,
6368220718,2017-11-02 16:46,https://dallas.craigslist.org/dal/apa/d/historic-building-unique-loft/6368220718.html,"Historic building, unique ""loft"" studio",1132,Downtown,0,508,1,32.781430,-96.795988,5,
6359468789,2017-11-02 16:46,https://dallas.craigslist.org/mdf/apa/d/brand-new-luxury-community/6359468789.html,Brand new luxury community near Las Colinas,1725,las colinas,2,1238,2,,,,
6368226464,2017-11-02 16:46,https://dallas.craigslist.org/dal/apa/d/walk-to-west-village-kroger/6368226464.html,"Walk to West Village, Kroger, Target, LA Fitness, DART Rail",1111,Cityplace,1,699,1,32.801344,-96.792555,5,
6368239528,2017-11-02 16:46,https://dallas.craigslist.org/dal/apa/d/location-location-uptown-at/6368239528.html,Location Location. Uptown at Your Doorstep! Walk To Everything,1200,Uptown,1,653,1,32.801133,-96.802936,15,
6368244777,2017-11-02 16:46,https://dallas.craigslist.org/dal/apa/d/walk-to-everything-heart-of/6368244777.html,"Walk To Everything! Heart of Uptown Lifestyle, Great Price",1475,Uptown,2,969,2,32.801133,-96.802936,15,
6368256022,2017-11-02 16:46,https://dallas.craigslist.org/dal/apa/d/hidden-gem-top-floor-no-one/6368256022.html,"Hidden Gem! Top Floor, No One Above You! Walk to West Village",1080,Cityplace,1,727,1,32.811083,-96.790838,5,
6368270196,2017-11-02 16:46,https://dallas.craigslist.org/dal/apa/d/walk-to-west-village-from/6368270196.html,Walk to West Village From This Hidden Gem,1510,Cityplace,2,1039,2,32.811083,-96.790838,5,
6368293352,2017-11-02 16:46,https://dallas.craigslist.org/dal/apa/d/1000-look-and-lease-special/6368293352.html,$1000 Look and Lease Special | No Breed Restrictions | New Community,1807,Oak Lawn,2,1028,2,32.808549,-96.817306,5,
6368381222,2017-11-02 16:46,https://dallas.craigslist.org/dal/apa/d/you-can-see-the-difference/6368381222.html,You Can See The Difference. Top Notch Quality with Amazing Location,1355,West Village,1,704,1,32.804717,-96.796095,5,
6368390116,2017-11-02 16:45,https://dallas.craigslist.org/dal/apa/d/the-quality-is-easy-to-see/6368390116.html,The Quality Is Easy To See Here. Top of the Line Finishes w/ LOCATION,2131,West Village,2,1085,2,32.804627,-96.796160,5,
6351417798,2017-11-02 16:45,https://dallas.craigslist.org/ftw/apa/d/todos-los-biles-pagados-en/6351417798.html,TODOS LOS BILES PAGADOS EN MORNINGSIDE APARTAMENTOS!!!!!,850,Fort Worth,2,725,1,32.709424,-97.321000,10,2904 South Freeway Fort Worth TX US
6371299994,2017-11-02 16:45,https://dallas.craigslist.org/dal/apa/d/3-bedroom-2-bath-with-full/6371299994.html,3 Bedroom 2 Bath with Full Size WD Connections ====>>,1070,Las Palmitas,3,0,2,32.748742,-97.109390,10,407 Cora St Arlington TX US
6338929047,2017-11-02 16:45,https://dallas.craigslist.org/dal/apa/d/your-new-home-is-freaking/6338929047.html,Your New Home is Freaking Gorgeous! AND You Get 1 Month Free :-),1699,Uptown Dallas,1,926,1,,,,
6348374458,2017-11-02 16:45,https://dallas.craigslist.org/ndf/apa/d/your-2-bedroom-home-is-across/6348374458.html,Your 2 Bedroom Home is Across from the Middle School,1193,Prosper,2,1046,2,,,,
6339557313,2017-11-02 16:45,https://dallas.craigslist.org/ndf/apa/d/relax-by-the-lake-or-at-the/6339557313.html,"Relax by the Lake or at the Resident Bar.  Oh yeah, and free rent too",1057,East Lewisville,1,724,1,,,,
6359394187,2017-11-02 16:45,https://dallas.craigslist.org/dal/apa/d/relaxing-modern-community/6359394187.html,Relaxing Modern Community Away from Highways - 1 Month Free,1255,North Central Dallas/ Upper Greenville,1,774,1,,,,
6371299383,2017-11-02 16:45,https://dallas.craigslist.org/dal/apa/d/playground-cable-ready-on/6371299383.html,"Playground, Cable Ready, On-Site Management",940,"2800 Jerridee Circle, Dallas, TX 75229",1,784,1,32.903214,-96.883672,5,2800 Jerridee CircleÂ  Dallas TX US
6352340778,2017-11-02 16:45,https://dallas.craigslist.org/dal/apa/d/close-to-smu-lower-price/6352340778.html,"Close to SMU, Lower Price, Updated",1565,Midtown,2,1164,2,,,,
6371297946,2017-11-02 16:44,https://dallas.craigslist.org/ndf/apa/d/newly-updated-only-1-left/6371297946.html,Newly Updated! Only 1 left!,1205,,2,980,2,33.061275,-96.711139,10,900 S Medalist Cir Plano TX US
6371297632,2017-11-02 16:43,https://dallas.craigslist.org/ndf/apa/d/newly-updated-only-1-left/6371297632.html,Newly Updated! Only 1 left!,1205,,2,980,2,33.061275,-96.711139,10,900 S Medalist Cir Plano TX US
6371297457,2017-11-02 16:43,https://dallas.craigslist.org/ndf/apa/d/newly-updated-only-1-left/6371297457.html,Newly Updated! Only 1 left!,1205,,2,980,2,33.061275,-96.711139,10,900 S Medalist Cir Plano TX US
6371296962,2017-11-02 16:43,https://dallas.craigslist.org/dal/apa/d/1br-1ba-unit-with-garden-tubs/6371296962.html,1BR/1BA Unit With Garden Tubs,1495,Uptown Dallas,1,840,1,32.807909,-96.814270,5,
6371282953,2017-11-02 16:42,https://dallas.craigslist.org/ftw/apa/d/2016-lease-to-own-mobile-home/6371282953.html,2016 Lease To Own Mobile Home!!!!,930,Fort Worth,3,1216,2,32.611144,-97.537340,10,5130 Ben Day Murrin Rd Benbrook TX US
6359480342,2017-11-02 16:42,https://dallas.craigslist.org/ndf/apa/d/retail-dining-social-events/6359480342.html,"Retail, dining, social events, and activities; beautiful interiors",1290,West Plano,2,1125,2,,,,
6371295227,2017-11-02 16:42,https://dallas.craigslist.org/ndf/apa/d/plano-isd-location/6371295227.html,Plano Isd Location,1395,Plano,2,1200,2,33.031727,-96.789987,10,2501 Ohio Drive Plano TX US
6357844225,2017-11-02 16:41,https://dallas.craigslist.org/ftw/apa/d/large-2-bed-townhome-open/6357844225.html,Large 2 Bed Townhome! Open Today Until 6pm! Come See Me!,1388,180 Saint Donovan St,2,1240,2.5,32.757951,-97.365169,10,
6371265323,2017-11-02 16:41,https://dallas.craigslist.org/ftw/apa/d/new-home-alert/6371265323.html,new home alert,1100,summit oaks,2,1088,2,,,,
6332618716,2017-11-02 16:41,https://dallas.craigslist.org/dal/apa/d/fresh-1-bedroom-1-bath-condo/6332618716.html,Fresh 1 Bedroom 1 Bath Condo in Oak Lawn area,990,Oak Lawn,1,714,1,32.810326,-96.815472,5,2702 Douglas Ave Dallas TX US
6371240217,2017-11-02 16:41,https://dallas.craigslist.org/dal/apa/d/live-well-bringing-comfort/6371240217.html,Live Well!  Bringing Comfort Home!,1281,Carrollton/ Farmers Branch,2,1000,2,,,,
6339547446,2017-11-02 16:41,https://dallas.craigslist.org/dal/apa/d/4-bedroom-3-full-bath-in-the/6339547446.html,4 Bedroom 3 full bath in The Heart of Plano,2445,Plano,4,2376,3,33.012741,-96.757638,20,3501 Dartmouth Dr Plano TX US
6346972303,2017-11-02 16:41,https://dallas.craigslist.org/dal/apa/d/0-deposit-low-rent-for-active/6346972303.html,$0 Deposit & Low Rent for ACTIVE SOLDIERS & SENIORS 55+ on SSI!,385,Killeen,1,0,1,31.119281,-97.721275,10,1015 Hall Killeen TX US
6355461658,2017-11-02 16:40,https://dallas.craigslist.org/dal/apa/d/house-for-rent/6355461658.html,HOUSE FOR RENT,1400,Garland,4,0,2,,,,
6371293145,2017-11-02 16:40,https://dallas.craigslist.org/mdf/apa/d/environmentally-friendly/6371293145.html,"Environmentally Friendly Programmable Thermostats, Stand Up Showers",929,"North Richland Hills, Keller, Southlake",0,0,,,,,
6352694692,2017-11-02 16:40,https://dallas.craigslist.org/ftw/apa/d/1-bed-coming-avail-apply/6352694692.html,"*****1 Bed Coming Avail ! Apply Within!!*****"" must see",1080,180 Saint Donovan St,1,683,1,32.756790,-97.365131,22,
6371293121,2017-11-02 16:40,https://dallas.craigslist.org/dal/apa/d/1-bedroom-fully-upgraded/6371293121.html,1 Bedroom Fully Upgraded,750,Las Palmitas,1,0,1,32.748742,-97.109390,10,407 Cora St Arlington TX US
6371292793,2017-11-02 16:40,https://dallas.craigslist.org/ndf/apa/d/apartments-in-richardson/6371292793.html,"֍ Apartments in Richardson, Private Balcony or Patio, Clubhouse",974,"4250 East Renner Road, Richardson, TX 75082",1,700,1,33.001548,-96.643260,5,4250 East Renner Road Richardson TX US
6339456906,2017-11-02 16:40,https://dallas.craigslist.org/ftw/apa/d/1-left-1217-sf-available-for/6339456906.html,1 LEFT!! 1217 SF AVAILABLE FOR DECEMBER MOVE IN!!!,1338,saint donovan / bailey drive,3,1217,2.5,32.757951,-97.365169,10,
6371292519,2017-11-02 16:40,https://dallas.craigslist.org/dal/apa/d/contemporary-style-private/6371292519.html,"Contemporary Style, Private Balconies, Outdoor Grill",1010,Dallas,2,816,1,32.867593,-96.680328,10,12660 Jupiter Road Dallas TX US
6371291814,2017-11-02 16:39,https://dallas.craigslist.org/mdf/apa/d/apartment-home-in-fort-worth/6371291814.html,"☀ Apartment Home in Fort Worth, Screening Room, Billiards Table",1095,"14301 Centre Station Drive, Fort Worth, TX 76155",1,793,1,32.824700,-97.050300,5,14301 Centre Station Drive Fort Worth TX US
6371291821,2017-11-02 16:39,https://dallas.craigslist.org/mdf/apa/d/fort-worth-apartment-homes/6371291821.html,"♥ Fort Worth Apartment Homes, Storage Units, High-End Appliances",990,"14301 Centre Station Drive, Fort Worth, TX 76155",1,673,1,32.824700,-97.050300,5,14301 Centre Station Drive Fort Worth TX US
6371291251,2017-11-02 16:39,https://dallas.craigslist.org/ndf/apa/d/apartment-home-in-fort-worth/6371291251.html,"☆ Apartment Home in Fort Worth, Wood Blinds, Attached Garages",1399,"DFW AIRPORT, FORT WORTH, EULESS, BEDFORD",2,1199,2,32.824700,-97.050300,5,14301 Centre Station Drive Fort Worth TX US
6371290726,2017-11-02 16:38,https://dallas.craigslist.org/ndf/apa/d/apartments-in-fort-worth/6371290726.html,"☺ Apartments in Fort Worth, Online Payments Available, Wood Blinds",1449,"DFW AIRPORT, FORT WORTH, EULESS, BEDFORD",2,1197,2,32.824700,-97.050300,5,14301 Centre Station Drive Fort Worth TX US
6348374458,2017-11-02 16:45,https://dallas.craigslist.org/ndf/apa/d/your-2-bedroom-home-is-across/6348374458.html,Your 2 Bedroom Home is Across from the Middle School,1193,Prosper,2,1046,2,,,,
6339557313,2017-11-02 16:45,https://dallas.craigslist.org/ndf/apa/d/relax-by-the-lake-or-at-the/6339557313.html,"Relax by the Lake or at the Resident Bar.  Oh yeah, and free rent too",1057,East Lewisville,1,724,1,,,,
6359394187,2017-11-02 16:45,https://dallas.craigslist.org/dal/apa/d/relaxing-modern-community/6359394187.html,Relaxing Modern Community Away from Highways - 1 Month Free,1255,North Central Dallas/ Upper Greenville,1,774,1,,,,
6371299383,2017-11-02 16:45,https://dallas.craigslist.org/dal/apa/d/playground-cable-ready-on/6371299383.html,"Playground, Cable Ready, On-Site Management",940,"2800 Jerridee Circle, Dallas, TX 75229",1,784,1,32.903214,-96.883672,5,2800 Jerridee CircleÂ  Dallas TX US
6352340778,2017-11-02 16:45,https://dallas.craigslist.org/dal/apa/d/close-to-smu-lower-price/6352340778.html,"Close to SMU, Lower Price, Updated",1565,Midtown,2,1164,2,,,,
6371297946,2017-11-02 16:44,https://dallas.craigslist.org/ndf/apa/d/newly-updated-only-1-left/6371297946.html,Newly Updated! Only 1 left!,1205,,2,980,2,33.061275,-96.711139,10,900 S Medalist Cir Plano TX US
6371297632,2017-11-02 16:43,https://dallas.craigslist.org/ndf/apa/d/newly-updated-only-1-left/6371297632.html,Newly Updated! Only 1 left!,1205,,2,980,2,33.061275,-96.711139,10,900 S Medalist Cir Plano TX US
6371297457,2017-11-02 16:43,https://dallas.craigslist.org/ndf/apa/d/newly-updated-only-1-left/6371297457.html,Newly Updated! Only 1 left!,1205,,2,980,2,33.061275,-96.711139,10,900 S Medalist Cir Plano TX US
6371296962,2017-11-02 16:43,https://dallas.craigslist.org/dal/apa/d/1br-1ba-unit-with-garden-tubs/6371296962.html,1BR/1BA Unit With Garden Tubs,1495,Uptown Dallas,1,840,1,32.807909,-96.814270,5,
6371282953,2017-11-02 16:42,https://dallas.craigslist.org/ftw/apa/d/2016-lease-to-own-mobile-home/6371282953.html,2016 Lease To Own Mobile Home!!!!,930,Fort Worth,3,1216,2,32.611144,-97.537340,10,5130 Ben Day Murrin Rd Benbrook TX US
6359480342,2017-11-02 16:42,https://dallas.craigslist.org/ndf/apa/d/retail-dining-social-events/6359480342.html,"Retail, dining, social events, and activities; beautiful interiors",1290,West Plano,2,1125,2,,,,
6371295227,2017-11-02 16:42,https://dallas.craigslist.org/ndf/apa/d/plano-isd-location/6371295227.html,Plano Isd Location,1395,Plano,2,1200,2,33.031727,-96.789987,10,2501 Ohio Drive Plano TX US
6357844225,2017-11-02 16:41,https://dallas.craigslist.org/ftw/apa/d/large-2-bed-townhome-open/6357844225.html,Large 2 Bed Townhome! Open Today Until 6pm! Come See Me!,1388,180 Saint Donovan St,2,1240,2.5,32.757951,-97.365169,10,
6371265323,2017-11-02 16:41,https://dallas.craigslist.org/ftw/apa/d/new-home-alert/6371265323.html,new home alert,1100,summit oaks,2,1088,2,,,,
6332618716,2017-11-02 16:41,https://dallas.craigslist.org/dal/apa/d/fresh-1-bedroom-1-bath-condo/6332618716.html,Fresh 1 Bedroom 1 Bath Condo in Oak Lawn area,990,Oak Lawn,1,714,1,32.810326,-96.815472,5,2702 Douglas Ave Dallas TX US
6371240217,2017-11-02 16:41,https://dallas.craigslist.org/dal/apa/d/live-well-bringing-comfort/6371240217.html,Live Well!  Bringing Comfort Home!,1281,Carrollton/ Farmers Branch,2,1000,2,,,,
6339547446,2017-11-02 16:41,https://dallas.craigslist.org/dal/apa/d/4-bedroom-3-full-bath-in-the/6339547446.html,4 Bedroom 3 full bath in The Heart of Plano,2445,Plano,4,2376,3,33.012741,-96.757638,20,3501 Dartmouth Dr Plano TX US
6346972303,2017-11-02 16:41,https://dallas.craigslist.org/dal/apa/d/0-deposit-low-rent-for-active/6346972303.html,$0 Deposit & Low Rent for ACTIVE SOLDIERS & SENIORS 55+ on SSI!,385,Killeen,1,0,1,31.119281,-97.721275,10,1015 Hall Killeen TX US
6355461658,2017-11-02 16:40,https://dallas.craigslist.org/dal/apa/d/house-for-rent/6355461658.html,HOUSE FOR RENT,1400,Garland,4,0,2,,,,
6371293145,2017-11-02 16:40,https://dallas.craigslist.org/mdf/apa/d/environmentally-friendly/6371293145.html,"Environmentally Friendly Programmable Thermostats, Stand Up Showers",929,"North Richland Hills, Keller, Southlake",0,0,,,,,
6352694692,2017-11-02 16:40,https://dallas.craigslist.org/ftw/apa/d/1-bed-coming-avail-apply/6352694692.html,"*****1 Bed Coming Avail ! Apply Within!!*****"" must see",1080,180 Saint Donovan St,1,683,1,32.756790,-97.365131,22,
6371293121,2017-11-02 16:40,https://dallas.craigslist.org/dal/apa/d/1-bedroom-fully-upgraded/6371293121.html,1 Bedroom Fully Upgraded,750,Las Palmitas,1,0,1,32.748742,-97.109390,10,407 Cora St Arlington TX US
6371292793,2017-11-02 16:40,https://dallas.craigslist.org/ndf/apa/d/apartments-in-richardson/6371292793.html,"֍ Apartments in Richardson, Private Balcony or Patio, Clubhouse",974,"4250 East Renner Road, Richardson, TX 75082",1,700,1,33.001548,-96.643260,5,4250 East Renner Road Richardson TX US
6339456906,2017-11-02 16:40,https://dallas.craigslist.org/ftw/apa/d/1-left-1217-sf-available-for/6339456906.html,1 LEFT!! 1217 SF AVAILABLE FOR DECEMBER MOVE IN!!!,1338,saint donovan / bailey drive,3,1217,2.5,32.757951,-97.365169,10,
6371292519,2017-11-02 16:40,https://dallas.craigslist.org/dal/apa/d/contemporary-style-private/6371292519.html,"Contemporary Style, Private Balconies, Outdoor Grill",1010,Dallas,2,816,1,32.867593,-96.680328,10,12660 Jupiter Road Dallas TX US
6371291814,2017-11-02 16:39,https://dallas.craigslist.org/mdf/apa/d/apartment-home-in-fort-worth/6371291814.html,"☀ Apartment Home in Fort Worth, Screening Room, Billiards Table",1095,"14301 Centre Station Drive, Fort Worth, TX 76155",1,793,1,32.824700,-97.050300,5,14301 Centre Station Drive Fort Worth TX US
6371291821,2017-11-02 16:39,https://dallas.craigslist.org/mdf/apa/d/fort-worth-apartment-homes/6371291821.html,"♥ Fort Worth Apartment Homes, Storage Units, High-End Appliances",990,"14301 Centre Station Drive, Fort Worth, TX 76155",1,673,1,32.824700,-97.050300,5,14301 Centre Station Drive Fort Worth TX US
6371291251,2017-11-02 16:39,https://dallas.craigslist.org/ndf/apa/d/apartment-home-in-fort-worth/6371291251.html,"☆ Apartment Home in Fort Worth, Wood Blinds, Attached Garages",1399,"DFW AIRPORT, FORT WORTH, EULESS, BEDFORD",2,1199,2,32.824700,-97.050300,5,14301 Centre Station Drive Fort Worth TX US
6371290726,2017-11-02 16:38,https://dallas.craigslist.org/ndf/apa/d/apartments-in-fort-worth/6371290726.html,"☺ Apartments in Fort Worth, Online Payments Available, Wood Blinds",1449,"DFW AIRPORT, FORT WORTH, EULESS, BEDFORD",2,1197,2,32.824700,-97.050300,5,14301 Centre Station Drive Fort Worth TX US
6371290428,2017-11-02 16:38,https://dallas.craigslist.org/ndf/apa/d/fort-worth-apartment-living/6371290428.html,"► Fort Worth Apartment Living, High-End Appliances, Billiards Table",1544,"DFW AIRPORT, FORT WORTH, EULESS, BEDFORD",2,1196,2,32.824700,-97.050300,5,14301 Centre Station Drive Fort Worth TX US
6371290389,2017-11-02 16:38,https://dallas.craigslist.org/ndf/apa/d/drive-thru-mail-kiosk-1st/6371290389.html,"Drive-Thru Mail Kiosk, 1st Floor Wood, Lush Landscaping",955,"8700 Stacy Road, McKinney, TX 75070",1,733,1,33.195100,-96.664200,5,8700 Stacy Road McKinney TX US
6359491372,2017-11-02 16:38,https://dallas.craigslist.org/ndf/apa/d/easy-access-to-dfw-airport/6359491372.html,Easy access to DFW Airport and major freeways including the I-35E,1080,lewisville,1,808,1,33.019800,-96.992500,0,
6371290169,2017-11-02 16:38,https://dallas.craigslist.org/ndf/apa/d/apartments-in-fort-worth/6371290169.html,"֍ Apartments in Fort Worth, Attached Garages, Billiards Table",1514,"DFW AIRPORT, FORT WORTH, EULESS, BEDFORD",2,1080,2,32.824700,-97.050300,5,14301 Centre Station Drive Fort Worth TX US
6339451796,2017-11-02 16:38,https://dallas.craigslist.org/ftw/apa/d/large-2-bed-townhome-leasing/6339451796.html,Large 2 Bed Townhome! leasing for November  - CALL US HOME,1388,180 Saint Donovan St,2,1240,2.5,32.757951,-97.365169,10,
6371289803,2017-11-02 16:37,https://dallas.craigslist.org/ndf/apa/d/apartment-home-in-fort-worth/6371289803.html,"❄ Apartment Home in Fort Worth, High-End Appliances, Attached Garages",1369,"DFW AIRPORT, FORT WORTH, EULESS, BEDFORD",2,1066,2,32.824700,-97.050300,5,14301 Centre Station Drive Fort Worth TX US
6371273698,2017-11-02 16:37,https://dallas.craigslist.org/ftw/apa/d/2016-lease-to-own-mobile-home/6371273698.html,2016 Lease To Own Mobile Home!!!!,930,Fort Worth,3,1216,2,32.611144,-97.537340,10,5130 Ben Day Murrin Rd Benbrook TX US
6371289547,2017-11-02 16:37,https://dallas.craigslist.org/mdf/apa/d/no-adm-fee-no-deposithurry-in/6371289547.html,NO ADM FEE & NO DEPOSIT!!!!!!HURRY IN TODAY,,,1,521,1,32.755744,-97.005714,20,W TARRANT RD GRAND PRAIRIE TX US
6371288146,2017-11-02 16:36,https://dallas.craigslist.org/dal/apa/d/start-your-new-future-with-us/6371288146.html,Start your new future with us!,1140,,2,940,1,33.000500,-96.831400,22,
6371287992,2017-11-02 16:36,https://dallas.craigslist.org/dal/apa/d/2-2-the-location-says-it-all/6371287992.html,A 2/2 * The location says it all near the Galleria in Addison,1478,Addison/North Dallas,2,1106,2,32.932200,-96.835300,22,
6339107358,2017-11-02 16:36,https://dallas.craigslist.org/ftw/apa/d/2-and-3-bed-room-townhomes/6339107358.html,2 AND 3 BED ROOM TOWNHOMES FOR RENT - BEST PRICE IN AREA,1388,180 Saint Donovan St,2,1240,2.5,32.757951,-97.365169,10,
6371287279,2017-11-02 16:36,https://dallas.craigslist.org/ndf/apa/d/beautiful-gated-property/6371287279.html,Beautiful Gated Property,940,Plano,1,695,1,33.031727,-96.789987,10,2501 Ohio Drive Plano TX US
6371276384,2017-11-02 16:35,https://dallas.craigslist.org/ndf/apa/d/are-you-looking-for-new-place/6371276384.html,Are you looking for a new place?? Welcome to your new home!,724,,1,597,1,32.909590,-96.721939,10,
6371259544,2017-11-02 16:35,https://dallas.craigslist.org/ndf/apa/d/galleria-mall-area-best-deal/6371259544.html,Galleria Mall Area *BEST DEAL*,1125,North Dallas Galleria,1,0,0,32.790400,-96.804400,22,
6371272788,2017-11-02 16:35,https://dallas.craigslist.org/dal/apa/d/come-see-us-today/6371272788.html,COME SEE US TODAY!!,829,,0,0,,32.656699,-96.891263,20,Gannon Ln Dallas TX US
6371286030,2017-11-02 16:35,https://dallas.craigslist.org/dal/apa/d/1-1-high-rise-with-timeless/6371286030.html,A 1/1 * A high rise with timeless architecture in Victory Park,1695,Victory Park / Uptown Dallas,1,678,1,,,,
6371285801,2017-11-02 16:34,https://dallas.craigslist.org/ftw/apa/d/theres-no-place-like-home1-1/6371285801.html,THERE'S NO PLACE LIKE HOME!1/1,792,,1,770,1,32.736345,-97.418751,10,6200 Pershing Ave. Fort Worth TX US
6350246584,2017-11-02 16:34,https://dallas.craigslist.org/dal/apa/d/399-total-move-in-better/6350246584.html,"$399 Total Move-In! Better Hurry, This Special Ends Soon!",760,,1,747,1,,,,
6359497657,2017-11-02 16:34,https://dallas.craigslist.org/ndf/apa/d/nice-2nd-chance-property-in/6359497657.html,Nice 2nd Chance Property in Lewisville,991,Lewisville,0,852,,33.053200,-96.999900,0,
6371284578,2017-11-02 16:34,https://dallas.craigslist.org/ftw/apa/d/move-into-your-new-home/6371284578.html,MOVE INTO YOUR NEW HOME,793,5500 Eastland St.,3,1357,2.5,32.691400,-97.267500,0,
6371284258,2017-11-02 16:33,https://dallas.craigslist.org/ndf/apa/d/apartments-in-richardson/6371284258.html,"❄ Apartments in Richardson, Business Center, Satellite Ready",1245,"4250 East Renner Road, Richardson, TX 75082",2,992,1,33.001548,-96.643260,5,4250 East Renner Road Richardson TX US
6362302619,2017-11-02 16:33,https://dallas.craigslist.org/dal/apa/d/0-deposit-or-income/6362302619.html,$0 Deposit or Income Verification w Paid in Advance Rent! 2 hr Drive!,399,Killeen,0,0,,31.117200,-97.665100,22,
6342374972,2017-11-02 16:33,https://dallas.craigslist.org/ndf/apa/d/located-in-prestigious-north/6342374972.html,"🌍 Located in prestigious North Dallas, offering convenience & fun!",1121,,2,859,1,,,,
6371187465,2017-11-02 16:33,https://dallas.craigslist.org/dal/apa/d/immediate-move-in-great/6371187465.html,IMMEDIATE MOVE-IN GREAT LOCATION!,975,McKinney,1,575,0,,,,
6371283218,2017-11-02 16:33,https://dallas.craigslist.org/ftw/apa/d/move-in-now-and-get-settled/6371283218.html,Move In Now And Get Settled Before The Holidays! 1/1,792,,1,770,1,32.736345,-97.418751,10,6200 Pershing Ave. Fort Worth TX US
6358122514,2017-11-02 16:32,https://dallas.craigslist.org/ndf/apa/d/pet-friendly-1x1-2x2-3x2/6358122514.html,"PET-FRIENDLY 1X1, 2X2, & 3X2 APARTMENTS EQUIPPED WITH BLACK APPLIANCES",899,"Richardson, TX",1,693,1,32.945578,-96.712287,10,900 Frances Way Richardson TX US
6371282761,2017-11-02 16:32,https://dallas.craigslist.org/dal/apa/d/dishwasher-fath-30-day/6371282761.html,"Dishwasher, Fath 30-Day Satisfaction Guarantee, Cable Ready",715,Vickery Meadow / Northeast Dallas,1,653,1,32.865346,-96.756807,5,6251 Melody LaneÂ  Dallas TX US
6371282338,2017-11-02 16:32,https://dallas.craigslist.org/dal/apa/d/fitness-center-carport/6371282338.html,"Fitness Center, Carport, Laundry Facilities",1085,"1400 Esters Rd, Irving, TX 75061",2,982,2,32.827243,-97.010379,5,1400 Esters RdÂ  Irving TX US
6358108975,2017-11-02 16:32,https://dallas.craigslist.org/ndf/apa/d/below-market-rent-exclusive/6358108975.html,✨Below Market Rent - Exclusive Amenities!✨ Call Now!,799,,1,618,1,,,,
6371282065,2017-11-02 16:32,https://dallas.craigslist.org/dal/apa/d/sparkling-swimming-pool/6371282065.html,"Sparkling Swimming Pool, Carpeting, On-Site Maintenance",905,Vickery Meadow / Northeast Dallas,2,991,2,32.865346,-96.756807,5,6251 Melody LaneÂ  Dallas TX US
6371282007,2017-11-02 16:32,https://dallas.craigslist.org/dal/apa/d/mid-century-modern-home/6371282007.html,Mid-Century Modern home,1795,West Richardson,3,1760,2,32.969049,-96.750627,5,820 Woodland Way Richardson TX US
6360931850,2017-11-02 16:31,https://dallas.craigslist.org/ndf/apa/d/150-off-1st-months-rent-on-12/6360931850.html,$150 off 1st month's rent on a 12 month lease. (limited time only),860,Garland,1,695,1,,,,
6371281592,2017-11-02 16:31,https://dallas.craigslist.org/dal/apa/d/luxury-living-in-las-colinas/6371281592.html,Luxury living in Las Colinas.  Brand new home.,1350,Las Colinas/Irving,1,611,1,32.869700,-96.938900,22,
6342328285,2017-11-02 16:31,https://dallas.craigslist.org/ndf/apa/d/hot-rental-rates-discounted/6342328285.html,🔥Hot Rental Rates! Discounted Rent - Get $300 Off with our special!,1049,,2,1014,2,,,,
6371280659,2017-11-02 16:31,https://dallas.craigslist.org/sdf/apa/d/roomy-2400-sq-ft-2-story-with/6371280659.html,Roomy 2400+ sq ft 2 Story With Closet Space Galore--Recently Reduced,1595,Duncanville,4,2441,2.5,32.648672,-96.913713,10,312 Melody Lane Duncanville TX US
6371280536,2017-11-02 16:31,https://dallas.craigslist.org/dal/apa/d/sparkling-swimming-pool-24/6371280536.html,"Sparkling Swimming Pool, 24-Hour Courtesy Patrol, Cable Ready",705,Vickery Meadow / Northeast Dallas,1,590,1,32.865346,-96.756807,5,6251 Melody LaneÂ  Dallas TX US
6342330360,2017-11-02 16:30,https://dallas.craigslist.org/mdf/apa/d/are-you-tired-of-looking-for/6342330360.html,☆Are you tired of looking for an apartment??,975,,2,759,2,,,,
6371268764,2017-11-02 16:30,https://dallas.craigslist.org/ftw/apa/d/2016-lease-to-own-mobile-home/6371268764.html,2016 Lease To Own Mobile Home!!!!,930,Fort Worth,3,1216,2,32.611144,-97.537340,10,"5130 Ben Day Murrin Rd,841 Benbrook TX US"
6359503566,2017-11-02 16:30,https://dallas.craigslist.org/dal/apa/d/upscale-property-near-smu/6359503566.html,Upscale property near SMU,1402,University Park,0,758,1,,,,
6371253245,2017-11-02 16:29,https://dallas.craigslist.org/sdf/apa/d/brand-new-elevators-gated/6371253245.html,"Brand New, Elevators, Gated, Grilling Areas, Coffee Bar!",1080,Desoto,1,736,1,32.604100,-96.865300,0,
6371278578,2017-11-02 16:29,https://dallas.craigslist.org/ndf/apa/d/oversized-walk-in-closets/6371278578.html,"Oversized Walk-In Closets, Pets Welcome, Complimentary WIFI Pool Area",883,"4747 North Josey Lane, Carrollton, TX 75010",1,609,1,33.041347,-96.881422,5,4747 North Josey Lane Carrollton TX US
6371278230,2017-11-02 16:29,https://dallas.craigslist.org/mdf/apa/d/its-the-right-time-to-make/6371278230.html,It's the Right Time to Make Your Move to Aspen Court,855,"Arlington, TX",1,672,1,32.778500,-97.083400,22,
6339532327,2017-11-02 16:29,https://dallas.craigslist.org/ndf/apa/d/newly-renovated-available-now/6339532327.html,Newly Renovated! Available Now! Call Today!,683,,1,500,1,,,,
6351399420,2017-11-02 16:29,https://dallas.craigslist.org/dal/apa/d/3-besroom-4-rent-spa-and/6351399420.html,3 Besroom 4 Rent Spa and Fitness Cred Help,450,,0,750,,32.949200,-96.441800,22,
6371221559,2017-11-02 16:29,https://dallas.craigslist.org/dal/apa/d/unique-spaces-designed-for-an/6371221559.html,UNIQUE SPACES DESIGNED FOR AN URBAN LIFESTYLE!,980,Richardson,1,675,0,,,,
6371277723,2017-11-02 16:28,https://dallas.craigslist.org/dal/apa/d/upgraded-12-bdrm-free-covered/6371277723.html,upgraded 1&2 BDRM FREE COVERED PARKING,765,Dallas,1,0,1,32.659000,-96.876500,22,
6371196879,2017-11-02 16:28,https://dallas.craigslist.org/dal/apa/d/you-will-absolutely-love-this/6371196879.html,YOU WILL ABSOLUTELY LOVE THIS APARTMENT!,998,Plano,1,723,0,,,,
6371145581,2017-11-02 16:28,https://dallas.craigslist.org/dal/apa/d/all-you-need-in-community-and/6371145581.html,ALL YOU NEED IN A COMMUNITY AND MORE!,850,Dallas,1,680,0,,,,
6371276838,2017-11-02 16:28,https://dallas.craigslist.org/ftw/apa/d/come-see-your-charming-new/6371276838.html,Come See Your Charming New Home!1/1,792,,1,770,1,32.736345,-97.418751,10,6200 Pershing Ave. Fort Worth TX US
6371276483,2017-11-02 16:28,https://dallas.craigslist.org/dal/apa/d/unique-options-without/6371276483.html,Unique Options without Leaving Home,1755,Downtown/West Dallas,2,0,2,,,,
6357317691,2017-11-02 16:27,https://dallas.craigslist.org/dal/apa/d/rental-is-available-now/6357317691.html,RENTAL IS AVAILABLE NOW,600,,3,1200,2,32.875600,-96.749500,22,
6350951828,2017-11-02 16:27,https://dallas.craigslist.org/dal/apa/d/one-month-free-with-waived/6350951828.html,ONE MONTH FREE!!! With waived application and admin fees!,1165,"5750 E UNIVERSITY BLVD, DALLAS, TX 75206",1,815,1,32.845559,-96.768018,5,5750 E UNIVERSITY BLVD DALLAS TX US
6357315946,2017-11-02 16:27,https://dallas.craigslist.org/dal/apa/d/house-for-rent/6357315946.html,house for rent,700,,3,1300,2,32.875600,-96.749500,22,
6348821587,2017-11-02 16:27,https://dallas.craigslist.org/dal/apa/d/only-2-left-at-special-price/6348821587.html,Only 2 Left & At A Special Price w/ 1 Month Free !,1165,"5750 E UNIVERSITY BLVD, DALLAS, TX 75206",1,815,1,32.845559,-96.768018,5,5750 E UNIVERSITY BLVD DALLAS TX US
6371263802,2017-11-02 16:27,https://dallas.craigslist.org/mdf/apa/d/hurry-in-only-one-left-dont/6371263802.html,Hurry In !! Only One Left !! Don't Miss It!!,796,"Euless, TX",1,525,1,32.853679,-97.082522,10,1350 N Main St Euless TX US
6348932816,2017-11-02 16:27,https://dallas.craigslist.org/dal/apa/d/garden-tubs-online-payments/6348932816.html,"Garden Tubs, Online Payments Available, Freeway Access",1165,"5750 E UNIVERSITY BLVD, DALLAS, TX 75206",1,815,1,32.845559,-96.768018,5,5750 E UNIVERSITY BLVD DALLAS TX US
6360262866,2017-11-02 16:27,https://dallas.craigslist.org/dal/apa/d/why-wait-get-one-month-free/6360262866.html,Why wait? Get one MONTH free!,1165,"5750 E UNIVERSITY BLVD, DALLAS, TX 75206",1,815,1,32.845559,-96.768018,5,5750 E UNIVERSITY BLVD DALLAS TX US
6358059349,2017-11-02 16:27,https://dallas.craigslist.org/dal/apa/d/get-your-new-2-bedroom-home/6358059349.html,Get Your New 2 Bedroom Home Before The Holidays ! 1 Month Free Rent !,1565,"5750 E UNIVERSITY BLVD, DALLAS, TX 75206",2,1164,2,32.845559,-96.768018,5,5750 E UNIVERSITY BLVD DALLAS TX US
6357863253,2017-11-02 16:27,https://dallas.craigslist.org/dal/apa/d/your-new-home-dog-park-pool-1/6357863253.html,"Your New Home w/ Dog Park, Pool & 1 Month Free !",1565,"5750 E UNIVERSITY BLVD, DALLAS, TX 75206",2,1164,2,32.845559,-96.768018,5,5750 E UNIVERSITY BLVD DALLAS TX US
6348588472,2017-11-02 16:27,https://dallas.craigslist.org/dal/apa/d/pets-allowed-detached-garages/6348588472.html,"Pets Allowed, Detached Garages Available, Refreshing Swimming Pool",1565,"5750 E UNIVERSITY BLVD, DALLAS, TX 75206",2,1164,2,32.845559,-96.768018,5,5750 E UNIVERSITY BLVD DALLAS TX US
6334987488,2017-11-02 16:27,https://dallas.craigslist.org/dal/apa/d/waived-app-and-admin-fees-and/6334987488.html,Waived App and Admin fees and MORE!!,1565,"5750 E UNIVERSITY BLVD, DALLAS, TX 75206",2,1164,2,32.845559,-96.768018,5,5750 E UNIVERSITY BLVD DALLAS TX US
6348397033,2017-11-02 16:27,https://dallas.craigslist.org/dal/apa/d/fall-special-just-for-you-1/6348397033.html,Fall Special Just For You! 1 Month Free and Reduced Rent!,1565,"5750 E UNIVERSITY BLVD, DALLAS, TX 75206",2,1164,2,32.845559,-96.768018,5,5750 E UNIVERSITY BLVD DALLAS TX US
6332273507,2017-11-02 16:27,https://dallas.craigslist.org/dal/apa/d/why-wait-move-now/6332273507.html,Why wait? MOVE NOW!,1565,"5750 E UNIVERSITY BLVD, DALLAS, TX 75206",2,1164,2,32.845559,-96.768018,5,5750 E UNIVERSITY BLVD DALLAS TX US
6353789575,2017-11-02 16:27,https://dallas.craigslist.org/dal/apa/d/only-2-left-at-special-price/6353789575.html,Only 2 Left & At A Special Price w/ 1 Month Free !,1165,"5750 E UNIVERSITY BLVD, DALLAS, TX 75206",1,815,1,32.845559,-96.768018,5,5750 E UNIVERSITY BLVD DALLAS TX US
6371274399,2017-11-02 16:26,https://dallas.craigslist.org/ftw/apa/d/make-living-great-again1-1/6371274399.html,Make Living Great Again!!1/1,792,,1,770,1,32.736345,-97.418751,10,6200 Pershing Ave. Fort Worth TX US
6371274144,2017-11-02 16:26,https://dallas.craigslist.org/dal/apa/d/one-bedroom-townhome/6371274144.html,One bedroom townhome available just in time for the holidays!,2154,"Dallas,Tx",1,1010,1.5,32.795239,-96.800442,20,State Dallas TX US
6359511717,2017-11-02 16:26,https://dallas.craigslist.org/dal/apa/d/luxury-apartments-with-an/6359511717.html,LUXURY APARTMENTS WITH AN URBAN FLAIR IN DOWNTOWN,975,Downtown,1,556,1,32.781213,-96.804657,0,
6371273902,2017-11-02 16:26,https://dallas.craigslist.org/dal/apa/d/2-recamaras-2-baos-disponible/6371273902.html,2 Recamaras 2 Baños Disponible!!,1305,DALLAS,2,900,2,32.930609,-96.814581,10,5454 Peterson Ln Dallas TX US
6371255481,2017-11-02 16:25,https://dallas.craigslist.org/ftw/apa/d/furnished-studio-only-2-month/6371255481.html,Furnished Studio - Only 2 Month Minimum!,1320,"1601 River Run Fort Worth, TX",0,0,,32.739200,-97.385200,22,
6371273091,2017-11-02 16:25,https://dallas.craigslist.org/ftw/apa/d/wow-what-deal/6371273091.html,WOW what a DEAL!!!,696,East Fort Worth,2,1146,2.5,32.705736,-97.234050,10,
6371272992,2017-11-02 16:25,https://dallas.craigslist.org/dal/apa/d/1br-1ba-apartment-has/6371272992.html,1BR/1BA Apartment Has Whirlpool Appliances & Brushed Chrome Hardware!,1439,Dallas,1,741,1,32.855184,-96.734083,5,7545 E Northwest Hwy Dallas TX US
6371149800,2017-11-02 16:25,https://dallas.craigslist.org/dal/apa/d/find-everything-you-need-is/6371149800.html,FIND EVERYTHING YOU NEED IS HERE!,930,Dallas,1,739,0,,,,
6371272860,2017-11-02 16:25,https://dallas.craigslist.org/dal/apa/d/get-250-off-your-first-months/6371272860.html,Get $250 OFF YOUR FIRST MONTH'S RENT NOW!,1075,,2,966,1.5,32.900199,-96.725222,10,9850 Whitehurst Drive Dallas TX US
6371251870,2017-11-02 16:24,https://dallas.craigslist.org/dal/apa/d/2-2-serene-space-with-sleek/6371251870.html,"A 2/2 * A serene space with sleek, clean lines in Lakewood",1799,Lakewood / East Dallas,2,1200,2,32.824800,-96.749800,22,
6371272031,2017-11-02 16:24,https://dallas.craigslist.org/dal/apa/d/you-will-love-your-new-home/6371272031.html,You will LOVE Your New Home!,995,4622 N. Jupiter Rd,1,825,1,32.959364,-96.685352,5,4622 N. Jupiter Rd Garland TX US
6357476423,2017-11-02 16:24,https://dallas.craigslist.org/ftw/apa/d/move-into-your-new-home/6357476423.html,MOVE INTO YOUR NEW HOME,1015,5500 Eastland St.,4,1581,3,32.691400,-97.267500,0,
6333874983,2017-11-02 16:24,https://dallas.craigslist.org/ftw/apa/d/hurry-in-and-look-at-our/6333874983.html,HURRY IN AND LOOK AT OUR BEAUTIFUL HOMES AVAILABLE!!!,767,Fort worth,3,0,1,32.769981,-97.170090,10,700 leisure Dr. Fort Worth TX US
6371258087,2017-11-02 16:24,https://dallas.craigslist.org/ndf/apa/d/1-month-free-on-all-units/6371258087.html,1 Month Free on All Units!! | Dallas TX | Brand New Property,1820,Dallas,1,724,1,32.826000,-96.784300,22,
6371271386,2017-11-02 16:24,https://dallas.craigslist.org/dal/apa/d/waived-app-and-admin-fees-and/6371271386.html,Waived App and Admin fees and MORE!!,1565,"5750 E UNIVERSITY BLVD, DALLAS, TX 75206",2,1164,2,32.845559,-96.768018,5,5750 E UNIVERSITY BLVD DALLAS TX US
6371270406,2017-11-02 16:23,https://dallas.craigslist.org/mdf/apa/d/you-can-afford-to-dwell-well/6371270406.html,You can afford to dwell well!,1184,Mansfield,2,951,2,,,,
6371270221,2017-11-02 16:23,https://dallas.craigslist.org/ndf/apa/d/250-off-your-first-months/6371270221.html,🎈$250 off your first month's rent! Limited time only!🎈,850,,1,717,1,32.900396,-96.725440,10,9911 Whitehurst Dr. Dallas TX US
6371270024,2017-11-02 16:23,https://dallas.craigslist.org/mdf/apa/d/bark-park-outdoor-kitchen-at/6371270024.html,"Bark Park, Outdoor Kitchen at pool area, Fireplaces, Pets Welcome",900,North Richland Hills,1,700,1,32.844527,-97.243315,5,6424 Iron Horse Blvd. North Richland Hills TX US
6371252764,2017-11-02 16:22,https://dallas.craigslist.org/dal/apa/d/1-1-walkers-paradise-in/6371252764.html,A 1/1 * A walkers paradise in Uptown!  Sweet deal also!,1235,Uptown Dallas,1,690,1,,,,
6371268952,2017-11-02 16:22,https://dallas.craigslist.org/mdf/apa/d/2x1-985-month/6371268952.html,2x1 985 a month!!,1075,Hurst,2,1013,1,32.821100,-97.175600,22,
6359527718,2017-11-02 16:22,https://dallas.craigslist.org/ndf/apa/d/1st-month-free-in-addison/6359527718.html,1st Month Free in Addison!,1154,Addison,0,776,,32.960000,-96.838500,22,
6371131788,2017-11-02 16:21,https://dallas.craigslist.org/mdf/apa/d/great-layouts-perfect-for/6371131788.html,Great Layouts PERFECT for Roommates,1450,Medical District,1,0,0,32.790400,-96.804400,22,
6371266872,2017-11-02 16:20,https://dallas.craigslist.org/ndf/apa/d/attentiondeal-alertnov-17-2nd/6371266872.html,**Attention**Deal alert**Nov 17 2nd floor apt Far North Dallas,776,"18600 Dallas Parkway, Dallas, TX 75287",1,471,1,33.002380,-96.828905,5,18600 Dallas Parkway Dallas TX US
6358929856,2017-11-02 16:20,https://dallas.craigslist.org/dal/apa/d/furnished-apt-tour-today-1-mo/6358929856.html,Furnished Apt! Tour Today! 1-mo FREE! Luxury Living!,1325,Oaklawn,1,0,1,,,,
6348913628,2017-11-02 16:20,https://dallas.craigslist.org/dal/apa/d/state-thomas-townhouse-roof/6348913628.html,State Thomas Townhouse! Roof-Top Patio! Gorgeous living! LOW DEPOSIT,4550,State Thomas,3,0,3.5,,,,
6349934782,2017-11-02 16:20,https://dallas.craigslist.org/dal/apa/d/downtown-8-weeks-free/6349934782.html,Downtown! 8-Weeks Free! Renovated Apartments/Hotel! TOUR TODAY!,1470,Downtown,1,0,1,,,,
6348788683,2017-11-02 16:20,https://dallas.craigslist.org/dal/apa/d/single-family-home-white-rock/6348788683.html,Single Family Home! White Rock Lake! Tour Today!,2350,White Rock Lake,4,0,2,,,,
6371263717,2017-11-02 16:18,https://dallas.craigslist.org/ftw/apa/d/come-see-your-charming-new/6371263717.html,Come See Your Charming New Home! 1/1,792,,1,770,1,32.736345,-97.418751,10,6200 Pershing Ave. Fort Worth TX US
6348116743,2017-11-02 16:18,https://dallas.craigslist.org/sdf/apa/d/lovely-house-3-bedrooms-25/6348116743.html,"Lovely House, 3 Bedrooms, 2.5 bathrooms, Downstairs' Bedroom, Pizza",1471,Merit,3,1190,2,,,,
6359518778,2017-11-02 16:18,https://dallas.craigslist.org/ndf/apa/d/luxury-apartments-on-acres-of/6359518778.html,Luxury apartments on acres of green space and biking trails,1385,Addison,1,620,1,32.960000,-96.838500,0,
6371250817,2017-11-02 16:17,https://dallas.craigslist.org/dal/apa/d/touchdown-this-gorgeous-home/6371250817.html,TOUCHDOWN ~ This Gorgeous Home Gets Extra Points!!,1239,Glenn Heights,3,1847,2,,,,
6371261482,2017-11-02 16:17,https://dallas.craigslist.org/mdf/apa/d/ideal-location-in-mid-cities/6371261482.html,"Ideal location in Mid-Cities, 2 bedroom/2 bath available",1140,Richland Hills,2,1019,2,,,,
6354086245,2017-11-02 16:16,https://dallas.craigslist.org/mdf/apa/d/ideal-location-in-mid-cities/6354086245.html,"Ideal location in Mid-Cities, 2 bedroom/1 bath available",995,Richland Hills,2,908,1,,,,
6371260934,2017-11-02 16:16,https://dallas.craigslist.org/ftw/apa/d/3-bed-2-bath-in-joshua-horses/6371260934.html,"3 Bed 2 Bath in Joshua, Horses OK",1100,Joshua,3,1300,2,32.463281,-97.439804,5,Wildberry Ct at Wildberry Ln Joshua TX US
6371260642,2017-11-02 16:16,https://dallas.craigslist.org/mdf/apa/d/public-parks-nearby-abundant/6371260642.html,"Public Parks Nearby, Abundant Cabinet Space, Clubhouse, Linen Closet",955,Euless,1,836,1,32.858200,-97.083200,22,
6371241502,2017-11-02 16:16,https://dallas.craigslist.org/dal/apa/d/1-1-stylish-upgraded-space-in/6371241502.html,"A 1/1 * A stylish, upgraded space in Lakewood",1083,Lakewood/East Dallas,1,650,1,32.824800,-96.749800,22,
6371253532,2017-11-02 16:16,https://dallas.craigslist.org/dal/apa/d/2-25-penthouse-premier-space/6371253532.html,A 2/2.5 Penthouse * A premier space in a premium location in Uptown,9449,Uptown Dallas,2,2211,2.5,32.790400,-96.804400,22,
6371260078,2017-11-02 16:15,https://dallas.craigslist.org/ftw/apa/d/come-home-to-the-place1-1/6371260078.html,COME HOME TO THE PLACE!1/1,792,,1,770,1,32.736345,-97.418751,10,6200 Pershing Ave. Fort Worth TX US
6371173274,2017-11-02 16:15,https://dallas.craigslist.org/dal/apa/d/stunning-luxury-apartment/6371173274.html,STUNNING LUXURY APARTMENT COMMUNITY,1350,Richardson,2,0,2,,,,
6371251289,2017-11-02 16:15,https://dallas.craigslist.org/ftw/apa/d/rock-on-in-this-super-moden/6371251289.html,Rock on in this super moden and urban studio space on west 7th!,1158,West 7th / Downtown Fort Worth,1,500,1,,,,
6371259430,2017-11-02 16:15,https://dallas.craigslist.org/dal/apa/d/coming-soon-homes-for-rent/6371259430.html,Coming soon homes for rent Starting at $890 Month,890,Wylie,3,0,2,32.977268,-96.515452,20,1201 Alicia Ann Dr Wylie TX US
6371258926,2017-11-02 16:15,https://dallas.craigslist.org/dal/apa/d/dallas-chic-new-place-to-live/6371258926.html,Dallas' Chic New Place to Live and Play,1613,West Dallas/Downtown,1,702,1,,,,
6363679510,2017-11-02 16:14,https://dallas.craigslist.org/ftw/apa/d/must-see-1-bed-only-pay-25-to/6363679510.html,MUST SEE 1 BED! ONLY PAY $25 TO APPLY!,875,,1,766,1,32.801300,-97.195200,22,
6371239425,2017-11-02 16:14,https://dallas.craigslist.org/dal/apa/d/sublet-lease-takeover-for/6371239425.html,Sublet/Lease Takeover for Spacious True 1BR/BA 1050 Sq Ft. $1480/Mo,1480,Dallas,1,1050,1,32.780245,-96.793815,10,301 S. Harwood St. Dallas TX US
6369025161,2017-11-02 16:14,https://dallas.craigslist.org/dal/apa/d/skyline-views-dart-access-d/6369025161.html,Skyline Views! Dart Access! W/D Incl! Private Yards,1320,Medical District,1,750,1,32.813200,-96.814200,22,
6371251599,2017-11-02 16:14,https://dallas.craigslist.org/dal/apa/d/1212-square-feet-not/6371251599.html,1212 Square feet not including your private 2 car garage! 1 MONTH FREE,2495,Uptown Dallas,2,1212,2,32.807587,-96.794438,10,2990 Blackburn Dallas TX US
6371248897,2017-11-02 16:14,https://dallas.craigslist.org/mdf/apa/d/get-in-shape-stay-in-shape/6371248897.html,Get In Shape & Stay In Shape! Our Fitness Center & Pools Make It Easy!,841,"Arlington, TX",1,680,1,32.691935,-97.065967,10,2409 Fallwood Drive Arlington TX US
6371258206,2017-11-02 16:14,https://dallas.craigslist.org/dal/apa/d/open-house-saturday-10am-12pm/6371258206.html,OPEN HOUSE!!!  SATURDAY 10AM-12PM,1999,Coppell/Valley Ranch,0,1752,,32.967300,-96.980500,22,
6370844283,2017-11-02 16:14,https://dallas.craigslist.org/sdf/apa/d/brand-new-parking-garage/6370844283.html,"Brand New! Parking Garage, Gated, Elevators, Extra Storage!",1115,Desoto,1,696,1,32.604100,-96.865300,0,
6359536130,2017-11-02 16:14,https://dallas.craigslist.org/ndf/apa/d/the-newest-high-end-apartment/6359536130.html,The newest high end apartment community in Richardson-First month free,1265,Richardson,2,931,1,,,,
6371257296,2017-11-02 16:13,https://dallas.craigslist.org/dal/apa/d/november-special-no-app-fee/6371257296.html,"*NOVEMBER SPECIAL* NO APP FEE, NO SECURITY DEPOSIT*",1269,"5383 Southern Blvd, Dallas, TX 75240",1,835,1,32.936159,-96.813716,5,5383 Southern Blvd Dallas TX US
6371222680,2017-11-02 16:13,https://dallas.craigslist.org/sdf/apa/d/spacious-floorplans-luxury/6371222680.html,"Spacious Floorplans,, Luxury Farmers Market,, Free Move Assistance",999,West 7th St. FW,1,0,0,32.790400,-96.804400,22,
6357587334,2017-11-02 16:13,https://dallas.craigslist.org/dal/apa/d/beautiful-townhome-reduced/6357587334.html,Beautiful Townhome REDUCED,1999,Coppell,0,1752,,32.967300,-96.980500,22,
6359548556,2017-11-02 16:13,https://dallas.craigslist.org/dal/apa/d/beautiful-townhome-minutes/6359548556.html,Beautiful Townhome Minutes from DFW Airport,1999,Coppell,3,1752,2.5,32.967300,-96.980500,22,
6344572162,2017-11-02 16:12,https://dallas.craigslist.org/dal/apa/d/discover-how-lease-option-can/6344572162.html,Discover how a Lease-Option can Work For You,455,Downtown Dallas,3,1200,2,32.778100,-96.805400,22,
6365602011,2017-11-02 16:12,https://dallas.craigslist.org/ndf/apa/d/gorgeous-4-bedroom-25-bath/6365602011.html,"Gorgeous 4 bedroom, 2.5 bath house with an incredible view",2595,McKinney,4,2927,2.5,33.177314,-96.628543,5,Dog Leg Trail at Tee Dr. McKinney TX US
6371096760,2017-11-02 16:12,https://dallas.craigslist.org/dal/apa/d/exceptional-apartment-living/6371096760.html,EXCEPTIONAL APARTMENT LIVING,1533,Plano,2,0,2,,,,
6339074672,2017-11-02 16:12,https://dallas.craigslist.org/dal/apa/d/move-in-now-discover-our/6339074672.html,Move in Now! Discover our Lease-own Option,720,Downtown Dallas,3,1193,2,32.778100,-96.805400,22,
6371254914,2017-11-02 16:12,https://dallas.craigslist.org/ftw/apa/d/enjoy-holiday-dinner-in-your/6371254914.html,Enjoy Holiday Dinner In Your New Home! 2/2,792,,1,770,1,32.736345,-97.418751,10,6200 Pershing Ave. Fort Worth TX US
6371254904,2017-11-02 16:12,https://dallas.craigslist.org/dal/apa/d/1-2-month-free-townhome-with/6371254904.html,1/2 Month FREE TOWNHOME with GARAGE and YARD,1999,Coppell/Valley Ranch,0,1752,,32.967300,-96.980500,22,
6371253727,2017-11-02 16:11,https://dallas.craigslist.org/dal/apa/d/house-for-rent/6371253727.html,House for rent,1000,Grand Prairie,0,0,2,,,,
6371240017,2017-11-02 16:11,https://dallas.craigslist.org/ftw/apa/d/combines-urban-with-character/6371240017.html,Combines urban with character and inspiration in Downtown Fort Worth,1180,Downtown Fort Worth / Sundance Square,2,1045,2,,,,
6371231398,2017-11-02 16:11,https://dallas.craigslist.org/dal/apa/d/top-floor-one-bedroom-with/6371231398.html,Top Floor One Bedroom with Pool View! Available Today--Hurry In!,1385,oak lawn,1,708,1,32.807382,-96.815953,10,4110 fairmount dallas TX US
6371242079,2017-11-02 16:10,https://dallas.craigslist.org/dal/apa/d/2-2-just-wow-in-the-victory/6371242079.html,"A 2/2 * Just WOW in the Victory Park, Uptown area",1895,Victory Park / Uptown Dallas,2,1006,2,32.790400,-96.804400,22,
6362995780,2017-11-02 16:10,https://dallas.craigslist.org/dal/apa/d/its-all-here-and-waiting-for/6362995780.html,ITS ALL HERE AND WAITING FOR YOU!,1086,Richardson,1,0,1,,,,
6362987203,2017-11-02 16:10,https://dallas.craigslist.org/dal/apa/d/adorable-home-ready-now2wks/6362987203.html,"ADORABLE HOME, READY NOW!2wks to 6wks free w/13+mo select units",1040,Lewisville,1,0,1,,,,
6359544465,2017-11-02 16:10,https://dallas.craigslist.org/dal/apa/d/luxury-urban-living-near-west/6359544465.html,Luxury urban living near West Village! Uptown,1405,Uptown Park Cities,1,771,1,,,,
6371240726,2017-11-02 16:09,https://dallas.craigslist.org/dal/apa/d/1-1-redefining-what-it-means/6371240726.html,A 1/1 * Redefining what it means to be a luxury apartment in Oak Lawn,1275,Oak Lawn / Downtown Dallas,1,705,1,32.813200,-96.814200,22,
6371251358,2017-11-02 16:09,https://dallas.craigslist.org/dal/apa/d/fully-upgraded-studio-style/6371251358.html,"Fully upgraded studio style apartment, Elevator Access, 24-Hour Gym",834,Dallas,1,530,1,32.875600,-96.749500,22,
6362982900,2017-11-02 16:09,https://dallas.craigslist.org/dal/apa/d/you-found-your-new-home-6wks/6362982900.html,YOU FOUND YOUR NEW HOME !6wks - 1mo free w/11+mo on 1/2Br,1165,Allen,1,0,1,,,,
6371250615,2017-11-02 16:09,https://dallas.craigslist.org/ftw/apa/d/1-1-special-loft-style-space/6371250615.html,"A 1/1 * A special loft style space in west 7th, downtown",1235,West 7th / Downtown Fort Worth,1,702,1,,,,
6366808879,2017-11-02 16:08,https://dallas.craigslist.org/dal/apa/d/welcome-home-call-for-specials/6366808879.html,WELCOME HOME!! CALL FOR SPECIALS!,1086,Richardson,1,0,1,,,,
6371249903,2017-11-02 16:08,https://dallas.craigslist.org/mdf/apa/d/newly-renovated-contemporary/6371249903.html,"Newly Renovated, Contemporary Design, Come Look and Lease",1084,Arlington,2,856,1,32.765423,-97.066685,10,1108 Wynncrest Lane Arlington TX US
6366821295,2017-11-02 16:08,https://dallas.craigslist.org/dal/apa/d/this-is-unique-cool-space/6366821295.html,THIS IS A UNIQUE COOL SPACE MUST SEE !!,1089,Wylie,1,0,1,,,,
6366791545,2017-11-02 16:08,https://dallas.craigslist.org/dal/apa/d/look-no-further-this-is-your/6366791545.html,LOOK NO FURTHER THIS IS YOUR P.LACE! 6wks - 1mo free w/11+mo on 1/2Br,1165,Allen,1,0,1,,,,
6371249446,2017-11-02 16:08,https://dallas.craigslist.org/ndf/apa/d/1-bedroom-1st-floor-tons-of/6371249446.html,"*! 1 Bedroom 1ST FLOOR, Tons of Closets- Move in TODAY @ The Brighton",800,"Dallas, Richardson, The Brighton Apts",1,625,1,32.960732,-96.792812,5,5426 Meadow Creek Drive Dallas TX US
6344436908,2017-11-02 16:08,https://dallas.craigslist.org/dal/apa/d/looking-to-move-we-can-help/6344436908.html,LOOKING TO MOVE? WE CAN HELP  $150 GC W/12MO,1385,Carrollton,3,0,2,,,,
6344534319,2017-11-02 16:08,https://dallas.craigslist.org/dal/apa/d/1-mo-12mo-home-sweet-home/6344534319.html,1 MO W/12MO  HOME SWEET HOME!!!,1985,Plano,2,0,2,,,,
6366803659,2017-11-02 16:08,https://dallas.craigslist.org/dal/apa/d/discover-the-lifestyle-you/6366803659.html,DISCOVER THE LIFESTYLE YOU DESERVE!,1015,Frisco,1,0,1,,,,
6344527379,2017-11-02 16:07,https://dallas.craigslist.org/dal/apa/d/1-month-free-10mo-this-will/6344527379.html,1 MONTH FREE W/10MO  THIS WILL GO FAST SO HURRY IN,1694,Irving,2,0,2,,,,
6366799252,2017-11-02 16:07,https://dallas.craigslist.org/dal/apa/d/all-the-comforts-you/6366799252.html,ALL THE COMFORTS YOU DESERVE!up to 1mo free w/6+mo on select units,1080,Frisco,1,0,1,,,,
6344555542,2017-11-02 16:07,https://dallas.craigslist.org/dal/apa/d/you-will-absolutely-love-this/6344555542.html,YOU WILL ABSOLUTELY LOVE THIS APARTMENT,1300,Carrollton,2,0,2,,,,
6344421991,2017-11-02 16:07,https://dallas.craigslist.org/dal/apa/d/this-home-is-ready-to-go/6344421991.html,THIS HOME IS READY TO GO! WAITING FOR YOU!,1045,Dallas,2,0,1,,,,
6344447595,2017-11-02 16:07,https://dallas.craigslist.org/dal/apa/d/classic-living-living-at-its/6344447595.html,CLASSIC LIVING LIVING AT ITS FINEST,1110,Lewisville,3,0,2.5,,,,
6344425845,2017-11-02 16:07,https://dallas.craigslist.org/dal/apa/d/oh-what-great-location-250/6344425845.html,"OH, WHAT A GREAT LOCATION! $250 OFF 1ST MO W/12MO",1390,Richardson,2,0,2,,,,
6344429699,2017-11-02 16:07,https://dallas.craigslist.org/dal/apa/d/we-offer-luxury-at-its-best/6344429699.html,WE OFFER LUXURY AT IT'S BEST!,1025,Plano,2,0,1,,,,
6344543687,2017-11-02 16:07,https://dallas.craigslist.org/dal/apa/d/adorable-home-ready-now/6344543687.html,"ADORABLE HOME, READY NOW",1218,Irving,2,0,1,,,,
6366815151,2017-11-02 16:06,https://dallas.craigslist.org/dal/apa/d/gorgeous-home-in-farmers/6366815151.html,GORGEOUS HOME IN FARMERS BRANCH !,943,Richardson,1,0,1,,,,
6344564150,2017-11-02 16:06,https://dallas.craigslist.org/dal/apa/d/the-right-place-to-call-home/6344564150.html,THE RIGHT PLACE TO CALL HOME,1200,McKinney,2,0,2,,,,
6344530402,2017-11-02 16:06,https://dallas.craigslist.org/dal/apa/d/sophisticated-1-bedroom/6344530402.html,SOPHISTICATED 1 BEDROOM APARTMENT,1230,Plano,2,0,2,,,,
6366837181,2017-11-02 16:06,https://dallas.craigslist.org/dal/apa/d/this-is-unique-cool-space/6366837181.html,THIS IS A UNIQUE COOL SPACE MUST SEE !! $750 off 1st mo w/12mo,1035,Allen,1,0,1,,,,
6371238962,2017-11-02 16:06,https://dallas.craigslist.org/ftw/apa/d/high-end-finishes-and-grand/6371238962.html,High end finishes and grand walk in closets in Downtown Fort Worth,1335,Southside / Downtown Fort Worth,1,817,1,,,,
6371247038,2017-11-02 16:06,https://dallas.craigslist.org/mdf/apa/d/two-bedroom-deals-beyond-your/6371247038.html,Two Bedroom Deals Beyond Your Expectations!,1075,Hurst,2,1013,1,32.821100,-97.175600,22,
6366786202,2017-11-02 16:06,https://dallas.craigslist.org/dal/apa/d/this-will-go-fast-so-hurry-in/6366786202.html,THIS WILL GO FAST SO HURRY IN !2wks to 6wks free w/13+mo select units,1040,Lewisville,1,0,1,,,,
6371246963,2017-11-02 16:06,https://dallas.craigslist.org/mdf/apa/d/dont-let-these-great-specials/6371246963.html,Don't Let These Great Specials Pass You By!,1075,Hurst,2,1013,1,32.821100,-97.175600,22,
6366850932,2017-11-02 16:06,https://dallas.craigslist.org/dal/apa/d/feel-at-home-in-this-lovely/6366850932.html,FEEL AT HOME IN THIS LOVELY APARTMENT!$500 off 1st full mo w/12+mo,1073,Dallas,1,0,1,,,,
6360635317,2017-11-02 16:06,https://dallas.craigslist.org/mdf/apa/d/brand-new-luxury-community/6360635317.html,Brand new luxury community near Las Colinas,1725,las colinas,2,1238,2,32.924500,-96.893800,0,
6366826809,2017-11-02 16:05,https://dallas.craigslist.org/dal/apa/d/feel-at-home-in-this-lovely/6366826809.html,FEEL AT HOME IN THIS LOVELY APARTMENT! $50-$408/mo off on w/14+mo,1100,Plano,1,0,1,,,,
6344548619,2017-11-02 16:05,https://dallas.craigslist.org/dal/apa/d/comfortable-and-luxurious-in/6344548619.html,COMFORTABLE AND LUXURIOUS IN A PRIME LOCATION,735,Dallas,1,0,0,,,,
6344552041,2017-11-02 16:05,https://dallas.craigslist.org/dal/apa/d/sophisticated-refined-urban/6344552041.html,"SOPHISTICATED, REFINED URBAN LIVING",1375,Plano,2,0,2,,,,
6366831260,2017-11-02 16:05,https://dallas.craigslist.org/dal/apa/d/urban-luxury-apartment-for/6366831260.html,URBAN LUXURY APARTMENT FOR RENT!,980,Richardson,1,0,1,,,,
6371167017,2017-11-02 16:05,https://dallas.craigslist.org/dal/apa/d/stop-looking-and-start-living/6371167017.html,STOP LOOKING AND START LIVING!,1091,Plano,1,678,0,,,,
6366918420,2017-11-02 16:05,https://dallas.craigslist.org/dal/apa/d/this-is-unique-cool-space/6366918420.html,THIS IS A UNIQUE COOL SPACE MUST SEE !!,1026,Allen,1,0,1,,,,
6366861810,2017-11-02 16:04,https://dallas.craigslist.org/dal/apa/d/urban-luxury-apartment-for/6366861810.html,URBAN LUXURY APARTMENT FOR RENT !,1020,Plano,1,0,1,,,,
6371077359,2017-11-02 16:04,https://dallas.craigslist.org/dal/apa/d/your-new-home-awaitsoff-1st/6371077359.html,YOUR NEW HOME AWAITS ...$250-$350 OFF 1ST MO W/12MO SEL UNITS,1000,McKinney,2,0,1,,,,
6371244938,2017-11-02 16:04,https://dallas.craigslist.org/ndf/apa/d/super-cute-2-bedroom/6371244938.html,"!Super Cute 2 bedroom COMPLETELY upgraded, Ready TODAY @ The Brighton",1235,"Dallas, Richardson, The Brighton Apts",2,1120,2,32.960714,-96.792641,5,5426 Meadow Creek Drive Dallas TX US
6366872182,2017-11-02 16:04,https://dallas.craigslist.org/dal/apa/d/gorgeous-home-in-farmers/6366872182.html,GORGEOUS HOME IN FARMERS BRANCH!$250 off 1st mo w/12mo,985,Plano,1,0,1,,,,
6344456183,2017-11-02 16:04,https://dallas.craigslist.org/dal/apa/d/luxury-and-modern-living-250/6344456183.html,LUXURY AND MODERN LIVING   $250 OFF 1ST MO W/12MO,1175,Plano,2,0,2,,,,
6344443437,2017-11-02 16:04,https://dallas.craigslist.org/dal/apa/d/discover-the-lifestyle-you/6344443437.html,DISCOVER THE LIFESTYLE YOU DESERVE!,1235,Plano,2,0,2,,,,
6344459316,2017-11-02 16:04,https://dallas.craigslist.org/dal/apa/d/comfort-is-coming-home-250/6344459316.html,COMFORT IS COMING HOME $250 OFF 1ST FULL MO W/12,1435,Frisco,2,0,2,,,,
6366882316,2017-11-02 16:04,https://dallas.craigslist.org/dal/apa/d/this-is-unique-cool-space/6366882316.html,THIS IS A UNIQUE COOL SPACE MUST SEE !!,1091,Plano,1,0,1,,,,
6344433362,2017-11-02 16:04,https://dallas.craigslist.org/dal/apa/d/great-home-in-affordable-price/6344433362.html,A GREAT HOME IN AFFORDABLE PRICE,1128,Dallas,2,0,2,,,,
6371243970,2017-11-02 16:04,https://dallas.craigslist.org/ndf/apa/d/wow-did-you-say-1099/6371243970.html,Wow! Did you say $1099?,1099,McKinney,2,980,2,33.191020,-96.632293,10,600 S. Graves St. McKinney TX US
6366898919,2017-11-02 16:03,https://dallas.craigslist.org/dal/apa/d/feel-at-home-in-this-lovely/6366898919.html,FEEL AT HOME IN THIS LOVELY APARTMENT!,825,Plano,1,0,1,,,,
6344440191,2017-11-02 16:03,https://dallas.craigslist.org/dal/apa/d/find-everything-you-need-here/6344440191.html,FIND EVERYTHING YOU NEED HERE! $199 TOTAL MOVE IN W/12MO SELECT UNITS,1116,Dallas,2,0,2,,,,
6344508069,2017-11-02 16:03,https://dallas.craigslist.org/dal/apa/d/they-are-going-fastoff-1st-mo/6344508069.html,THEY ARE GOING FAST!  $250-$500 OFF 1ST MO W/12+ MO,1308,Fort Worth,2,0,2,,,,
6371243433,2017-11-02 16:03,https://dallas.craigslist.org/ndf/apa/d/500-off-first-month-rent/6371243433.html,"$500 Off First Month Rent* | Studios, 1 & 2 Bedrooms",1080,Dallas,2,913,1,32.875600,-96.749500,22,
6366867493,2017-11-02 16:03,https://dallas.craigslist.org/dal/apa/d/welcome-home-call-for/6366867493.html,WELCOME HOME!! CALL FOR SPECIALS!  1 mo free w/12mo,955,McKinney,1,0,1,,,,
6344523955,2017-11-02 16:03,https://dallas.craigslist.org/dal/apa/d/all-the-comforts-you-desire/6344523955.html,ALL THE COMFORTS YOU DESIRE!! $600 OFF 1ST FULL MO W/12MO,1425,Frisco,2,0,2,,,,
6371243105,2017-11-02 16:03,https://dallas.craigslist.org/mdf/apa/d/enjoy-the-commute-from-our/6371243105.html,Enjoy The Commute from Our Wonderful Location ! Come Today & Move IN !,1066,GRAND PRAIRIE,2,1020,2,32.757595,-97.032130,5,1920 W. Tarrant Road 52G Grand Prairie TX US
6334166039,2017-11-02 16:03,https://dallas.craigslist.org/dal/apa/d/stop-looking-and-start-living/6334166039.html,STOP LOOKING AND START LIVING!,1440,The Colony,2,0,2,,,,
6366911105,2017-11-02 16:03,https://dallas.craigslist.org/dal/apa/d/urban-luxury-apartment-for/6366911105.html,URBAN LUXURY APARTMENT FOR RENT !up to $750 off 1st mo w/12+mo,975,McKinney,1,0,1,,,,
6371217862,2017-11-02 16:03,https://dallas.craigslist.org/ndf/apa/d/oak-lawn-luxury-with-open/6371217862.html,"Oak Lawn Luxury with Open Interiors,,, Great Move In Specials",1159,Oak Lawn,1,0,0,32.790400,-96.804400,22,
6334194407,2017-11-02 16:03,https://dallas.craigslist.org/dal/apa/d/all-you-need-in-community-and/6334194407.html,ALL YOU NEED IN A COMMUNITY AND MORE,1357,Aubrey,2,0,2,,,,
6371188626,2017-11-02 16:03,https://dallas.craigslist.org/dal/apa/d/take-advantage-of-low-prices/6371188626.html,Take Advantage of LOW PRICES!!!,1520,Deep Ellum,2,0,0,32.790400,-96.804400,22,
6334155458,2017-11-02 16:03,https://dallas.craigslist.org/dal/apa/d/the-right-place-to-call-home/6334155458.html,THE RIGHT PLACE TO CALL HOME,1127,Northlake,2,0,1,,,,
6371242668,2017-11-02 16:03,https://dallas.craigslist.org/ndf/apa/d/shiny-stainless-steele/6371242668.html,Shiny stainless steele appliances and beautiful crown molding!!,1155,Lewisville,1,911,1,33.004334,-96.985105,10,300 E. Round Grove Rd Lewisville TX US
6334158536,2017-11-02 16:03,https://dallas.craigslist.org/dal/apa/d/1st-full-mo-free-12mo-sel/6334158536.html,1ST FULL MO FREE W/12MO SEL UNITTHIS IS A UNIQUE COOL SPACE MUST SEE !,1175,McKinney,2,0,2,,,,
6366924199,2017-11-02 16:03,https://dallas.craigslist.org/dal/apa/d/take-advantage-of-this-great/6366924199.html,TAKE ADVANTAGE OF THIS GREAT VALUE !,998,Plano,1,0,1,,,,
6334144982,2017-11-02 16:02,https://dallas.craigslist.org/dal/apa/d/come-see-our-beautiful-one/6334144982.html,COME SEE OUR BEAUTIFUL ONE BEDROOMS!!,749,Lewisville,1,0,1,,,,
6366930258,2017-11-02 16:02,https://dallas.craigslist.org/dal/apa/d/ncredible-style-of-this-new/6366930258.html,NCREDIBLE STYLE OF THIS NEW APARTMENT!,930,Dallas,1,0,1,,,,
6334190452,2017-11-02 16:02,https://dallas.craigslist.org/dal/apa/d/oh-what-great-location/6334190452.html,"OH, WHAT A GREAT LOCATION!",1199,Irving,2,0,2,,,,
6344539735,2017-11-02 16:02,https://dallas.craigslist.org/dal/apa/d/luxury-living-starts-now-1mo/6344539735.html,LUXURY LIVING STARTS NOW! 1MO FREE W/12MO ON SEL UNITS,1450,Irving,2,0,2,,,,
6363070204,2017-11-02 16:02,https://dallas.craigslist.org/dal/apa/d/2-bedroom-2-full-bathroom-at/6363070204.html,2 Bedroom 2 Full Bathroom at a Great Price!! La Prada Place,899,,2,1026,2,32.825000,-96.678400,22,8383 La Prada Dr Dallas TX US
6334206063,2017-11-02 16:02,https://dallas.craigslist.org/dal/apa/d/we-offer-luxury-at-its-best/6334206063.html,WE OFFER LUXURY AT IT'S BEST!,1841,Dallas,2,0,2,,,,
6371181284,2017-11-02 16:02,https://dallas.craigslist.org/dal/apa/d/best-deal-in-richardson-1/6371181284.html,BEST DEAL IN RICHARDSON 1 FULL MO FREE W/12+MO,1830,Richardson,2,0,2,,,,
6371241356,2017-11-02 16:02,https://dallas.craigslist.org/ndf/apa/d/luxury-apartment-homes-in/6371241356.html,Luxury Apartment Homes In Frisco,1323,Frisco,1,867,1,,,,
6371241360,2017-11-02 16:02,https://dallas.craigslist.org/ndf/apa/d/fantastically-cozy-2-bedroom/6371241360.html,*Fantastically Cozy 2 bedroom w/ Fireplace avail TODAY @ The Brighton,1055,"Dallas, Richardson, The Brighton Apts",2,910,2,32.960768,-96.792641,5,5426 Meadow Creek Drive Dallas TX US
6371175472,2017-11-02 16:02,https://dallas.craigslist.org/ndf/apa/d/distict-living-experience/6371175472.html,A Distict Living Experience! Life just got Better! Coppell Schools!,1571,Coppell,2,1223,2,32.967300,-96.980500,0,
6371241071,2017-11-02 16:02,https://dallas.craigslist.org/dal/apa/d/house-in-richardson/6371241071.html,House in Richardson,1095,E. Main - Richardson,4,0,1.5,32.948329,-96.723091,15,E. Main at Dorothy Richardson TX US
6360645361,2017-11-02 16:01,https://dallas.craigslist.org/dal/apa/d/luxury-urban-living-near-west/6360645361.html,Luxury urban living near West Village! Uptown,1678,Uptown Park Cities,1,747,1,,,,
6334186162,2017-11-02 16:01,https://dallas.craigslist.org/dal/apa/d/large-luxury-apartment-at/6334186162.html,A LARGE LUXURY APARTMENT AT DESIGN DISTRICT!  $200 OFF 1ST MO 1 BD W/1,1020,Plano,2,0,1,,,,
6334163126,2017-11-02 16:01,https://dallas.craigslist.org/dal/apa/d/sophisticated-urban-living/6334163126.html,SOPHISTICATED URBAN LIVING!!,1215,Richardson,2,0,2,,,,
6371221118,2017-11-02 16:01,https://dallas.craigslist.org/ftw/apa/d/unique-2-story-loft-with/6371221118.html,Unique 2 story loft with hardwood floors and upstairs study room,1758,Downtown Fort Worth,2,1216,2,32.758900,-97.328000,22,
6334171045,2017-11-02 16:01,https://dallas.craigslist.org/dal/apa/d/we-are-leasing-fast-stop-in/6334171045.html,"WE ARE LEASING FAST, STOP IN TODAY v",1304,The Colony,2,0,2,,,,
6362232882,2017-11-02 16:01,https://dallas.craigslist.org/ftw/apa/d/make-living-great-again2-2/6362232882.html,Make Living Great Again!!2/2,912,,2,1017,2,32.736345,-97.418751,10,6200 Pershing Ave. Fort Worth TX US
6349451578,2017-11-02 16:01,https://dallas.craigslist.org/dal/apa/d/extraordinary-living-at-its/6349451578.html,EXTRAORDINARY LIVING AT ITS BEST,1290,Wylie,2,0,2,,,,
6366826809,2017-11-02 16:05,https://dallas.craigslist.org/dal/apa/d/feel-at-home-in-this-lovely/6366826809.html,FEEL AT HOME IN THIS LOVELY APARTMENT! $50-$408/mo off on w/14+mo,1100,Plano,1,0,1,,,,
6344548619,2017-11-02 16:05,https://dallas.craigslist.org/dal/apa/d/comfortable-and-luxurious-in/6344548619.html,COMFORTABLE AND LUXURIOUS IN A PRIME LOCATION,735,Dallas,1,0,0,,,,
6344552041,2017-11-02 16:05,https://dallas.craigslist.org/dal/apa/d/sophisticated-refined-urban/6344552041.html,"SOPHISTICATED, REFINED URBAN LIVING",1375,Plano,2,0,2,,,,
6366831260,2017-11-02 16:05,https://dallas.craigslist.org/dal/apa/d/urban-luxury-apartment-for/6366831260.html,URBAN LUXURY APARTMENT FOR RENT!,980,Richardson,1,0,1,,,,
6371167017,2017-11-02 16:05,https://dallas.craigslist.org/dal/apa/d/stop-looking-and-start-living/6371167017.html,STOP LOOKING AND START LIVING!,1091,Plano,1,678,0,,,,
6366918420,2017-11-02 16:05,https://dallas.craigslist.org/dal/apa/d/this-is-unique-cool-space/6366918420.html,THIS IS A UNIQUE COOL SPACE MUST SEE !!,1026,Allen,1,0,1,,,,
6366861810,2017-11-02 16:04,https://dallas.craigslist.org/dal/apa/d/urban-luxury-apartment-for/6366861810.html,URBAN LUXURY APARTMENT FOR RENT !,1020,Plano,1,0,1,,,,
6371077359,2017-11-02 16:04,https://dallas.craigslist.org/dal/apa/d/your-new-home-awaitsoff-1st/6371077359.html,YOUR NEW HOME AWAITS ...$250-$350 OFF 1ST MO W/12MO SEL UNITS,1000,McKinney,2,0,1,,,,
6371244938,2017-11-02 16:04,https://dallas.craigslist.org/ndf/apa/d/super-cute-2-bedroom/6371244938.html,"!Super Cute 2 bedroom COMPLETELY upgraded, Ready TODAY @ The Brighton",1235,"Dallas, Richardson, The Brighton Apts",2,1120,2,32.960714,-96.792641,5,5426 Meadow Creek Drive Dallas TX US
6366872182,2017-11-02 16:04,https://dallas.craigslist.org/dal/apa/d/gorgeous-home-in-farmers/6366872182.html,GORGEOUS HOME IN FARMERS BRANCH!$250 off 1st mo w/12mo,985,Plano,1,0,1,,,,
6344456183,2017-11-02 16:04,https://dallas.craigslist.org/dal/apa/d/luxury-and-modern-living-250/6344456183.html,LUXURY AND MODERN LIVING   $250 OFF 1ST MO W/12MO,1175,Plano,2,0,2,,,,
6344443437,2017-11-02 16:04,https://dallas.craigslist.org/dal/apa/d/discover-the-lifestyle-you/6344443437.html,DISCOVER THE LIFESTYLE YOU DESERVE!,1235,Plano,2,0,2,,,,
6344459316,2017-11-02 16:04,https://dallas.craigslist.org/dal/apa/d/comfort-is-coming-home-250/6344459316.html,COMFORT IS COMING HOME $250 OFF 1ST FULL MO W/12,1435,Frisco,2,0,2,,,,
6366882316,2017-11-02 16:04,https://dallas.craigslist.org/dal/apa/d/this-is-unique-cool-space/6366882316.html,THIS IS A UNIQUE COOL SPACE MUST SEE !!,1091,Plano,1,0,1,,,,
6344433362,2017-11-02 16:04,https://dallas.craigslist.org/dal/apa/d/great-home-in-affordable-price/6344433362.html,A GREAT HOME IN AFFORDABLE PRICE,1128,Dallas,2,0,2,,,,
6371243970,2017-11-02 16:04,https://dallas.craigslist.org/ndf/apa/d/wow-did-you-say-1099/6371243970.html,Wow! Did you say $1099?,1099,McKinney,2,980,2,33.191020,-96.632293,10,600 S. Graves St. McKinney TX US
6366898919,2017-11-02 16:03,https://dallas.craigslist.org/dal/apa/d/feel-at-home-in-this-lovely/6366898919.html,FEEL AT HOME IN THIS LOVELY APARTMENT!,825,Plano,1,0,1,,,,
6344440191,2017-11-02 16:03,https://dallas.craigslist.org/dal/apa/d/find-everything-you-need-here/6344440191.html,FIND EVERYTHING YOU NEED HERE! $199 TOTAL MOVE IN W/12MO SELECT UNITS,1116,Dallas,2,0,2,,,,
6344508069,2017-11-02 16:03,https://dallas.craigslist.org/dal/apa/d/they-are-going-fastoff-1st-mo/6344508069.html,THEY ARE GOING FAST!  $250-$500 OFF 1ST MO W/12+ MO,1308,Fort Worth,2,0,2,,,,
6371243433,2017-11-02 16:03,https://dallas.craigslist.org/ndf/apa/d/500-off-first-month-rent/6371243433.html,"$500 Off First Month Rent* | Studios, 1 & 2 Bedrooms",1080,Dallas,2,913,1,32.875600,-96.749500,22,
6366867493,2017-11-02 16:03,https://dallas.craigslist.org/dal/apa/d/welcome-home-call-for/6366867493.html,WELCOME HOME!! CALL FOR SPECIALS!  1 mo free w/12mo,955,McKinney,1,0,1,,,,
6344523955,2017-11-02 16:03,https://dallas.craigslist.org/dal/apa/d/all-the-comforts-you-desire/6344523955.html,ALL THE COMFORTS YOU DESIRE!! $600 OFF 1ST FULL MO W/12MO,1425,Frisco,2,0,2,,,,
6371243105,2017-11-02 16:03,https://dallas.craigslist.org/mdf/apa/d/enjoy-the-commute-from-our/6371243105.html,Enjoy The Commute from Our Wonderful Location ! Come Today & Move IN !,1066,GRAND PRAIRIE,2,1020,2,32.757595,-97.032130,5,1920 W. Tarrant Road 52G Grand Prairie TX US
6334166039,2017-11-02 16:03,https://dallas.craigslist.org/dal/apa/d/stop-looking-and-start-living/6334166039.html,STOP LOOKING AND START LIVING!,1440,The Colony,2,0,2,,,,
6366911105,2017-11-02 16:03,https://dallas.craigslist.org/dal/apa/d/urban-luxury-apartment-for/6366911105.html,URBAN LUXURY APARTMENT FOR RENT !up to $750 off 1st mo w/12+mo,975,McKinney,1,0,1,,,,
6371217862,2017-11-02 16:03,https://dallas.craigslist.org/ndf/apa/d/oak-lawn-luxury-with-open/6371217862.html,"Oak Lawn Luxury with Open Interiors,,, Great Move In Specials",1159,Oak Lawn,1,0,0,32.790400,-96.804400,22,
6334194407,2017-11-02 16:03,https://dallas.craigslist.org/dal/apa/d/all-you-need-in-community-and/6334194407.html,ALL YOU NEED IN A COMMUNITY AND MORE,1357,Aubrey,2,0,2,,,,
6371188626,2017-11-02 16:03,https://dallas.craigslist.org/dal/apa/d/take-advantage-of-low-prices/6371188626.html,Take Advantage of LOW PRICES!!!,1520,Deep Ellum,2,0,0,32.790400,-96.804400,22,
6334155458,2017-11-02 16:03,https://dallas.craigslist.org/dal/apa/d/the-right-place-to-call-home/6334155458.html,THE RIGHT PLACE TO CALL HOME,1127,Northlake,2,0,1,,,,
6371242668,2017-11-02 16:03,https://dallas.craigslist.org/ndf/apa/d/shiny-stainless-steele/6371242668.html,Shiny stainless steele appliances and beautiful crown molding!!,1155,Lewisville,1,911,1,33.004334,-96.985105,10,300 E. Round Grove Rd Lewisville TX US
6334158536,2017-11-02 16:03,https://dallas.craigslist.org/dal/apa/d/1st-full-mo-free-12mo-sel/6334158536.html,1ST FULL MO FREE W/12MO SEL UNITTHIS IS A UNIQUE COOL SPACE MUST SEE !,1175,McKinney,2,0,2,,,,
6366924199,2017-11-02 16:03,https://dallas.craigslist.org/dal/apa/d/take-advantage-of-this-great/6366924199.html,TAKE ADVANTAGE OF THIS GREAT VALUE !,998,Plano,1,0,1,,,,
6334144982,2017-11-02 16:02,https://dallas.craigslist.org/dal/apa/d/come-see-our-beautiful-one/6334144982.html,COME SEE OUR BEAUTIFUL ONE BEDROOMS!!,749,Lewisville,1,0,1,,,,
6366930258,2017-11-02 16:02,https://dallas.craigslist.org/dal/apa/d/ncredible-style-of-this-new/6366930258.html,NCREDIBLE STYLE OF THIS NEW APARTMENT!,930,Dallas,1,0,1,,,,
6334190452,2017-11-02 16:02,https://dallas.craigslist.org/dal/apa/d/oh-what-great-location/6334190452.html,"OH, WHAT A GREAT LOCATION!",1199,Irving,2,0,2,,,,
6344539735,2017-11-02 16:02,https://dallas.craigslist.org/dal/apa/d/luxury-living-starts-now-1mo/6344539735.html,LUXURY LIVING STARTS NOW! 1MO FREE W/12MO ON SEL UNITS,1450,Irving,2,0,2,,,,
6363070204,2017-11-02 16:02,https://dallas.craigslist.org/dal/apa/d/2-bedroom-2-full-bathroom-at/6363070204.html,2 Bedroom 2 Full Bathroom at a Great Price!! La Prada Place,899,,2,1026,2,32.825000,-96.678400,22,8383 La Prada Dr Dallas TX US
6334206063,2017-11-02 16:02,https://dallas.craigslist.org/dal/apa/d/we-offer-luxury-at-its-best/6334206063.html,WE OFFER LUXURY AT IT'S BEST!,1841,Dallas,2,0,2,,,,
6371181284,2017-11-02 16:02,https://dallas.craigslist.org/dal/apa/d/best-deal-in-richardson-1/6371181284.html,BEST DEAL IN RICHARDSON 1 FULL MO FREE W/12+MO,1830,Richardson,2,0,2,,,,
6371241356,2017-11-02 16:02,https://dallas.craigslist.org/ndf/apa/d/luxury-apartment-homes-in/6371241356.html,Luxury Apartment Homes In Frisco,1323,Frisco,1,867,1,,,,
6371241360,2017-11-02 16:02,https://dallas.craigslist.org/ndf/apa/d/fantastically-cozy-2-bedroom/6371241360.html,*Fantastically Cozy 2 bedroom w/ Fireplace avail TODAY @ The Brighton,1055,"Dallas, Richardson, The Brighton Apts",2,910,2,32.960768,-96.792641,5,5426 Meadow Creek Drive Dallas TX US
6371175472,2017-11-02 16:02,https://dallas.craigslist.org/ndf/apa/d/distict-living-experience/6371175472.html,A Distict Living Experience! Life just got Better! Coppell Schools!,1571,Coppell,2,1223,2,32.967300,-96.980500,0,
6371241071,2017-11-02 16:02,https://dallas.craigslist.org/dal/apa/d/house-in-richardson/6371241071.html,House in Richardson,1095,E. Main - Richardson,4,0,1.5,32.948329,-96.723091,15,E. Main at Dorothy Richardson TX US
6360645361,2017-11-02 16:01,https://dallas.craigslist.org/dal/apa/d/luxury-urban-living-near-west/6360645361.html,Luxury urban living near West Village! Uptown,1678,Uptown Park Cities,1,747,1,,,,
6334186162,2017-11-02 16:01,https://dallas.craigslist.org/dal/apa/d/large-luxury-apartment-at/6334186162.html,A LARGE LUXURY APARTMENT AT DESIGN DISTRICT!  $200 OFF 1ST MO 1 BD W/1,1020,Plano,2,0,1,,,,
6334163126,2017-11-02 16:01,https://dallas.craigslist.org/dal/apa/d/sophisticated-urban-living/6334163126.html,SOPHISTICATED URBAN LIVING!!,1215,Richardson,2,0,2,,,,
6371221118,2017-11-02 16:01,https://dallas.craigslist.org/ftw/apa/d/unique-2-story-loft-with/6371221118.html,Unique 2 story loft with hardwood floors and upstairs study room,1758,Downtown Fort Worth,2,1216,2,32.758900,-97.328000,22,
6334171045,2017-11-02 16:01,https://dallas.craigslist.org/dal/apa/d/we-are-leasing-fast-stop-in/6334171045.html,"WE ARE LEASING FAST, STOP IN TODAY v",1304,The Colony,2,0,2,,,,
6362232882,2017-11-02 16:01,https://dallas.craigslist.org/ftw/apa/d/make-living-great-again2-2/6362232882.html,Make Living Great Again!!2/2,912,,2,1017,2,32.736345,-97.418751,10,6200 Pershing Ave. Fort Worth TX US
6349451578,2017-11-02 16:01,https://dallas.craigslist.org/dal/apa/d/extraordinary-living-at-its/6349451578.html,EXTRAORDINARY LIVING AT ITS BEST,1290,Wylie,2,0,2,,,,
6362226514,2017-11-02 16:01,https://dallas.craigslist.org/ftw/apa/d/come-home-to-the-place2-2/6362226514.html,COME HOME TO THE PLACE!2/2,912,,2,1017,2,32.736345,-97.418751,10,6200 Pershing Ave. Fort Worth TX US
6362223539,2017-11-02 16:01,https://dallas.craigslist.org/ftw/apa/d/enjoy-holiday-dinner-in-your/6362223539.html,Enjoy Holiday Dinner In Your New Home! 2/2,912,,2,1017,2,32.736345,-97.418751,10,6200 Pershing Ave. Fort Worth TX US
6362237467,2017-11-02 16:01,https://dallas.craigslist.org/ftw/apa/d/call-today-and-schedule-tour/6362237467.html,Call Today and Schedule a Tour of This Gorgeous 2-2!!,912,,2,1017,2,32.736345,-97.418751,10,6200 Pershing Ave. Fort Worth TX US
6359314222,2017-11-02 16:01,https://dallas.craigslist.org/ftw/apa/d/move-in-now-and-get-settled/6359314222.html,Move In Now And Get Settled Before The Holidays! 2/2,962,,2,1050,2,32.736345,-97.418751,10,6200 Pershing Ave. Fort Worth TX US
6349459049,2017-11-02 16:01,https://dallas.craigslist.org/dal/apa/d/great-price-awesome-location/6349459049.html,GREAT PRICE! AWESOME LOCATION!,1533,Plano,2,0,2,,,,
