pid,dt,url,title,price,neighb,beds,sqft,baths,lat,lng,accuracy,address
6371235653,2017-11-02 16:58,https://dayton.craigslist.org/apa/d/love-where-you-live-with-this/6371235653.html,Love Where You Live With This 2 bedroom!!! Washer/Dryer Included!!!!,840,Miamisburg,2,1037,2,39.613160,-84.223015,5,3091 Sagebrook Drive Miamisbrug OH US
6352452079,2017-11-02 16:56,https://dayton.craigslist.org/apa/d/meadows-of-catalpa/6352452079.html,Meadows Of Catalpa,650,4001 Indian Runn Dayton Oh,2,0,2,39.814147,-84.264639,20,turner at philadelphia dayton OH US
6352636819,2017-11-02 16:56,https://dayton.craigslist.org/apa/d/meadows-of-catalpa/6352636819.html,Meadows of Catalpa !$500-$760,500,4001 Indian Runn Dayton Oh,1,0,1,39.814147,-84.264639,20,turner at philadelphia dayton OH US
6371232259,2017-11-02 16:55,https://dayton.craigslist.org/apa/d/least-take-over/6371232259.html,Least take over,880,Centerville,3,1200,2,39.646400,-84.171700,22,202 crystal point drive Centerville OH US
6371203222,2017-11-02 16:53,https://dayton.craigslist.org/apa/d/house-with-2-beds-in/6371203222.html,"#&#&# House with 2 beds in Springfield, OH ^&^&^&",613,Hillside Avenue,2,1064,2,,,,
6371228576,2017-11-02 16:53,https://dayton.craigslist.org/apa/d/fall-in-love-with-your-new/6371228576.html,FALL in LOVE With Your New One Bedroom!!,736,Miamisburg,1,780,1,39.613070,-84.222829,10,3091 Sagebrook Drive Miamisburg OH US
6371228123,2017-11-02 16:52,https://dayton.craigslist.org/apa/d/home-sweet-home-stonebridge/6371228123.html,Home Sweet Home - Stonebridge!,619,Beavercreek,1,752,1,39.690033,-84.102450,20,Stonecastle Dr. at Stroop Rd. Beavercreek OH US
6371227595,2017-11-02 16:52,https://dayton.craigslist.org/apa/d/incredibly-popular-2-bedroom/6371227595.html,Incredibly Popular 2 Bedroom just 2 Miles from Austin Landing! 1 Left!,849,Miamisburg / Austin Landing / Springboro,2,0,2,39.616768,-84.224716,10,2550 Steeplechase Drive Miamisburg OH US
6371227248,2017-11-02 16:52,https://dayton.craigslist.org/apa/d/exactly-what-you-have-been/6371227248.html,Exactly what you have been waiting for! Come in today!,785,Troy,1,770,1,40.037400,-84.203200,22,1850 Towne Park Drive Troy OH US
6371224007,2017-11-02 16:49,https://dayton.craigslist.org/apa/d/gourgeous-one-bedroom-call/6371224007.html,Gourgeous One Bedroom! Call now! Perfect location!,619,Beavercreek,1,752,1,39.690033,-84.102450,20,Stonecastle Dr. at Stroop Rd. Beavercreek OH US
6371210477,2017-11-02 16:46,https://dayton.craigslist.org/apa/d/only-one-upgraded-1-bedroom/6371210477.html,Only One Upgraded 1 Bedroom Left! Across the street from LexisNexis!,749,Miamisburg / Austin Landing / Springboro,1,0,1,39.616768,-84.224716,10,2550 Steeplechase Drive Miamisburg OH US
6371199863,2017-11-02 16:41,https://dayton.craigslist.org/apa/d/home-in-dayton-oh/6371199863.html,"#&#&# Home in Dayton, OH ^&^&^&",840,Tenshaw Drive,3,936,1,,,,
6371197919,2017-11-02 16:40,https://dayton.craigslist.org/apa/d/get-your-moneys-worth-at/6371197919.html,Get your money's worth at Cedargate!!,750,Englewood,2,900,1,39.855100,-84.339900,22,701 Union Blvd Englewood OH US
6371207373,2017-11-02 16:38,https://dayton.craigslist.org/apa/d/spacious-2-br-pool-view-new/6371207373.html,"Spacious 2 BR,  pool view,  new carpet, close to downtown activities.",849,531 Belmonte Park,2,1237,2,39.789900,-84.213500,22,531 Belmonte Park North Dayton OH US
6371192830,2017-11-02 16:28,https://dayton.craigslist.org/apa/d/only-1-left-luxury-1-bedroom/6371192830.html,Only 1 Left! Luxury 1 Bedroom with Den! 2 Minutes from MetLife!,799,Miamisburg / Austin Landing / Springboro,1,0,1,39.616768,-84.224716,10,2550 Steeplechase Drive Miamisburg OH US
6371186026,2017-11-02 16:23,https://dayton.craigslist.org/apa/d/rental-6967-sennett-ave-in/6371186026.html,"RENTAL: 6967 Sennett Ave in Dayton: 3BR, fresh paint, new flooring!",750,"6967 Sennett Ave, Dayton, OH 45414",3,979,1,39.832030,-84.196009,10,6967 Sennett Ave Dayton OH US
6363613669,2017-11-02 16:23,https://dayton.craigslist.org/apa/d/live-work-play-popular-2/6363613669.html,Live. Work. Play. Popular 2 Bedroom at Austin Landing! Save $1200!,1099,Miami Township/Austin Landing/Springboro,0,0,,39.632100,-84.267500,22,2991 Austin Springs Blvd. Miamisburg OH US
6366593669,2017-11-02 16:21,https://dayton.craigslist.org/apa/d/woodbury-apartments/6366593669.html,Woodbury Apartments,425,Medway/New Carlisle/Springfield,1,0,1,39.875828,-84.020444,22,woodbury rd at lower valley pike Medway OH US
6367391939,2017-11-02 16:21,https://dayton.craigslist.org/apa/d/woodbury-apartments-special/6367391939.html,Woodbury Apartments/*Special*,475,Medway/New Carlisle/Springfield,2,781,1,39.875354,-84.020648,22,woodbury rd at lower valley pike Medway OH US
6371178499,2017-11-02 16:18,https://dayton.craigslist.org/apa/d/woodbury-apartments-special/6371178499.html,Woodbury Apartments/*Special*,475,Medway/New Carlisle/Springfield,2,0,1,39.875255,-84.020433,22,woodbury rd at lower valley pike Medway OH US
6371174932,2017-11-02 16:15,https://dayton.craigslist.org/apa/d/top-pick-luxury-community/6371174932.html,Top Pick! Luxury Community across from LexisNexis! 1 & 2 Bedrooms!,849,Miamisburg / Austin Landing / Springboro,2,0,2,39.616768,-84.224716,10,2550 Steeplechase Drive Miamisburg OH US
6368410118,2017-11-02 16:14,https://dayton.craigslist.org/apa/d/this-1x1-home-comes-with-an/6368410118.html,THIS 1X1 HOME COMES WITH AN EFFICIENT APPLIANCE PACKAGE,829,"Dayton, OH",1,825,1,39.756224,-84.178994,10,425 Dayton Towers Dr Dayton OH US
6368445702,2017-11-02 16:14,https://dayton.craigslist.org/apa/d/free-utilities-in-this/6368445702.html,Free Utilities in This Renovated One-Bedroom Home,829,"Dayton, OH",1,825,1,39.756224,-84.178994,10,425 Dayton Towers Dr Dayton OH US
6367151859,2017-11-02 16:06,https://dayton.craigslist.org/apa/d/199-per-week-no-credit-check/6367151859.html,$199 per week; No credit check or lease:Immediate Move In,199,Vandalia,1,0,1,39.882211,-84.202137,7,
6367154529,2017-11-02 16:06,https://dayton.craigslist.org/apa/d/199-per-week-no-credit-check/6367154529.html,$199 per week; No credit check or lease:Immediate Move In,199,Vandalia,1,0,1,39.882211,-84.202137,7,
6332578431,2017-11-02 16:06,https://dayton.craigslist.org/apa/d/199-per-week-no-credit-check/6332578431.html,$199 per week; No credit check or lease:Immediate Move In,199,Vandalia,1,0,1,39.882211,-84.202137,7,
6361684678,2017-11-02 16:06,https://dayton.craigslist.org/apa/d/heat-water-paid/6361684678.html,"Heat, Water paid !!!!!!",489,4403 Burkhardt Avenue Dayton Ohio,1,660,1,39.760258,-84.136962,10,4403 Burkhardt Ave Dayton OH US
6344692190,2017-11-02 16:05,https://dayton.craigslist.org/apa/d/heat-water-paid/6344692190.html,"Heat, Water paid !!!!!!",589,4403 Burkhardt Avenue Dayton Ohio,2,880,1,39.760258,-84.136962,10,4403 Burkhardt Avenue Dayton OH US
6371159010,2017-11-02 16:04,https://dayton.craigslist.org/apa/d/convenience-is-always-offered/6371159010.html,Convenience is always offered! Balcony/ Walking distance to Kroger!,725,Franklin / Middletown Exit,2,882,1,39.495120,-84.325549,5,3530 Village DriveÂ  Franklin OH US
6371157737,2017-11-02 16:03,https://dayton.craigslist.org/apa/d/3-minutes-from-metlife/6371157737.html,3 Minutes from MetLife! Spacious 1 Bedroom! Call Today to Save $1200!,749,Miamisburg / Austin Landing / Springboro,1,0,1,39.616768,-84.224716,10,2550 Steeplechase Drive Miamisburg OH US
6371156259,2017-11-02 16:02,https://dayton.craigslist.org/apa/d/fall-for-our-great-savings/6371156259.html,Fall for our great savings! Call us today for a tour!,449,Fairborn,0,0,,39.782390,-84.027068,10,2196 Rockdell Drive Fairborn OH US
6371156018,2017-11-02 16:02,https://dayton.craigslist.org/apa/d/one-bedroom-one-bathroom/6371156018.html,"One-Bedroom, One-Bathroom Apartment for Rent w/ Appliances",839,"Dayton, OH",1,740,1,39.756224,-84.178994,10,425 Dayton Towers Dr Dayton OH US
6371155412,2017-11-02 16:02,https://dayton.craigslist.org/apa/d/free-free-free-first-month/6371155412.html,FREE FREE FREE!!! First Month FREE on a Spacious 2 Bedroom Home!,985,"Centerville, Beavercreek, Kettering",2,950,1,39.698619,-84.107150,10,3043 Fountain Circle Kettering OH US
