pid,dt,url,title,price,neighb,beds,sqft,baths,lat,lng,accuracy,address
6360119604,2017-11-02 16:42,https://daytona.craigslist.org/apa/d/beautiful-2-bdr-apartment/6360119604.html,"Beautiful 2 bdr Apartment Home /  January 10, 2018",893,Daytona Beach,2,916,1,29.179209,-81.029050,10,1400 S Nova Road Daytona Beach FL US
6331547715,2017-11-02 16:41,https://daytona.craigslist.org/apa/d/tucked-away-on-50-acres/6331547715.html,"Tucked Away On 50 Acres/  Available November 20, 2017!",815,Daytona Beach,1,877,1,29.179209,-81.029050,10,1400 S. Nova Road Daytona Beach FL US
6353658815,2017-11-02 16:39,https://daytona.craigslist.org/apa/d/schedule-tour-fitness-center/6353658815.html,"Schedule a Tour, Fitness Center, Pet friendly",718,Daytona Beach,2,983,2,29.249000,-81.066087,10,1971 Charleston House Way Holly Hill FL US
6353654225,2017-11-02 16:39,https://daytona.craigslist.org/apa/d/come-look-and-lease-pet/6353654225.html,"Come Look and Lease, Pet Friendly, Walk In Closets",718,Daytona Beach,2,983,2,29.249000,-81.066087,10,1971 Charleston House Way Holly Hill FL US
6371180318,2017-11-02 16:33,https://daytona.craigslist.org/apa/d/2-bedroom-1-bath/6371180318.html,2 bedroom 1 bath,750,Edgewater,0,1100,2,28.973660,-81.027426,22,India palm dr Edgewater FL US
6371190757,2017-11-02 16:26,https://daytona.craigslist.org/apa/d/this-stunning-3x2-apartment/6371190757.html,This Stunning 3x2 Apartment Offers Luxury Accommodations,1389,"New Smyrna Beach, FL",3,1167,2,29.009341,-80.968723,5,10101 LYMESTONE CT New Smyrna Beach FL US
6371186218,2017-11-02 16:23,https://daytona.craigslist.org/apa/d/complimentary-coffee-bar/6371186218.html,"Complimentary Coffee Bar, Tennis Court, On-Site Laundry Facility",855,"310 South Nova Road, Daytona Beach, FL 32114",1,832,1,29.199390,-81.037613,5,310 South Nova Road Daytona Beach FL US
6371185637,2017-11-02 16:23,https://daytona.craigslist.org/apa/d/visit-your-new-home-spacious/6371185637.html,"Visit Your New Home, Spacious Floor Plans, Dishwasher",1075,Daytona Beach,3,1100,2,29.201992,-81.069565,10,101 Raceway Pointe Drive Daytona Beach FL US
6371182253,2017-11-02 16:21,https://daytona.craigslist.org/apa/d/two-bedroom-one-bath/6371182253.html,Two bedroom/one bath apartment ready for move in TODAY!!! Come SEE!!,1015,Daytona Beach,2,932,1,29.210042,-81.068911,10,778 Jimmy Ann Drive Daytona Beach FL US
6371178435,2017-11-02 16:18,https://daytona.craigslist.org/apa/d/affordable-1-bed-1-bath-near/6371178435.html,Affordable 1 bed 1 bath! Near public transportation and campus,660,Daytona Beach,1,600,1,29.173973,-81.031795,10,1200 Beville Rd Daytona Beach FL US
6371176527,2017-11-02 16:17,https://daytona.craigslist.org/apa/d/small-one-bedroom-apartment/6371176527.html,Small one bedroom apartment ready for move in this month!!!,830,Daytona Beach,1,650,1,29.210042,-81.068911,10,778 Jimmy Ann Drive Daytona Beach FL US
6371174741,2017-11-02 16:15,https://daytona.craigslist.org/apa/d/ornamental-chair-rail-fully/6371174741.html,"Ornamental Chair Rail, Fully Equipped Kitchens, Backsplash",1024,"129 E Villa Capri Cir DeLand, , FL 32724",2,1056,2,29.042200,-81.286300,5,129 E Villa Capri Cir DeLand Daytona beach FL US
6335012092,2017-11-02 16:15,https://daytona.craigslist.org/apa/d/spend-thanksgiving-at-your/6335012092.html,SPEND THANKSGIVING AT YOUR NEW PLACE. ONLY $300 DEPOSIT,900,458 BRENTWOOD DRIVE,1,900,1,29.227152,-81.037053,10,458 BRENTWOOD DR DAYTONA BEACH FL US
6371173362,2017-11-02 16:14,https://daytona.craigslist.org/apa/d/generous-floor-plans-on-site/6371173362.html,"Generous floor plans, On-site laundry center, Open, airy living rooms",1011,"1690 Dunn Avenue, Daytona Beach, FL 32114",2,1010,2,29.205092,-81.065111,5,1690 Dunn Avenue Daytona Beach FL US
6333809735,2017-11-02 16:11,https://daytona.craigslist.org/apa/d/come-today-and-move-in-next/6333809735.html,COME TODAY AND MOVE IN NEXT WEEK ONLY $300.00 SEC. DEPOSIT,700,458 BRENTWOOD DRIVE,1,700,1,29.227152,-81.037053,10,458 BRENTWOOD DR DAYTONA BEACH FL US
6332942559,2017-11-02 16:09,https://daytona.craigslist.org/apa/d/the-best-1-bedroom/6332942559.html,THE BEST 1 BEDROOM ONLY $300.00 SECURITY DEPOSIT,820,458 BRENTWOOD DRIVE,1,700,1,29.227152,-81.037053,10,458 BRENTWOOD DR DAYTONA BEACH FL US
6371163610,2017-11-02 16:07,https://daytona.craigslist.org/apa/d/sanctuary-at-westport/6371163610.html,Sanctuary at Westport,4207,Port Orange,0,0,,29.083800,-81.033600,22,
6371154881,2017-11-02 16:07,https://daytona.craigslist.org/apa/d/come-see-our-amazing/6371154881.html,"Come see our Amazing Remodeled Apartments, save $250 off Novembers",899,"1400 Hancock Blvd, Daytona Beach, FL 32114",1,700,1,29.173344,-81.040192,5,1400 Hancock Blvd Daytona Beach FL US
