pid,dt,url,title,price,neighb,beds,sqft,baths,lat,lng,accuracy,address
6371182036,2017-11-02 16:49,https://decatur.craigslist.org/apa/d/updated-3-bed-2-bath-house/6371182036.html,*(^UPDATED 3 BED 2 BATH HOUSE^)* FEATURES CAR ATT. GARAGE**,415,Updated*>>House,3,1200,2,39.858300,-88.938200,22,
6341723367,2017-11-02 16:42,https://decatur.craigslist.org/apa/d/call-today-townhome-available/6341723367.html,CALL TODAY TOWNHOME AVAILABLE NOW IN A RESIDENTIAL,400,About Our Rent,3,1200,2,39.858300,-88.938200,22,
6338991200,2017-11-02 16:27,https://decatur.craigslist.org/apa/d/call-today-townhome-available/6338991200.html,CALL TODAY TOWNHOME AVAILABLE NOW IN A RESIDENTIAL,400,About Our Rent,3,1200,2,39.858300,-88.938200,22,
6338991338,2017-11-02 16:08,https://decatur.craigslist.org/apa/d/call-today-townhome-available/6338991338.html,CALL TODAY TOWNHOME AVAILABLE NOW IN A RESIDENTIAL,400,About Our Rent,3,1200,2,39.858300,-88.938200,22,
6371181722,2017-11-02 16:05,https://decatur.craigslist.org/apa/d/updated-3-bed-2-bath-house/6371181722.html,*(^UPDATED 3 BED 2 BATH HOUSE^)* FEATURES CAR ATT. GARAGE**,415,Updated*>>House,3,1200,2,39.858300,-88.938200,22,
