pid,dt,url,title,price,neighb,beds,sqft,baths,lat,lng,accuracy,address
6371212378,2017-11-02 16:46,https://delaware.craigslist.org/apa/d/2-bed-15-bath-private-balcony/6371212378.html,"2 Bed 1.5 Bath-Private Balcony-walk to bus line, off-street parking",909,"12 Mary Ella Drive Unit E, Wilmington, DE 19805",2,950,1.5,39.753473,-75.594017,5,12 Mary Ella Drive Unit E Wilmington DE US
6371048652,2017-11-02 16:44,https://delaware.craigslist.org/apa/d/large-two-bedroom-apartment/6371048652.html,Large two bedroom apartment - Includes Heat,775,Smyrna,2,0,0,39.276071,-75.576153,22,
6371212202,2017-11-02 16:41,https://delaware.craigslist.org/apa/d/brand-new-townhouse-loft/6371212202.html,"Brand New Townhouse w/ Loft, Garage, Maintenance Free",1850,Dagsboro,3,1682,2.5,38.548434,-75.243258,5,32037 Woods Court Dagsboro DE US
6371196233,2017-11-02 16:37,https://delaware.craigslist.org/apa/d/2-bed-1-bath-easily/6371196233.html,"2 Bed 1 Bath - Easily accessible to all major highways, Courtyard",920,"70 Court Dr, Wilmington, DE 19805",2,652,1,39.755670,-75.597477,5,70 Court Dr Wilmington DE US
6371053926,2017-11-02 16:34,https://delaware.craigslist.org/apa/d/victorian-farmhouse-with/6371053926.html,Victorian Farmhouse with garage,1250,Smyrna,3,0,2,39.271685,-75.602074,22,
6371043525,2017-11-02 16:23,https://delaware.craigslist.org/apa/d/countryside-starter-home/6371043525.html,Countryside Starter Home,700,Delmar,2,0,0,38.485796,-75.531178,22,
6371185496,2017-11-02 16:23,https://delaware.craigslist.org/apa/d/2-bedroom-house-in-pennsville/6371185496.html,"#&#&# 2 Bedroom HOUSE in Pennsville, NJ ^&^&^&",930,Harvard Road,2,1026,1,,,,
6371183973,2017-11-02 16:22,https://delaware.craigslist.org/apa/d/ask-about-our-employer/6371183973.html,ASK ABOUT OUR EMPLOYER DISCOUNT!!,1160,,2,1040,2,39.592900,-75.651500,22,
6371178700,2017-11-02 16:18,https://delaware.craigslist.org/apa/d/apply-online-for-your-home/6371178700.html,Apply Online for Your Home Today!,1040,New Castle,2,967,1.5,39.671859,-75.588026,10,595 Tulip Lane New Castle DE US
6371178365,2017-11-02 16:18,https://delaware.craigslist.org/apa/d/townhome-dont-look-past-this/6371178365.html,TOWNHOME- DON'T LOOK PAST THIS BRAND NEW 3 BR. 2.5 BTH HOME SWEET HOME,1500,ELKTON,3,1500,2.5,39.626400,-75.845800,22,1600 WEST CREEK VILLGE DR. ELKTON DE US
6371046166,2017-11-02 16:16,https://delaware.craigslist.org/apa/d/charming-2-bedroom-2-bathroom/6371046166.html,Charming 2 bedroom 2 bathroom first floor apartment,800,Dover,2,0,1.5,39.171014,-75.539246,22,
6371170557,2017-11-02 16:13,https://delaware.craigslist.org/apa/d/love-where-you-live-apply/6371170557.html,LOVE Where You Live!! Apply TODAY!!,1430,"Bear, Near Elkton",3,1100,2,39.607748,-75.716193,10,900 Woodchuck Place Bear DE US
6371165651,2017-11-02 16:09,https://delaware.craigslist.org/apa/d/3-br-2-ba-townhouse-available/6371165651.html,"3 BR 2 BA Townhouse available in Rising Sun, MD - $1200",1200,,3,1300,1.5,39.698008,-76.058736,5,
6371158499,2017-11-02 16:04,https://delaware.craigslist.org/apa/d/199-security-deposit/6371158499.html,$199 Security Deposit,845,"70 Court Dr, Wilmington, DE 19805",1,649,1,39.755670,-75.597477,5,70 Court Dr Wilmington DE US
6371156237,2017-11-02 16:02,https://delaware.craigslist.org/apa/d/spacious-1br-balcony-pool/6371156237.html,Spacious 1BR w/ Balcony & Pool View Available NOW! November Rent FREE!,1570,"401 Justison Street, Wilmington, DE 19801",1,834,1,39.739396,-75.557793,5,401 Justison Street Wilmington DE US
6371148328,2017-11-02 16:02,https://delaware.craigslist.org/apa/d/1-bed-1-bath-on-site/6371148328.html,"1 Bed 1 Bath - On-site management, Courtyard",820,"70 Court Dr, Wilmington, DE 19805",1,560,1,39.755670,-75.597477,5,70 Court Dr Wilmington DE US
