pid,dt,url,title,price,neighb,beds,sqft,baths,lat,lng,accuracy,address
6371390629,2017-11-02 17:00,https://denver.craigslist.org/apa/d/rare-townhome-with-garage-2bd/6371390629.html,"Rare Townhome with Garage-2bd, 3ba, Indian Creek Neighborhood",1595,SouthEast Denver,2,1442,2.5,39.684216,-104.891842,10,"1818 S Quebec Way, 2-1 Denver CO US"
6371390375,2017-11-02 17:00,https://denver.craigslist.org/apa/d/2b-2b-pools-fitness-center/6371390375.html,"2b/2b: Pools, Fitness Center, Clubhouse - Everything You Want! - $1349",1341,Denver,2,1200,2,39.669200,-104.873758,10,2570 S Dayton Way Denver CO US
6371390039,2017-11-02 16:59,https://denver.craigslist.org/apa/d/2-bedroom-three-level-town/6371390039.html,"2 bedroom - Three Level Town Home, Attached Garage",1895,Bradburn Village,2,1499,2.5,39.911551,-105.037282,5,11900 Newton Street Westminster CO US
6371389631,2017-11-02 16:59,https://denver.craigslist.org/apa/d/unbelievable-prices-for-an/6371389631.html,Unbelievable Prices for an Unbelievable  Apartment Home!,1239,Lakewood,1,646,1,39.746065,-105.071997,10,6792 W. 19th Place at 19th &amp; Pierce Lakewood CO US
6371389551,2017-11-02 16:59,https://denver.craigslist.org/apa/d/magnificent-1bd-balcony-plank/6371389551.html,"Magnificent 1BD w/ Balcony, Plank Flooring, W/D & An Amazing View",1392,"Parker, CO",1,750,1,39.513444,-104.761848,5,19600 Clubhouse Drive Parker CO US
6371389513,2017-11-02 16:59,https://denver.craigslist.org/apa/d/1-bedroom-fitness-center/6371389513.html,"1 bedroom - Fitness Center, Hardwood floors, Stainless steel appliances",1195,Belmar,1,534,1,39.706345,-105.075424,5,7110 W Virginia Ave Lakewood CO US
6367172108,2017-11-02 16:59,https://denver.craigslist.org/apa/d/treat-yourself-to-500-off/6367172108.html,Treat Yourself To $500 Off Your Rent! You Deserve It!,1550,westminster,2,1020,2,39.885400,-105.113900,22,
6371389184,2017-11-02 16:59,https://denver.craigslist.org/apa/d/updated-2bedroom-2bathroom/6371389184.html,Updated 2Bedroom 2Bathroom Penthouse Condo in Aurora,1395,Aurora,2,1064,2,39.707444,-104.800962,10,471 S Kalispell Way Aurora CO US
6367224701,2017-11-02 16:59,https://denver.craigslist.org/apa/d/2-bed-2-bath-with-washer-and/6367224701.html,"2 Bed, 2 Bath With Washer and Dryer, Balcony, Indoor Basketball Court & MORE",1550,Westminster,2,1020,2,39.861776,-105.079103,10,9100 Vance Street Westminster CO US
6367243870,2017-11-02 16:59,https://denver.craigslist.org/apa/d/500-off-first-months-rent/6367243870.html,$500 OFF first months rent! Lease Now!,1550,9100 Vance Street,2,1020,2,39.885400,-105.113900,22,
6364499658,2017-11-02 16:59,https://denver.craigslist.org/apa/d/act-fast-500-off-your-rent/6364499658.html,ACT FAST! $500 Off Your Rent!,1550,Westminster,2,1020,2,39.861776,-105.079103,10,9100 Vance Street Arvada CO US
6368401056,2017-11-02 16:59,https://denver.craigslist.org/apa/d/tour-your-new-home-today-and/6368401056.html,Tour Your New Home Today!! And Receive $500 Off Your Rent!!,1550,Westminster,2,1020,2,39.861776,-105.079103,10,9100 Vance Street Westminster CO US
6342201751,2017-11-02 16:58,https://denver.craigslist.org/apa/d/amazing-1-bedroom-in-lodo/6342201751.html,Amazing 1 Bedroom In LoDo With One Month Free!,1710,LoDo,1,809,1,,,,
6371388826,2017-11-02 16:58,https://denver.craigslist.org/apa/d/do-not-wait-for-prices-to-go/6371388826.html,Do not wait for prices to go up lease today!,1115,Thornton,0,745,,39.857952,-104.986150,5,101 East 88th ave. at 88th and Grant Thornton CO US
6371388413,2017-11-02 16:58,https://denver.craigslist.org/apa/d/updated-1-bedroom-steps-away/6371388413.html,"Updated 1 Bedroom, Steps Away from Cheesman Park!",1275,Cheesman Park,1,603,1,39.738976,-104.968736,10,1435 Franklin Denver CO US
6371388395,2017-11-02 16:58,https://denver.craigslist.org/apa/d/more-bang-for-your-buck/6371388395.html,More bang for your buck,870,13500 Albrook Dr,1,600,1,39.778765,-104.838483,10,13500 Albrook Dr Denver CO US
6371370462,2017-11-02 16:57,https://denver.craigslist.org/apa/d/pet-friendly-1-b-in-2-b/6371370462.html,Pet friendly 1 b/b in 2 b/b apartment,750,Denver Tech Center,1,0,1,39.643100,-104.898700,22,
6371386031,2017-11-02 16:56,https://denver.craigslist.org/apa/d/sloans-lake-3bd-2ba-utilities/6371386031.html,"Sloan's Lake 3bd 2ba ""Utilities Free"" Amazing Neighborhood",1750,Sloans Lake,3,1300,2,39.742086,-105.046338,10,1601 Vrain Denver CO US
6371385949,2017-11-02 16:56,https://denver.craigslist.org/apa/d/live-in-the-heart-of-downtown/6371385949.html,"Live in the Heart of Downtown! Amazing Views, On Site Laundry!",1025,"1255 19th Street, Denver, CO 80202",0,445,1,39.752130,-104.992968,5,1255 19th Street Denver CO US
6371373603,2017-11-02 16:55,https://denver.craigslist.org/apa/d/amazing-1bd-1bt-only-1100-pet/6371373603.html,"<?""Amazing!! 1Bd/1Bt ONLY $$1100$$ PET FRIENDLY DON'T MISS OUT!*!*",1250,Glendale,2,714,1,39.696598,-104.931645,15,E Mississippi at S Dahlia St Glendale CO US
6343143862,2017-11-02 16:55,https://denver.craigslist.org/apa/d/live-in-luxury-in-this/6343143862.html,Live In Luxury In This Upgraded 2 BD Townhouse w/Attached Garage,2245,THE WINDSOR/DENVER/LAKEWOOD/LITTLETON,2,1316,2.5,39.659463,-105.088284,5,8153 W Eastman Pl Lakewood CO US
6371384490,2017-11-02 16:55,https://denver.craigslist.org/apa/d/move-in-today-2-bed-2-bath/6371384490.html,Move In Today! 2 Bed 2 Bath & Enjoy the Views from the RoofTop Patio,1590,,0,809,,39.737994,-104.964835,10,1375 High Street Denver CO US
6371384400,2017-11-02 16:55,https://denver.craigslist.org/apa/d/your-new-home-is-waiting/6371384400.html,Your new home is waiting,870,13500 Albrook Dr,1,600,1,39.778765,-104.838483,10,13500 Albrook Dr Denver CO US
6371383885,2017-11-02 16:54,https://denver.craigslist.org/apa/d/all-the-amenities-youre/6371383885.html,All the Amenities You're Looking for at Woodstream Village Apartments!,1341,Denver,2,1220,2,39.671326,-104.870352,10,10150 E Harvard Ave Denver CO US
6371383615,2017-11-02 16:54,https://denver.craigslist.org/apa/d/beautiful-newly-renovated-2/6371383615.html,Beautiful Newly Renovated 2 Bedroom in Littleton! $100 Look & Lease!,1400,"6910 S. Bannock St. Apt#7, Littleton, CO",2,900,1,39.599400,-105.004400,22,6900 S. Bannock St Littleton Littleton CO US
6371383599,2017-11-02 16:54,https://denver.craigslist.org/apa/d/come-look-and-lease-walk-to/6371383599.html,"Come Look and Lease, Walk to Shopping, WD Included",1511,Thornton,2,1005,2,39.917330,-104.971359,10,12150 Washington Center Parkway Thornton CO US
6371383582,2017-11-02 16:54,https://denver.craigslist.org/apa/d/3-bedroom-2-bath/6371383582.html,3 bedroom 2 bath,1300,Erie,3,0,2,40.046873,-105.046009,10,330 kattell st Erie CO US
6371383225,2017-11-02 16:54,https://denver.craigslist.org/apa/d/remodeled-cap-hill-studio/6371383225.html,"Remodeled Cap Hill Studio Apartment, $500 OFF  1170 Logan ST.!",975,Denver,0,350,1,,,,
6371360810,2017-11-02 16:54,https://denver.craigslist.org/apa/d/save-free-rent-special-lmt/6371360810.html,Save W/ Free Rent Special LMT. TIME AMAZING 3-BEDROOM TOWN HOME,1840,3190 W. 14th Ave. Denver CO,3,1121,1.5,39.739105,-105.028473,10,3190 W. 14th Ave. at Irving Denver CO US
6371383093,2017-11-02 16:54,https://denver.craigslist.org/apa/d/schedule-tour-volleyball/6371383093.html,"Schedule a Tour, Volleyball Court, Beautiful Landscaping",1581,Thornton,2,1065,2,39.917330,-104.971359,10,12150 Washington Center Parkway Thornton CO US
6363514511,2017-11-02 16:53,https://denver.craigslist.org/apa/d/great-for-the-whole-family/6363514511.html,"GREAT FOR THE WHOLE FAMILY! 3BD, 2.5 BATH, 2 CAR ATTACHED GARAGE!!!!!!",2420,THE WINDSOR/DENVER/LAKEWOOD/LITTLETON,3,1450,2.5,39.659182,-105.087554,5,8153 W Eastman Pl Lakewood CO US
6371382585,2017-11-02 16:53,https://denver.craigslist.org/apa/d/professionally-managed/6371382585.html,"Professionally Managed, Hardwood Floors, Minutes to Interlocken",1800,Thornton,3,1091,2,39.917330,-104.971359,10,12150 Washington Center Parkway Thornton CO US
6371382164,2017-11-02 16:53,https://denver.craigslist.org/apa/d/stop-by-and-take-tour/6371382164.html,Stop By and Take A Tour!,1175,,1,0,1,39.601200,-104.739400,22,
6371381450,2017-11-02 16:52,https://denver.craigslist.org/apa/d/limited-availability-tour/6371381450.html,Limited Availability!! Tour Today and Move in Tomorrow!!,840,Denver,0,506,1,39.679448,-105.057707,5,S. Depew St. at W. Evans Ave Denver CO US
6371381346,2017-11-02 16:52,https://denver.craigslist.org/apa/d/one-month-free-rentapply-today/6371381346.html,ONE MONTH FREE RENT...APPLY TODAY!!,1545,1550 Raleigh Street,1,770,1,39.741612,-105.041399,10,1550 Raleigh Street Denver CO US
6371381165,2017-11-02 16:52,https://denver.craigslist.org/apa/d/reserved-covered-parking/6371381165.html,"Reserved Covered Parking Available, We Love Pets!, High 9ft. Ceilings",,"1882 E. 104th Avenue, Thornton, CO 80233",2,1162,2,39.884979,-104.962798,5,1882 E. 104th Avenue Thornton CO US
6371353783,2017-11-02 16:52,https://denver.craigslist.org/apa/d/amazing-rent-reduction-dont/6371353783.html,Amazing Rent Reduction! Don't wait. Get this 2 BR for $1975,1975,City Park,2,1033,2,39.733100,-104.952400,22,1600 Fillmore St Denver CO US
6371380559,2017-11-02 16:51,https://denver.craigslist.org/apa/d/the-apartment-youve-been/6371380559.html,The Apartment You've Been Searching For Is Here At Ovation!,1602,"Lone Tree, CO",2,1050,2,39.550600,-104.897200,22,9580 Ridgegate Parkway Lone Tree CO US
6371373383,2017-11-02 16:51,https://denver.craigslist.org/apa/d/you-will-love-this/6371373383.html,You will love this spectacular 1x1! Lease today for a great special!!,1410,"1950 Pennsylvania St, Denver, CO 80203",1,1108,1,39.746898,-104.981336,5,1950 Pennsylvania St Denver CO US
6339878967,2017-11-02 16:51,https://denver.craigslist.org/apa/d/furnished-sunny-loft-style/6339878967.html,Furnished Sunny Loft-Style Cherry Creek 1 Bed!Parking/Utils Included,1775,,1,632,1,39.711578,-104.941374,5,S Harrison St at E Alameda Ave Denver CO US
6371380338,2017-11-02 16:51,https://denver.craigslist.org/apa/d/responsive-maintenance-team/6371380338.html,"Responsive Maintenance Team, Courtyard, Electric Stove, Fireplace",1090,Aurora,1,650,1,39.725336,-104.828262,10,572 Potomac St Aurora CO US
6371380279,2017-11-02 16:51,https://denver.craigslist.org/apa/d/aspen-condo-2-bdr-2-ba/6371380279.html,Aspen Condo 2 bdr/ 2 ba furnished,3500,,2,0,2,,,,
6371379647,2017-11-02 16:51,https://denver.craigslist.org/apa/d/fitness-centerputting/6371379647.html,Fitness Center!Putting Green!Washer/Dryer!Ski and Bike Lounge!&More!,2475,2270 S University Blvd,2,993,2,39.675430,-104.959407,10,2270 S University Blvd DENVER CO US
6371378702,2017-11-02 16:50,https://denver.craigslist.org/apa/d/want-to-get-away-at-eviva/6371378702.html,Want to get Away at EVIVA? Lease today and receive a travel package!,2825,Denver,2,1065,2,39.736886,-104.991737,15,Cherokee at 13th Denver CO US
6371378495,2017-11-02 16:50,https://denver.craigslist.org/apa/d/spacious-remodeled-apartment/6371378495.html,"Spacious, Remodeled Apartment, Look-n-Lease Special, Amazing Location!",1300,Denver,2,600,1,,,,
6371378376,2017-11-02 16:49,https://denver.craigslist.org/apa/d/sun-drenched-2-bedroom/6371378376.html,Sun Drenched 2 Bedroom Available IMMEDIATELY,1835,Capitol Hill,2,975,1,39.733701,-104.984096,5,1050 Sherman St Denver CO US
6371348554,2017-11-02 16:49,https://denver.craigslist.org/apa/d/brand-new-home-for-the/6371348554.html,Brand NEW Home For The Holidays!,1569,"Denver, Thornton",3,1869,2.5,,,,
6368190844,2017-11-02 16:49,https://denver.craigslist.org/apa/d/great-views-partially/6368190844.html,Great Views! Partially Remodeled 1 bedroom apartment near Invesco,995,Denver,1,650,1,39.741688,-105.027119,5,1555 Grove Street Denver CO US
6371377529,2017-11-02 16:49,https://denver.craigslist.org/apa/d/huge-top-floor-studio-with/6371377529.html,HUGE Top Floor Studio with Sloan's Lake Views!,1375,1550 Raleigh Street,0,595,1,39.741595,-105.041410,10,1550 Raleigh Street Denver CO US
6371376867,2017-11-02 16:48,https://denver.craigslist.org/apa/d/starbucks-coffee-stainless/6371376867.html,"Starbucks Coffee, Stainless Steel Appliances, Come see for yourself!",1809,Denver,2,1040,2,39.698338,-104.987090,5,1000 S Broadway Denver CO US
6371376468,2017-11-02 16:48,https://denver.craigslist.org/apa/d/modern-family-friendly-house/6371376468.html,Modern Family Friendly House in Highlands Ranch,2300,Highlands Ranch,3,1535,2.5,39.541400,-104.921800,22,
6371356656,2017-11-02 16:47,https://denver.craigslist.org/apa/d/rent-an-amazing-715-sq-foot-1/6371356656.html,Rent an amazing 715 Sq Foot 1 bed / 1 bath near transit!,1475,Denver,1,715,1,39.711537,-104.992337,10,275 S. Cherokee St. Denver CO US
6371373946,2017-11-02 16:46,https://denver.craigslist.org/apa/d/2-bed-2-bath-yoga-room-with/6371373946.html,"2 Bed /2 Bath, Yoga room with fitness classes on demand, Java bar",1591,Broomfield,2,1105,2,39.905815,-105.089341,5,8200 Arista Pl Broomfield CO US
6371373889,2017-11-02 16:46,https://denver.craigslist.org/apa/d/1108-spacious-townhome/6371373889.html,"#1108 Spacious Townhome Feeling, Across from Park Meadows",1840,"Lone Tree, Highlands Ranch, DTC",2,1123,2,39.546686,-104.885628,10,9005 South Yosemite Street Lone Tree CO US
6371373506,2017-11-02 16:45,https://denver.craigslist.org/apa/d/3-bedroom-on-the-1st-floor/6371373506.html,3 Bedroom On The 1st Floor!! Available NOW!!,1806,Northglenn,3,1241,2,39.905654,-104.987690,5,11525 Community Center Drive Northglenn CO US
6365982147,2017-11-02 16:45,https://denver.craigslist.org/apa/d/immaculate-home-in-cherry/6365982147.html,Immaculate Home In Cherry Creek Schools,2100,S. Quemoy Way & Rome Street,3,1977,2.5,39.643553,-104.729941,5,
6371365978,2017-11-02 16:45,https://denver.craigslist.org/apa/d/bark-bark-lets-go-to-the-park/6371365978.html,Bark Bark! Let's go to the park! Pet Park onsite!,1585,Denver,1,767,1,39.711537,-104.992337,10,275 S. Cherokee St. Denver CO US
6371371683,2017-11-02 16:44,https://denver.craigslist.org/apa/d/youll-love-this-layout/6371371683.html,You'll LOVE this Layout,1176,Denver Tech Center-DTC,1,569,1,39.598731,-104.901109,22,
6371371436,2017-11-02 16:44,https://denver.craigslist.org/apa/d/1x1-floor-plan-with-upgraded/6371371436.html,1x1 Floor Plan with Upgraded Cabinets & Plush Cut Berber Carpet!,1047,"Aurora, CO",1,650,1,39.738880,-104.830882,10,13686 E 14th Ave Aurora CO US
6334709168,2017-11-02 16:44,https://denver.craigslist.org/apa/d/1-bedroom-in-the-highlands/6334709168.html,"1 Bedroom In The Highlands With 1 Month Free, Available Now!",1870,Highlands,1,717,1,,,,
6371371183,2017-11-02 16:43,https://denver.craigslist.org/apa/d/1-month-free-rent-updated-2/6371371183.html,1 Month FREE Rent! Updated 2 bedrooms with Stainless Steel Appliances!,1500,"Westminster, CO",2,1062,2,39.885400,-105.113900,22,
6371371108,2017-11-02 16:43,https://denver.craigslist.org/apa/d/mountain-views-top-floor-huge/6371371108.html,Mountain Views! Top Floor! HUGE 1 bedroom plus office!,2330,"Denver! Cap Hill, Downtown",2,1003,2,39.727286,-104.984725,10,175 East 7th Avenue at Sherman Street Denver CO US
6371371069,2017-11-02 16:43,https://denver.craigslist.org/apa/d/1-month-rent-free/6371371069.html,1 month Rent Free!!,1225,DTC,1,750,1,39.626142,-104.894611,10,4982 South Ulster Street Denver CO US
6371370608,2017-11-02 16:43,https://denver.craigslist.org/apa/d/upgraded-2x2-ready-for/6371370608.html,Upgraded 2X2 Ready For Immediate Move-In!,1665,10000 East Alameda Avenue,2,1204,2,39.710087,-104.870832,10,10000 East Alameda Avenue Denver CO US
6371358726,2017-11-02 16:43,https://denver.craigslist.org/apa/d/full-size-washer-dryers-and/6371358726.html,Full Size Washer/Dryers and Stainless Steel appliances,1335,7575 Arkansas Ave,2,1050,2,,,,
6368792944,2017-11-02 16:43,https://denver.craigslist.org/apa/d/sparkling-pool-and-spa-2-bark/6368792944.html,"Sparkling Pool and Spa, 2 Bark Parks and remodeled fitness center!!!",2171,"1752 South Parker Road, Denver, CO 80247",3,1390,2,39.687499,-104.881003,20,1755 S.Beeler Street Denver CO US
6371370092,2017-11-02 16:43,https://denver.craigslist.org/apa/d/two-bed-two-bath-special/6371370092.html,"Two Bed, Two Bath! SPECIAL AVAILABLE",1495,"Centennial, Co",2,950,2,39.607672,-104.812016,5,6000 S. Fraser St Centennial CO US
6371369656,2017-11-02 16:42,https://denver.craigslist.org/apa/d/the-corner-unit-of-your/6371369656.html,"The corner unit of your dreams, 24hr gym!",1980,,0,0,,39.679300,-104.884300,22,
6371361455,2017-11-02 16:42,https://denver.craigslist.org/apa/d/first-two-weeks-free/6371361455.html,First Two Weeks FREE! Fantastic Wash Park Location! Great Amenities!,1725,"Wash Park, Speer, Denver",2,860,1,39.716381,-104.978163,5,15 S Clarkson Street Denver CO US
6371369330,2017-11-02 16:42,https://denver.craigslist.org/apa/d/ready-to-refresh-your-style/6371369330.html,Ready to refresh your style of living? Come to the Forum!,1875,Anschutz Campus/VA HOSPITAL/ Aurora,2,1064,2,39.739963,-104.828668,5,13650 E Colfax AURORA CO US
6371368893,2017-11-02 16:42,https://denver.craigslist.org/apa/d/best-location-in-aurora/6371368893.html,"Best Location in Aurora, Business Center & Wi-Fi Café, Balcony",950,"2134 South Richfield Way Aurora, CO 80013",1,600,1,39.677356,-104.785705,5,2134 South Richfield Way Aurora CO US
6351317551,2017-11-02 16:41,https://denver.craigslist.org/apa/d/concept-on-albion-gorgeous/6351317551.html,"CONCEPT ON ALBION: Gorgeous, Renovated 2 bed for Dec 2nd!",1455,1285 Albion Street,2,969,1,39.736135,-104.939668,5,13th at Albion Denver CO US
6371368255,2017-11-02 16:41,https://denver.craigslist.org/apa/d/cozy-1-bedroom-660-sf-with/6371368255.html,"Cozy 1 Bedroom, 660 SF, with Walk in Closet!",1025,Denver,1,660,1,,,,
6371368021,2017-11-02 16:41,https://denver.craigslist.org/apa/d/ready-to-move-in-one-bedroom/6371368021.html,Ready to move in ONE BEDROOM UNITS! Best price in town!,769,Denver,1,580,1,39.828104,-105.007868,10,7251 Samuel Dr Denver CO US
6371389513,2017-11-02 16:59,https://denver.craigslist.org/apa/d/1-bedroom-fitness-center/6371389513.html,"1 bedroom - Fitness Center, Hardwood floors, Stainless steel appliances",1195,Belmar,1,534,1,39.706345,-105.075424,5,7110 W Virginia Ave Lakewood CO US
6367172108,2017-11-02 16:59,https://denver.craigslist.org/apa/d/treat-yourself-to-500-off/6367172108.html,Treat Yourself To $500 Off Your Rent! You Deserve It!,1550,westminster,2,1020,2,39.885400,-105.113900,22,
6371389184,2017-11-02 16:59,https://denver.craigslist.org/apa/d/updated-2bedroom-2bathroom/6371389184.html,Updated 2Bedroom 2Bathroom Penthouse Condo in Aurora,1395,Aurora,2,1064,2,39.707444,-104.800962,10,471 S Kalispell Way Aurora CO US
6367224701,2017-11-02 16:59,https://denver.craigslist.org/apa/d/2-bed-2-bath-with-washer-and/6367224701.html,"2 Bed, 2 Bath With Washer and Dryer, Balcony, Indoor Basketball Court & MORE",1550,Westminster,2,1020,2,39.861776,-105.079103,10,9100 Vance Street Westminster CO US
6367243870,2017-11-02 16:59,https://denver.craigslist.org/apa/d/500-off-first-months-rent/6367243870.html,$500 OFF first months rent! Lease Now!,1550,9100 Vance Street,2,1020,2,39.885400,-105.113900,22,
6364499658,2017-11-02 16:59,https://denver.craigslist.org/apa/d/act-fast-500-off-your-rent/6364499658.html,ACT FAST! $500 Off Your Rent!,1550,Westminster,2,1020,2,39.861776,-105.079103,10,9100 Vance Street Arvada CO US
6368401056,2017-11-02 16:59,https://denver.craigslist.org/apa/d/tour-your-new-home-today-and/6368401056.html,Tour Your New Home Today!! And Receive $500 Off Your Rent!!,1550,Westminster,2,1020,2,39.861776,-105.079103,10,9100 Vance Street Westminster CO US
6342201751,2017-11-02 16:58,https://denver.craigslist.org/apa/d/amazing-1-bedroom-in-lodo/6342201751.html,Amazing 1 Bedroom In LoDo With One Month Free!,1710,LoDo,1,809,1,,,,
6371388826,2017-11-02 16:58,https://denver.craigslist.org/apa/d/do-not-wait-for-prices-to-go/6371388826.html,Do not wait for prices to go up lease today!,1115,Thornton,0,745,,39.857952,-104.986150,5,101 East 88th ave. at 88th and Grant Thornton CO US
6371388413,2017-11-02 16:58,https://denver.craigslist.org/apa/d/updated-1-bedroom-steps-away/6371388413.html,"Updated 1 Bedroom, Steps Away from Cheesman Park!",1275,Cheesman Park,1,603,1,39.738976,-104.968736,10,1435 Franklin Denver CO US
6371388395,2017-11-02 16:58,https://denver.craigslist.org/apa/d/more-bang-for-your-buck/6371388395.html,More bang for your buck,870,13500 Albrook Dr,1,600,1,39.778765,-104.838483,10,13500 Albrook Dr Denver CO US
6371370462,2017-11-02 16:57,https://denver.craigslist.org/apa/d/pet-friendly-1-b-in-2-b/6371370462.html,Pet friendly 1 b/b in 2 b/b apartment,750,Denver Tech Center,1,0,1,39.643100,-104.898700,22,
6371386031,2017-11-02 16:56,https://denver.craigslist.org/apa/d/sloans-lake-3bd-2ba-utilities/6371386031.html,"Sloan's Lake 3bd 2ba ""Utilities Free"" Amazing Neighborhood",1750,Sloans Lake,3,1300,2,39.742086,-105.046338,10,1601 Vrain Denver CO US
6371385949,2017-11-02 16:56,https://denver.craigslist.org/apa/d/live-in-the-heart-of-downtown/6371385949.html,"Live in the Heart of Downtown! Amazing Views, On Site Laundry!",1025,"1255 19th Street, Denver, CO 80202",0,445,1,39.752130,-104.992968,5,1255 19th Street Denver CO US
6371373603,2017-11-02 16:55,https://denver.craigslist.org/apa/d/amazing-1bd-1bt-only-1100-pet/6371373603.html,"<?""Amazing!! 1Bd/1Bt ONLY $$1100$$ PET FRIENDLY DON'T MISS OUT!*!*",1250,Glendale,2,714,1,39.696598,-104.931645,15,E Mississippi at S Dahlia St Glendale CO US
6343143862,2017-11-02 16:55,https://denver.craigslist.org/apa/d/live-in-luxury-in-this/6343143862.html,Live In Luxury In This Upgraded 2 BD Townhouse w/Attached Garage,2245,THE WINDSOR/DENVER/LAKEWOOD/LITTLETON,2,1316,2.5,39.659463,-105.088284,5,8153 W Eastman Pl Lakewood CO US
6371384490,2017-11-02 16:55,https://denver.craigslist.org/apa/d/move-in-today-2-bed-2-bath/6371384490.html,Move In Today! 2 Bed 2 Bath & Enjoy the Views from the RoofTop Patio,1590,,0,809,,39.737994,-104.964835,10,1375 High Street Denver CO US
6371384400,2017-11-02 16:55,https://denver.craigslist.org/apa/d/your-new-home-is-waiting/6371384400.html,Your new home is waiting,870,13500 Albrook Dr,1,600,1,39.778765,-104.838483,10,13500 Albrook Dr Denver CO US
6371383885,2017-11-02 16:54,https://denver.craigslist.org/apa/d/all-the-amenities-youre/6371383885.html,All the Amenities You're Looking for at Woodstream Village Apartments!,1341,Denver,2,1220,2,39.671326,-104.870352,10,10150 E Harvard Ave Denver CO US
6371383615,2017-11-02 16:54,https://denver.craigslist.org/apa/d/beautiful-newly-renovated-2/6371383615.html,Beautiful Newly Renovated 2 Bedroom in Littleton! $100 Look & Lease!,1400,"6910 S. Bannock St. Apt#7, Littleton, CO",2,900,1,39.599400,-105.004400,22,6900 S. Bannock St Littleton Littleton CO US
6371383599,2017-11-02 16:54,https://denver.craigslist.org/apa/d/come-look-and-lease-walk-to/6371383599.html,"Come Look and Lease, Walk to Shopping, WD Included",1511,Thornton,2,1005,2,39.917330,-104.971359,10,12150 Washington Center Parkway Thornton CO US
6371383582,2017-11-02 16:54,https://denver.craigslist.org/apa/d/3-bedroom-2-bath/6371383582.html,3 bedroom 2 bath,1300,Erie,3,0,2,40.046873,-105.046009,10,330 kattell st Erie CO US
6371383225,2017-11-02 16:54,https://denver.craigslist.org/apa/d/remodeled-cap-hill-studio/6371383225.html,"Remodeled Cap Hill Studio Apartment, $500 OFF  1170 Logan ST.!",975,Denver,0,350,1,,,,
6371360810,2017-11-02 16:54,https://denver.craigslist.org/apa/d/save-free-rent-special-lmt/6371360810.html,Save W/ Free Rent Special LMT. TIME AMAZING 3-BEDROOM TOWN HOME,1840,3190 W. 14th Ave. Denver CO,3,1121,1.5,39.739105,-105.028473,10,3190 W. 14th Ave. at Irving Denver CO US
6371383093,2017-11-02 16:54,https://denver.craigslist.org/apa/d/schedule-tour-volleyball/6371383093.html,"Schedule a Tour, Volleyball Court, Beautiful Landscaping",1581,Thornton,2,1065,2,39.917330,-104.971359,10,12150 Washington Center Parkway Thornton CO US
6363514511,2017-11-02 16:53,https://denver.craigslist.org/apa/d/great-for-the-whole-family/6363514511.html,"GREAT FOR THE WHOLE FAMILY! 3BD, 2.5 BATH, 2 CAR ATTACHED GARAGE!!!!!!",2420,THE WINDSOR/DENVER/LAKEWOOD/LITTLETON,3,1450,2.5,39.659182,-105.087554,5,8153 W Eastman Pl Lakewood CO US
6371382585,2017-11-02 16:53,https://denver.craigslist.org/apa/d/professionally-managed/6371382585.html,"Professionally Managed, Hardwood Floors, Minutes to Interlocken",1800,Thornton,3,1091,2,39.917330,-104.971359,10,12150 Washington Center Parkway Thornton CO US
6371382164,2017-11-02 16:53,https://denver.craigslist.org/apa/d/stop-by-and-take-tour/6371382164.html,Stop By and Take A Tour!,1175,,1,0,1,39.601200,-104.739400,22,
6371381450,2017-11-02 16:52,https://denver.craigslist.org/apa/d/limited-availability-tour/6371381450.html,Limited Availability!! Tour Today and Move in Tomorrow!!,840,Denver,0,506,1,39.679448,-105.057707,5,S. Depew St. at W. Evans Ave Denver CO US
6371381346,2017-11-02 16:52,https://denver.craigslist.org/apa/d/one-month-free-rentapply-today/6371381346.html,ONE MONTH FREE RENT...APPLY TODAY!!,1545,1550 Raleigh Street,1,770,1,39.741612,-105.041399,10,1550 Raleigh Street Denver CO US
6371381165,2017-11-02 16:52,https://denver.craigslist.org/apa/d/reserved-covered-parking/6371381165.html,"Reserved Covered Parking Available, We Love Pets!, High 9ft. Ceilings",,"1882 E. 104th Avenue, Thornton, CO 80233",2,1162,2,39.884979,-104.962798,5,1882 E. 104th Avenue Thornton CO US
6371353783,2017-11-02 16:52,https://denver.craigslist.org/apa/d/amazing-rent-reduction-dont/6371353783.html,Amazing Rent Reduction! Don't wait. Get this 2 BR for $1975,1975,City Park,2,1033,2,39.733100,-104.952400,22,1600 Fillmore St Denver CO US
6371380559,2017-11-02 16:51,https://denver.craigslist.org/apa/d/the-apartment-youve-been/6371380559.html,The Apartment You've Been Searching For Is Here At Ovation!,1602,"Lone Tree, CO",2,1050,2,39.550600,-104.897200,22,9580 Ridgegate Parkway Lone Tree CO US
6371373383,2017-11-02 16:51,https://denver.craigslist.org/apa/d/you-will-love-this/6371373383.html,You will love this spectacular 1x1! Lease today for a great special!!,1410,"1950 Pennsylvania St, Denver, CO 80203",1,1108,1,39.746898,-104.981336,5,1950 Pennsylvania St Denver CO US
6339878967,2017-11-02 16:51,https://denver.craigslist.org/apa/d/furnished-sunny-loft-style/6339878967.html,Furnished Sunny Loft-Style Cherry Creek 1 Bed!Parking/Utils Included,1775,,1,632,1,39.711578,-104.941374,5,S Harrison St at E Alameda Ave Denver CO US
6371380338,2017-11-02 16:51,https://denver.craigslist.org/apa/d/responsive-maintenance-team/6371380338.html,"Responsive Maintenance Team, Courtyard, Electric Stove, Fireplace",1090,Aurora,1,650,1,39.725336,-104.828262,10,572 Potomac St Aurora CO US
6371380279,2017-11-02 16:51,https://denver.craigslist.org/apa/d/aspen-condo-2-bdr-2-ba/6371380279.html,Aspen Condo 2 bdr/ 2 ba furnished,3500,,2,0,2,,,,
6371379647,2017-11-02 16:51,https://denver.craigslist.org/apa/d/fitness-centerputting/6371379647.html,Fitness Center!Putting Green!Washer/Dryer!Ski and Bike Lounge!&More!,2475,2270 S University Blvd,2,993,2,39.675430,-104.959407,10,2270 S University Blvd DENVER CO US
6371378702,2017-11-02 16:50,https://denver.craigslist.org/apa/d/want-to-get-away-at-eviva/6371378702.html,Want to get Away at EVIVA? Lease today and receive a travel package!,2825,Denver,2,1065,2,39.736886,-104.991737,15,Cherokee at 13th Denver CO US
6371378495,2017-11-02 16:50,https://denver.craigslist.org/apa/d/spacious-remodeled-apartment/6371378495.html,"Spacious, Remodeled Apartment, Look-n-Lease Special, Amazing Location!",1300,Denver,2,600,1,,,,
6371378376,2017-11-02 16:49,https://denver.craigslist.org/apa/d/sun-drenched-2-bedroom/6371378376.html,Sun Drenched 2 Bedroom Available IMMEDIATELY,1835,Capitol Hill,2,975,1,39.733701,-104.984096,5,1050 Sherman St Denver CO US
6371348554,2017-11-02 16:49,https://denver.craigslist.org/apa/d/brand-new-home-for-the/6371348554.html,Brand NEW Home For The Holidays!,1569,"Denver, Thornton",3,1869,2.5,,,,
6368190844,2017-11-02 16:49,https://denver.craigslist.org/apa/d/great-views-partially/6368190844.html,Great Views! Partially Remodeled 1 bedroom apartment near Invesco,995,Denver,1,650,1,39.741688,-105.027119,5,1555 Grove Street Denver CO US
6371377529,2017-11-02 16:49,https://denver.craigslist.org/apa/d/huge-top-floor-studio-with/6371377529.html,HUGE Top Floor Studio with Sloan's Lake Views!,1375,1550 Raleigh Street,0,595,1,39.741595,-105.041410,10,1550 Raleigh Street Denver CO US
6371376867,2017-11-02 16:48,https://denver.craigslist.org/apa/d/starbucks-coffee-stainless/6371376867.html,"Starbucks Coffee, Stainless Steel Appliances, Come see for yourself!",1809,Denver,2,1040,2,39.698338,-104.987090,5,1000 S Broadway Denver CO US
6371376468,2017-11-02 16:48,https://denver.craigslist.org/apa/d/modern-family-friendly-house/6371376468.html,Modern Family Friendly House in Highlands Ranch,2300,Highlands Ranch,3,1535,2.5,39.541400,-104.921800,22,
6371356656,2017-11-02 16:47,https://denver.craigslist.org/apa/d/rent-an-amazing-715-sq-foot-1/6371356656.html,Rent an amazing 715 Sq Foot 1 bed / 1 bath near transit!,1475,Denver,1,715,1,39.711537,-104.992337,10,275 S. Cherokee St. Denver CO US
6371373946,2017-11-02 16:46,https://denver.craigslist.org/apa/d/2-bed-2-bath-yoga-room-with/6371373946.html,"2 Bed /2 Bath, Yoga room with fitness classes on demand, Java bar",1591,Broomfield,2,1105,2,39.905815,-105.089341,5,8200 Arista Pl Broomfield CO US
6371373889,2017-11-02 16:46,https://denver.craigslist.org/apa/d/1108-spacious-townhome/6371373889.html,"#1108 Spacious Townhome Feeling, Across from Park Meadows",1840,"Lone Tree, Highlands Ranch, DTC",2,1123,2,39.546686,-104.885628,10,9005 South Yosemite Street Lone Tree CO US
6371373506,2017-11-02 16:45,https://denver.craigslist.org/apa/d/3-bedroom-on-the-1st-floor/6371373506.html,3 Bedroom On The 1st Floor!! Available NOW!!,1806,Northglenn,3,1241,2,39.905654,-104.987690,5,11525 Community Center Drive Northglenn CO US
6365982147,2017-11-02 16:45,https://denver.craigslist.org/apa/d/immaculate-home-in-cherry/6365982147.html,Immaculate Home In Cherry Creek Schools,2100,S. Quemoy Way & Rome Street,3,1977,2.5,39.643553,-104.729941,5,
6371365978,2017-11-02 16:45,https://denver.craigslist.org/apa/d/bark-bark-lets-go-to-the-park/6371365978.html,Bark Bark! Let's go to the park! Pet Park onsite!,1585,Denver,1,767,1,39.711537,-104.992337,10,275 S. Cherokee St. Denver CO US
6371371683,2017-11-02 16:44,https://denver.craigslist.org/apa/d/youll-love-this-layout/6371371683.html,You'll LOVE this Layout,1176,Denver Tech Center-DTC,1,569,1,39.598731,-104.901109,22,
6371371436,2017-11-02 16:44,https://denver.craigslist.org/apa/d/1x1-floor-plan-with-upgraded/6371371436.html,1x1 Floor Plan with Upgraded Cabinets & Plush Cut Berber Carpet!,1047,"Aurora, CO",1,650,1,39.738880,-104.830882,10,13686 E 14th Ave Aurora CO US
6334709168,2017-11-02 16:44,https://denver.craigslist.org/apa/d/1-bedroom-in-the-highlands/6334709168.html,"1 Bedroom In The Highlands With 1 Month Free, Available Now!",1870,Highlands,1,717,1,,,,
6371371183,2017-11-02 16:43,https://denver.craigslist.org/apa/d/1-month-free-rent-updated-2/6371371183.html,1 Month FREE Rent! Updated 2 bedrooms with Stainless Steel Appliances!,1500,"Westminster, CO",2,1062,2,39.885400,-105.113900,22,
6371371108,2017-11-02 16:43,https://denver.craigslist.org/apa/d/mountain-views-top-floor-huge/6371371108.html,Mountain Views! Top Floor! HUGE 1 bedroom plus office!,2330,"Denver! Cap Hill, Downtown",2,1003,2,39.727286,-104.984725,10,175 East 7th Avenue at Sherman Street Denver CO US
6371371069,2017-11-02 16:43,https://denver.craigslist.org/apa/d/1-month-rent-free/6371371069.html,1 month Rent Free!!,1225,DTC,1,750,1,39.626142,-104.894611,10,4982 South Ulster Street Denver CO US
6371370608,2017-11-02 16:43,https://denver.craigslist.org/apa/d/upgraded-2x2-ready-for/6371370608.html,Upgraded 2X2 Ready For Immediate Move-In!,1665,10000 East Alameda Avenue,2,1204,2,39.710087,-104.870832,10,10000 East Alameda Avenue Denver CO US
6371358726,2017-11-02 16:43,https://denver.craigslist.org/apa/d/full-size-washer-dryers-and/6371358726.html,Full Size Washer/Dryers and Stainless Steel appliances,1335,7575 Arkansas Ave,2,1050,2,,,,
6368792944,2017-11-02 16:43,https://denver.craigslist.org/apa/d/sparkling-pool-and-spa-2-bark/6368792944.html,"Sparkling Pool and Spa, 2 Bark Parks and remodeled fitness center!!!",2171,"1752 South Parker Road, Denver, CO 80247",3,1390,2,39.687499,-104.881003,20,1755 S.Beeler Street Denver CO US
6371370092,2017-11-02 16:43,https://denver.craigslist.org/apa/d/two-bed-two-bath-special/6371370092.html,"Two Bed, Two Bath! SPECIAL AVAILABLE",1495,"Centennial, Co",2,950,2,39.607672,-104.812016,5,6000 S. Fraser St Centennial CO US
6371369656,2017-11-02 16:42,https://denver.craigslist.org/apa/d/the-corner-unit-of-your/6371369656.html,"The corner unit of your dreams, 24hr gym!",1980,,0,0,,39.679300,-104.884300,22,
6371361455,2017-11-02 16:42,https://denver.craigslist.org/apa/d/first-two-weeks-free/6371361455.html,First Two Weeks FREE! Fantastic Wash Park Location! Great Amenities!,1725,"Wash Park, Speer, Denver",2,860,1,39.716381,-104.978163,5,15 S Clarkson Street Denver CO US
6371369330,2017-11-02 16:42,https://denver.craigslist.org/apa/d/ready-to-refresh-your-style/6371369330.html,Ready to refresh your style of living? Come to the Forum!,1875,Anschutz Campus/VA HOSPITAL/ Aurora,2,1064,2,39.739963,-104.828668,5,13650 E Colfax AURORA CO US
6371368893,2017-11-02 16:42,https://denver.craigslist.org/apa/d/best-location-in-aurora/6371368893.html,"Best Location in Aurora, Business Center & Wi-Fi Café, Balcony",950,"2134 South Richfield Way Aurora, CO 80013",1,600,1,39.677356,-104.785705,5,2134 South Richfield Way Aurora CO US
6351317551,2017-11-02 16:41,https://denver.craigslist.org/apa/d/concept-on-albion-gorgeous/6351317551.html,"CONCEPT ON ALBION: Gorgeous, Renovated 2 bed for Dec 2nd!",1455,1285 Albion Street,2,969,1,39.736135,-104.939668,5,13th at Albion Denver CO US
6371368255,2017-11-02 16:41,https://denver.craigslist.org/apa/d/cozy-1-bedroom-660-sf-with/6371368255.html,"Cozy 1 Bedroom, 660 SF, with Walk in Closet!",1025,Denver,1,660,1,,,,
6371368021,2017-11-02 16:41,https://denver.craigslist.org/apa/d/ready-to-move-in-one-bedroom/6371368021.html,Ready to move in ONE BEDROOM UNITS! Best price in town!,769,Denver,1,580,1,39.828104,-105.007868,10,7251 Samuel Dr Denver CO US
6362990664,2017-11-02 16:41,https://denver.craigslist.org/apa/d/rental-available-now-family/6362990664.html,Rental Available now-family to enjoy,554,"Denver, CO",3,1200,3,39.539700,-105.010900,22,
6339586183,2017-11-02 16:41,https://denver.craigslist.org/apa/d/lovely-2-bedroom-at-del-prado/6339586183.html,Lovely 2 bedroom at Del Prado. $750 off move in on 9 or 18 month lease,1495,1510 E 9th Ave,2,875,1,39.730343,-104.969172,5,9th at Humboldt Denver CO US
6371367256,2017-11-02 16:40,https://denver.craigslist.org/apa/d/express-maintenance-on-call/6371367256.html,"Express Maintenance, On-call Courtesy Patrol, Package Service",2100,"901 Colorado Blvd, Denver, CO 80206",2,1307,2,39.731218,-104.941578,5,901 Colorado Blvd Denver CO US
6368776482,2017-11-02 16:40,https://denver.craigslist.org/apa/d/pearl-apartments-centrally/6368776482.html,"Pearl Apartments: Centrally located in Cap Hill, newly remodeled.",1230,648 Pearl St,1,502,1,39.726333,-104.979944,5,7th at Pearl Denver CO US
6371366318,2017-11-02 16:39,https://denver.craigslist.org/apa/d/get-cozy-this-winter-in-this/6371366318.html,Get Cozy this Winter in this breathtaking 1X1! TOUR TODAY!,1376,"Lone Tree, CO",1,764,1,39.545697,-104.870950,5,
6371366292,2017-11-02 16:39,https://denver.craigslist.org/apa/d/character-and-charm-in-the/6371366292.html,Character and Charm in the Largest One Bedroom we Have,1529,Capitol Hill,1,867,1,39.733594,-104.984246,5,1050 Sherman St Denver CO US
6368794351,2017-11-02 16:39,https://denver.craigslist.org/apa/d/openno-app-fee-500-gift-card/6368794351.html,Open 5-6:30 11/8 & 11/9. No app fee & $500 gift card at move-in!,1245,1020 Lincoln St,1,600,1,39.732340,-104.986081,5,10th at Lincoln Denver CO US
6371365282,2017-11-02 16:39,https://denver.craigslist.org/apa/d/this-first-floor-1-bedroom/6371365282.html,This First-Floor 1 Bedroom Apartment Is Waiting for You!,1047,"Aurora, CO",1,650,1,39.738880,-104.830882,10,13686 E 14th Ave Aurora CO US
6371365061,2017-11-02 16:38,https://denver.craigslist.org/apa/d/cozy-cute-clean-and/6371365061.html,"Cozy, Cute, Clean and Classic..Come See And Check Us Out...",1875,,3,0,2,39.697100,-104.881900,22,
6371364975,2017-11-02 16:38,https://denver.craigslist.org/apa/d/there-is-chill-in-the-air/6371364975.html,THERE IS A CHILL IN THE AIR WARM UP WITH THIS 2 BEDROOM FOR $1350,1350,,2,920,1,39.580500,-104.901100,22,6857 S.Homestead Pkwy Centennial CO US
6371364252,2017-11-02 16:38,https://denver.craigslist.org/apa/d/fall-into-great-savings-on/6371364252.html,Fall Into Great Savings On Your New Apartment! Cap Hill! 1 Month Free!,1395,"800 N PENNSYLVANIA ST, DENVER, CO 80203",1,730,1,39.729533,-104.980824,5,800 N PENNSYLVANIA ST DENVER CO US
6371363318,2017-11-02 16:37,https://denver.craigslist.org/apa/d/beautiful-newly-renovated/6371363318.html,Beautiful Newly Renovated Studio Available Now! $100 Look and Lease!,785,"154 W. Powers Circle Apt #106, Littleton",0,500,1,39.599400,-105.004400,22,154 W. Powers Circle 80120 Littleton CO US
6371363149,2017-11-02 16:37,https://denver.craigslist.org/apa/d/best-customer-service/6371363149.html,BEST CUSTOMER SERVICE!,,Thornton,2,1050,2,39.867854,-104.943854,0,9451 Welby Road Thornton CO US
6371348798,2017-11-02 16:37,https://denver.craigslist.org/apa/d/hurry-lone-tree-modern-pool/6371348798.html,HURRY!! Lone Tree MODERN-POOL VIEW-BALCONY,1694,Lone Tree,2,0,2,,,,
6371362884,2017-11-02 16:37,https://denver.craigslist.org/apa/d/ranch-home-2-bed-office-3-car/6371362884.html,Ranch Home 2 Bed + Office 3 Car Garage and Solar Power-Tollgate Crossi,2250,Aurora,2,0,2,39.601200,-104.739400,22,23642 E Chenango Place Aurora CO US
6371362442,2017-11-02 16:36,https://denver.craigslist.org/apa/d/only-few-left-with-1-month/6371362442.html,Only a few left with 1 month rent free! Hurry to Luxury!,1099,DTC,0,500,1,39.626142,-104.894611,10,4982 South Ulster Street Denver CO US
6371361831,2017-11-02 16:36,https://denver.craigslist.org/apa/d/prelease-now/6371361831.html,Prelease now!!,899,Westminster,1,464,1,39.820168,-105.034505,10,3791 West 68th Avenue Westminster CO US
6371354345,2017-11-02 16:35,https://denver.craigslist.org/apa/d/ready-for-your-own-space-move/6371354345.html,Ready for your own space? Move in ready now and amazing location!,1395,"LoHi, Lower Highlands, Downtown",0,496,1,39.761971,-105.006466,5,17 Street Denver CO US
6331718019,2017-11-02 16:35,https://denver.craigslist.org/apa/d/quiet-top-floor-1-bedroom/6331718019.html,"Quiet, Top Floor, 1 Bedroom Condo near the Golf Course",1375,Louisville,1,800,1,39.960466,-105.155253,22,
6371360867,2017-11-02 16:35,https://denver.craigslist.org/apa/d/you-wont-believe-the-prices/6371360867.html,You won't believe the prices and amazing specials we are running!!,990,,1,0,1,39.682024,-105.116732,10,10555 W Jewell Ave Lakewood CO US
6371360849,2017-11-02 16:35,https://denver.craigslist.org/apa/d/wonderful-4-bedroom-3-bath/6371360849.html,"Wonderful 4 Bedroom, 3 ½ Bath Home in Smoky Ridge Near Southlands!",2395,Centennial,4,2700,3.5,39.625500,-104.787400,22,19818 East Prentice Ave. Centennial CO US
6371352981,2017-11-02 16:34,https://denver.craigslist.org/apa/d/beautiful-new-apartments-old/6371352981.html,"Beautiful NEW apartments, Old Town Parker, available NOW!!",1585,Parker,2,0,2,39.516877,-104.760684,10,19766 pikes peak ave parker CO US
6371359823,2017-11-02 16:34,https://denver.craigslist.org/apa/d/large-1-bedroom-with-washer/6371359823.html,Large 1 Bedroom with Washer/Dryer and Mountain View Available NOW!!,1547,Centennial,1,745,1,39.580026,-104.874802,5,158 Inverness Dr. W. Englewood CO US
6367624660,2017-11-02 16:34,https://denver.craigslist.org/apa/d/quite-top-floor-1-bed-1-bath/6367624660.html,"Quite, Top Floor 1 Bed, 1 Bath Near Coal Creek Golf Course",1375,Louisville,1,800,1,39.958654,-105.156155,22,
6371358734,2017-11-02 16:33,https://denver.craigslist.org/apa/d/apt-264-fireplace-patio/6371358734.html,"Apt. #264. Fireplace, Patio, Gourmet Kitchen! Apply Now!",1770,RiNo/Downtown,2,1186,2,39.763340,-104.986596,10,2890 Brighton Blvd. Denver CO US
6371358060,2017-11-02 16:32,https://denver.craigslist.org/apa/d/upgraded-1x1-ready-for/6371358060.html,Upgraded 1X1 Ready For Immediate Move-In!,1455,10000 East Alameda Avenue,1,913,1,39.710087,-104.870832,10,10000 East Alameda Avenue Denver CO US
6371357955,2017-11-02 16:32,https://denver.craigslist.org/apa/d/5-points-remodeled-1-bedroom/6371357955.html,5 Points remodeled 1 bedroom ready November 15th. Walk to light rail!,1165,423 29th,1,562,1,39.755950,-104.975029,15,29th at Glenarm Denver CO US
6371357463,2017-11-02 16:32,https://denver.craigslist.org/apa/d/spacious-luxury-1-bedroom-at/6371357463.html,Spacious-Luxury 1 Bedroom at Elevate in DTC! Schedule Your Tour NOW!,1307,Centennial,1,795,1,39.580500,-104.901100,22,
6371357383,2017-11-02 16:32,https://denver.craigslist.org/apa/d/1bed-1bath-with-year-round/6371357383.html,1bed/1bath with year round pool and hot tub!!,1625,,1,813,1,39.726264,-105.204252,10,544 Golden Ridge Rd. Golden CO US
6351958853,2017-11-02 16:31,https://denver.craigslist.org/apa/d/takeover-lohi-gold-studio/6351958853.html,Takeover LoHi Gold Studio,1286,2424 W. Caithness Pl. Denver,0,0,1,39.760440,-105.016452,10,2424 W Caithness Pl Denver CO US
6371356862,2017-11-02 16:31,https://denver.craigslist.org/apa/d/clermont-near-rose-medical/6371356862.html,"Clermont, near Rose Medical, has large 2 bedroom for immediate move",1245,4514 E. 8th Ave,2,812,1,39.729187,-104.935034,15,8th at Clermont Denver CO US
6337541052,2017-11-02 16:31,https://denver.craigslist.org/apa/d/belmar-townhome-3bed-25-bath/6337541052.html,"Belmar Townhome - 3bed 2.5 bath - 1,826 sqft - available mid November",2500,Lakewood,3,1826,2.5,39.707220,-105.074615,5,7027 W. Virginia Ave.  CO US
6371356155,2017-11-02 16:31,https://denver.craigslist.org/apa/d/keyless-entry-custom-hardwood/6371356155.html,"Keyless entry, Custom hardwood cabinetry, Brand New, 6 Weeks Free!",2125,"3550 W. 38th Avenue, Denver, CO 80211",2,1018,2,39.769063,-105.033803,5,3550 W. 38th Avenue at 3550 W 38th Ave Denver CO US
6371355838,2017-11-02 16:30,https://denver.craigslist.org/apa/d/spacious-3-bedroom-nw-denver/6371355838.html,Spacious 3 bedroom NW Denver Duplex For Rent,1550,"1130 W, 41st Ave",3,0,2,39.766500,-105.020400,22,1130 W. 41st Ave Denver CO US
6371355764,2017-11-02 16:30,https://denver.craigslist.org/apa/d/this-is-one-bedroom-that-you/6371355764.html,☙ ☙ ☙ This Is ONE Bedroom That You Can Be Thankful For!!,1383,Littleton,1,822,1,39.610367,-105.072491,5,6805 W Bowles Avenue Littleton CO US
6371355661,2017-11-02 16:30,https://denver.craigslist.org/apa/d/good-gracious-how-spacious-1/6371355661.html,Good Gracious how SPACIOUS!! 1 BDRM With December FREE,1552,Capitol Hill,1,852,1,39.733355,-104.983978,5,1050 Sherman St Denver CO US
6371355450,2017-11-02 16:30,https://denver.craigslist.org/apa/d/2-bed-ready-now-income/6371355450.html,2 bed ready now. **Income-restricted. We welcome Section 8 vouchers,1100,7545 Bradburn Blvd,2,743,1,39.833405,-105.041034,7,Bradburn at 75th Westminster CO US
6371355134,2017-11-02 16:30,https://denver.craigslist.org/apa/d/apt-309-pool-view-gourmet/6371355134.html,"Apt. #309. Pool View, Gourmet Kitchen, 24/7 Gym! Apply Now!",1450,RiNo/Downtown,1,748,1,39.763340,-104.986596,10,2890 Brighton Blvd. Denver CO US
6371354259,2017-11-02 16:29,https://denver.craigslist.org/apa/d/open-house-wed-fri-4-5-ask/6371354259.html,Open House Wed & Fri 4-5. Ask about $1375 gift card and free ski pass!,1215,80 S Broadway,1,0,1,39.715127,-104.987636,10,80 S Broadway Denver CO US
6371299616,2017-11-02 16:28,https://denver.craigslist.org/apa/d/obo-brand-new-townhome-4240/6371299616.html,OBO Brand New Townhome 4240 E Warren Ave Denver Evans Colorado Blvd,2200,"Denver, CO",2,1300,2.5,39.678387,-104.940635,15,Colorado Blvd at Evans St Denver CO US
6371352288,2017-11-02 16:27,https://denver.craigslist.org/apa/d/2x2-apartment-dual-master/6371352288.html,"2X2 Apartment w/ Dual Master Bedrooms and $1,000 Special!",1561,"Louisville, CO",2,1080,2,39.963043,-105.160618,5,240 S Mccaslin Blvd Louisville CO US
6371352255,2017-11-02 16:27,https://denver.craigslist.org/apa/d/apartments-in-the-middle-of/6371352255.html,"❄ Apartments In the middle of Golden, Video Library, Cable Ready",1159,"12 South Holman Way, Golden, CO 80401",1,640,1,39.717639,-105.164032,5,12 South Holman Way Golden CO US
6371352216,2017-11-02 16:27,https://denver.craigslist.org/apa/d/apartments-available-in/6371352216.html,"❄ Apartments available in GoldenCable Ready, Spectacular Views",1159,"12 South Holman Way, Golden, CO 80401",1,640,1,39.717639,-105.164032,5,12 South Holman Way Golden CO US
6358090106,2017-11-02 16:27,https://denver.craigslist.org/apa/d/check-out-the-remodeled-1/6358090106.html,Check out the remodeled 1 bedroom near Craig & Swedish Hospitals!,945,3350 S Clarkson,1,566,1,39.656486,-104.978251,10,3350 South Clarkson St Englewood CO US
6371351917,2017-11-02 16:27,https://denver.craigslist.org/apa/d/your-future-begins-here-1bed/6371351917.html,Your Future Begins Here! 1Bed Home With Panoramic City Views!,1745,Denver,1,709,1,39.765340,-105.000657,10,3500 Rockmont Drive Denver CO US
6371351427,2017-11-02 16:27,https://denver.craigslist.org/apa/d/2x1-apt-with-direct-access-to/6371351427.html,2x1 Apt. with Direct Access to the Parking Garage,1709,"Denver, CO",2,880,1,39.759686,-104.995637,10,3001 Fox Street Denver CO US
6371350806,2017-11-02 16:26,https://denver.craigslist.org/apa/d/aurora-2-bed-2-full-bathrooms/6371350806.html,Aurora 2 Bed 2 FULL BATHROOMS! LARGE ROOMS!,1500,I-225 & Iliff,0,0,,39.675220,-104.849670,5,
6371350734,2017-11-02 16:26,https://denver.craigslist.org/apa/d/resort-style-pool-and-spa/6371350734.html,"Resort-style Pool and Spa, Roman Soaking Tubs, Pet-friendly Community",1320,"Westminster, Thornton, Northglenn, FRCC, The Ranch",2,928,2,39.843346,-105.022641,10,11705 Decatur Street Westminster CO US
6371350606,2017-11-02 16:26,https://denver.craigslist.org/apa/d/remodeled-one-bedroom/6371350606.html,Remodeled One Bedroom Townhouse in Belmar!,1418,Lakewood,1,783,1,39.704233,-105.079764,10,770 S. Vance St. Lakewood CO US
6371349623,2017-11-02 16:25,https://denver.craigslist.org/apa/d/2-bed-2-bath-wood-burning/6371349623.html,"2 bed 2 bath, wood burning fire place, walk in closets",1515,"8305 South Harvest Lane, Highlands Ranch, CO 80126",2,1034,2,39.564900,-104.953700,5,8305 South Harvest LaneÂ  Highlands Ranch CO US
6371327674,2017-11-02 16:25,https://denver.craigslist.org/apa/d/beautiful-lone-tree-pool-view/6371327674.html,"BEAUTIFUL!! Lone Tree! Pool view, balcony and ONLY $1694!!! Lone Tree",1694,Lone Tree,2,0,2,,,,
6371366292,2017-11-02 16:39,https://denver.craigslist.org/apa/d/character-and-charm-in-the/6371366292.html,Character and Charm in the Largest One Bedroom we Have,1529,Capitol Hill,1,867,1,39.733594,-104.984246,5,1050 Sherman St Denver CO US
6368794351,2017-11-02 16:39,https://denver.craigslist.org/apa/d/openno-app-fee-500-gift-card/6368794351.html,Open 5-6:30 11/8 & 11/9. No app fee & $500 gift card at move-in!,1245,1020 Lincoln St,1,600,1,39.732340,-104.986081,5,10th at Lincoln Denver CO US
6371365282,2017-11-02 16:39,https://denver.craigslist.org/apa/d/this-first-floor-1-bedroom/6371365282.html,This First-Floor 1 Bedroom Apartment Is Waiting for You!,1047,"Aurora, CO",1,650,1,39.738880,-104.830882,10,13686 E 14th Ave Aurora CO US
6371365061,2017-11-02 16:38,https://denver.craigslist.org/apa/d/cozy-cute-clean-and/6371365061.html,"Cozy, Cute, Clean and Classic..Come See And Check Us Out...",1875,,3,0,2,39.697100,-104.881900,22,
6371364975,2017-11-02 16:38,https://denver.craigslist.org/apa/d/there-is-chill-in-the-air/6371364975.html,THERE IS A CHILL IN THE AIR WARM UP WITH THIS 2 BEDROOM FOR $1350,1350,,2,920,1,39.580500,-104.901100,22,6857 S.Homestead Pkwy Centennial CO US
6371364252,2017-11-02 16:38,https://denver.craigslist.org/apa/d/fall-into-great-savings-on/6371364252.html,Fall Into Great Savings On Your New Apartment! Cap Hill! 1 Month Free!,1395,"800 N PENNSYLVANIA ST, DENVER, CO 80203",1,730,1,39.729533,-104.980824,5,800 N PENNSYLVANIA ST DENVER CO US
6371363318,2017-11-02 16:37,https://denver.craigslist.org/apa/d/beautiful-newly-renovated/6371363318.html,Beautiful Newly Renovated Studio Available Now! $100 Look and Lease!,785,"154 W. Powers Circle Apt #106, Littleton",0,500,1,39.599400,-105.004400,22,154 W. Powers Circle 80120 Littleton CO US
6371363149,2017-11-02 16:37,https://denver.craigslist.org/apa/d/best-customer-service/6371363149.html,BEST CUSTOMER SERVICE!,,Thornton,2,1050,2,39.867854,-104.943854,0,9451 Welby Road Thornton CO US
6371348798,2017-11-02 16:37,https://denver.craigslist.org/apa/d/hurry-lone-tree-modern-pool/6371348798.html,HURRY!! Lone Tree MODERN-POOL VIEW-BALCONY,1694,Lone Tree,2,0,2,,,,
6371362884,2017-11-02 16:37,https://denver.craigslist.org/apa/d/ranch-home-2-bed-office-3-car/6371362884.html,Ranch Home 2 Bed + Office 3 Car Garage and Solar Power-Tollgate Crossi,2250,Aurora,2,0,2,39.601200,-104.739400,22,23642 E Chenango Place Aurora CO US
6371362442,2017-11-02 16:36,https://denver.craigslist.org/apa/d/only-few-left-with-1-month/6371362442.html,Only a few left with 1 month rent free! Hurry to Luxury!,1099,DTC,0,500,1,39.626142,-104.894611,10,4982 South Ulster Street Denver CO US
6371361831,2017-11-02 16:36,https://denver.craigslist.org/apa/d/prelease-now/6371361831.html,Prelease now!!,899,Westminster,1,464,1,39.820168,-105.034505,10,3791 West 68th Avenue Westminster CO US
6371354345,2017-11-02 16:35,https://denver.craigslist.org/apa/d/ready-for-your-own-space-move/6371354345.html,Ready for your own space? Move in ready now and amazing location!,1395,"LoHi, Lower Highlands, Downtown",0,496,1,39.761971,-105.006466,5,17 Street Denver CO US
6331718019,2017-11-02 16:35,https://denver.craigslist.org/apa/d/quiet-top-floor-1-bedroom/6331718019.html,"Quiet, Top Floor, 1 Bedroom Condo near the Golf Course",1375,Louisville,1,800,1,39.960466,-105.155253,22,
6371360867,2017-11-02 16:35,https://denver.craigslist.org/apa/d/you-wont-believe-the-prices/6371360867.html,You won't believe the prices and amazing specials we are running!!,990,,1,0,1,39.682024,-105.116732,10,10555 W Jewell Ave Lakewood CO US
6371360849,2017-11-02 16:35,https://denver.craigslist.org/apa/d/wonderful-4-bedroom-3-bath/6371360849.html,"Wonderful 4 Bedroom, 3 ½ Bath Home in Smoky Ridge Near Southlands!",2395,Centennial,4,2700,3.5,39.625500,-104.787400,22,19818 East Prentice Ave. Centennial CO US
6371352981,2017-11-02 16:34,https://denver.craigslist.org/apa/d/beautiful-new-apartments-old/6371352981.html,"Beautiful NEW apartments, Old Town Parker, available NOW!!",1585,Parker,2,0,2,39.516877,-104.760684,10,19766 pikes peak ave parker CO US
6371359823,2017-11-02 16:34,https://denver.craigslist.org/apa/d/large-1-bedroom-with-washer/6371359823.html,Large 1 Bedroom with Washer/Dryer and Mountain View Available NOW!!,1547,Centennial,1,745,1,39.580026,-104.874802,5,158 Inverness Dr. W. Englewood CO US
6367624660,2017-11-02 16:34,https://denver.craigslist.org/apa/d/quite-top-floor-1-bed-1-bath/6367624660.html,"Quite, Top Floor 1 Bed, 1 Bath Near Coal Creek Golf Course",1375,Louisville,1,800,1,39.958654,-105.156155,22,
6371358734,2017-11-02 16:33,https://denver.craigslist.org/apa/d/apt-264-fireplace-patio/6371358734.html,"Apt. #264. Fireplace, Patio, Gourmet Kitchen! Apply Now!",1770,RiNo/Downtown,2,1186,2,39.763340,-104.986596,10,2890 Brighton Blvd. Denver CO US
6371358060,2017-11-02 16:32,https://denver.craigslist.org/apa/d/upgraded-1x1-ready-for/6371358060.html,Upgraded 1X1 Ready For Immediate Move-In!,1455,10000 East Alameda Avenue,1,913,1,39.710087,-104.870832,10,10000 East Alameda Avenue Denver CO US
6371357955,2017-11-02 16:32,https://denver.craigslist.org/apa/d/5-points-remodeled-1-bedroom/6371357955.html,5 Points remodeled 1 bedroom ready November 15th. Walk to light rail!,1165,423 29th,1,562,1,39.755950,-104.975029,15,29th at Glenarm Denver CO US
6371357463,2017-11-02 16:32,https://denver.craigslist.org/apa/d/spacious-luxury-1-bedroom-at/6371357463.html,Spacious-Luxury 1 Bedroom at Elevate in DTC! Schedule Your Tour NOW!,1307,Centennial,1,795,1,39.580500,-104.901100,22,
6371357383,2017-11-02 16:32,https://denver.craigslist.org/apa/d/1bed-1bath-with-year-round/6371357383.html,1bed/1bath with year round pool and hot tub!!,1625,,1,813,1,39.726264,-105.204252,10,544 Golden Ridge Rd. Golden CO US
6351958853,2017-11-02 16:31,https://denver.craigslist.org/apa/d/takeover-lohi-gold-studio/6351958853.html,Takeover LoHi Gold Studio,1286,2424 W. Caithness Pl. Denver,0,0,1,39.760440,-105.016452,10,2424 W Caithness Pl Denver CO US
6371356862,2017-11-02 16:31,https://denver.craigslist.org/apa/d/clermont-near-rose-medical/6371356862.html,"Clermont, near Rose Medical, has large 2 bedroom for immediate move",1245,4514 E. 8th Ave,2,812,1,39.729187,-104.935034,15,8th at Clermont Denver CO US
6337541052,2017-11-02 16:31,https://denver.craigslist.org/apa/d/belmar-townhome-3bed-25-bath/6337541052.html,"Belmar Townhome - 3bed 2.5 bath - 1,826 sqft - available mid November",2500,Lakewood,3,1826,2.5,39.707220,-105.074615,5,7027 W. Virginia Ave.  CO US
6371356155,2017-11-02 16:31,https://denver.craigslist.org/apa/d/keyless-entry-custom-hardwood/6371356155.html,"Keyless entry, Custom hardwood cabinetry, Brand New, 6 Weeks Free!",2125,"3550 W. 38th Avenue, Denver, CO 80211",2,1018,2,39.769063,-105.033803,5,3550 W. 38th Avenue at 3550 W 38th Ave Denver CO US
6371355838,2017-11-02 16:30,https://denver.craigslist.org/apa/d/spacious-3-bedroom-nw-denver/6371355838.html,Spacious 3 bedroom NW Denver Duplex For Rent,1550,"1130 W, 41st Ave",3,0,2,39.766500,-105.020400,22,1130 W. 41st Ave Denver CO US
6371355764,2017-11-02 16:30,https://denver.craigslist.org/apa/d/this-is-one-bedroom-that-you/6371355764.html,☙ ☙ ☙ This Is ONE Bedroom That You Can Be Thankful For!!,1383,Littleton,1,822,1,39.610367,-105.072491,5,6805 W Bowles Avenue Littleton CO US
6371355661,2017-11-02 16:30,https://denver.craigslist.org/apa/d/good-gracious-how-spacious-1/6371355661.html,Good Gracious how SPACIOUS!! 1 BDRM With December FREE,1552,Capitol Hill,1,852,1,39.733355,-104.983978,5,1050 Sherman St Denver CO US
6371355450,2017-11-02 16:30,https://denver.craigslist.org/apa/d/2-bed-ready-now-income/6371355450.html,2 bed ready now. **Income-restricted. We welcome Section 8 vouchers,1100,7545 Bradburn Blvd,2,743,1,39.833405,-105.041034,7,Bradburn at 75th Westminster CO US
6371355134,2017-11-02 16:30,https://denver.craigslist.org/apa/d/apt-309-pool-view-gourmet/6371355134.html,"Apt. #309. Pool View, Gourmet Kitchen, 24/7 Gym! Apply Now!",1450,RiNo/Downtown,1,748,1,39.763340,-104.986596,10,2890 Brighton Blvd. Denver CO US
6371354259,2017-11-02 16:29,https://denver.craigslist.org/apa/d/open-house-wed-fri-4-5-ask/6371354259.html,Open House Wed & Fri 4-5. Ask about $1375 gift card and free ski pass!,1215,80 S Broadway,1,0,1,39.715127,-104.987636,10,80 S Broadway Denver CO US
6371299616,2017-11-02 16:28,https://denver.craigslist.org/apa/d/obo-brand-new-townhome-4240/6371299616.html,OBO Brand New Townhome 4240 E Warren Ave Denver Evans Colorado Blvd,2200,"Denver, CO",2,1300,2.5,39.678387,-104.940635,15,Colorado Blvd at Evans St Denver CO US
6371352288,2017-11-02 16:27,https://denver.craigslist.org/apa/d/2x2-apartment-dual-master/6371352288.html,"2X2 Apartment w/ Dual Master Bedrooms and $1,000 Special!",1561,"Louisville, CO",2,1080,2,39.963043,-105.160618,5,240 S Mccaslin Blvd Louisville CO US
6371352255,2017-11-02 16:27,https://denver.craigslist.org/apa/d/apartments-in-the-middle-of/6371352255.html,"❄ Apartments In the middle of Golden, Video Library, Cable Ready",1159,"12 South Holman Way, Golden, CO 80401",1,640,1,39.717639,-105.164032,5,12 South Holman Way Golden CO US
6371352216,2017-11-02 16:27,https://denver.craigslist.org/apa/d/apartments-available-in/6371352216.html,"❄ Apartments available in GoldenCable Ready, Spectacular Views",1159,"12 South Holman Way, Golden, CO 80401",1,640,1,39.717639,-105.164032,5,12 South Holman Way Golden CO US
6358090106,2017-11-02 16:27,https://denver.craigslist.org/apa/d/check-out-the-remodeled-1/6358090106.html,Check out the remodeled 1 bedroom near Craig & Swedish Hospitals!,945,3350 S Clarkson,1,566,1,39.656486,-104.978251,10,3350 South Clarkson St Englewood CO US
6371351917,2017-11-02 16:27,https://denver.craigslist.org/apa/d/your-future-begins-here-1bed/6371351917.html,Your Future Begins Here! 1Bed Home With Panoramic City Views!,1745,Denver,1,709,1,39.765340,-105.000657,10,3500 Rockmont Drive Denver CO US
6371351427,2017-11-02 16:27,https://denver.craigslist.org/apa/d/2x1-apt-with-direct-access-to/6371351427.html,2x1 Apt. with Direct Access to the Parking Garage,1709,"Denver, CO",2,880,1,39.759686,-104.995637,10,3001 Fox Street Denver CO US
6371350806,2017-11-02 16:26,https://denver.craigslist.org/apa/d/aurora-2-bed-2-full-bathrooms/6371350806.html,Aurora 2 Bed 2 FULL BATHROOMS! LARGE ROOMS!,1500,I-225 & Iliff,0,0,,39.675220,-104.849670,5,
6371350734,2017-11-02 16:26,https://denver.craigslist.org/apa/d/resort-style-pool-and-spa/6371350734.html,"Resort-style Pool and Spa, Roman Soaking Tubs, Pet-friendly Community",1320,"Westminster, Thornton, Northglenn, FRCC, The Ranch",2,928,2,39.843346,-105.022641,10,11705 Decatur Street Westminster CO US
6371350606,2017-11-02 16:26,https://denver.craigslist.org/apa/d/remodeled-one-bedroom/6371350606.html,Remodeled One Bedroom Townhouse in Belmar!,1418,Lakewood,1,783,1,39.704233,-105.079764,10,770 S. Vance St. Lakewood CO US
6371349623,2017-11-02 16:25,https://denver.craigslist.org/apa/d/2-bed-2-bath-wood-burning/6371349623.html,"2 bed 2 bath, wood burning fire place, walk in closets",1515,"8305 South Harvest Lane, Highlands Ranch, CO 80126",2,1034,2,39.564900,-104.953700,5,8305 South Harvest LaneÂ  Highlands Ranch CO US
6371327674,2017-11-02 16:25,https://denver.craigslist.org/apa/d/beautiful-lone-tree-pool-view/6371327674.html,"BEAUTIFUL!! Lone Tree! Pool view, balcony and ONLY $1694!!! Lone Tree",1694,Lone Tree,2,0,2,,,,
6371349384,2017-11-02 16:25,https://denver.craigslist.org/apa/d/large-closets-covered-parking/6371349384.html,"Large Closets, Covered Parking Available, Courtyard",1045,"1251 S Bellaire Street, Denver, CO 80246",1,667,1,39.693876,-104.937667,5,1251 S Bellaire Street Denver CO US
6371349309,2017-11-02 16:25,https://denver.craigslist.org/apa/d/1-bedroom-1-bath-second-floor/6371349309.html,1 Bedroom 1 Bath! Second Floor!~ Stop In Today! Mountain Views,1224,,1,680,1,39.695358,-105.147871,10,1187 S Beech Drive Lakewood CO US
6371349021,2017-11-02 16:25,https://denver.craigslist.org/apa/d/swimming-pool-near-colorado/6371349021.html,"Swimming Pool, Near Colorado Christian University, Near RTD Bus Route",1378,"10025 W Dartmouth Ave, Lakewood, CO 80227",1,875,1,39.661168,-105.110030,5,10025 W Dartmouth Ave Lakewood CO US
6371348570,2017-11-02 16:24,https://denver.craigslist.org/apa/d/apartments-available-in/6371348570.html,"♥ Apartments available in GoldenAir Conditioning, Video Library",1149,"12 South Holman Way, Golden, CO 80401",1,620,1,39.717639,-105.164032,5,12 South Holman Way Golden CO US
6371348541,2017-11-02 16:24,https://denver.craigslist.org/apa/d/golden-apartment-homes/6371348541.html,"♥ Golden Apartment Homes, Furnished Available, Spectacular Views",1149,"12 South Holman Way, Golden, CO 80401",1,620,1,39.717639,-105.164032,5,12 South Holman Way Golden CO US
6371346756,2017-11-02 16:23,https://denver.craigslist.org/apa/d/walk-in-closets-high-speed/6371346756.html,"Walk-In Closets, High Speed Internet, On-Site Maintenance",1176,"8901 Grant Street , Thornton, CO 80229",1,750,1,39.857849,-104.983496,5,8901 Grant StreetÂ  Thornton CO US
6367512070,2017-11-02 16:23,https://denver.craigslist.org/apa/d/cozy-condo-available-feb-1st/6367512070.html,Cozy condo available Feb 1st. Short lease. Quiet. Clean.,1150,Lafayette,1,0,1,39.998000,-105.096300,22,
6346219233,2017-11-02 16:23,https://denver.craigslist.org/apa/d/cant-beat-apartment-pricing/6346219233.html,Can't Beat Apartment Pricing Here At The Croft!,1375,"7200 E. Evans Ave, Denver, CO 80224",2,880,2,39.676624,-104.904059,5,7200 E. Evans Ave Denver CO US
6336824313,2017-11-02 16:22,https://denver.craigslist.org/apa/d/awesome-move-in-special-500/6336824313.html,Awesome Move In Special $500 off move in!!!!,1125,"7200 E. Evans Ave, Denver, CO 80224",1,700,1,39.676946,-104.903863,5,7200 E. Evans Ave Denver CO US
6371319422,2017-11-02 16:22,https://denver.craigslist.org/apa/d/studio-apartments-available/6371319422.html,Studio Apartments Available Now- Come Choose Yours,906,Cherry Creek,0,404,1,39.708600,-104.931200,22,5250 Cherry Creek South Dr. Denver CO US
6371344961,2017-11-02 16:21,https://denver.craigslist.org/apa/d/5th-floor-fresh-renovations/6371344961.html,5th Floor Fresh Renovations- $500 Off move in costs! Call today,1045,"7200 E. Evans Ave, Denver, CO 80224",1,700,1,39.676946,-104.903863,10,7200 E. Evans Ave Denver CO US
6371343546,2017-11-02 16:20,https://denver.craigslist.org/apa/d/upgraged-fireplace-oval/6371343546.html,Upgraged! Fireplace! Oval Soaking Tub! Courtyard View!,1648,Brighton,2,990,2,39.984999,-104.825385,22,
6371333692,2017-11-02 16:20,https://denver.craigslist.org/apa/d/apt-close-to-cherry-creek/6371333692.html,Apt Close To Cherry Creek Trail & Cherry Creek Schools!,1354,,1,810,1,39.675943,-104.896716,10,2234 S. Trenton WAy Denver CO US
6371342833,2017-11-02 16:20,https://denver.craigslist.org/apa/d/move-in-this-weekend/6371342833.html,Move in this weekend!,1180,Thornton,2,824,1,39.858097,-104.986064,5,101 East 88th ave. at 88th and Grant Thornton CO US
6371342662,2017-11-02 16:20,https://denver.craigslist.org/apa/d/brand-new-luxury-apartments/6371342662.html,Brand New Luxury Apartments in Lakewood! November Rent Free!,1365,"Lakewood, CO",1,703,1,39.716546,-105.137819,5,35 Van Gordon St Lakewood CO US
6371342418,2017-11-02 16:19,https://denver.craigslist.org/apa/d/enjoy-fall-broadstone-on-9th/6371342418.html,🌿🍁🌾Enjoy Fall @ Broadstone on 9th 🌿🍁,1949,4300 E 9th Ave.,2,1221,2,39.731200,-104.912900,22,
6371342405,2017-11-02 16:19,https://denver.craigslist.org/apa/d/move-in-this-weekend-one/6371342405.html,"Move In This Weekend! One Bedroom, Downtown Views, Huge Patio!",1455,1460 Little Raven Street,1,740,1,,,,
6371288737,2017-11-02 16:19,https://denver.craigslist.org/apa/d/beautifully-renovated-3/6371288737.html,"Beautifully Renovated 3 Bedroom 2 Bathroom Home in Denver, CO!",1720,"5563 Yuba Way, Denver, CO 80239",3,2078,2,39.797479,-104.828061,5,5563 Yuba Way Denver CO US
6371340409,2017-11-02 16:18,https://denver.craigslist.org/apa/d/responsive-maintenance-team/6371340409.html,"Responsive Maintenance Team, Courtyard, Electric Stove, Fireplace",1090,Aurora,1,650,1,39.725336,-104.828262,10,572 Potomac St Aurora CO US
6371339907,2017-11-02 16:17,https://denver.craigslist.org/apa/d/fully-equipped-kitchen-air/6371339907.html,"Fully-Equipped Kitchen, Air Conditioning, Spacious Closets",1895,"3380 E County Line Rd, Highlands Ranch, CO 80126",3,1213,2,39.566088,-104.947640,5,3380 E County Line Rd Highlands Ranch CO US
6371330096,2017-11-02 16:17,https://denver.craigslist.org/apa/d/close-to-local-restaurants/6371330096.html,"Close to local restaurants and shopping, Picnic area, Patio/Balcony",1435,"4703 W 52nd Ave, Denver, CO 80212",2,861,1,39.768300,-105.049300,5,4703 W 52nd Ave Denver CO US
6371339601,2017-11-02 16:17,https://denver.craigslist.org/apa/d/one-month-free-bon9th/6371339601.html,**ONE MONTH FREE @ Bon9th**,1859,4300 E 9th Ave.,2,1221,2,39.731200,-104.912900,22,
6371339579,2017-11-02 16:17,https://denver.craigslist.org/apa/d/controlled-access-building/6371339579.html,"Controlled Access Building, Balcony, Great View",1687,"2424 W. Caithness Place, Denver, CO 80211",1,631,1,39.760440,-105.016452,5,2424 W. Caithness Place Denver CO US
6371339484,2017-11-02 16:17,https://denver.craigslist.org/apa/d/beautiful-condo-in-club/6371339484.html,Beautiful Condo in Club Valencia - 1306 S Parker Rd #376,900,Denver,1,600,1,39.674764,-104.870882,20,1306 S Parker Rd Denver CO US
6371339130,2017-11-02 16:17,https://denver.craigslist.org/apa/d/lowest-rate-take-750-off-move/6371339130.html,Lowest Rate! Take $750 Off Move In! Heart of the CITY!!!,1945,"LoDo, Ballpark, Union Station, Downtown",2,1142,1,39.755366,-104.993398,22,
6371338298,2017-11-02 16:16,https://denver.craigslist.org/apa/d/spacious-2-bedroom-apartment/6371338298.html,Spacious 2 Bedroom Apartment! Minutes Away From Union Station!,2335,1460 Little Raven Street,2,1100,2,,,,
6371337876,2017-11-02 16:16,https://denver.craigslist.org/apa/d/parker-apartment-living/6371337876.html,"☺ Parker Apartment Living, Private Balconies and Patios, Fire Pit",1150,"Downtown Parker, Colorado",1,794,1,39.489500,-104.844700,5,18931 East Briargate Lane Parker CO US
6371337645,2017-11-02 16:15,https://denver.craigslist.org/apa/d/take-advantage-of-all-the/6371337645.html,Take advantage of all the resort-style amenities when you live in this,1250,"Thornton, CO",3,1250,2,39.875838,-104.978460,20,9701 Pearl St. Thornton CO US
6371337500,2017-11-02 16:15,https://denver.craigslist.org/apa/d/500-off-move-in-costs-1br-1ba/6371337500.html,$500 Off Move-in costs 1BR/1BA near Downtown if leased by 11/10/17!,850,,1,525,1,39.690769,-105.028610,22,
6371315501,2017-11-02 16:14,https://denver.craigslist.org/apa/d/brand-new-single-story/6371315501.html,Brand NEW Single Story - Immediate Move-In!,1589,,3,1701,2,,,,
6371330193,2017-11-02 16:14,https://denver.craigslist.org/apa/d/1st-floor-1-bedroom-in-dtc/6371330193.html,1st floor 1 bedroom in DTC,1147,"4500 S Monaco St, Denver, CO 80237",1,700,1,39.634803,-104.912523,5,4500 S Monaco St Denver CO US
6371335551,2017-11-02 16:14,https://denver.craigslist.org/apa/d/2-bedroom-tanning-bed/6371335551.html,"2 bedroom - Tanning Bed, Stainless Steel Appliances, Oval Soaking Tubs",1599,"7783 W 55th Avenue, Arvada, CO 80002",2,1053,2,39.797203,-105.083472,5,7783 W 55th Avenue Arvada CO US
6371335302,2017-11-02 16:14,https://denver.craigslist.org/apa/d/500-off-move-in-walking/6371335302.html,"$500 Off Move In! Walking Distance to Parker's Hot Spots, Wi Fi Ready",1136,"18139 E. Mainstreet, Parker, CO 80134",1,712,1,39.515298,-104.771805,5,18139 E. Mainstreet Parker CO US
6371334367,2017-11-02 16:13,https://denver.craigslist.org/apa/d/parker-apartment-living-gated/6371334367.html,"► Parker Apartment Living, GATED COMMUNITY, 100$ off NOV",1280,"Downtown Parker, Colorado",1,1023,1,39.489500,-104.844700,5,18931 East Briargate Lane Parker CO US
6371333501,2017-11-02 16:12,https://denver.craigslist.org/apa/d/hurry-in-apply-today-1-bed/6371333501.html,"Hurry in, Apply today! 1 bed with DEN!",1375,Stone Canyon,2,916,1,39.554635,-104.769423,0,
6371333317,2017-11-02 16:12,https://denver.craigslist.org/apa/d/huge-2-bedroom-in-lodo-with/6371333317.html,Huge 2 Bedroom in LODO with TWO BALCONIES! Move in Specials!,1945,"LoDo, Ballpark, Union Station, Downtown",2,1142,1,39.755366,-104.993699,22,
6371333074,2017-11-02 16:12,https://denver.craigslist.org/apa/d/move-in-tomorrow-top-floor-1/6371333074.html,Move In Tomorrow!!!    Top Floor 1 Bed 1 Bath In The Heart Of D.T.C.,1397,,1,788,1,39.597448,-104.898856,22,7700 East Peakview Ave Centennial CO US
6371332978,2017-11-02 16:12,https://denver.craigslist.org/apa/d/hurry-in-apartments-going-fast/6371332978.html,Hurry In Apartments Going Fast!,1490,"Sky Ridge Medical Center, Parker Adventist Hospital",2,1093,2,39.554658,-104.769444,22,
6371332845,2017-11-02 16:12,https://denver.craigslist.org/apa/d/del-corazon-apartmentslove/6371332845.html,Del Corazon Apartments...Love Where You Live!!,945,"Westwood, Denver",1,0,1,39.703177,-105.044330,10,4407 Morrison Rd. Denver CO US
6371332800,2017-11-02 16:11,https://denver.craigslist.org/apa/d/3-bedrooms-2-bath-apartment/6371332800.html,"3 Bedrooms 2 Bath Apartment in Castle Rock, CO",2315,"Castle Rock, CO",3,1250,2,39.380733,-104.875488,15,Red Hawk Drive at Wolfensberger Castle Rock CO US
6371332303,2017-11-02 16:11,https://denver.craigslist.org/apa/d/luxury-living-in-bellvue-hale/6371332303.html,Luxury Living In Bellvue-Hale B on 9th!,1865,4300 E 9th Ave.,2,1221,2,39.731200,-104.912900,22,
6371332285,2017-11-02 16:11,https://denver.craigslist.org/apa/d/3-bedroom-beautifully/6371332285.html,3 Bedroom Beautifully Renovated Townhome in Littleton!,1750,"6930 S. Bannock St. #4 Littleton, CO",3,1488,1.5,39.599400,-105.004400,22,6900 S. Bannock St Littleton Littleton CO US
6352548669,2017-11-02 16:11,https://denver.craigslist.org/apa/d/4-beds-in-southeast-aurora/6352548669.html,**4 BEDS IN SOUTHEAST AURORA**,3000,Aurora,4,3210,3,,,,
6371332254,2017-11-02 16:11,https://denver.craigslist.org/apa/d/vinyl-plank-designer-flooring/6371332254.html,"Vinyl Plank Designer Flooring, Covered Parking, Relaxing Yoga Studio",1422,englewood,1,825,1,39.654882,-104.996813,10,801 Englewood Parkway Englewood CO US
6371317532,2017-11-02 16:11,https://denver.craigslist.org/apa/d/great-two-bedroom-available/6371317532.html,*Great Two Bedroom Available NOW...Apply Today!*,1050,Central Aurora,2,742,0,39.726843,-104.843436,22,146 Delmar Cir AURORA CO US
6352533024,2017-11-02 16:11,https://denver.craigslist.org/apa/d/huge-parker-home-main-floor/6352533024.html,*Huge Parker Home Main Floor Master*,3040,Parker,5,4410,3.5,,,,
6351092745,2017-11-02 16:11,https://denver.craigslist.org/apa/d/huge-arvada-home/6351092745.html,HUGE ARVADA HOME,3100,Arvada,5,2612,2.5,,,,
6371332037,2017-11-02 16:11,https://denver.craigslist.org/apa/d/expanded-storage-space/6371332037.html,"Expanded Storage Space, Community Business Center, Exterior Storage",1281,"9451 Welby Road, Thornton, CO 80229",2,970,1,39.867854,-104.943854,5,9451 Welby Road Thornton CO US
6362246749,2017-11-02 16:11,https://denver.craigslist.org/apa/d/huge-5-bedroom-aurora-home/6362246749.html,**Huge 5 Bedroom Aurora Home**,3080,Aurora,5,4476,4,,,,
6362260685,2017-11-02 16:11,https://denver.craigslist.org/apa/d/5-beds-in-castle-rock/6362260685.html,***5 BEDS IN CASTLE ROCK***,2420,Castle Rock,5,2882,2.5,,,,
6362274249,2017-11-02 16:11,https://denver.craigslist.org/apa/d/littleton-home-4-bedrooms/6362274249.html,*Littleton Home 4 Bedrooms*,2802,Littleton,4,3092,2,,,,
6371331824,2017-11-02 16:11,https://denver.craigslist.org/apa/d/stop-in-and-save-with-the/6371331824.html,Stop in and Save with The Fairways!,899,Lowry,1,470,1,39.718178,-104.873031,10,9913 E 1st Ave at Havana St Aurora CO US
6371331407,2017-11-02 16:10,https://denver.craigslist.org/apa/d/gobble-gobble-gobble-up-these/6371331407.html,★ ★ Gobble Gobble Gobble Up These Awesome 3 Bedroom Prices!! ★,1933,Littleton,3,1324,2,39.610383,-105.072470,5,6805 W Bowles Avenue Littleton CO US
6359557645,2017-11-02 16:10,https://denver.craigslist.org/apa/d/great-highlands-condo/6359557645.html,Great Highlands Condo - Available Late Nov./early Dec.,900,Jefferson Park,2,1117,2,39.757236,-105.020585,15,Clay at 28th Denver CO US
6371329839,2017-11-02 16:09,https://denver.craigslist.org/apa/d/3-bedroom-one-month-free/6371329839.html,3 bedroom - ONE MONTH FREE! Apply TODAY!,1920,"10200 Park Meadows Drive, Littleton, CO 80124",3,1496,2,39.550600,-104.897200,5,10200 Park Meadows Drive Littleton CO US
6371329798,2017-11-02 16:09,https://denver.craigslist.org/apa/d/adams-12-five-star-schools/6371329798.html,"Adams 12 Five Star Schools, Mountain and Pool Views, Playground",980,"2801 E 120th Ave, Thornton, CO 80233",1,687,1,39.901500,-104.940700,5,2801 E 120th Ave Thornton CO US
6371329552,2017-11-02 16:09,https://denver.craigslist.org/apa/d/you-will-love-what-broadstone/6371329552.html,You Will LOVE What Broadstone On 9th Has To Offer,1859,4300 E 9th Ave.,2,1221,2,39.731200,-104.912900,22,
6371311813,2017-11-02 16:08,https://denver.craigslist.org/apa/d/three-bedroom-two-bath-house/6371311813.html,"Three bedroom, two bath house in Aurora",1800,Aurora,3,1100,2,39.657500,-104.784600,22,
6334615900,2017-11-02 16:08,https://denver.craigslist.org/apa/d/all-aboard-brand-new-in/6334615900.html,All Aboard!! Brand New in Community in Lakewood On Light Rail Line!!,1650,Lakewood,2,1031,2,,,,
6350667437,2017-11-02 16:08,https://denver.craigslist.org/apa/d/the-great-in-doors-golden/6350667437.html,The Great IN-Doors!! Golden Triangle's Newest Luxury Living is Here!!,2275,Denver,1,1018,1.5,,,,
6362587645,2017-11-02 16:08,https://denver.craigslist.org/apa/d/live-love-cherry-creek-trails/6362587645.html,"Live, Love, Cherry Creek! Trails, shopping, dining, and adventure! #CC",1324,Denver,0,630,1,,,,
6371328948,2017-11-02 16:08,https://denver.craigslist.org/apa/d/two-bedroom-apartments-lease/6371328948.html,Two Bedroom Apartments! Lease Now!,1235,"Denver, CO",2,825,2,39.653087,-104.894433,10,8405 E Hampden Ave Denver CO US
6371328551,2017-11-02 16:08,https://denver.craigslist.org/apa/d/500-off-1st-months-rent/6371328551.html,$500 off 1st Month's Rent!! 🤑,955,"Denver, CO",1,680,1,39.675023,-104.912652,10,2280 S Monaco Pkwy Denver CO US
6371328236,2017-11-02 16:08,https://denver.craigslist.org/apa/d/call-for-details-volleyball/6371328236.html,"Call for Details, Volleyball, Racquetball",980,Denver,1,672,1,39.677245,-104.908261,10,888 South Oneida Street Denver CO US
6371327981,2017-11-02 16:08,https://denver.craigslist.org/apa/d/convenient-location-cherry/6371327981.html,"Convenient Location, Cherry Creek Schools, Pets Allowed, Elevator",1090,Aurora,1,740,1,39.708210,-104.863736,10,456 S Ironton St Aurora CO US
6371327950,2017-11-02 16:08,https://denver.craigslist.org/apa/d/move-in-by-nov-22nd-and-get/6371327950.html,***Move in By Nov. 22nd and get One Month Free!***,1730,Broomfield,2,1081,2,39.909121,-105.147590,10,11996 Ridge Parkway Broomfield CO US
6371327410,2017-11-02 16:07,https://denver.craigslist.org/apa/d/electric-stove-large-walk-in/6371327410.html,"Electric Stove, Large walk-in closets, Freeway Access, Pets Welcome",1090,Aurora,1,650,1,39.725336,-104.828262,10,572 Potomac St Aurora CO US
6371326866,2017-11-02 16:07,https://denver.craigslist.org/apa/d/views-of-the-mountains-and/6371326866.html,Views of the MOUNTAINS and CITY!! Just in Time for the *SNOW*,,Capitol Hill,2,1010,1,39.733413,-104.984450,5,1050 Sherman St Denver CO US
6371317847,2017-11-02 16:06,https://denver.craigslist.org/apa/d/aurora-apartment-living/6371317847.html,"♥ Aurora Apartment Living, Dishwasher, Vaulted Ceilings",1340,"2134 South Richfield Way, Aurora, CO 80013",2,1038,2,39.677356,-104.785705,5,2134 South Richfield Way Aurora CO US
6371326437,2017-11-02 16:06,https://denver.craigslist.org/apa/d/cherry-creek-school-dist-new/6371326437.html,Cherry Creek School Dist. New carpets/refinished hardwood Amazing 5 bd,2650,Centennial,5,3070,4,39.625500,-104.787400,22,5115 South Lewiston Way Centennial CO US
6371325836,2017-11-02 16:06,https://denver.craigslist.org/apa/d/vinyl-plank-flooring-garbage/6371325836.html,"Vinyl plank flooring, Garbage disposal, Conference room, Hot Tub",1345,,1,757,1,39.643100,-104.898700,22,
6371325334,2017-11-02 16:05,https://denver.craigslist.org/apa/d/apartment-homes-close-to/6371325334.html,Apartment Homes Close to Southlands Shopping!,1175,,1,0,1,39.601200,-104.739400,22,
6371324620,2017-11-02 16:05,https://denver.craigslist.org/apa/d/large-studio-december/6371324620.html,Large Studio w/ December Availability! Great Spot in Cap Hill!,895,"Capitol Hill, Denver",0,440,1,39.735327,-104.979558,5,1200 Pearl Street Denver CO US
6348241554,2017-11-02 16:04,https://denver.craigslist.org/apa/d/rent-this-lowry-2-bed-2-bath/6348241554.html,"Rent this Lowry, 2 Bed, 2 Bath, Penthouse Condo",1995,"Lowry, Denver",2,1314,2,39.723759,-104.875703,5,9633 E. 5th Ave at Dayton Denver CO US
6359557645,2017-11-02 16:10,https://denver.craigslist.org/apa/d/great-highlands-condo/6359557645.html,Great Highlands Condo - Available Late Nov./early Dec.,900,Jefferson Park,2,1117,2,39.757236,-105.020585,15,Clay at 28th Denver CO US
6371329839,2017-11-02 16:09,https://denver.craigslist.org/apa/d/3-bedroom-one-month-free/6371329839.html,3 bedroom - ONE MONTH FREE! Apply TODAY!,1920,"10200 Park Meadows Drive, Littleton, CO 80124",3,1496,2,39.550600,-104.897200,5,10200 Park Meadows Drive Littleton CO US
6371329798,2017-11-02 16:09,https://denver.craigslist.org/apa/d/adams-12-five-star-schools/6371329798.html,"Adams 12 Five Star Schools, Mountain and Pool Views, Playground",980,"2801 E 120th Ave, Thornton, CO 80233",1,687,1,39.901500,-104.940700,5,2801 E 120th Ave Thornton CO US
6371329552,2017-11-02 16:09,https://denver.craigslist.org/apa/d/you-will-love-what-broadstone/6371329552.html,You Will LOVE What Broadstone On 9th Has To Offer,1859,4300 E 9th Ave.,2,1221,2,39.731200,-104.912900,22,
6371311813,2017-11-02 16:08,https://denver.craigslist.org/apa/d/three-bedroom-two-bath-house/6371311813.html,"Three bedroom, two bath house in Aurora",1800,Aurora,3,1100,2,39.657500,-104.784600,22,
6334615900,2017-11-02 16:08,https://denver.craigslist.org/apa/d/all-aboard-brand-new-in/6334615900.html,All Aboard!! Brand New in Community in Lakewood On Light Rail Line!!,1650,Lakewood,2,1031,2,,,,
6350667437,2017-11-02 16:08,https://denver.craigslist.org/apa/d/the-great-in-doors-golden/6350667437.html,The Great IN-Doors!! Golden Triangle's Newest Luxury Living is Here!!,2275,Denver,1,1018,1.5,,,,
6362587645,2017-11-02 16:08,https://denver.craigslist.org/apa/d/live-love-cherry-creek-trails/6362587645.html,"Live, Love, Cherry Creek! Trails, shopping, dining, and adventure! #CC",1324,Denver,0,630,1,,,,
6371328948,2017-11-02 16:08,https://denver.craigslist.org/apa/d/two-bedroom-apartments-lease/6371328948.html,Two Bedroom Apartments! Lease Now!,1235,"Denver, CO",2,825,2,39.653087,-104.894433,10,8405 E Hampden Ave Denver CO US
6371328551,2017-11-02 16:08,https://denver.craigslist.org/apa/d/500-off-1st-months-rent/6371328551.html,$500 off 1st Month's Rent!! 🤑,955,"Denver, CO",1,680,1,39.675023,-104.912652,10,2280 S Monaco Pkwy Denver CO US
6371328236,2017-11-02 16:08,https://denver.craigslist.org/apa/d/call-for-details-volleyball/6371328236.html,"Call for Details, Volleyball, Racquetball",980,Denver,1,672,1,39.677245,-104.908261,10,888 South Oneida Street Denver CO US
6371327981,2017-11-02 16:08,https://denver.craigslist.org/apa/d/convenient-location-cherry/6371327981.html,"Convenient Location, Cherry Creek Schools, Pets Allowed, Elevator",1090,Aurora,1,740,1,39.708210,-104.863736,10,456 S Ironton St Aurora CO US
6371327950,2017-11-02 16:08,https://denver.craigslist.org/apa/d/move-in-by-nov-22nd-and-get/6371327950.html,***Move in By Nov. 22nd and get One Month Free!***,1730,Broomfield,2,1081,2,39.909121,-105.147590,10,11996 Ridge Parkway Broomfield CO US
6371327410,2017-11-02 16:07,https://denver.craigslist.org/apa/d/electric-stove-large-walk-in/6371327410.html,"Electric Stove, Large walk-in closets, Freeway Access, Pets Welcome",1090,Aurora,1,650,1,39.725336,-104.828262,10,572 Potomac St Aurora CO US
6371326866,2017-11-02 16:07,https://denver.craigslist.org/apa/d/views-of-the-mountains-and/6371326866.html,Views of the MOUNTAINS and CITY!! Just in Time for the *SNOW*,,Capitol Hill,2,1010,1,39.733413,-104.984450,5,1050 Sherman St Denver CO US
6371317847,2017-11-02 16:06,https://denver.craigslist.org/apa/d/aurora-apartment-living/6371317847.html,"♥ Aurora Apartment Living, Dishwasher, Vaulted Ceilings",1340,"2134 South Richfield Way, Aurora, CO 80013",2,1038,2,39.677356,-104.785705,5,2134 South Richfield Way Aurora CO US
6371326437,2017-11-02 16:06,https://denver.craigslist.org/apa/d/cherry-creek-school-dist-new/6371326437.html,Cherry Creek School Dist. New carpets/refinished hardwood Amazing 5 bd,2650,Centennial,5,3070,4,39.625500,-104.787400,22,5115 South Lewiston Way Centennial CO US
6371325836,2017-11-02 16:06,https://denver.craigslist.org/apa/d/vinyl-plank-flooring-garbage/6371325836.html,"Vinyl plank flooring, Garbage disposal, Conference room, Hot Tub",1345,,1,757,1,39.643100,-104.898700,22,
6371325334,2017-11-02 16:05,https://denver.craigslist.org/apa/d/apartment-homes-close-to/6371325334.html,Apartment Homes Close to Southlands Shopping!,1175,,1,0,1,39.601200,-104.739400,22,
6371324620,2017-11-02 16:05,https://denver.craigslist.org/apa/d/large-studio-december/6371324620.html,Large Studio w/ December Availability! Great Spot in Cap Hill!,895,"Capitol Hill, Denver",0,440,1,39.735327,-104.979558,5,1200 Pearl Street Denver CO US
6348241554,2017-11-02 16:04,https://denver.craigslist.org/apa/d/rent-this-lowry-2-bed-2-bath/6348241554.html,"Rent this Lowry, 2 Bed, 2 Bath, Penthouse Condo",1995,"Lowry, Denver",2,1314,2,39.723759,-104.875703,5,9633 E. 5th Ave at Dayton Denver CO US
6371323822,2017-11-02 16:04,https://denver.craigslist.org/apa/d/fall-in-love-with-2-bedroom/6371323822.html,Fall in Love with a 2 Bedroom Apartment @ Newport Village This Autumn,1301,Thornton,2,727,1,39.858611,-104.941299,7,8901 Colorado Blvd Thornton CO US
6371323159,2017-11-02 16:04,https://denver.craigslist.org/apa/d/newly-renovated-spacious-one/6371323159.html,Newly Renovated Spacious One Bedroom! Tour Today!,1155,Thornton,1,720,1,39.918713,-104.940186,10,12220 Colorado Blvd Thornton CO US
6371322819,2017-11-02 16:03,https://denver.craigslist.org/apa/d/large-two-bed-one-bath/6371322819.html,Large Two Bed/One Bath Apartment with Great Views,2090,,2,1015,1,39.539700,-105.010900,22,
6371277014,2017-11-02 16:03,https://denver.craigslist.org/apa/d/move-in-ready-the-rest-of-the/6371277014.html,Move in ready! The rest of the year FREE!! Huge deals Downtown Denver,1619,Downtown,1,680,1,39.746637,-104.982467,10,1935 N. Logan street Denver CO US
6371322182,2017-11-02 16:03,https://denver.craigslist.org/apa/d/free-rent-till-december/6371322182.html,FREE Rent till December!,1199,Denver,2,900,1,39.691963,-104.935075,10,1250 S Clermont St Denver CO US
6371321470,2017-11-02 16:02,https://denver.craigslist.org/apa/d/you-deserve-an-upgrade-check/6371321470.html,~You Deserve an Upgrade~~ Check out Skyhouse Today!,1730,Downtown Denver/ Uptown,1,763,1,39.744286,-104.986939,5,1776 Broadway Denver CO US
6371267690,2017-11-02 16:02,https://denver.craigslist.org/apa/d/stop-looking-start-living-at/6371267690.html,Stop Looking! Start Living at Waterford on Mainstreet,1105,18588 East Mainstreet,1,680,1,,,,
6371321025,2017-11-02 16:02,https://denver.craigslist.org/apa/d/100-yards-from-cheesman-750/6371321025.html,"100 Yards from Cheesman, $750 Off Move In! Come Check Us Out!",1109,"Cheesman Park, Capital Hill, Denver, cap hill",1,0,1,39.731911,-104.969591,7,995 Humboldt St. Denver CO US
6371306816,2017-11-02 16:02,https://denver.craigslist.org/apa/d/englewood-luxury-1-bed-1-bath/6371306816.html,ENGLEWOOD LUXURY!  1 bed - 1 bath 2 MONTHS FREE!,1404,Englewood,1,835,1,,,,
6371320637,2017-11-02 16:02,https://denver.craigslist.org/apa/d/want-one-month-free-want/6371320637.html,WANT ONE MONTH FREE? WANT STAINLESS STEELE APPLIANCES?,1500,"Westminster, CO",2,1062,2,39.883591,-105.093554,10,10350 Dover Street Westminster CO US
6371320204,2017-11-02 16:01,https://denver.craigslist.org/apa/d/apartment-for-rent/6371320204.html,Apartment for rent,745,"204 Victor Ave Victor , Colorado",3,950,1,38.731000,-105.132100,22,
6332392679,2017-11-02 16:01,https://denver.craigslist.org/apa/d/walkable-location-in-cap-hill/6332392679.html,Walkable Location in CAP HILL~ Recent Renovations!!!,1602,"Golden Triangle, Capitol Hill, Baker",2,820,1,,,,
6332533939,2017-11-02 16:01,https://denver.craigslist.org/apa/d/sunny-balcony-and-cozy-gas/6332533939.html,Sunny Balcony and Cozy Gas Fireplace!! Amazing Deal!!!,1449,"Englewood, Lakewood, Denver",2,1060,2,,,,
6332596018,2017-11-02 16:01,https://denver.craigslist.org/apa/d/luxury-studio-in-lohi-with/6332596018.html,Luxury Studio in LOHI with Separate Bedroom Area!!! 1 Month FREE,1338,"LoHi, Highlands, West Highland, Ballpark",1,443,1,,,,
6332613089,2017-11-02 16:01,https://denver.craigslist.org/apa/d/spacious-two-story-townhouse/6332613089.html,Spacious TWO STORY Townhouse in CHERRY CREEK!!!,2040,"Cherry Creek, Hilltop, Glendale",2,1187,2,,,,
6332633960,2017-11-02 16:01,https://denver.craigslist.org/apa/d/live-at-sloans-lake-1-month/6332633960.html,Live at SLOANS LAKE!!! 1 Month FREE!! Steps to Lightrail Downtown,1370,"Sloan's Lake, West Highland, Downtown",1,728,1,,,,
6332920872,2017-11-02 16:01,https://denver.craigslist.org/apa/d/garage-parking-included-1/6332920872.html,Garage Parking Included + 1 Month Free!!! NO Carpet!! Best of DTC!,1347,"DTC, Greenwood Village, Glendale",1,769,1,,,,
6332954810,2017-11-02 16:01,https://denver.craigslist.org/apa/d/adorable-7th-floor-studio-in/6332954810.html,Adorable 7th Floor Studio in Ballpark!! Awesome 24 Hour Gym!!,1305,"LoDo, Ballpark, Union Station, Downtown",0,416,1,,,,
6332968073,2017-11-02 16:01,https://denver.craigslist.org/apa/d/walk-to-trader-joes-and-best/6332968073.html,Walk to Trader Joe's and Best Breakfast- SNOOZE! Awesome Rate!!!,1331,"Hale, Cherry Creek, City Park",1,745,1,,,,
6335725708,2017-11-02 16:01,https://denver.craigslist.org/apa/d/incredible-price-for-amazing/6335725708.html,Incredible Price for Amazing Apartment! Near Lightrail and Highway!!,1535,"Lone Tree, Centennial, Park Meadows",2,1078,2,,,,
6333003026,2017-11-02 16:01,https://denver.craigslist.org/apa/d/599-off-move-in-low-rate-for/6333003026.html,$599 Off Move In! LOW RATE for LARGE 3 BR near Clement Park!!!,2335,"Littleton, Ken Caryl",3,1454,2,,,,
6334278413,2017-11-02 16:01,https://denver.craigslist.org/apa/d/8th-floor-in-cap-hill-with/6334278413.html,8th Floor in CAP HILL with Giant Patio!!! Lots of Natural Light!!,1540,"Cap Hill, Capitol Hill, Cheesman Park",1,706,1,,,,
6335638528,2017-11-02 16:01,https://denver.craigslist.org/apa/d/amazing-pricing-in-centennial/6335638528.html,Amazing Pricing in Centennial!! Near Park Meadows Mall/Retail!!!,1275,"Centennial, Park Meadows, DTC",1,745,1,,,,
6371319632,2017-11-02 16:01,https://denver.craigslist.org/apa/d/apply-today-save-500-off-2/6371319632.html,**Apply Today & Save $500 Off 2 Bedroom w/ Washer & Dryer**,1525,1724 Robb St.,2,977,2,39.741577,-105.125749,5,1724 Robb St. Lakewood CO US
6333024438,2017-11-02 16:01,https://denver.craigslist.org/apa/d/gorgeous-penthouse-floor-to/6333024438.html,Gorgeous Penthouse~ Floor to Ceiling Windows~ Incredible Views,5744,"Wash Park, Cherry Creek, Golden Triangle",2,1410,2.5,,,,
6334322153,2017-11-02 16:01,https://denver.craigslist.org/apa/d/breathtaking-views-from-this/6334322153.html,Breathtaking VIEWS from this Gorgeous PENTHOUSE!!! Valet Parking Incl,4120,"Downtown, LoDo, 16th St Mall, Ballpark",2,1602,2,,,,
6332977810,2017-11-02 16:01,https://denver.craigslist.org/apa/d/immediate-move-in-available/6332977810.html,Immediate Move In Available!! Huge Patio and Awesome Views!!!,1624,"Golden Triangle, Capitol Hill, Baker",2,913,2,,,,
6335631128,2017-11-02 16:01,https://denver.craigslist.org/apa/d/super-unique-2-story-loft-in/6335631128.html,Super Unique 2-Story LOFT in LoDo!!! $750 Off Move In!! Hurry!,1430,"LoDo, Ballpark, Union Station, Downtown",1,537,1,,,,
6335761645,2017-11-02 16:01,https://denver.craigslist.org/apa/d/spectacular-pricing-cozy-and/6335761645.html,Spectacular Pricing!!! Cozy and Upgraded in LONE TREE!!,1660,"Lone Tree, Centennial, Park Meadows",2,1251,2,,,,
6335585583,2017-11-02 16:01,https://denver.craigslist.org/apa/d/impressive-lohi-property/6335585583.html,Impressive LOHI Property!! Unbeatable Specials!!!,1291,"LoHi, Jefferson Park, LoDo, Downtown",0,466,1,,,,
6335593336,2017-11-02 16:01,https://denver.craigslist.org/apa/d/two-balconies-off-living-room/6335593336.html,Two Balconies off Living Room and Master!!! Heart of it ALL in LoDo!!!,2040,"LoDo, Ballpark, Union Station, Downtown",2,1142,2,,,,
6335679192,2017-11-02 16:01,https://denver.craigslist.org/apa/d/superb-customer-service/6335679192.html,Superb Customer Service!! Gorgeous Interiors with Everything You Need!,1825,"Lone Tree, Centennial, Park Meadows",3,1393,2,,,,
6371319401,2017-11-02 16:01,https://denver.craigslist.org/apa/d/leasing-blitz-free-app-fees/6371319401.html,LEASING BLITZ!  Free App Fees!  $250 Off!  Unbeatable Prices!,1250,Lakewood,2,1000,2,39.682024,-105.116732,10,10555 W Jewell Ave Lakewood CO US
6368579545,2017-11-02 16:01,https://denver.craigslist.org/apa/d/apply-byand-save-15-months/6368579545.html,APPLY BY 11/30 and SAVE!!! 1.5 Months Free + Lightrail Annual Pass!,1269,"Sloan's Lake, Lakewood, Edgwater",1,690,1,39.735970,-105.072556,5,
6368585839,2017-11-02 16:01,https://denver.craigslist.org/apa/d/best-specials-near-sloans/6368585839.html,Best Specials near SLOANS LAKE!! 15 Mins to Downtown!,1269,"Lakewood, Edgewater, Sloan's Lake",1,690,1,39.744286,-105.051613,5,
6368616752,2017-11-02 16:01,https://denver.craigslist.org/apa/d/one-and-half-months-free-new/6368616752.html,"**ONE AND A HALF MONTHS FREE** New, Modern Property!",1574,"Sloan's Lake, Lakewood, Edgwater",2,1031,2,39.738214,-105.059681,5,
6368622768,2017-11-02 16:01,https://denver.craigslist.org/apa/d/best-deal-near-downtown-free/6368622768.html,BEST DEAL near Downtown!! Free Annual Lightrail + 1.5 Mos FREE Rent!!,1574,"Sloan's Lake, Lakewood, Edgwater",2,1031,2,39.736498,-105.065002,5,
6368631967,2017-11-02 16:01,https://denver.craigslist.org/apa/d/save-just-outside-the-city/6368631967.html,Save $$$ Just Outside the City!!! Near Sloan's Lake- So Beautiful!!,1574,"Sloan's Lake, Lakewood, Edgwater",2,1031,2,39.735970,-105.073757,5,
6368651518,2017-11-02 16:01,https://denver.craigslist.org/apa/d/parking-space-incl-1-month/6368651518.html,Parking Space Incl + 1 Month Free + $500 Off Second Month! *LOHI*,2333,"Jefferson Park, LoHi, Downtown",2,1201,2,39.755241,-105.014191,5,
6368642822,2017-11-02 16:01,https://denver.craigslist.org/apa/d/first-month-free-second-month/6368642822.html,"First Month FREE, Second Month $500 Off!!! Best Property in LOHI!",2082,"LoHi, Jefferson Park, LoDo, Downtown",2,1170,2,39.754251,-105.010543,5,
6368657835,2017-11-02 16:01,https://denver.craigslist.org/apa/d/huge-corner-patio-awesome/6368657835.html,Huge Corner Patio~ Awesome Location in Jefferson Park~ 1 Month FREE,2333,"Jefferson Park, LoHi, Downtown",2,1201,2,39.751677,-105.011444,5,
6368674456,2017-11-02 16:01,https://denver.craigslist.org/apa/d/garage-parking-free-move-in/6368674456.html,Garage Parking FREE & Move in SPECIALS!! Outskirts of DOWNTOWN,1509,"Jefferson Park, LoHi, Downtown",1,675,1,39.757484,-105.015392,5,
