pid,dt,url,title,price,neighb,beds,sqft,baths,lat,lng,accuracy,address
6371319135,2017-11-02 17:00,https://desmoines.craigslist.org/apa/d/14forty-lofts-top-floor-2br/6371319135.html,14Forty Lofts Top Floor 2BR 2BA Available Facing Sculpture Garden!,1550,Des Moines,2,982,2,41.584545,-93.635701,10,1440 Locust Street Des Moines IA US
6360908884,2017-11-02 16:59,https://desmoines.craigslist.org/apa/d/november-specials/6360908884.html,November Specials!!!!!!!!!!,720,Southside Des Moines,2,732,1,41.525041,-93.616008,10,6508 Chaffee Rd Des Moines IA US
6371317429,2017-11-02 16:59,https://desmoines.craigslist.org/apa/d/free-parking-and-free-rent/6371317429.html,FREE PARKING AND FREE RENT @ ROCKET TRANSFER LOFTS,1100,Des Moines,1,770,1,41.580695,-93.624022,10,320 SW 7th Street Des Moines IA US
6371316552,2017-11-02 16:58,https://desmoines.craigslist.org/apa/d/do-you-love-space-do-you-love/6371316552.html,Do You Love Space?! Do you love FREE RENT!?,2150,Downtown Des Moines,3,1559,2.5,41.580721,-93.624032,10,319 SW 7th Street Des Moines IA US
6371315485,2017-11-02 16:57,https://desmoines.craigslist.org/apa/d/14forty-lofts-top-floor/6371315485.html,14Forty Lofts Top Floor Corner 2 Bedroom! HUGE Historic Windows!,1550,Des Moines,2,982,2,41.584545,-93.635701,10,1440 Locust Street Des Moines IA US
6371312580,2017-11-02 16:55,https://desmoines.craigslist.org/apa/d/schedule-your-tour-online/6371312580.html,Schedule your tour online!! FREE RENT & FREE PARKING!,1100,Rocket Transfer Lofts,1,782,1,41.580734,-93.624458,7,320 SW 7th Street at MLK DEs Moines IA US
6371310959,2017-11-02 16:54,https://desmoines.craigslist.org/apa/d/attn-free-rent-at-the/6371310959.html,ATTN: FREE RENT AT THE BROWNSTONES,2150,Downtown Des Moines,3,1559,2.5,41.580721,-93.624032,10,319 SW 7th Street Des Moines IA US
6371310743,2017-11-02 16:54,https://desmoines.craigslist.org/apa/d/half-off-rent-for-november/6371310743.html,HALF OFF RENT FOR NOVEMBER FOR QUALIFIED APPLICANTS!!!!!,635,Southside Des Moines,1,575,1,41.525134,-93.617620,10,208 Dickman Rd Des Moines IA US
6371309220,2017-11-02 16:53,https://desmoines.craigslist.org/apa/d/14forty-top-floor-corner-loft/6371309220.html,14Forty Top Floor Corner Loft Facing Sculpture Garden!!,1625,14Forty Lofts,2,982,2,41.584545,-93.635701,10,1440 Locust Street Des Moines IA US
6339208481,2017-11-02 16:50,https://desmoines.craigslist.org/apa/d/mainstream-think-fall-aving/6339208481.html,MAINSTREAM THINK FALL $AVING$ TODAY!!!!,970,Lease W/ Option To Buy,0,1380,,38.949000,-94.740500,22,
6371271767,2017-11-02 16:24,https://desmoines.craigslist.org/apa/d/99-deposit-great-move-in/6371271767.html,$99 Deposit! Great Move In Special All in This 1 Bedroom!,660,Altoona,1,648,1,41.647500,-93.472400,22,
6371269233,2017-11-02 16:22,https://desmoines.craigslist.org/apa/d/two-bedroom-ready-now-99/6371269233.html,Two Bedroom Ready Now $99 Security Deposit Great Move In Special,740,altoona,2,864,1.5,41.647500,-93.472400,22,
6371263564,2017-11-02 16:18,https://desmoines.craigslist.org/apa/d/spacious-3-bedroom-99/6371263564.html,Spacious 3 Bedroom $99 Security Deposit!,900,Altoona,3,1092,1.5,41.647500,-93.472400,22,
6371253154,2017-11-02 16:10,https://desmoines.craigslist.org/apa/d/time-to-celebrate-you-found/6371253154.html,Time to Celebrate - You Found Your Next Apartment Home!,900,West Des Moines,1,840,1,41.595225,-93.834332,20,1770 92nd St. West Des Moines IA US
6371241993,2017-11-02 16:10,https://desmoines.craigslist.org/apa/d/visit-your-new-home-sorry-no/6371241993.html,"Visit Your New Home, Sorry No Pets, Near Shopping, Affordable",660,"Lake City, Near Fort Dodge",2,0,1,42.264201,-94.742848,10,107 Westview Drive Lake City IA US
6371252630,2017-11-02 16:10,https://desmoines.craigslist.org/apa/d/spacious-apartments-beautiful/6371252630.html,Spacious Apartments - Beautiful Community!,900,West Des Moines,0,0,,41.595225,-93.834332,20,1770 92nd St. West Des Moines IA US
6371251851,2017-11-02 16:09,https://desmoines.craigslist.org/apa/d/leasing-specials-92-west/6371251851.html,"Leasing Specials! 92 West Apartments! One, Two, or Three Bed Homes!",900,,1,830,1,41.595225,-93.834332,20,1770 92nd St. West Des Moines IA US
6364630069,2017-11-02 16:09,https://desmoines.craigslist.org/apa/d/charming-1-bedroom-apartment/6364630069.html,Charming 1 Bedroom Apartment near Valley Junction,565,West Des Moines,1,0,1,41.573906,-93.707507,15,4th at Walnut West Des Moines IA US
