pid,dt,url,title,price,neighb,beds,sqft,baths,lat,lng,accuracy,address
6350259460,2017-11-02 17:00,https://detroit.craigslist.org/wyn/apa/d/leasing-2-bed-rooms-call/6350259460.html,"leasing 2 bed rooms,  call ELEANA! NOW starting at $725!!",725,Westland,2,850,1,42.335800,-83.384600,22,1673 Westland MI US
6371238606,2017-11-02 17:00,https://detroit.craigslist.org/mcb/apa/d/ashgrove-place-for-the-whole/6371238606.html,ASHGROVE - A Place For the Whole Family!,664,Sterling Heights,1,0,1,42.600104,-82.974243,5,
6371219961,2017-11-02 16:59,https://detroit.craigslist.org/wyn/apa/d/apply-today-599-can-move-you/6371219961.html,Apply Today!! $599 Can Move You In!!,1049,,4,1568,2,42.096684,-83.319926,5,29106 Rosewood Flat Rock MI US
6371237250,2017-11-02 16:59,https://detroit.craigslist.org/wyn/apa/d/miss-day-miss-lot/6371237250.html,Miss a Day Miss A Lot!,1029,,2,990,1,42.335300,-83.286400,22,
6368676686,2017-11-02 16:58,https://detroit.craigslist.org/wyn/apa/d/pet-friendly-community-with/6368676686.html,Pet friendly community with immediate availability,725,Near Southland Mall,2,950,1.5,42.195969,-83.298662,5,Eureka at Inkster Taylor MI US
6371226304,2017-11-02 16:58,https://detroit.craigslist.org/wyn/apa/d/the-new-lafayette-towers/6371226304.html,The New Lafayette Towers Apartments Welcomes You Home!!!,819,downtown detroit,0,528,1,42.340592,-83.032651,0,
6371235643,2017-11-02 16:58,https://detroit.craigslist.org/mcb/apa/d/this-beautiful-2-bed-1-bath/6371235643.html,This beautiful 2 bed 1 bath with a balcony could be yours!,950,,2,950,1,42.587700,-82.821500,22,
6371221100,2017-11-02 16:57,https://detroit.craigslist.org/mcb/apa/d/mt-clemens-spacious-2-bdrm/6371221100.html,Mt Clemens -- Spacious 2 Bdrm Home With Sun Room,800,Mt. Clemens,2,1250,1,,,,
6371234684,2017-11-02 16:57,https://detroit.craigslist.org/okl/apa/d/hardwood-floors-property/6371234684.html,"Hardwood Floors, Property Manager on Site, Outdoor Pool",839,"27700 Stephenson Hwy, Madison Heights, MI 48071",2,779,1,42.487339,-83.114770,5,27700 Stephenson Hwy Madison Heights MI US
6371232736,2017-11-02 16:56,https://detroit.craigslist.org/wyn/apa/d/this-may-be-your-last-change/6371232736.html,This may be your last change before the new year! Don't wait!,865,Romulus,2,980,1.5,42.194337,-83.335653,20,Teak Lane at Eureka Romulus MI US
6371214307,2017-11-02 16:54,https://detroit.craigslist.org/wyn/apa/d/gibraltar-3-bedroom-home/6371214307.html,Gibraltar 3 bedroom home,800,,3,0,1,,,,
6371205471,2017-11-02 16:54,https://detroit.craigslist.org/mcb/apa/d/eastpointe-4-bdrm-home/6371205471.html,Eastpointe - 4 Bdrm Home - Colonial Style Home,995,Eastpointe,4,1119,1,,,,
6350165315,2017-11-02 16:54,https://detroit.craigslist.org/wyn/apa/d/500-off-call-eleana-now/6350165315.html,"$500 off, call Eleana NOW",725,Westland,2,850,1,42.335800,-83.384600,22,1673 Westland MI US
6371230446,2017-11-02 16:54,https://detroit.craigslist.org/mcb/apa/d/this-3rd-floor-two-bedroom-is/6371230446.html,This 3rd Floor Two Bedroom is Getting Upgraded Flooring!! Call to Apply!!,875,Clinton Township,2,900,1,,,,
6371229726,2017-11-02 16:53,https://detroit.craigslist.org/okl/apa/d/intercom-bbq-grills-walk-in/6371229726.html,"Intercom, BBQ Grills, Walk-In Closets",975,"2860 Charter Blvd, Troy, MI 48083",1,820,1,42.562545,-83.137115,5,2860 Charter Blvd Troy MI US
6371228133,2017-11-02 16:52,https://detroit.craigslist.org/wyn/apa/d/the-new-lafayette-towers/6371228133.html,The New Lafayette Towers Apartments Welcomes You Home!!!,1059,downtown detroit,1,781,1,42.340592,-83.032651,0,
6371225676,2017-11-02 16:51,https://detroit.craigslist.org/okl/apa/d/2-bedrooms-1-bath-apartment/6371225676.html,2 Bedrooms. 1 Bath Apartment in Ortonville,875,Ortonville,2,1000,1,42.843747,-83.441139,10,365 Granger Road Ortonville MI US
6358747771,2017-11-02 16:50,https://detroit.craigslist.org/wyn/apa/d/eleana-has-1-bed-room/6358747771.html,ELEANA HAS A 1 BED ROOM AVAILABLE FOR MOVE IN NOW $695,695,Westland,1,700,1,42.335800,-83.384600,22,1673 Westland MI US
6371222926,2017-11-02 16:49,https://detroit.craigslist.org/okl/apa/d/last-chance-two-bedroom/6371222926.html,LAST CHANCE! Two Bedroom available now!,1355,Royal Oak,2,950,1,42.490600,-83.136600,22,
6371220388,2017-11-02 16:47,https://detroit.craigslist.org/mcb/apa/d/2-bd-single-house-for-rent-in/6371220388.html,2 Bd single house for rent in warren MI,875,Warren,2,1000,1,42.460510,-83.019733,5,
6371191116,2017-11-02 16:47,https://detroit.craigslist.org/mcb/apa/d/unique-new-carpet-new-paint/6371191116.html,Unique new carpet new paint,841,,0,0,,,,,
6371219600,2017-11-02 16:46,https://detroit.craigslist.org/mcb/apa/d/updated-2-bedroom-townhouse/6371219600.html,Updated 2 Bedroom Townhouse Condo in Clinton Township,1045,Clinton Township,2,850,1,42.551200,-82.916700,22,22125 Glenwood Street Clinton Township MI US
6371218806,2017-11-02 16:46,https://detroit.craigslist.org/wyn/apa/d/pet-friendly-community-with/6371218806.html,Pet friendly community with immediate availability,725,Near I-94 and I-75,2,950,1.5,42.195953,-83.298769,5,Eureka at Inkster Taylor MI US
6358744933,2017-11-02 16:46,https://detroit.craigslist.org/wyn/apa/d/eleana-has-1-bed-room/6358744933.html,ELEANA HAS A 1 BED ROOM AVAILABLE FOR MOVE IN! $500 OFF!!,725,Westland,1,700,1,42.335800,-83.384600,22,1673 Westland MI US
6371217152,2017-11-02 16:44,https://detroit.craigslist.org/mcb/apa/d/fairchild-lake-community/6371217152.html,FAIRCHILD LAKE COMMUNITY - Private Lake Community,1199,Fairchild Lake,4,1456,2,42.666071,-82.857477,15,Au Lac Drive at Fairchild Chesterfield MI US
6371200673,2017-11-02 16:44,https://detroit.craigslist.org/okl/apa/d/beautiful-home-for-lease/6371200673.html,Beautiful Home for Lease!,2250,5560 Franklin Rd,3,2306,2.5,42.544500,-83.279200,22,Franklin Rd at Quarton Bloomfield Hills MI US
6371216299,2017-11-02 16:44,https://detroit.craigslist.org/mcb/apa/d/fairchild-lake-community/6371216299.html,FAIRCHILD LAKE COMMUNITY - Private Lake Community,849,f,3,1056,2,42.666071,-82.857477,15,Au Lac Drive at Fairchild Chesterfield MI US
6371216093,2017-11-02 16:44,https://detroit.craigslist.org/okl/apa/d/2-bedroom-2-bath-condo-in/6371216093.html,"2 Bedroom, 2 Bath Condo in Commerce Township",1550,Commerce Township,2,1568,2,42.558200,-83.477300,22,9202 Farmingdale Lane Commerce Township MI US
6371215673,2017-11-02 16:43,https://detroit.craigslist.org/okl/apa/d/flexible-lease-terms/6371215673.html,"Flexible lease terms available, Two-tone paint throughout, Pond view",1260,,1,885,1,42.484140,-83.416572,5,37850 Spring Lane Farmington Hills MI US
6368573716,2017-11-02 16:43,https://detroit.craigslist.org/wyn/apa/d/spacious-2-bedroom-town-home/6368573716.html,Spacious 2 bedroom town home,725,Taylor,2,950,1.5,42.196223,-83.298662,5,Eureka at Inkster Taylor MI US
6362925892,2017-11-02 16:42,https://detroit.craigslist.org/wyn/apa/d/2-bed-1-bath-dlx-first-floor/6362925892.html,2 Bed 1 Bath DLX First Floor Apartment!!  Call Steve & Save Today!!,790,"Southgate, Wyandotte, Riverview, Trenton",2,904,1,42.188016,-83.179669,15,16700 Quarry Rd. Southgate MI US
6371213654,2017-11-02 16:42,https://detroit.craigslist.org/okl/apa/d/spacious-4-bedroom-15-bath/6371213654.html,"Spacious 4 Bedroom, 1.5 Bath Home in Southfield",1450,Southfield,4,1600,1.5,42.450897,-83.269325,10,21775 Fairway Drive Southfield MI US
6371211388,2017-11-02 16:40,https://detroit.craigslist.org/okl/apa/d/beautiful-brick-colonial-home/6371211388.html,Beautiful Brick Colonial Home in Southfield,1695,Southfield,4,1774,2.5,42.463800,-83.225500,22,16206 Fairfox Street Southfield MI US
6350176602,2017-11-02 16:39,https://detroit.craigslist.org/wyn/apa/d/now-leasing-2-bed-rooms-call/6350176602.html,"now leasing 2 bed rooms,  call ELEANA! $500 OFF MOVE in cost!!",725,Westland,2,850,1,42.335800,-83.384600,22,1673 Westland MI US
6371208762,2017-11-02 16:39,https://detroit.craigslist.org/wyn/apa/d/3-bedroom-2-full-bath-house/6371208762.html,"3 Bedroom, 2 Full Bath House in Redford",1395,Redford,3,926,2,42.371480,-83.305218,15,11095 Eileen Avenue Redford MI US
6371208259,2017-11-02 16:38,https://detroit.craigslist.org/mcb/apa/d/fall-into-savings-at-ashgrove/6371208259.html,Fall Into Savings at Ashgrove,765,Sterling Heights,1,0,1,42.599851,-82.974243,5,
6371208064,2017-11-02 16:38,https://detroit.craigslist.org/okl/apa/d/upgraded-luxury-2bd/6371208064.html,Upgraded Luxury 2BD!!!,1550,Madison Heights,2,1070,2,42.520320,-83.093054,5,1545 E 13 Mile Rd Madison Heights MI US
6371206547,2017-11-02 16:37,https://detroit.craigslist.org/okl/apa/d/stately-brick-home-in-pontiac/6371206547.html,Stately Brick Home in Pontiac,950,Pontiac,3,900,1,42.629271,-83.329940,10,214 Draper Avenue Pontiac MI US
6340899219,2017-11-02 16:37,https://detroit.craigslist.org/wyn/apa/d/lock-in-on-great-location/6340899219.html,Lock in on A Great Location!,1029,,2,990,1,42.335300,-83.286400,22,
6371204005,2017-11-02 16:35,https://detroit.craigslist.org/wyn/apa/d/sharp-2-bedroom-2-bath-condo/6371204005.html,"Sharp 2 Bedroom, 2 Bath Condo in Northville",1450,Northville,2,1490,2,42.408600,-83.497800,22,16867 Dover Drive Northville MI US
6371203481,2017-11-02 16:35,https://detroit.craigslist.org/mcb/apa/d/1bd-with-great-layout-on/6371203481.html,1BD with Great Layout!! on Special Call To Find OUT!!,750,Sterling Heights,1,800,1,42.620196,-83.014296,10,44090 Kings Gate Dr. Sterling Heights MI US
6371181476,2017-11-02 16:35,https://detroit.craigslist.org/okl/apa/d/ready-for-move-in-nice-and/6371181476.html,Ready For Move in --- Nice and Clean 3 Bedroom Ranch in Oak Park,1000,9 Mile & Coolidge,3,0,1,,,,
6371201115,2017-11-02 16:33,https://detroit.craigslist.org/okl/apa/d/lakefront-one-bedroom-rental/6371201115.html,Lakefront One Bedroom Rental in Waterford,775,Waterford,1,414,1,42.675389,-83.349879,10,3160 Dixie Highway Waterford MI US
6361158252,2017-11-02 16:32,https://detroit.craigslist.org/wyn/apa/d/3-bedroom-home-for-rent/6361158252.html,3 bedroom Home For Rent,600,Harper Woods,3,0,1,,,,
6371198286,2017-11-02 16:31,https://detroit.craigslist.org/wyn/apa/d/the-new-lafayette-towers/6371198286.html,The New Lafayette Towers Apartments Welcomes You Home!!!,1324,downtown detroit,2,1188,2,42.340592,-83.032651,0,
6371198231,2017-11-02 16:31,https://detroit.craigslist.org/wyn/apa/d/taylor-upper-unit-includes/6371198231.html,Taylor Upper unit includes elect-gas-water,625,6477 Westpoint,1,720,1,42.261124,-83.270625,20,Telegraph at Cyprus Taylor MI US
6361170298,2017-11-02 16:31,https://detroit.craigslist.org/wyn/apa/d/3-bedroom-home-for-rent/6361170298.html,3 bedroom Home For Rent,650,East Detroit,3,0,1,,,,
6371197450,2017-11-02 16:31,https://detroit.craigslist.org/wyn/apa/d/your-road-to-easy-living/6371197450.html,Your road to easy living starts here.,826,,1,665,1,42.335300,-83.286400,22,
6371186452,2017-11-02 16:30,https://detroit.craigslist.org/okl/apa/d/spacious-3-bedroom-2-bath/6371186452.html,"Spacious 3 Bedroom, 2 Bath Home in Commerce Township",1295,Commerce Township,3,1550,2,42.558200,-83.477300,22,3177 Brisbane Street Commerce Township MI US
6371190626,2017-11-02 16:30,https://detroit.craigslist.org/wyn/apa/d/the-new-lafayette-towers/6371190626.html,The New Lafayette Towers Apartments Welcomes You Home!!!,1364,downtown detroit,2,1230,2,42.340592,-83.032651,0,
6371195926,2017-11-02 16:30,https://detroit.craigslist.org/mcb/apa/d/great-brick-ranch-in-sterling/6371195926.html,Great Brick Ranch in Sterling Heights,1495,Sterling Heights,3,1318,1.5,42.547144,-83.025140,10,34441 Daventry Court Sterling Heights MI US
6371129805,2017-11-02 16:29,https://detroit.craigslist.org/wyn/apa/d/8740-heritage-place/6371129805.html,8740 Heritage Place Apartments 2 Bed $600 a month!!,600,,0,0,,42.364935,-83.120778,10,8740 Heritage Pl Detroit MI US
6371184534,2017-11-02 16:29,https://detroit.craigslist.org/okl/apa/d/2-bedroom-15-bath-condo-in/6371184534.html,"2 Bedroom, 1.5 Bath Condo in Clarkston",1100,Clarkston,2,946,1.5,42.760500,-83.404000,22,7210 Bluewater Clarkston MI US
6371178074,2017-11-02 16:29,https://detroit.craigslist.org/wyn/apa/d/8740-heritage-place/6371178074.html,8740 Heritage Place Apartments Stuido $525,525,,0,0,,42.366100,-83.142200,22,
6371193707,2017-11-02 16:28,https://detroit.craigslist.org/okl/apa/d/short-term-rental-one-bedroom/6371193707.html,Short Term Rental -One Bedroom -Furnished -Walking Distance  Downtown,1400,Royal Oak,1,0,1,42.490049,-83.145504,10,
6371133174,2017-11-02 16:28,https://detroit.craigslist.org/okl/apa/d/ranch-home-window-air-unit/6371133174.html,Ranch Home Window Air Unit Dining Room Hardwood Floors Basement Shed,925,E. of Inkster & N. of Shiawassee,2,676,1.5,,,,
6371193498,2017-11-02 16:28,https://detroit.craigslist.org/okl/apa/d/super-nice-3-bedroom-bungalow/6371193498.html,Super Nice 3 Bedroom Bungalow in Berkley,1450,Berkley,3,972,1,42.490348,-83.182690,10,2438 Columbia Road Berkley MI US
6371177228,2017-11-02 16:28,https://detroit.craigslist.org/mcb/apa/d/fully-upgraded-2-bedroom/6371177228.html,Fully Upgraded 2 Bedroom Spacious Home,600,1102 S 46th St,3,1300,2,42.347400,-83.060400,22,1102 S 46th St detroit metro MI US
6371191786,2017-11-02 16:27,https://detroit.craigslist.org/okl/apa/d/vaulted-ceilings-cozy/6371191786.html,Vaulted Ceilings & Cozy Fireplace,1400,,2,1200,2,42.703112,-83.306954,10,100 Lake Village Blvd Auburn Hills MI US
6371191152,2017-11-02 16:27,https://detroit.craigslist.org/wyn/apa/d/3-bedroom-25-bath-townhouse/6371191152.html,3 Bedroom. 2.5 Bath Townhouse Style Condo in Canton,2095,Canton,3,2290,2.5,42.291000,-83.465000,22,423 Cherry Orchard Road Canton MI US
6371169266,2017-11-02 16:24,https://detroit.craigslist.org/wyn/apa/d/8740-heritage-place/6371169266.html,8740 Heritage Place Apartments Stuido $525,525,,0,0,,42.366100,-83.142200,22,
6371164303,2017-11-02 16:21,https://detroit.craigslist.org/wyn/apa/d/1-bedroom-apartment-utilities/6371164303.html,"1 Bedroom Apartment, Utilities Included next to Wyandotte",600,Ecorse,1,0,1,,,,
6371182120,2017-11-02 16:20,https://detroit.craigslist.org/okl/apa/d/sharp-and-clean-bungalow-in/6371182120.html,Sharp and Clean Bungalow in Birmingham,1900,Birmingham,3,1080,1,42.532549,-83.210996,10,444 Bird Avenue Birmingham MI US
6349993726,2017-11-02 16:20,https://detroit.craigslist.org/wyn/apa/d/free-carport-for-year-call/6349993726.html,Free Carport for a Year!! Call Eleana Now!,995,Westland,2,1050,1.5,42.335800,-83.384600,22,1673 Westland MI US
6349911682,2017-11-02 16:19,https://detroit.craigslist.org/mcb/apa/d/fall-into-avings-at/6349911682.html,FALL INTO $AVINGS at EASTBROOKE APTS  $705 1bdrm w/Heat!!,705,Warren,1,650,1,42.521451,-83.004854,10,11894 E 13 Mile Rd Warren MI US
6371179616,2017-11-02 16:19,https://detroit.craigslist.org/okl/apa/d/beautiful-4-bedroom-home-in/6371179616.html,Beautiful 4 Bedroom Home in Rochester Hills,2800,Rochester Hills,4,3114,2.5,42.651251,-83.099954,20,2058 Baron Rochester Hills MI US
6339533340,2017-11-02 16:19,https://detroit.craigslist.org/mcb/apa/d/fall-into-saving-1-bdrm-for/6339533340.html,FALL INTO SAVING$$ 1 BDRM FOR $705 EASTBROOKE APTS,705,Warren,1,650,1,42.521451,-83.004854,10,11894 E 13 Mile Rd warren MI US
6360761803,2017-11-02 16:18,https://detroit.craigslist.org/mcb/apa/d/time-to-ave-before-the-winter/6360761803.html,Time to $ave before the winter set in!! Eastbrooke Apartments $ave Now,705,Warren,1,650,1,42.521451,-83.004854,10,11894 E 13 Mile Rd Warren MI US
6371179213,2017-11-02 16:18,https://detroit.craigslist.org/okl/apa/d/moving-with-roommate-call-ask/6371179213.html,Moving With A Roommate? Call & Ask HOW To Save $650!,1095,Royal Oak,2,1200,1,42.466200,-83.184000,22,10811 W Ten Mile Rd Oak Park MI US
6335300251,2017-11-02 16:18,https://detroit.craigslist.org/mcb/apa/d/fall-into-saving-1-bdrm-for/6335300251.html,FALL INTO SAVING$$ 1 BDRM FOR $705 EASTBROOKE APTS,705,Warren,1,650,1,42.521451,-83.004854,10,11894 E 13 Mile Rd Warren MI US
6359192087,2017-11-02 16:17,https://detroit.craigslist.org/okl/apa/d/pre-leasing-today-for-november/6359192087.html,Pre-Leasing TODAY For November,695,,1,720,1,42.668000,-83.289300,22,
6357388876,2017-11-02 16:17,https://detroit.craigslist.org/okl/apa/d/shake-hands-get-keys-move-in/6357388876.html,"Shake Hands, Get Keys, & Move-In Today",695,Pontiac,1,715,1,42.679451,-83.253344,10,1510 nob lane Pontiac MI US
6353899566,2017-11-02 16:16,https://detroit.craigslist.org/okl/apa/d/commuters-dream/6353899566.html,Commuter's Dream,695,Auburn Hills,1,720,1,42.679451,-83.253344,10,1510 nob lane Pontiac MI US
6353956867,2017-11-02 16:16,https://detroit.craigslist.org/okl/apa/d/enjoy-your-surroundings-your/6353956867.html,Enjoy Your Surroundings & Your Home,825,Auburn Hills,2,915,1.5,42.679451,-83.253344,10,1510 nob lane Pontiac MI US
6339533340,2017-11-02 16:19,https://detroit.craigslist.org/mcb/apa/d/fall-into-saving-1-bdrm-for/6339533340.html,FALL INTO SAVING$$ 1 BDRM FOR $705 EASTBROOKE APTS,705,Warren,1,650,1,42.521451,-83.004854,10,11894 E 13 Mile Rd warren MI US
6360761803,2017-11-02 16:18,https://detroit.craigslist.org/mcb/apa/d/time-to-ave-before-the-winter/6360761803.html,Time to $ave before the winter set in!! Eastbrooke Apartments $ave Now,705,Warren,1,650,1,42.521451,-83.004854,10,11894 E 13 Mile Rd Warren MI US
6371179213,2017-11-02 16:18,https://detroit.craigslist.org/okl/apa/d/moving-with-roommate-call-ask/6371179213.html,Moving With A Roommate? Call & Ask HOW To Save $650!,1095,Royal Oak,2,1200,1,42.466200,-83.184000,22,10811 W Ten Mile Rd Oak Park MI US
6335300251,2017-11-02 16:18,https://detroit.craigslist.org/mcb/apa/d/fall-into-saving-1-bdrm-for/6335300251.html,FALL INTO SAVING$$ 1 BDRM FOR $705 EASTBROOKE APTS,705,Warren,1,650,1,42.521451,-83.004854,10,11894 E 13 Mile Rd Warren MI US
6359192087,2017-11-02 16:17,https://detroit.craigslist.org/okl/apa/d/pre-leasing-today-for-november/6359192087.html,Pre-Leasing TODAY For November,695,,1,720,1,42.668000,-83.289300,22,
6357388876,2017-11-02 16:17,https://detroit.craigslist.org/okl/apa/d/shake-hands-get-keys-move-in/6357388876.html,"Shake Hands, Get Keys, & Move-In Today",695,Pontiac,1,715,1,42.679451,-83.253344,10,1510 nob lane Pontiac MI US
6353899566,2017-11-02 16:16,https://detroit.craigslist.org/okl/apa/d/commuters-dream/6353899566.html,Commuter's Dream,695,Auburn Hills,1,720,1,42.679451,-83.253344,10,1510 nob lane Pontiac MI US
6353956867,2017-11-02 16:16,https://detroit.craigslist.org/okl/apa/d/enjoy-your-surroundings-your/6353956867.html,Enjoy Your Surroundings & Your Home,825,Auburn Hills,2,915,1.5,42.679451,-83.253344,10,1510 nob lane Pontiac MI US
6353908920,2017-11-02 16:16,https://detroit.craigslist.org/okl/apa/d/where-excellence-convenience/6353908920.html,Where Excellence & Convenience Meet,825,Auburn Hills,2,915,1.5,42.679451,-83.253344,10,1510 nob lane Pontiac MI US
6357449106,2017-11-02 16:16,https://detroit.craigslist.org/okl/apa/d/fall-in-love-with-your-new/6357449106.html,Fall In Love With Your New HOME,695,Auburn Hills,1,720,1,42.679451,-83.253344,10,1510 nob lane Pontiac MI US
6357432602,2017-11-02 16:16,https://detroit.craigslist.org/okl/apa/d/live-in-luxury-at-club-one/6357432602.html,Live In Luxury At Club One,825,Auburn Hills,2,915,1.5,42.679451,-83.253344,10,1510 nob lane Pontiac MI US
6357393508,2017-11-02 16:16,https://detroit.craigslist.org/okl/apa/d/dont-let-the-rain-stop-you/6357393508.html,Don't Let The Rain Stop You!!!,825,Pontiac,2,915,1.5,42.679451,-83.253344,10,1510 nob lane Pontiac MI US
6357451735,2017-11-02 16:16,https://detroit.craigslist.org/okl/apa/d/club-one/6357451735.html,Club One,695,Auburn Hills,1,720,1,42.679451,-83.253344,10,1510 nob lane Pontiac MI US
6359189705,2017-11-02 16:16,https://detroit.craigslist.org/okl/apa/d/home-sweet-home/6359189705.html,Home Sweet Home,825,,2,915,1.5,42.679451,-83.253344,10,1510 nob lane Pontiac MI US
6353976329,2017-11-02 16:16,https://detroit.craigslist.org/okl/apa/d/so-much-fall-beauty-outside/6353976329.html,"So Much Fall Beauty Outside, So Much Comfort Inside",695,Auburn Hills,1,720,1,42.679451,-83.253344,10,1510 nob lane Pontiac MI US
6353952185,2017-11-02 16:16,https://detroit.craigslist.org/okl/apa/d/spacious-modern-living/6353952185.html,Spacious Modern Living,825,,2,915,1.5,42.679451,-83.253344,10,1510 nob lane Pontiac MI US
6364805735,2017-11-02 16:15,https://detroit.craigslist.org/okl/apa/d/30000-off-november/6364805735.html,$300.00 OFF November,825,Auburn Hills,2,915,1.5,,,,
6357368523,2017-11-02 16:15,https://detroit.craigslist.org/okl/apa/d/location-location-location/6357368523.html,"Location Location, Location",695,Auburn Hills,1,915,1,42.679451,-83.253344,10,1510 nob lane Pontiac MI US
6364802136,2017-11-02 16:15,https://detroit.craigslist.org/okl/apa/d/near-gm-chryler-oakland/6364802136.html,"Near GM, Chryler, & Oakland University",695,Auburn Hills,1,720,1,42.679451,-83.253344,10,1510 Nob Ln pontiac MI US
6357445254,2017-11-02 16:15,https://detroit.craigslist.org/okl/apa/d/mirror-mirror-on-the-wall/6357445254.html,"Mirror, Mirror, On The Wall... CLUB ONE Is The Best Place To Call Home",825,Auburn Hills,2,915,1.5,42.679451,-83.253344,10,1510 nob lane Pontiac MI US
6359158755,2017-11-02 16:15,https://detroit.craigslist.org/okl/apa/d/club-one-making-720-square/6359158755.html,Club One Making 720 Square Feet Into A Home,695,,1,720,1,42.679451,-83.253344,10,1510 nob lane Pontiac MI US
6353918279,2017-11-02 16:15,https://detroit.craigslist.org/okl/apa/d/discover-club-one-living/6353918279.html,Discover Club One Living,825,Auburn Hills,2,915,1.5,42.679451,-83.253344,10,1510 nob lane Pontiac MI US
6358992760,2017-11-02 16:15,https://detroit.craigslist.org/okl/apa/d/club-one-your-home/6358992760.html,Club One Your Home,825,Auburn Hills,2,915,1.5,42.679451,-83.253344,10,1510 nob lane Pontiac MI US
6359046169,2017-11-02 16:15,https://detroit.craigslist.org/okl/apa/d/closets-closets-closets/6359046169.html,"Closets, Closets, Closets",695,Pontiac,1,720,1,42.679451,-83.253344,10,1510 nob lane Pontiac MI US
6371173985,2017-11-02 16:15,https://detroit.craigslist.org/okl/apa/d/main-street-condo-in-royal-oak/6371173985.html,Main Street Condo in Royal Oak,2900,Royal Oak,3,1870,2,42.477590,-83.144514,10,161 Allenhurst Avenue Royal Oak MI US
6359012006,2017-11-02 16:15,https://detroit.craigslist.org/okl/apa/d/weather-is-changing-move-in/6359012006.html,Weather is Changing .... Move-In Before It Snows,695,Lake Orion,1,720,1,42.679451,-83.253344,10,1510 nob lane Pontiac MI US
6353972266,2017-11-02 16:15,https://detroit.craigslist.org/okl/apa/d/rake-in-the-fall-savings-with/6353972266.html,Rake In The Fall Savings With Your New HOME,825,Auburn Hills,2,915,1.5,42.679451,-83.253344,10,1510 nob lane Pontiac MI US
6353914466,2017-11-02 16:15,https://detroit.craigslist.org/okl/apa/d/spacious-design-smartly/6353914466.html,"Spacious Design, Smartly Priced, Ready For MOVE-IN",695,Auburn Hills,1,720,1,42.679451,-83.253344,10,1510 nob lane Pontiac MI US
6364808150,2017-11-02 16:15,https://detroit.craigslist.org/okl/apa/d/move-in-today/6364808150.html,Move In Today,695,Auburn Hills,1,720,1,,,,
6357438499,2017-11-02 16:14,https://detroit.craigslist.org/okl/apa/d/free-free-free/6357438499.html,"FREE, FREE, FREE",695,Pontiac,1,720,1,42.679451,-83.253344,10,1510 nob lane Pontiac MI US
6371173112,2017-11-02 16:14,https://detroit.craigslist.org/mcb/apa/d/we-have-secluded-2-bed-2-bath/6371173112.html,We have Secluded 2 bed 2 bath upper level!!!,893,5571-202,2,942,2,42.561745,-83.049874,10,36505 Northview Blvd Sterling Heights MI US
6359158352,2017-11-02 16:11,https://detroit.craigslist.org/wyn/apa/d/now-leasing-2-bed-rooms-call/6359158352.html,"now leasing 2 bed rooms,  call ELEANA Today ask about $500 deal!",725,Westland,2,850,1,42.335800,-83.384600,22,1673 Westland MI US
6371168592,2017-11-02 16:11,https://detroit.craigslist.org/okl/apa/d/3-br-25-ba-condo-in-troy/6371168592.html,"3 BR, 2.5 BA Condo in Troy",2350,"Troy, MI",3,2236,2.5,42.600600,-83.119800,22,1249 Alameda Troy MI US
6371165889,2017-11-02 16:09,https://detroit.craigslist.org/wyn/apa/d/get-in-here-we-have-the/6371165889.html,Get In HERE !!! We have the perfect 1BR at Newburgh Square Apartments,798,Westland,1,650,1,42.348208,-83.411489,10,37670 Dale Drive Westland MI US
6360967869,2017-11-02 16:08,https://detroit.craigslist.org/wyn/apa/d/newport-completely-updated-2/6360967869.html,Newport- Completely Updated 2 Bed 1 Bath 1st Floor Apartment!!,565,Newport,1,0,1,41.995605,-83.360009,7,8380 N. Telegraph Rd. Newport MI US
6362140957,2017-11-02 16:08,https://detroit.craigslist.org/mcb/apa/d/spacious-2-and-3-bedroom-town/6362140957.html,Spacious 2 and 3 Bedroom Town Houses,1,Taylor,3,1114,1,,,,
6366929802,2017-11-02 16:07,https://detroit.craigslist.org/mcb/apa/d/beautiful-fully-reconstructed/6366929802.html,"♑ Beautiful, fully reconstructed single family 'home for ɍeŋt!",400,detroit,3,0,2,42.347400,-83.060400,22,
6359508648,2017-11-02 16:05,https://detroit.craigslist.org/wyn/apa/d/join-us-here-at-willow-creek/6359508648.html,Join us here at Willow Creek!!! 2 bed NOW $725!! APPLY TODAY!,725,Westland,2,850,1,42.335800,-83.384600,22,1673 Westland MI US
6362130370,2017-11-02 16:03,https://detroit.craigslist.org/okl/apa/d/beautiful-2-and-3-bedroom/6362130370.html,Beautiful 2 and 3 Bedroom Town Houses Close to all your shopping needs,1,Taylor,3,1114,1,,,,
6371155743,2017-11-02 16:02,https://detroit.craigslist.org/okl/apa/d/125-tecumseh-clawson-for-rent/6371155743.html,"125 Tecumseh, Clawson For Rent! 1 Block off Main ST. $1300 per month",1300,125 Tecumseh,3,980,1,42.536500,-83.150300,22,125 Tecumseh Clawson MI US
6353902492,2017-11-02 16:01,https://detroit.craigslist.org/mcb/apa/d/2-and-3-bedroom-income-based/6353902492.html,2 and 3 Bedroom Income Based Town Houses,1,Taylor,2,1114,1,,,,
