pid,dt,url,title,price,neighb,beds,sqft,baths,lat,lng,accuracy,address
6366814524,2017-11-02 16:58,https://duluth.craigslist.org/apa/d/remarkeable-value-unbeatable/6366814524.html,"Remarkeable Value, Unbeatable Location! FREE 1st Month-ask how!",1010,Mt. Iron,3,1160,2,47.513300,-92.624300,22,
6366877468,2017-11-02 16:57,https://duluth.craigslist.org/apa/d/open-pass-through-kitchen/6366877468.html,"Open pass through Kitchen, Custom cabinetry! Walk in closet !",900,Mt. Iron,2,928,1,47.513300,-92.624300,22,
6371306581,2017-11-02 16:50,https://duluth.craigslist.org/apa/d/now-taking-applications/6371306581.html,Now taking applications - Country home,1000,Cloquet Mn,3,0,1,,,,
6351635443,2017-11-02 16:45,https://duluth.craigslist.org/apa/d/furnished-studio-utilities/6351635443.html,FURNISHED STUDIO  UTILITIES INCLUDED,775,MOOSE LAKE,0,730,1,46.472862,-92.684097,5,SOUTH LAKE ROAD at CTY 13 MOOSE LAKE MN US
6364740683,2017-11-02 16:36,https://duluth.craigslist.org/apa/d/2br-apt-600-all-utilities/6364740683.html,2BR Apt $600 all utilities included,600,Gilbert,2,0,1,,,,
6352489921,2017-11-02 16:36,https://duluth.craigslist.org/apa/d/3br-apt-all-utilities-included/6352489921.html,3BR Apt all utilities included,800,Gilbert,3,0,1,,,,
6347653997,2017-11-02 16:33,https://duluth.craigslist.org/apa/d/clean-quiet-2-bdrm/6347653997.html,"CLEAN, QUIET, 2+ BDRM",950,WEST- Upper Spirit Valley,0,0,1,46.771500,-92.127900,22,Above 8th Street at Near 53rd Avenue West Duluth MN US
6347634376,2017-11-02 16:33,https://duluth.craigslist.org/apa/d/lincoln-prk-house-flexible/6347634376.html,"Lincoln Prk House, Flexible Movein",950,,3,0,1,46.771500,-92.127900,22,
6371269373,2017-11-02 16:22,https://duluth.craigslist.org/apa/d/all-the-comforts-of-home/6371269373.html,All the Comforts of Home without the Work! Lease special available!,1010,Mt. Iron,3,1160,3,47.513300,-92.624300,22,
6371099789,2017-11-02 16:13,https://duluth.craigslist.org/apa/d/excellent-perfectly-renovated/6371099789.html,"◉ Excellent, perfectly renovated single family home for ȑenŧ!",400,duluth,3,0,2,46.783300,-92.106600,22,
