pid,dt,url,title,price,neighb,beds,sqft,baths,lat,lng,accuracy,address
6371221986,2017-11-02 16:48,https://easternshore.craigslist.org/apa/d/university-village-sub-lease/6371221986.html,University Village-Sub Lease,515,"Salisbury, Md",4,0,4,38.382400,-75.633600,22,
6371186237,2017-11-02 16:42,https://easternshore.craigslist.org/apa/d/reduced-2br-1ba-condo-only/6371186237.html,"Reduced- 2BR/1BA Condo - only $775/month, water,sewer, trash included",775,"1008 Adams Ave, Unit 2-D",2,918,1,38.350800,-75.533800,22,
6355021022,2017-11-02 16:38,https://easternshore.craigslist.org/apa/d/modern-3-bedroom-in-brand-new/6355021022.html,:::::☖:::::Modern 3 Bedroom in a brand new building -:::::☖::::: Lau,500,:::::☖:::::eastern shore:::::☖:::::,3,1200,2,38.637100,-76.877800,22,
6355020891,2017-11-02 16:37,https://easternshore.craigslist.org/apa/d/modern-3-bedroom-in-brand-new/6355020891.html,:::::☖:::::Modern 3 Bedroom in a brand new building -:::::☖::::: Lau,500,:::::☖:::::eastern shore:::::☖:::::,3,1200,2,38.637100,-76.877800,22,
6355020916,2017-11-02 16:37,https://easternshore.craigslist.org/apa/d/modern-3-bedroom-in-brand-new/6355020916.html,:::::☖:::::Modern 3 Bedroom in a brand new building -:::::☖::::: Lau,500,:::::☖:::::eastern shore:::::☖:::::,3,1200,2,38.637100,-76.877800,22,
6371089544,2017-11-02 16:13,https://easternshore.craigslist.org/apa/d/huge-3br-25ba-gorgeous/6371089544.html,Huge 3BR/2.5BA Gorgeous Townhouse in desirable area !!!,1395,"1437 Hidden Meadow Lane, Salisbury, Md",3,1752,2.5,38.382400,-75.633600,22,
6371109096,2017-11-02 16:07,https://easternshore.craigslist.org/apa/d/reduced-charming-3br-15ba/6371109096.html,REDUCED: Charming 3BR/1.5BA home in desirable area..,1195,"354 Carey Ave., Salisbury, Md.",3,1334,1.5,38.350800,-75.533800,22,
6365386523,2017-11-02 16:02,https://easternshore.craigslist.org/apa/d/apartment-available/6365386523.html,Apartment available,600,Ridgely,1,0,1,38.945659,-75.885487,5,
