pid,dt,url,title,price,neighb,beds,sqft,baths,lat,lng,accuracy,address
6371290772,2017-11-02 16:54,https://easttexas.craigslist.org/apa/d/purchase-this-3-br-home-in/6371290772.html,Purchase This 3 BR Home in Shelby County with our Rent-to- Own!,1000,,0,0,,31.786500,-94.186900,22,
6371309833,2017-11-02 16:53,https://easttexas.craigslist.org/apa/d/pets-welcome-breed-and-weight/6371309833.html,"Pets Welcome (breed and weight restrictions apply), Courtesy Gate",629,longview,1,791,0,32.525100,-94.799000,22,1400 HG Mosley Pkwy Longview TX US
6371309631,2017-11-02 16:53,https://easttexas.craigslist.org/apa/d/looking-for-bigger-place-try/6371309631.html,"Looking for a Bigger Place, Try Us!!",815,SOUTH TYLER,1,944,2,32.285452,-95.312473,10,323 CHIMNEY ROCK DRIVE Tyler TX US
6341004627,2017-11-02 16:50,https://easttexas.craigslist.org/apa/d/tyler-house-for-lease-1350/6341004627.html,"S. Tyler house for lease $1,350 per month",1350,8124 Kevin,4,1930,1.5,32.275842,-95.302233,10,8126 Kevin dr. tyler TX US
6368554979,2017-11-02 16:22,https://easttexas.craigslist.org/apa/d/3-bed-2-bath-1-garage-1/6368554979.html,3 Bed 2 bath 1 garage 1 storage building,1175,303 Drake St,3,0,2,32.536247,-94.741253,10,303 Drake St Longview TX US
6368555199,2017-11-02 16:22,https://easttexas.craigslist.org/apa/d/3-bed-2-bath-1-garage-1/6368555199.html,3 Bed 2 bath 1 garage 1 storage building,1175,303 Drake St,3,0,2,32.536247,-94.741253,10,303 Drake St Longview TX US
6368555909,2017-11-02 16:22,https://easttexas.craigslist.org/apa/d/3-2-1-home-available-mid/6368555909.html,3/2/1 HOME AVAILABLE MID NOVEMBER,1175,303 Drake St,3,0,2,32.536247,-94.741253,10,303 Drake St Longview TX US
6368556114,2017-11-02 16:22,https://easttexas.craigslist.org/apa/d/3-2-1-home-available-mid/6368556114.html,3/2/1 HOME AVAILABLE MID NOVEMBER,1175,303 Drake St,3,0,2,32.536247,-94.741253,10,303 Drake St Longview TX US
6368557016,2017-11-02 16:21,https://easttexas.craigslist.org/apa/d/letourneau-students/6368557016.html,Letourneau Students!,750,Longview,0,0,,32.540366,-94.734228,22,616 City Center Way Longview TX US
6368574176,2017-11-02 16:21,https://easttexas.craigslist.org/apa/d/letourneau-students/6368574176.html,Letourneau Students!,750,Longview,0,0,,32.540366,-94.734228,22,616 City Center Way Longview TX US
6368574929,2017-11-02 16:21,https://easttexas.craigslist.org/apa/d/all-bills-paid-historic/6368574929.html,(ALL BILLS PAID) Historic Downtown Lofts,895,110 E Tyler St Longview Texas,1,0,1,32.495194,-94.740101,10,110 E Tyler St Longview TX US
6368578857,2017-11-02 16:21,https://easttexas.craigslist.org/apa/d/unique-downtown-lofts/6368578857.html,Unique Downtown Lofts,1175,115 E Tyler St Longview,1,0,1,32.495174,-94.740040,10,115 East Tyler St Longview TX US
6368579969,2017-11-02 16:21,https://easttexas.craigslist.org/apa/d/3-bed-2-bath-1-garage-1/6368579969.html,3 Bed 2 bath 1 garage 1 storage building,1175,303 Drake St,3,0,2,32.536247,-94.741253,10,303 Drake St Longview TX US
6371265798,2017-11-02 16:20,https://easttexas.craigslist.org/apa/d/3025-bernice-longview-texas/6371265798.html,"3025 Bernice  Longview, Texas",495,,2,0,1,32.525100,-94.799000,22,
6371258738,2017-11-02 16:19,https://easttexas.craigslist.org/apa/d/1-bedroom-with-pool-view/6371258738.html,1 BEDROOM WITH A POOL VIEW!,972,,1,0,1,,,,
6371260519,2017-11-02 16:16,https://easttexas.craigslist.org/apa/d/1010-maple-kilgore-texas/6371260519.html,1010 Maple Kilgore Texas,595,,1,0,1,32.383600,-94.865300,22,
6371259637,2017-11-02 16:15,https://easttexas.craigslist.org/apa/d/location-price-amenities/6371259637.html,LOCATION! PRICE! AMENITIES!,547,3700 McCann Road,1,500,1,,,,
6360405870,2017-11-02 16:12,https://easttexas.craigslist.org/apa/d/beautiful-home-huge-options/6360405870.html,Beautiful Home Huge Options available!,725,1102 S 46th St. Tyler,3,1250,2,32.325400,-95.292200,22,1102 S 46th St East TX US
6371247401,2017-11-02 16:06,https://easttexas.craigslist.org/apa/d/apply-today-and-enjoy-our/6371247401.html,APPLY TODAY AND ENJOY OUR AMAZING SPECIAL!,960,"Tyler, TX",3,1216,2,32.295332,-95.268850,10,2525 Shiloh Rd. Tyler TX US
6371241622,2017-11-02 16:02,https://easttexas.craigslist.org/apa/d/aspen-place-with-amazing/6371241622.html,Aspen Place with Amazing Speicals!,600,Tyler,0,445,,32.325400,-95.292200,22,2611 S. SE. Loop 323 Tyler TX US
6371241350,2017-11-02 16:02,https://easttexas.craigslist.org/apa/d/look-and-lease-today-special/6371241350.html,"Look and Lease TODAY, SPECIAL PROMO!!!",960,"Tyler, TX",3,1056,2,32.295332,-95.268850,10,2525 Shiloh Rd. Tyler TX US
