pid,dt,url,title,price,neighb,beds,sqft,baths,lat,lng,accuracy,address
6362020593,2017-11-02 17:00,https://eastnc.craigslist.org/apa/d/b-illiant-arrangement-for/6362020593.html,A B/*R/*ILLIANT arrangement for this STUNNING HOUSE,,tern eastern,0,0,,,,,
6362024767,2017-11-02 16:59,https://eastnc.craigslist.org/apa/d/appointed-house-for-leas/6362024767.html,appointed H`O`U`SE FOR LEAS,,ast/ast/ast,0,0,,,,,
6346324138,2017-11-02 16:38,https://eastnc.craigslist.org/apa/d/3-bedroom-15-bath-singlewide/6346324138.html,3 bedroom 1.5 bath singlewide $650.,650,chocowinity,3,0,1.5,35.504946,-77.136254,5,
6371170807,2017-11-02 16:13,https://eastnc.craigslist.org/apa/d/23-4-bedroom-apartments/6371170807.html,"2,3 & 4 Bedroom apartments available Newly renovated Immediate move-in",1,,4,0,1,35.120400,-76.984200,22,
6371154277,2017-11-02 16:10,https://eastnc.craigslist.org/apa/d/ceiling-fans-now-available/6371154277.html,"Ceiling Fans, Now Available, Professionally Managed",941,Wilson,2,1100,2,,,,
6371162717,2017-11-02 16:07,https://eastnc.craigslist.org/apa/d/100-income-based-apartments/6371162717.html,100% INCOME BASED APARTMENTS AVAILABLE IN NEW BERN,1,,4,0,1,35.120400,-76.984200,22,
6371161728,2017-11-02 16:06,https://eastnc.craigslist.org/apa/d/725-2br-2bath-1100sqft/6371161728.html,"$725 / 2br/2bath , 1100sqft Willoughby Park",725,"Greenville, NC",2,1100,2,35.566388,-77.384218,10,"129 W Victoria Ct Greenville, NC NC US"
