pid,dt,url,title,price,neighb,beds,sqft,baths,lat,lng,accuracy,address
6351468873,2017-11-02 16:49,https://eauclaire.craigslist.org/apa/d/southside-3-bdrm-town-home/6351468873.html,Southside 3 Bdrm Town Home - 4731 Fairfax,845,4731 Fairfax St,3,0,1,44.768547,-91.468157,10,4731 Fairfax Eau Claire WI US
6345837524,2017-11-02 16:12,https://eauclaire.craigslist.org/apa/d/januaryclose-to-stout/6345837524.html,"January 1, 2018 close to Stout University",350,Stout University,1,0,1,44.871800,-91.926500,22,
6366691608,2017-11-02 16:07,https://eauclaire.craigslist.org/apa/d/3-bedroom-townhouse-in-4-plex/6366691608.html,3 Bedroom Townhouse in a 4 plex 204 E. Wisconsin Street-Chippewa,735,"204 E. Wisconsin, Chippewa Falls",3,0,2,44.958700,-91.319500,22,
6348143680,2017-11-02 16:07,https://eauclaire.craigslist.org/apa/d/3-bedroom-available-now/6348143680.html,3 bedroom Available NOW!!,750,212 E. Wisconsin,3,1200,1.5,44.958700,-91.319500,22,
