pid,dt,url,title,price,neighb,beds,sqft,baths,lat,lng,accuracy,address
6371390721,2017-11-02 17:00,https://elpaso.craigslist.org/apa/d/apartments-available-in-el/6371390721.html,☺ Apartments available in El PasoBeach Volleyball Courts,854,"WESTSIDE, UTEP, SUNLAND PARK, SUNLAND",2,925,1,31.819744,-106.549495,5,945 South Mesa Hills Drive El Paso TX US
6343981277,2017-11-02 17:00,https://elpaso.craigslist.org/apa/d/6000-solar-starter-kit/6343981277.html,$6000 Solar Starter Kit,,,0,0,,,,,
6371389803,2017-11-02 16:59,https://elpaso.craigslist.org/apa/d/bella-estancias-is-happy/6371389803.html,Bella Estancias is Happy Living! Just be Bella with 1 month free rent!,897,Northeast,1,696,1,31.902100,-106.414900,22,
6371389014,2017-11-02 16:59,https://elpaso.craigslist.org/apa/d/we-have-what-you-need-2/6371389014.html,WE HAVE WHAT YOU NEED! 2 BEDROOMS TO MOVE IN TODAY 1 MONTH FREE!,,"BELLA ESTANCIAS,10800 McCOMBS, NORTHEAST",2,1129,2,31.902100,-106.414900,22,10800 Mc Combs El paso TX US
6371384091,2017-11-02 16:54,https://elpaso.craigslist.org/apa/d/lease-with-us-today-and-get/6371384091.html,LEASE WITH US TODAY AND GET FREE MOVIE GIFT CARD!!!,,"BELLA ESTANCIAS,10800 McCOMBS, NORTHEAST",2,1129,2,31.902100,-106.414900,22,10800 Mc Combs El paso TX US
6371383293,2017-11-02 16:54,https://elpaso.craigslist.org/apa/d/el-paso-apartment-living/6371383293.html,"֍ El Paso Apartment Living, Beach Volleyball Courts, Movie Theatre",699,"El Paso, Sunland, Westside,",1,538,1,31.819744,-106.549495,5,945 South Mesa Hills Drive El Paso TX US
6335169189,2017-11-02 16:52,https://elpaso.craigslist.org/apa/d/beautiful-upstairs-2-bedroom/6335169189.html,BEAUTIFUL UPSTAIRS 2 BEDROOM! CABLE INCLUDED! PRE LEASE IT TODAY!,565,LAKESIDE APARTMENTS- LOWER VALLEY,2,600,1,31.755620,-106.395876,10,112 little flower road  TX US
6371380255,2017-11-02 16:51,https://elpaso.craigslist.org/apa/d/apartamentos-2-3-recamaras/6371380255.html,"APARTAMENTOS 2 Y 3 RECAMARAS BONITAS, Y PRECIO ACCESIBLE!!!",599,Lower Valley(Padres Village,2,650,1,31.692622,-106.339136,10,270 Padres Avenue El Paso TX US
6371379956,2017-11-02 16:51,https://elpaso.craigslist.org/apa/d/2-bdrm-at-the-diplomat-with/6371379956.html,"2 Bdrm at The Diplomat with Amazing View, Pool, Steps to Downtown!",725,Sunset Heights,2,0,1.5,31.762488,-106.495262,15,W. Yandell at Corto Way El Paso TX US
6335182441,2017-11-02 16:51,https://elpaso.craigslist.org/apa/d/playground-laundry-rooms/6335182441.html,PLAYGROUND! LAUNDRY ROOMS! UPSTAIRS 2 BEDROOM! PRE LEASE IT TODAY!,565,EL PASO,2,600,1,31.755620,-106.395876,10,112 little flower road el paso TX US
6344629962,2017-11-02 16:49,https://elpaso.craigslist.org/apa/d/fall-in-love-with-our-amazing/6344629962.html,FALL IN LOVE WITH OUR AMAZING PRICES FOR A 2 BEDROOM APARTMENT! WOW!,565,"112 S LITTLE FLOWER ROAD, EL PASO TX,",2,600,1,31.755620,-106.395876,10,112 S LITTLE FLOWER RD EL PASO TX US
6371377740,2017-11-02 16:49,https://elpaso.craigslist.org/apa/d/how-would-you-like-to-be-the/6371377740.html,HOW WOULD YOU LIKE TO BE THE VERY FIRST TO LIVE IN YOUR LUXURY HOME?!,,"BELLA ESTANCIAS,10800 McCOMBS, NORTHEAST",2,1129,2,31.902100,-106.414900,22,10800 Mc Combs El paso TX US
6371348500,2017-11-02 16:46,https://elpaso.craigslist.org/apa/d/do-not-just-dream-but-live-in/6371348500.html,"DO NOT JUST DREAM, BUT LIVE IN YOUR NEW HOME TODAY!!!(EAST)",875,1523 VANDERBILT,3,1100,2.5,31.752489,-106.324490,10,1523 VANDERBILT EL PASO TX US
6371374538,2017-11-02 16:46,https://elpaso.craigslist.org/apa/d/cozy-up-in-this-amazing-home/6371374538.html,Cozy up in this AMAZING home!,505,,0,327,1,31.883162,-106.419262,10,9550 Dyer El Paso TX US
6371374299,2017-11-02 16:46,https://elpaso.craigslist.org/apa/d/blow-out-rates-are-back-call/6371374299.html,BLOW OUT RATES ARE BACK! CALL TO SCHEDULE A TOUR!!!!!!,929,"945 South Mesa Hills Drive, El Paso, TX 79912",3,1223,2,31.819744,-106.549495,5,945 South Mesa Hills Drive El Paso TX US
6371374218,2017-11-02 16:46,https://elpaso.craigslist.org/apa/d/blow-out-rates-are-back-call/6371374218.html,BLOW OUT RATES ARE BACK! CALL TO SCHEDULE A TOUR!!!!!,699,"945 South Mesa Hills Drive, El Paso, TX 79912",1,538,1,31.819744,-106.549495,5,945 South Mesa Hills Drive El Paso TX US
6371374142,2017-11-02 16:46,https://elpaso.craigslist.org/apa/d/blow-out-rates-are-back-call/6371374142.html,BLOW OUT RATES ARE BACK! CALL TO SCHEDULE A TOUR!!!,739,"945 South Mesa Hills Drive, El Paso, TX 79912",1,575,1,31.819744,-106.549495,5,945 South Mesa Hills Drive El Paso TX US
6368189863,2017-11-02 16:45,https://elpaso.craigslist.org/apa/d/visit-us-today-apply-for-free/6368189863.html,VISIT US TODAY-APPLY FOR FREE-MOVE IN NOW!,550,7696 ALAMEDA AVE LOWER VALLEY,1,600,1,31.733481,-106.367201,10,7696 ALAMEDA AVE EL PASO TX US
6371373161,2017-11-02 16:45,https://elpaso.craigslist.org/apa/d/apartment-available-in-el/6371373161.html,"֍ Apartment Available in El Paso, 48-hour Maintenance Commitment",699,"El Paso, Sunland, Westside,",1,538,1,31.819744,-106.549495,5,945 South Mesa Hills Drive El Paso TX US
6371372596,2017-11-02 16:45,https://elpaso.craigslist.org/apa/d/199-off-your-november-rentone/6371372596.html,$199 Off Your November Rent...One Bedroom For Immediate Move In!,1,THE MASTERS COMMUNITY,1,640,1,31.763207,-106.318856,10,1750 N. Lee Trevino El Paso TX US
6371372496,2017-11-02 16:45,https://elpaso.craigslist.org/apa/d/199-off-your-november-rentone/6371372496.html,$199 Off Your November Rent...One Bedroom For Immediate Move In!,1,THE MASTERS COMMUNITY,1,640,1,31.763207,-106.318856,10,1750 N. Lee Trevino El Paso TX US
6333914778,2017-11-02 16:45,https://elpaso.craigslist.org/apa/d/550-2-bedroom-1-bath-includes/6333914778.html,$550 2 BEDROOM 1 BATH-INCLUDES CABLE-FREE APPLICATION FEE-UPSTAIRS,550,7696 ALAMEDA AVE LOWER VALLEY,1,600,1,31.733481,-106.367201,10,7696 ALAMEDA AVE EL PASO TX US
6371372402,2017-11-02 16:44,https://elpaso.craigslist.org/apa/d/199-off-your-november-rentone/6371372402.html,$199 Off Your November Rent...One Bedroom For Immediate Move In!,1,THE MASTERS COMMUNITY,1,640,1,31.763207,-106.318856,10,1750 N. Lee Trevino El Paso TX US
6371372317,2017-11-02 16:44,https://elpaso.craigslist.org/apa/d/199-off-your-november-rentone/6371372317.html,$199 Off Your November Rent...One Bedroom For Immediate Move In!,1,THE MASTERS COMMUNITY,1,640,1,31.763207,-106.318856,10,1750 N. Lee Trevino El Paso TX US
6371372250,2017-11-02 16:44,https://elpaso.craigslist.org/apa/d/199-off-your-november-rentone/6371372250.html,$199 Off Your November Rent...One Bedroom For Immediate Move In!,1,THE MASTERS COMMUNITY,1,640,1,31.763207,-106.318856,10,1750 N. Lee Trevino El Paso TX US
6371371684,2017-11-02 16:44,https://elpaso.craigslist.org/apa/d/blow-out-rates-are-back-call/6371371684.html,BLOW OUT RATES ARE BACK! CALL TO SCHEDULE A TOUR!!,929,"945 South Mesa Hills Drive, El Paso, TX 79912",3,1223,2,31.819744,-106.549495,5,945 South Mesa Hills Drive El Paso TX US
6371371173,2017-11-02 16:43,https://elpaso.craigslist.org/apa/d/blow-out-rates-are-back-call/6371371173.html,BLOW OUT RATES ARE BACK! CALL TO SCHEDULE A TOUR!,1375,"945 South Mesa Hills Drive, El Paso, TX 79912",3,1689,2.5,31.819744,-106.549495,5,945 South Mesa Hills Drive El Paso TX US
6371368546,2017-11-02 16:41,https://elpaso.craigslist.org/apa/d/youll-fall-in-love-with-the/6371368546.html,You'll fall in LOVE with the VIEW! Rent Today! Convenient Location!,550,,1,418,1,31.882878,-106.418994,5,9550 Dyer El Paso TX US
6371344328,2017-11-02 16:41,https://elpaso.craigslist.org/apa/d/affordable-1-bedroom-100/6371344328.html,AFFORDABLE 1 BEDROOM! *$100 DEPOSIT*,565,Eastside,1,600,1,31.767700,-106.301600,22,
6371367705,2017-11-02 16:41,https://elpaso.craigslist.org/apa/d/free-november-rent-on-this/6371367705.html,FREE NOVEMBER RENT ON THIS SPACIOUS 2BR TOWNHOME! ONLY TODAY!!!,,Z PLACE AT 3334 ZION AND ALABAMA,2,900,1.5,31.849814,-106.455174,10,3334 ZION EL PASO TX US
6371366767,2017-11-02 16:40,https://elpaso.craigslist.org/apa/d/move-in-today-and-start/6371366767.html,MOVE IN TODAY AND START ENJOYING THE LUXURY LIFE!,560,NORTHEAST,2,850,1,31.877441,-106.417778,10,5249 Wren Ave El Paso TX US
6371366601,2017-11-02 16:40,https://elpaso.craigslist.org/apa/d/lease-before-nov-30-and/6371366601.html,Lease before Nov 30 and recieve first month's rent half off!,800,Pear Tree,2,1046,2,31.841023,-106.566785,10,222 bartlett dr El Paso TX US
6371366335,2017-11-02 16:39,https://elpaso.craigslist.org/apa/d/199-off-your-november-rentone/6371366335.html,$199 Off Your November Rent...One Bedroom For Immediate Move In!,1,THE MASTERS COMMUNITY,1,640,1,31.763207,-106.318856,10,1750 N. Lee Trevino El Paso TX US
6371366166,2017-11-02 16:39,https://elpaso.craigslist.org/apa/d/199-off-your-november-rentone/6371366166.html,$199 Off Your November Rent...One Bedroom For Immediate Move In!,1,THE MASTERS COMMUNITY,1,640,1,31.763207,-106.318856,10,1750 N. Lee Trevino El Paso TX US
6371366075,2017-11-02 16:39,https://elpaso.craigslist.org/apa/d/199-off-your-november-rentone/6371366075.html,$199 Off Your November Rent...One Bedroom For Immediate Move In!,1,THE MASTERS COMMUNITY,1,640,1,31.763207,-106.318856,10,1750 N. Lee Trevino El Paso TX US
6371365984,2017-11-02 16:39,https://elpaso.craigslist.org/apa/d/199-off-your-november-rentone/6371365984.html,$199 Off Your November Rent...One Bedroom For Immediate Move In!,1,THE MASTERS COMMUNITY,1,640,1,31.763207,-106.318856,10,1750 N. Lee Trevino El Paso TX US
6371365891,2017-11-02 16:39,https://elpaso.craigslist.org/apa/d/199-off-your-november-rentone/6371365891.html,$199 Off Your November Rent...One Bedroom For Immediate Move In!,1,THE MASTERS COMMUNITY,1,640,1,31.763207,-106.318856,10,1750 N. Lee Trevino El Paso TX US
6371364313,2017-11-02 16:38,https://elpaso.craigslist.org/apa/d/great-apartments-located-in/6371364313.html,"֍ Great apartments located in El Paso, Massage Studio, Playground Area",1029,"El Paso, Sunland, Westside,",3,1277,2,31.819744,-106.549495,5,945 South Mesa Hills Drive El Paso TX US
6371364299,2017-11-02 16:38,https://elpaso.craigslist.org/apa/d/apartments-as-big-as-your/6371364299.html,APARTMENTS AS BIG AS YOUR LIFE STYLE!!,,"BELLA ESTANCIAS,10800 McCOMBS, NORTHEAST",1,1129,1,31.902100,-106.414900,22,10800 Mc Combs El paso TX US
6371363845,2017-11-02 16:37,https://elpaso.craigslist.org/apa/d/apt-shopping-can-be-stressful/6371363845.html,APT SHOPPING CAN BE STRESSFUL BUT NOT WITH THESE UNBEATABLE PRICES!,,"11280 PEBBLE HILLS, EAST SIDE",1,651,1,31.767700,-106.301600,22,PEBBLE HILLS at GEORGE DIETER EL PASO TX US
6363461390,2017-11-02 16:35,https://elpaso.craigslist.org/apa/d/move-in-to-your-new-home-with/6363461390.html,MOVE IN TO YOUR NEW HOME WITH AN AMAZING VIEW!!!,560,5500 Confetti,1,600,1,31.817094,-106.517300,15,confetti at Festival El Paso TX US
6371361238,2017-11-02 16:35,https://elpaso.craigslist.org/apa/d/el-paso-apartment-homes-beach/6371361238.html,"֍ El Paso Apartment Homes, Beach Volleyball Courts, Spin Studio",944,"El Paso, Sunland, Westside,",2,1089,2,31.819744,-106.549495,5,945 South Mesa Hills Drive El Paso TX US
6371341592,2017-11-02 16:35,https://elpaso.craigslist.org/apa/d/2brs-great-location-on-rojas/6371341592.html,2BR's Great Location on Rojas! *100 DEPOSIT!*,625,Eastside,2,860,1,31.767700,-106.301600,22,
6371360790,2017-11-02 16:35,https://elpaso.craigslist.org/apa/d/now-offering-1-2-bedrooms/6371360790.html,NOW OFFERING 1 & 2 BEDROOMS!! DONT MISS OUT ON THIS AMAZING SPECIAL!!,,"BELLA ESTANCIAS,10800 McCOMBS, NORTHEAST",2,1129,2,31.902100,-106.414900,22,10800 Mc Combs El paso TX US
6341871586,2017-11-02 16:35,https://elpaso.craigslist.org/apa/d/move-in-special/6341871586.html,MOVE IN SPECIAL,560,7919 San Jose,2,675,1,31.734815,-106.358984,20,San Jose Rd. at north loop El Paso TX US
6333865736,2017-11-02 16:34,https://elpaso.craigslist.org/apa/d/move-in-special/6333865736.html,MOVE IN SPECIAL,550,7919 San Jose,2,675,1,31.743200,-106.368600,22,San Jose at north loop El Paso TX US
6371352364,2017-11-02 16:33,https://elpaso.craigslist.org/apa/d/talk-about-living-space-1-mth/6371352364.html,TALK ABOUT LIVING SPACE & 1 MTH FREE... COME & SEE WHAT ALL ABOUT,645,4554 HERCULES ATHENS GATE NORTHEAST,2,746,1,31.855156,-106.435483,10,4554 HERCULES EL PASO TX US
6341868401,2017-11-02 16:33,https://elpaso.craigslist.org/apa/d/move-in-special/6341868401.html,MOVE IN SPECIAL,685,5500 Confetti,2,696,1,31.817094,-106.517300,15,confetti at Festival El Paso TX US
6371358035,2017-11-02 16:32,https://elpaso.craigslist.org/apa/d/beautifull-day-to-stop-by-and/6371358035.html,BEAUTIFULL DAY TO STOP BY AND MOVE IN TO YOUR NEW HOME,560,NORTHEAST,2,850,1,31.877441,-106.417778,10,5249 Wren Ave El Paso TX US
6371357270,2017-11-02 16:32,https://elpaso.craigslist.org/apa/d/3-bedroom-duplex-free-water/6371357270.html,3 Bedroom Duplex- Free water,675,Westside,3,900,1,31.913410,-106.597552,5,7039 Third Canutillo TX US
6371357038,2017-11-02 16:31,https://elpaso.craigslist.org/apa/d/beautiful-view-spacious/6371357038.html,"BEAUTIFUL VIEW, SPACIOUS LIVING PLUS FREE CABLE AND INTERNET!!!",795,El Paso,2,1050,2,31.859896,-106.589822,10,210 W. Redd Road El Paso TX US
6371354370,2017-11-02 16:29,https://elpaso.craigslist.org/apa/d/the-temps-arent-the-only/6371354370.html,THE TEMPS AREN'T THE ONLY THINGS DROPPING AROUND HERE! STOP IN TODAY!,,"11280 PEBBLE HILLS, EAST SIDE",2,797,1,31.767700,-106.301600,22,PEBBLE HILLS at GEORGE DIETER EL PASO TX US
6371351990,2017-11-02 16:27,https://elpaso.craigslist.org/apa/d/2-bedroom-availbale-with/6371351990.html,2 BEDROOM AVAILBALE WITH WASHER AND DRYER CONNECTIONS! COME IN!*,675,TREVINO PLACE AT EDGEMERE,2,0,1,31.771800,-106.330300,22,
6371351980,2017-11-02 16:27,https://elpaso.craigslist.org/apa/d/el-paso-apartment-homes-beach/6371351980.html,"☺ El Paso Apartment Homes, Beach Volleyball Courts, Movie Theatre",854,"WESTSIDE, UTEP, SUNLAND PARK, SUNLAND",2,925,1,31.819744,-106.549495,5,945 South Mesa Hills Drive El Paso TX US
6371351341,2017-11-02 16:27,https://elpaso.craigslist.org/apa/d/come-pick-out-your-new-home/6371351341.html,COME PICK OUT YOUR NEW HOME TODAY!!! Las Torres Apartments,,,2,0,2,31.767700,-106.301600,22,
6371350636,2017-11-02 16:26,https://elpaso.craigslist.org/apa/d/beautiful-3bedroom-all/6371350636.html,Beautiful 3Bedroom ***ALL UTILITIES INCLUDED!,1000,,3,0,1.5,,,,
6371350252,2017-11-02 16:26,https://elpaso.craigslist.org/apa/d/199-off-your-november-rent/6371350252.html,$199 OFF YOUR NOVEMBER RENT! HURRY IN TODAY! =),1,the masters community,1,640,1,31.767700,-106.301600,22,
6340955173,2017-11-02 16:25,https://elpaso.craigslist.org/apa/d/take-advantage-of-our-amazing/6340955173.html,TAKE ADVANTAGE OF OUR AMAZING NEW DEALS! CALL TODAY TO PRELEASE APT!,565,"112 S LITTLE FLOWER RD, EL PASO TX",2,600,1,31.755620,-106.395876,10,112 little flower road EL PASO TX US
6371349242,2017-11-02 16:25,https://elpaso.craigslist.org/apa/d/199-off-your-november-rent/6371349242.html,$199 OFF YOUR NOVEMBER RENT! HURRY IN TODAY! =),1,the masters community,1,640,1,31.767700,-106.301600,22,
6371347980,2017-11-02 16:24,https://elpaso.craigslist.org/apa/d/199-off-your-november-rent/6371347980.html,$199 OFF YOUR NOVEMBER RENT! HURRY IN TODAY! =),1,the masters community,1,640,1,31.767700,-106.301600,22,
6371346688,2017-11-02 16:23,https://elpaso.craigslist.org/apa/d/today-is-the-day-save-money/6371346688.html,TODAY IS THE DAY! SAVE MONEY AND TIME! 1 BEDROOM AVAILABLE TODAY!,,"BELLA ESTANCIAS,10800 McCOMBS, NORTHEAST",1,696,1,31.902100,-106.414900,22,10800 Mc Combs El paso TX US
6371345809,2017-11-02 16:22,https://elpaso.craigslist.org/apa/d/199-off-your-november-rent/6371345809.html,$199 OFF YOUR NOVEMBER RENT! HURRY IN TODAY! =),1,the masters community,1,640,1,31.767700,-106.301600,22,
6371345334,2017-11-02 16:22,https://elpaso.craigslist.org/apa/d/you-and-your-pet-deserve-the/6371345334.html,"YOU AND YOUR PET DESERVE THE BEST, COME TAKE A TOUR OF YOUR NEW HOME!!",795,El Paso,2,1050,2,31.859896,-106.589822,10,210 W. Redd Road El Paso TX US
6371344454,2017-11-02 16:21,https://elpaso.craigslist.org/apa/d/your-new-apartment-home-in-el/6371344454.html,"֍ Your new apartment home in El Paso, Playground Area, Game Room",865,"El Paso, Sunland, Westside,",1,814,1,31.819744,-106.549495,5,945 South Mesa Hills Drive El Paso TX US
6333390180,2017-11-02 16:20,https://elpaso.craigslist.org/apa/d/townhouse-condo/6333390180.html,Townhouse/Condo,900,4614 N. Stanton Unit C19,2,0,2,,,,
6335286412,2017-11-02 16:19,https://elpaso.craigslist.org/apa/d/fall-in-love-with-our-amazing/6335286412.html,FALL IN LOVE WITH OUR AMAZING PRICES FOR A 2 BEDROOM APARTMENT! WOW!,565,"112 S LITTLE FLOWER RD, EL PASO TX",2,600,1,31.756473,-106.394958,10,112 little flower road el paso TX US
6363461390,2017-11-02 16:35,https://elpaso.craigslist.org/apa/d/move-in-to-your-new-home-with/6363461390.html,MOVE IN TO YOUR NEW HOME WITH AN AMAZING VIEW!!!,560,5500 Confetti,1,600,1,31.817094,-106.517300,15,confetti at Festival El Paso TX US
6371361238,2017-11-02 16:35,https://elpaso.craigslist.org/apa/d/el-paso-apartment-homes-beach/6371361238.html,"֍ El Paso Apartment Homes, Beach Volleyball Courts, Spin Studio",944,"El Paso, Sunland, Westside,",2,1089,2,31.819744,-106.549495,5,945 South Mesa Hills Drive El Paso TX US
6371341592,2017-11-02 16:35,https://elpaso.craigslist.org/apa/d/2brs-great-location-on-rojas/6371341592.html,2BR's Great Location on Rojas! *100 DEPOSIT!*,625,Eastside,2,860,1,31.767700,-106.301600,22,
6371360790,2017-11-02 16:35,https://elpaso.craigslist.org/apa/d/now-offering-1-2-bedrooms/6371360790.html,NOW OFFERING 1 & 2 BEDROOMS!! DONT MISS OUT ON THIS AMAZING SPECIAL!!,,"BELLA ESTANCIAS,10800 McCOMBS, NORTHEAST",2,1129,2,31.902100,-106.414900,22,10800 Mc Combs El paso TX US
6341871586,2017-11-02 16:35,https://elpaso.craigslist.org/apa/d/move-in-special/6341871586.html,MOVE IN SPECIAL,560,7919 San Jose,2,675,1,31.734815,-106.358984,20,San Jose Rd. at north loop El Paso TX US
6333865736,2017-11-02 16:34,https://elpaso.craigslist.org/apa/d/move-in-special/6333865736.html,MOVE IN SPECIAL,550,7919 San Jose,2,675,1,31.743200,-106.368600,22,San Jose at north loop El Paso TX US
6371352364,2017-11-02 16:33,https://elpaso.craigslist.org/apa/d/talk-about-living-space-1-mth/6371352364.html,TALK ABOUT LIVING SPACE & 1 MTH FREE... COME & SEE WHAT ALL ABOUT,645,4554 HERCULES ATHENS GATE NORTHEAST,2,746,1,31.855156,-106.435483,10,4554 HERCULES EL PASO TX US
6341868401,2017-11-02 16:33,https://elpaso.craigslist.org/apa/d/move-in-special/6341868401.html,MOVE IN SPECIAL,685,5500 Confetti,2,696,1,31.817094,-106.517300,15,confetti at Festival El Paso TX US
6371358035,2017-11-02 16:32,https://elpaso.craigslist.org/apa/d/beautifull-day-to-stop-by-and/6371358035.html,BEAUTIFULL DAY TO STOP BY AND MOVE IN TO YOUR NEW HOME,560,NORTHEAST,2,850,1,31.877441,-106.417778,10,5249 Wren Ave El Paso TX US
6371357270,2017-11-02 16:32,https://elpaso.craigslist.org/apa/d/3-bedroom-duplex-free-water/6371357270.html,3 Bedroom Duplex- Free water,675,Westside,3,900,1,31.913410,-106.597552,5,7039 Third Canutillo TX US
6371357038,2017-11-02 16:31,https://elpaso.craigslist.org/apa/d/beautiful-view-spacious/6371357038.html,"BEAUTIFUL VIEW, SPACIOUS LIVING PLUS FREE CABLE AND INTERNET!!!",795,El Paso,2,1050,2,31.859896,-106.589822,10,210 W. Redd Road El Paso TX US
6371354370,2017-11-02 16:29,https://elpaso.craigslist.org/apa/d/the-temps-arent-the-only/6371354370.html,THE TEMPS AREN'T THE ONLY THINGS DROPPING AROUND HERE! STOP IN TODAY!,,"11280 PEBBLE HILLS, EAST SIDE",2,797,1,31.767700,-106.301600,22,PEBBLE HILLS at GEORGE DIETER EL PASO TX US
6371351990,2017-11-02 16:27,https://elpaso.craigslist.org/apa/d/2-bedroom-availbale-with/6371351990.html,2 BEDROOM AVAILBALE WITH WASHER AND DRYER CONNECTIONS! COME IN!*,675,TREVINO PLACE AT EDGEMERE,2,0,1,31.771800,-106.330300,22,
6371351980,2017-11-02 16:27,https://elpaso.craigslist.org/apa/d/el-paso-apartment-homes-beach/6371351980.html,"☺ El Paso Apartment Homes, Beach Volleyball Courts, Movie Theatre",854,"WESTSIDE, UTEP, SUNLAND PARK, SUNLAND",2,925,1,31.819744,-106.549495,5,945 South Mesa Hills Drive El Paso TX US
6371351341,2017-11-02 16:27,https://elpaso.craigslist.org/apa/d/come-pick-out-your-new-home/6371351341.html,COME PICK OUT YOUR NEW HOME TODAY!!! Las Torres Apartments,,,2,0,2,31.767700,-106.301600,22,
6371350636,2017-11-02 16:26,https://elpaso.craigslist.org/apa/d/beautiful-3bedroom-all/6371350636.html,Beautiful 3Bedroom ***ALL UTILITIES INCLUDED!,1000,,3,0,1.5,,,,
6371350252,2017-11-02 16:26,https://elpaso.craigslist.org/apa/d/199-off-your-november-rent/6371350252.html,$199 OFF YOUR NOVEMBER RENT! HURRY IN TODAY! =),1,the masters community,1,640,1,31.767700,-106.301600,22,
6340955173,2017-11-02 16:25,https://elpaso.craigslist.org/apa/d/take-advantage-of-our-amazing/6340955173.html,TAKE ADVANTAGE OF OUR AMAZING NEW DEALS! CALL TODAY TO PRELEASE APT!,565,"112 S LITTLE FLOWER RD, EL PASO TX",2,600,1,31.755620,-106.395876,10,112 little flower road EL PASO TX US
6371349242,2017-11-02 16:25,https://elpaso.craigslist.org/apa/d/199-off-your-november-rent/6371349242.html,$199 OFF YOUR NOVEMBER RENT! HURRY IN TODAY! =),1,the masters community,1,640,1,31.767700,-106.301600,22,
6371347980,2017-11-02 16:24,https://elpaso.craigslist.org/apa/d/199-off-your-november-rent/6371347980.html,$199 OFF YOUR NOVEMBER RENT! HURRY IN TODAY! =),1,the masters community,1,640,1,31.767700,-106.301600,22,
6371346688,2017-11-02 16:23,https://elpaso.craigslist.org/apa/d/today-is-the-day-save-money/6371346688.html,TODAY IS THE DAY! SAVE MONEY AND TIME! 1 BEDROOM AVAILABLE TODAY!,,"BELLA ESTANCIAS,10800 McCOMBS, NORTHEAST",1,696,1,31.902100,-106.414900,22,10800 Mc Combs El paso TX US
6371345809,2017-11-02 16:22,https://elpaso.craigslist.org/apa/d/199-off-your-november-rent/6371345809.html,$199 OFF YOUR NOVEMBER RENT! HURRY IN TODAY! =),1,the masters community,1,640,1,31.767700,-106.301600,22,
6371345334,2017-11-02 16:22,https://elpaso.craigslist.org/apa/d/you-and-your-pet-deserve-the/6371345334.html,"YOU AND YOUR PET DESERVE THE BEST, COME TAKE A TOUR OF YOUR NEW HOME!!",795,El Paso,2,1050,2,31.859896,-106.589822,10,210 W. Redd Road El Paso TX US
6371344454,2017-11-02 16:21,https://elpaso.craigslist.org/apa/d/your-new-apartment-home-in-el/6371344454.html,"֍ Your new apartment home in El Paso, Playground Area, Game Room",865,"El Paso, Sunland, Westside,",1,814,1,31.819744,-106.549495,5,945 South Mesa Hills Drive El Paso TX US
6333390180,2017-11-02 16:20,https://elpaso.craigslist.org/apa/d/townhouse-condo/6333390180.html,Townhouse/Condo,900,4614 N. Stanton Unit C19,2,0,2,,,,
6335286412,2017-11-02 16:19,https://elpaso.craigslist.org/apa/d/fall-in-love-with-our-amazing/6335286412.html,FALL IN LOVE WITH OUR AMAZING PRICES FOR A 2 BEDROOM APARTMENT! WOW!,565,"112 S LITTLE FLOWER RD, EL PASO TX",2,600,1,31.756473,-106.394958,10,112 little flower road el paso TX US
6371341657,2017-11-02 16:19,https://elpaso.craigslist.org/apa/d/luxury-community-quality/6371341657.html,"LUXURY, COMMUNITY, QUALITY LIVING! IT ALL STARTS HERE!",,"BELLA ESTANCIAS,10800 McCOMBS, NORTHEAST",1,696,1,31.902100,-106.414900,22,10800 Mc Combs El paso TX US
6340969315,2017-11-02 16:18,https://elpaso.craigslist.org/apa/d/amazing-price-for-our-2/6340969315.html,AMAZING PRICE FOR OUR 2 BEDROOM APARTMENTS DONT LET THIS SLIP ON BY!!,565,"112 S LITTLE FLOWER RD, EL PASO TX",2,600,1,31.755620,-106.395876,10,112 little flower road EL PASO TX US
6349863811,2017-11-02 16:18,https://elpaso.craigslist.org/apa/d/come-see-what-our-amazing-2/6349863811.html,COME SEE WHAT OUR AMAZING 2 BEDROOM APARTMENTS HAVE TO OFFER! CALL NOW,565,"112 S LITTLE FLOWER ROAD , EL PASO TX",2,600,1,31.755620,-106.395876,10,112 little flower road el paso TX US
6371338955,2017-11-02 16:17,https://elpaso.craigslist.org/apa/d/2bedroom-available-for-move/6371338955.html,"2BEDROOM AVAILABLE FOR MOVE IN, W/D CONNECTIONS, AND PET FRIENDLY",675,TREVINO PLACE AT EDGEMERE,2,0,1,31.771800,-106.330300,22,
6371337366,2017-11-02 16:15,https://elpaso.craigslist.org/apa/d/199-off-your-november-rent/6371337366.html,$199 OFF YOUR NOVEMBER RENT! HURRY IN TODAY! =),1,the masters community,1,640,1,31.767700,-106.301600,22,
6371337071,2017-11-02 16:15,https://elpaso.craigslist.org/apa/d/come-in-and-see-why-were-the/6371337071.html,COME IN AND SEE WHY WE'RE THE BEST!!!,,"BELLA ESTANCIAS,10800 McCOMBS, NORTHEAST",1,696,1,31.902100,-106.414900,22,10800 Mc Combs El paso TX US
6371336658,2017-11-02 16:15,https://elpaso.craigslist.org/apa/d/beautiful-home-located-near/6371336658.html,BEAUTIFUL HOME LOCATED NEAR YOU!! (EAST),995,12537 ROBERT DAVID,3,1201,2,31.758056,-106.254831,10,12537 ROBERT DAVID EL PASO TX US
6371326140,2017-11-02 16:14,https://elpaso.craigslist.org/apa/d/holiday-savings-250-deposit/6371326140.html,HOLIDAY SAVINGS!... $250 DEPOSIT MOVES YOU IN...1 MONTH FREE,595,4554 HERCULES ATHENS GATE NORTHEAST,2,689,1,31.855156,-106.435483,10,4554 HERCULES EL PASO TX US
6371325784,2017-11-02 16:14,https://elpaso.craigslist.org/apa/d/1-bedroom-1-bath-available/6371325784.html,***1 BEDROOM 1 BATH AVAILABLE NOW*** $0 Deposit down!,750,1335 Pullman Dr,1,718,1,31.729132,-106.295447,10,1335 pullman dr. El Paso TX US
6357329023,2017-11-02 16:14,https://elpaso.craigslist.org/apa/d/condo-for-rent-available-now/6357329023.html,CONDO FOR RENT! AVAILABLE NOW!,575,"El Paso, TX",3,1125,2,,,,
6343875823,2017-11-02 16:13,https://elpaso.craigslist.org/apa/d/perfect-rental-available-today/6343875823.html,Perfect Rental Available Today***,600,El Paso,4,1250,2,,,,
6371335015,2017-11-02 16:13,https://elpaso.craigslist.org/apa/d/only-one-apartment-left-at/6371335015.html,ONLY ONE APARTMENT LEFT AT THIS AMAZING PRICE- Free Cable and Internet,795,El Paso,2,1050,2,31.859896,-106.589822,10,210 W. Redd Road El Paso TX US
6341081586,2017-11-02 16:13,https://elpaso.craigslist.org/apa/d/perfect-rental-available-today/6341081586.html,Perfect Rental Available Today,544,El Paso,4,1145,2,31.853300,-106.438100,22,
6371325073,2017-11-02 16:13,https://elpaso.craigslist.org/apa/d/2-bedroom-1-bath-available/6371325073.html,2 Bedroom 1 Bath - Available! *Northeast*,520,,2,0,1,31.853300,-106.438100,22,
6371334521,2017-11-02 16:13,https://elpaso.craigslist.org/apa/d/lowest-it-will-ever-be-2x2/6371334521.html,LOWEST IT WILL EVER BE! 2X2 FOR ONLY $690 W/ CABLE AND INTERNET,690,El Paso,2,0,2,31.823393,-106.507376,10,350 N. Festival El Paso TX US
6341079003,2017-11-02 16:13,https://elpaso.craigslist.org/apa/d/perfect-rental-available-today/6341079003.html,Perfect Rental Available Today,700,El Paso,4,1500,2,,,,
6362654121,2017-11-02 16:12,https://elpaso.craigslist.org/apa/d/1-bed-1-bath-studio-house-for/6362654121.html,"1 Bed, 1 Bath Studio House for Rent",460,Central,1,450,1,,,,
6371330607,2017-11-02 16:10,https://elpaso.craigslist.org/apa/d/come-get-your-alamo-tickets/6371330607.html,COME GET YOUR ALAMO TICKETS TO SEE A MOVIE TODAY! COME TAKE A TOUR!!,,"BELLA ESTANCIAS,10800 McCOMBS, NORTHEAST",1,696,1,31.902100,-106.414900,22,10800 Mc Combs El paso TX US
6371329566,2017-11-02 16:09,https://elpaso.craigslist.org/apa/d/1-br-you-will-fall-in-love/6371329566.html,1 BR YOU WILL FALL IN LOVE WITH!,550,,1,418,1,31.883162,-106.419262,10,9550 Dyer El Paso TX US
6371327603,2017-11-02 16:07,https://elpaso.craigslist.org/apa/d/how-great-is-to-live-at-lake/6371327603.html,How great is to live at Lake Fairway Apartment Homes,745,East Side,2,800,1,31.759178,-106.329522,10,1642 Lomaland EL PASO TX US
6371327191,2017-11-02 16:07,https://elpaso.craigslist.org/apa/d/2-brs-2-bth-great-location/6371327191.html,2 BR's/ 2 BTH - GREAT LOCATION!,720,,2,944,2,31.724809,-106.333237,5,
6371326854,2017-11-02 16:07,https://elpaso.craigslist.org/apa/d/2-bedroom-2-bath-available/6371326854.html,***2 BEDROOM 2 BATH AVAILABLE NOW*** $0 deposit!,924,1335 Pullman Dr,2,1000,2,31.729132,-106.295447,10,1335 pullman dr. El Paso TX US
6371326762,2017-11-02 16:06,https://elpaso.craigslist.org/apa/d/how-would-you-like-to-be-the/6371326762.html,HOW WOULD YOU LIKE TO BE THE VERY FIRST TO LIVE IN YOUR LUXURY HOME?!,,"BELLA ESTANCIAS,10800 McCOMBS, NORTHEAST",1,696,1,31.902100,-106.414900,22,10800 Mc Combs El paso TX US
6371326249,2017-11-02 16:06,https://elpaso.craigslist.org/apa/d/3-bedroom-2-bath-available/6371326249.html,***3 BEDROOM 2 BATH AVAILABLE NOW*** $0 deposit down,1120,1335 Pullman Dr,3,1200,2,31.729132,-106.295447,10,1335 pullman dr. El Paso TX US
6371325734,2017-11-02 16:06,https://elpaso.craigslist.org/apa/d/1-and-2-bedrooms-for/6371325734.html,1 AND 2 BEDROOMS FOR IMMEDIATE MOVE IN! $0 APPLICATION FEE,,VALLEY RIDGE,0,0,,31.755536,-106.301794,10,1650 GEORGE DIETER El Paso TX US
6371301641,2017-11-02 16:04,https://elpaso.craigslist.org/apa/d/looking-for-convenience-well/6371301641.html,LOOKING FOR CONVENIENCE? WELL LOOK NO FURTHER!,980,"West El Paso, 5001 N. Mesa",1,596,1,,,,
6371323621,2017-11-02 16:04,https://elpaso.craigslist.org/apa/d/studio-in-great-area-no/6371323621.html,►►STUDIO IN GREAT AREA. NO COMMUTE!◄◄,505,,0,327,1,31.883162,-106.419262,10,9550 Dyer El Paso TX US
6371322214,2017-11-02 16:03,https://elpaso.craigslist.org/apa/d/1-mth-free-refrigerated-air/6371322214.html,"1 MTH FREE, REFRIGERATED AIR, & REDUCED RATES!! 2 BEDROOM, 1 BATH",545,4554 HERCULES ATHENS GATE NORTHEAST,2,600,1,31.855156,-106.435483,10,4554 HERCULES EL PASO TX US
6371321386,2017-11-02 16:02,https://elpaso.craigslist.org/apa/d/1-months-rent-free-ask-us-how/6371321386.html,1 MONTHS RENT FREE ASK US HOW!!! 1 & 2 BEDROOMS AVAILABLE!!,,"BELLA ESTANCIAS,10800 McCOMBS, NORTHEAST",1,696,1,31.902100,-106.414900,22,10800 Mc Combs El paso TX US
6371320659,2017-11-02 16:02,https://elpaso.craigslist.org/apa/d/9538-charlestonfor-rent/6371320659.html,9538 Charleston 79924  for rent excellent totally remodeled home,850,Northeast,3,1800,1,31.874848,-106.416027,20,Charleston El Paso TX US
6371320265,2017-11-02 16:01,https://elpaso.craigslist.org/apa/d/move-in-specials-for/6371320265.html,MOVE IN SPECIALS FOR IMMEDIATE MOVE INS!!!!,,4011 Alabama Street,0,0,,31.812461,-106.465970,10,4011 ALABAMA EL PASO TX US
6371320024,2017-11-02 16:01,https://elpaso.craigslist.org/apa/d/blow-out-rates-are-back-and/6371320024.html,Blow out rates are back and better!!! Stop by for a tour!!!!!!!!,869,"945 South Mesa Hills Drive, El Paso, TX 79912",2,1009,2,31.819744,-106.549495,5,945 South Mesa Hills Drive El Paso TX US
6371319985,2017-11-02 16:01,https://elpaso.craigslist.org/apa/d/blow-out-rates-are-back-and/6371319985.html,Blow out rates are back and better!!! Stop by for a tour!!!!,850,"945 South Mesa Hills Drive, El Paso, TX 79912",1,734,1,31.819744,-106.549495,5,945 South Mesa Hills Drive El Paso TX US
6371319935,2017-11-02 16:01,https://elpaso.craigslist.org/apa/d/blow-out-rates-are-back-and/6371319935.html,Blow out rates are back and better! Stop by for a tour!!!!,854,"945 South Mesa Hills Drive, El Paso, TX 79912",2,925,1,31.819744,-106.549495,5,945 South Mesa Hills Drive El Paso TX US
