pid,dt,url,title,price,neighb,beds,sqft,baths,lat,lng,accuracy,address
6371239248,2017-11-02 17:00,https://erie.craigslist.org/apa/d/student-housing-large-4/6371239248.html,Student Housing Large 4 Bedroom Apt./ Furnished /off street parking,420,349 west 9th Erie Pa. Student Area,4,0,2,,,,
6371238796,2017-11-02 17:00,https://erie.craigslist.org/apa/d/mark-henry-student-housing/6371238796.html,Mark Henry  Student Housing Apartment for Rent in Erie PA,420,260 west 9th,2,0,1,42.113300,-80.097600,22,
6371069286,2017-11-02 16:40,https://erie.craigslist.org/apa/d/beautiful-location-3bed-2/6371069286.html,Beautiful Location 3bed /2 Bath House For You,400,BRAND+}NEW,3,1200,2,42.126500,-80.064000,22,
6371175568,2017-11-02 16:26,https://erie.craigslist.org/apa/d/3-beds-2-baths-1800-sqft-home/6371175568.html,3 BEDS 2 BATHS 1800 SQFT HOME,1000,"Erie, PA",0,0,,,,,
6364168475,2017-11-02 16:25,https://erie.craigslist.org/apa/d/millcreek-home-rent-to-own/6364168475.html,MILLCREEK HOME RENT TO OWN COZY & MOVE IN READY FOR YOU,1050,2906 ARCADIA AVE,3,1260,1,42.077678,-80.159827,10,2906 ARCADIA AVE Erie PA US
6358435508,2017-11-02 16:18,https://erie.craigslist.org/apa/d/pet-friendly-fully-fenced-3/6358435508.html,"Pet Friendly fully fenced-3 Bed/1 Bath, garage, sunroom  $975+Util.",975,1144 W 31st Street Erie PA,3,1131,1,42.097600,-80.093500,22,1144 Erie PA US
6371170451,2017-11-02 16:12,https://erie.craigslist.org/apa/d/3-bedroom-first-floor/6371170451.html,3 bedroom first floor,550,E22nd,3,0,0,42.119235,-80.063381,5,
6371069310,2017-11-02 16:12,https://erie.craigslist.org/apa/d/beautiful-location-3bed-2/6371069310.html,Beautiful Location 3bed /2 Bath House For You,400,BRAND+}NEW,3,1200,2,42.126500,-80.064000,22,
6371069207,2017-11-02 16:11,https://erie.craigslist.org/apa/d/beautiful-location-3bed-2/6371069207.html,Beautiful Location 3bed /2 Bath House For You,400,BRAND+}NEW,3,1200,2,42.126500,-80.064000,22,
