pid,dt,url,title,price,neighb,beds,sqft,baths,lat,lng,accuracy,address
6371433539,2017-11-02 16:39,https://eugene.craigslist.org/apa/d/penthouse-apartment-available/6371433539.html,Penthouse Apartment. Available in November.,2250,Midtown Eugene,2,1650,1.5,44.048247,-123.088232,10,1055 High Street Eugene OR US
6371428229,2017-11-02 16:34,https://eugene.craigslist.org/apa/d/right-around-the-corner-near/6371428229.html,"Right Around the Corner, Near Everywhere You Want to Be",950,Springfield,2,840,1,44.079508,-123.039386,5,3255 Gateway Street springfield OR US
6371423720,2017-11-02 16:30,https://eugene.craigslist.org/apa/d/962-east-18th-5-bed-3-story/6371423720.html,962 East 18th. -- 5 bed/3 story house - reduced rent!! Apply today!,2295,18th & Onyx,5,2000,3,44.038500,-123.061400,22,
6371422232,2017-11-02 16:28,https://eugene.craigslist.org/apa/d/rarely-available-floor-plan/6371422232.html,Rarely available floor plan! $99 Security Deposit Special!,985,Eugene,2,864,0,44.089126,-123.105579,10,4300 Goodpasture Loop Eugene OR US
6371420337,2017-11-02 16:26,https://eugene.craigslist.org/apa/d/step-away-from-everything/6371420337.html,A Step Away From Everything,850,Springfield,1,740,1,44.079493,-123.039322,5,3255 Gateway Street Springfield OR US
6371404689,2017-11-02 16:24,https://eugene.craigslist.org/apa/d/3-bdrm-2-bath-at-the-edge-of/6371404689.html,"3 bdrm, 2 bath at the edge of town!",1350,Cottage Grove,3,0,2,43.792457,-123.047884,5,799 Shields Lane Cottage Grove OR US
6371400690,2017-11-02 16:09,https://eugene.craigslist.org/apa/d/save-money-in-november-and/6371400690.html,Save money in NOVEMBER and enjoy the YEAR ROUND swimming pool,1550,Eugene,2,1028,2,44.093765,-123.060243,5,2850 Shadow View Dr Eugene OR US
6335288283,2017-11-02 16:08,https://eugene.craigslist.org/apa/d/dont-be-that-person-that/6335288283.html,Don't Be That Person That Misses Out On Great Specials! Tour Today!!,450,90 commons dr,4,1200,2,44.058991,-123.053690,10,90 commons dr Eugene OR US
