pid,dt,url,title,price,neighb,beds,sqft,baths,lat,lng,accuracy,address
6371303526,2017-11-02 16:48,https://evansville.craigslist.org/apa/d/one-bedroom-vaulted-ceiling/6371303526.html,One Bedroom ~ Vaulted Ceiling ~ Overlooking the Pool ~ Lease it Today,920,The Reserve Apartments,1,763,1,37.982295,-87.465935,5,East Virginia at Burkhardt Evansville IN US
6371261172,2017-11-02 16:16,https://evansville.craigslist.org/apa/d/proper-design-smartly-priced/6371261172.html,Proper Design. Smartly Priced. Ready for Move-In!,620,,2,0,1,38.061700,-87.554800,22,
6371259350,2017-11-02 16:15,https://evansville.craigslist.org/apa/d/planned-community-events/6371259350.html,"Planned Community Events, Fenced Garden Patio or Cafe Style Balcony",895,Ashley Pointe Apartments,2,1060,2,37.973504,-87.459609,10,410 Fuquay Rd Evansville IN US
6371222187,2017-11-02 16:13,https://evansville.craigslist.org/apa/d/commuters-dream-free-rent/6371222187.html,A Commuter's Dream!  FREE RENT OFFER ~ Call Us Today!,560,,2,0,1,38.061700,-87.554800,22,
6361803784,2017-11-02 16:03,https://evansville.craigslist.org/apa/d/awesome-move-in-special-call/6361803784.html,Awesome Move In Special!  Call Today!,600,,2,0,1,38.061700,-87.554800,22,
