pid,dt,url,title,price,neighb,beds,sqft,baths,lat,lng,accuracy,address
6338310447,2017-11-02 16:35,https://fargo.craigslist.org/apa/d/2-bdrm-apartment-for-rent/6338310447.html,2 Bdrm Apartment for rent,780,West Fargo,2,0,1,46.832688,-96.915636,5,32nd avenue south at 9th street west WEST FARGO ND US
6371264016,2017-11-02 16:30,https://fargo.craigslist.org/apa/d/3-bedroom-3-bathroom-townhome/6371264016.html,3 Bedroom 3 Bathroom Townhome Available December 1st in Moorhead,1250,,3,0,2.5,,,,
6371272059,2017-11-02 16:24,https://fargo.craigslist.org/apa/d/2bd-2bth-available-now-call/6371272059.html,2bd 2bth Available NOW!! CALL TODAY!! DEALS Waiting to Happen!!,1150,1951 N. Dakota Drive,2,1000,2,46.890170,-96.811641,20,1951 N. Dakota Drive Fargo ND US
6332300907,2017-11-02 16:23,https://fargo.craigslist.org/apa/d/2-bedroom-at-northwood/6332300907.html,2 BEDROOM AT NORTHWOOD COMMONS AVAILABLE RIGHT AWAY!! SPECIALS!!,750,1346 North Broadway#214,2,900,1,46.920900,-96.831800,22,
6363013485,2017-11-02 16:19,https://fargo.craigslist.org/apa/d/1-bedroom-495-south-fargo/6363013485.html,1 Bedroom $495 South Fargo,495,1538 27 Ave S Fargo,2,0,1,46.856400,-96.812300,0,
6371262615,2017-11-02 16:17,https://fargo.craigslist.org/apa/d/dog-friendly-nice-2bedroom/6371262615.html,DOG Friendly Nice 2Bedroom Townhouse 1 Bathroom,750,Meadowridge,2,1200,1,46.871458,-96.866112,5,4th Ave East West Fargo ND US
6342127022,2017-11-02 16:16,https://fargo.craigslist.org/apa/d/2-bedroom-available-right/6342127022.html,2 BEDROOM AVAILABLE RIGHT AWAY!!! ASK ABOUT OUR SPECIALS!!,750,1346 North Broadway #215,2,900,1,46.920900,-96.831800,22,
6368362873,2017-11-02 16:15,https://fargo.craigslist.org/apa/d/rent-this-apartment/6368362873.html,Rent THIS apartment,765,,0,0,,46.829077,-96.830578,5,
6362906649,2017-11-02 16:15,https://fargo.craigslist.org/apa/d/hey/6362906649.html,HEY!,750,,2,0,1,46.828959,-96.831093,7,
6371258832,2017-11-02 16:15,https://fargo.craigslist.org/apa/d/2-bedroom-575-south-fargo/6371258832.html,2 Bedroom $575 South Fargo with Balcony,575,1538 27 Ave S Fargo,2,0,1,46.856400,-96.812300,0,
6371244173,2017-11-02 16:11,https://fargo.craigslist.org/apa/d/cutters-grove-2-months-free/6371244173.html,Cutters Grove ~2 MONTHS FREE ~Washer/Dryer in Unit~ Great Location,745,Fargo,1,0,1,46.793200,-96.839700,22,4431 Calico Dr  ND US
6371253569,2017-11-02 16:11,https://fargo.craigslist.org/apa/d/three-different-2-bedroom/6371253569.html,Three different 2 bedroom apartment floor plans available.,685,703 31st Ave West,2,0,1,46.834127,-96.913662,7,
6371248818,2017-11-02 16:07,https://fargo.craigslist.org/apa/d/brentwood2-months-free-1/6371248818.html,Brentwood~2 MONTHS FREE 1 Bedroom/1Bathroom~Washer/Dryer in Unit,745,Fargo,1,0,1,46.864732,-96.808296,20,4310 10th Ave S  ND US
6371248086,2017-11-02 16:07,https://fargo.craigslist.org/apa/d/brentwood-2-months-free-2/6371248086.html,Brentwood - 2 MONTHS FREE ~2 Bedroom/2 Bathroom ~Washer/Dryer in Unit,850,Fargo,2,0,2,46.864732,-96.808296,20,4310 10th Ave S  ND US
6371246636,2017-11-02 16:06,https://fargo.craigslist.org/apa/d/woodstone-2-months-freegreat/6371246636.html,WOODSTONE ~2 MONTHS FREE~Great Location~Internet Paid,925,Fargo,2,0,2,46.793200,-96.839700,22,4393 Calico Dr  ND US
6371245205,2017-11-02 16:05,https://fargo.craigslist.org/apa/d/cutters-grove-2-months-free/6371245205.html,Cutters Grove- 2 MONTHS FREE ~Great Location/Washer/Dryer IN unit,875,Fargo,2,0,2,46.793200,-96.839700,22,4415 calico dr  ND US
6371244405,2017-11-02 16:04,https://fargo.craigslist.org/apa/d/get-out-of-the-apt-by/6371244405.html,"Get out of the Apt by Christmas!  Awesome 2 bedrm duplex,",825,605 17th St S. Fargo,2,0,1,46.868202,-96.809421,5,17th St S at 6th Ave. S Fargo ND US
6361746215,2017-11-02 16:02,https://fargo.craigslist.org/apa/d/must-see-gorgeous-3-4-bdrm/6361746215.html,▒ Must See! Gorgeous 3-4 Bdrm 'home for Ɍeŋt. Large Balcony!,400,fargo,3,0,2,46.920900,-96.831800,22,
