pid,dt,url,title,price,neighb,beds,sqft,baths,lat,lng,accuracy,address
6371257267,2017-11-02 16:56,https://fayar.craigslist.org/apa/d/condo-available-for-rent/6371257267.html,CONDO AVAILABLE FOR RENT,710,,3,1400,2,36.115066,-94.048911,22,
6351795446,2017-11-02 16:53,https://fayar.craigslist.org/apa/d/6br-4ba-3-car-garage-home-in/6351795446.html,6BR/4BA/3 Car Garage home in Willow Bend for rent,2600,"Willow Bend S/D, Springdale",6,4600,4,36.148906,-94.165245,22,Willow Bend at Carley Springdale AR US
6342360561,2017-11-02 16:43,https://fayar.craigslist.org/apa/d/beautiful-french-country/6342360561.html,Beautiful French Country Townhome with Garage,995,Rochester Circle,2,1400,2.5,36.151072,-94.147545,22,Rochester Circle at Chester St Springdale AR US
6371255130,2017-11-02 16:31,https://fayar.craigslist.org/apa/d/beautiful-rentals-available/6371255130.html,BEAUTIFUL RENTALS AVAILABLE NOW,700,,3,1200,2,36.115066,-94.048911,22,
6351581739,2017-11-02 16:27,https://fayar.craigslist.org/apa/d/1778-gregg-ave-2-2-bed/6351581739.html,1778 N Gregg Ave #2 | 2 bed Apartment,700,Fayetteville,2,1006,2,36.085714,-94.163926,5,N Gregg Ave at W Sycamore St Fayetteville AR US
6352348231,2017-11-02 16:27,https://fayar.craigslist.org/apa/d/tottenham-ct-2-bed-duplex/6352348231.html,S Tottenham Ct | 2 bed Duplex | Ready NOW!,950,Fayetteville,2,1300,2.5,,,,
6352358269,2017-11-02 16:27,https://fayar.craigslist.org/apa/d/2820-lakewood-dr-2-bed/6352358269.html,2820 W Lakewood Dr | 2 Bed Townhouse | Close to U of A Campus!,950,Fayetteville,2,1242,2.5,36.061346,-94.200296,5,W Lakewood Dr at S Slopeside Dr Fayetteville AR US
6352364217,2017-11-02 16:27,https://fayar.craigslist.org/apa/d/2225-deane-water-trash-paid/6352364217.html,2225 W Deane - WATER & TRASH PAID!!,925,Fayetteville,2,1200,2.5,36.086390,-94.190297,5,W Deane St Fayetteville AR US
6352367163,2017-11-02 16:26,https://fayar.craigslist.org/apa/d/2825-hillshire-dr-2-bed/6352367163.html,2825 W Hillshire Dr - 2 bed townhouse - Close to U of A campus!,950,Fayetteville,2,1242,2.5,36.061459,-94.200436,5,W Hillshire Dr Fayetteville AR US
6352388189,2017-11-02 16:25,https://fayar.craigslist.org/apa/d/228-olive-4-bed-house/6352388189.html,228 N OLIVE - 4 BED HOUSE,1400,Fayetteville,4,1350,2,36.065336,-94.151459,5,228 N Olive Ave Fayetteville AR US
6352472831,2017-11-02 16:25,https://fayar.craigslist.org/apa/d/2875-redstone-dr-2-bed-condo/6352472831.html,2875 W Redstone Dr | 2 bed Condo | Ready November!,950,Fayetteville,2,1100,2.5,36.061685,-94.200940,5,W Redstone Dr Fayetteville AR US
6371267148,2017-11-02 16:21,https://fayar.craigslist.org/apa/d/1-bedroom-1-bath-99-move-in/6371267148.html,1 bedroom 1 bath $99 move in special!!!,475,1706 Powell,1,0,1,36.171600,-94.042800,22,
