pid,dt,url,title,price,neighb,beds,sqft,baths,lat,lng,accuracy,address
6371361180,2017-11-02 16:31,https://flagstaff.craigslist.org/apa/d/3-room-3-bath-property/6371361180.html,3 Room 3 Bath Property,954,Jerome,3,1508,2,33.509700,-112.067800,22,
6355484777,2017-11-02 16:06,https://flagstaff.craigslist.org/apa/d/studio-apartment-close-to-nau/6355484777.html,"Studio Apartment Close to NAU, CCC, Shopping, Hiking, and More",999,"Flagstaff, AZ",0,450,1,35.162635,-111.657679,5,3720 South Yaqui Drive Flagstaff AZ US
6346012780,2017-11-02 16:05,https://flagstaff.craigslist.org/apa/d/studio-apartment-breakfast/6346012780.html,Studio Apartment w/ Breakfast Bar and Walk-In Closet,999,"Flagstaff, AZ",0,450,1,35.163105,-111.657314,5,3720 South Yaqui Drive Flagstaff AZ US
6371391829,2017-11-02 16:01,https://flagstaff.craigslist.org/apa/d/cozy-2-bedroom-2-bathroom/6371391829.html,Cozy 2 Bedroom 2 Bathroom Apartment Available NOW!!,1600,,2,1005,2,35.387623,-111.384791,22,5000 N. Mall Way Flagstaff AZ US
