pid,dt,url,title,price,neighb,beds,sqft,baths,lat,lng,accuracy,address
6371238632,2017-11-02 17:00,https://flint.craigslist.org/apa/d/reserve-for-2018-now-lock-in/6371238632.html,Reserve for 2018 Now! Lock in Your Rate! Best Choice of Availability!,809,5 Minutes From Downtown Fenton,2,800,2,42.805477,-83.738136,22,
6371237967,2017-11-02 16:59,https://flint.craigslist.org/apa/d/reserve-today-for-spring/6371237967.html,Reserve Today For Spring/Summer 2018 & Lock In Current Prices,1029,Silver Lake Rd and US-23,2,1375,2,42.805603,-83.738136,7,
6371221364,2017-11-02 16:58,https://flint.craigslist.org/apa/d/all-bills-paid-apartment/6371221364.html,All Bills Paid Apartment Available,685,3202 Western Rd,1,0,1,43.043469,-83.655414,10,3202 Western St Flint MI US
6371220798,2017-11-02 16:56,https://flint.craigslist.org/apa/d/newly-renovated-town-homes/6371220798.html,Newly Renovated Town Homes for Rent in Mt Morris!!!!,535,2027 Vanderbilt Ct.,2,0,0,43.116000,-83.689500,22,2027 Vanderbilt Court Mt Morris MI US
6371231702,2017-11-02 16:55,https://flint.craigslist.org/apa/d/550-2br-900ft2-550-students/6371231702.html,$550 / 2br - 900ft2 - $550 **STUDENTS WE WANT YOU**SPECIALS FOR ACTIVE,550,,2,900,2,43.012800,-83.691400,22,
6352283656,2017-11-02 16:47,https://flint.craigslist.org/apa/d/leasing-up-fast-for-november/6352283656.html,Leasing up fast for November & December!,750,The Villas,2,881,1.5,43.014313,-83.814783,5,7099 Granada Drive Flint MI US
6339438405,2017-11-02 16:47,https://flint.craigslist.org/apa/d/last-3-bedroom-townhome-hurry/6339438405.html,Last 3 Bedroom Townhome! Hurry in Today!,1065,The Villas,3,1800,1.5,43.014062,-83.815470,5,7099 Granada Drive Flint MI US
6333818997,2017-11-02 16:47,https://flint.craigslist.org/apa/d/love-where-you-live-leasing/6333818997.html,Love Where You Live! Leasing now for November & December!,750,The Villas,2,881,1.5,43.014187,-83.814611,5,7099 Granada Drive Flint MI US
6333840064,2017-11-02 16:47,https://flint.craigslist.org/apa/d/dont-settle-for-less-love/6333840064.html,Don't Settle For Less! Love Your Community and Home!,750,The Villas,2,881,1.5,43.014313,-83.814783,5,7099 Granada Drive Flint MI US
6352620604,2017-11-02 16:46,https://flint.craigslist.org/apa/d/huge-3-bedroom-townhouse-move/6352620604.html,Huge 3 bedroom townhouse! Move asap!,1065,The Villas,3,1800,1.5,43.014438,-83.814955,5,7099 Granada Drive Flint MI US
6341667694,2017-11-02 16:45,https://flint.craigslist.org/apa/d/raining-savings-today/6341667694.html,Raining Savings Today,750,The Villas,2,881,1,43.014313,-83.814526,5,7099 Granada Drive Flint MI US
6371212861,2017-11-02 16:42,https://flint.craigslist.org/apa/d/free-gas-utilities-heat-hot/6371212861.html,"Free Gas Utilities (Heat, Hot Water & Cooking), Play Park",705,,2,1515,1.5,43.011100,-83.803000,22,Beecher Rd. at Mill Rd. Flint Township MI US
6371171914,2017-11-02 16:25,https://flint.craigslist.org/apa/d/town-homes-ready-to-rent-in/6371171914.html,Town Homes Ready to Rent in a Brand New Community!!,585,,3,0,1,43.116000,-83.689500,22,2037 Vanderbilt Court Mt Morris MI US
6371169886,2017-11-02 16:22,https://flint.craigslist.org/apa/d/100-off-move-in-apply-today/6371169886.html,"★ $100 Off Move In, Apply TODAY! ★",1,,0,0,,42.804013,-83.738008,5,Silver Lake Road at Arbor Drive Fenton MI US
6371169786,2017-11-02 16:20,https://flint.craigslist.org/apa/d/1-bed-apartment-1-2-off-first/6371169786.html,1 Bed Apartment! 1/2 OFF FIRST MONTHS RENT!!!!!,550,1014 Stockton Flint MI 48503,1,0,1,43.008953,-83.693011,10,1014 Stockton Flint MI US
6351517441,2017-11-02 16:03,https://flint.craigslist.org/apa/d/large-home-25-bathrooms-4/6351517441.html,"Large Home, 2.5 bathrooms, 4 Bedrooms, Laundry on Site, Bonus Room",1687,Mount Morris Township,5,1484,2.5,,,,
