pid,dt,url,title,price,neighb,beds,sqft,baths,lat,lng,accuracy,address
6371239079,2017-11-02 17:00,https://fortwayne.craigslist.org/apa/d/free-rent-until-january3/6371239079.html,***FREE RENT UNTIL JANUARY***3 BEDROOMS STARTING AT $799***,799,Countryside Village,0,0,,41.146800,-85.206700,22,2320 washington center road fort wayne IN US
6371230872,2017-11-02 16:54,https://fortwayne.craigslist.org/apa/d/fall-into-your-new-home/6371230872.html,***FALL INTO YOUR NEW HOME TODAY***FREE RENT UNTIL JANUARY***,799,Countryside Village,0,0,,41.146800,-85.206700,22,2320 washington center road fort wayne IN US
6371219131,2017-11-02 16:53,https://fortwayne.craigslist.org/apa/d/100-maintenance-free-living/6371219131.html,100% Maintenance Free Living!,1189,Maplecrest,2,1294,2,41.130767,-85.063276,5,maplecrest at st joe center fort wayne IN US
6371225009,2017-11-02 16:50,https://fortwayne.craigslist.org/apa/d/going-going-goingget-it/6371225009.html,"Going, going, going......get it before it's gone!",621,Preston Pointe,1,770,1,41.071479,-85.248043,22,8075 Preston Pointe Drive Fort Wayne IN US
6371220347,2017-11-02 16:47,https://fortwayne.craigslist.org/apa/d/dont-let-this-opportunity-get/6371220347.html,***DON'T LET THIS OPPORTUNITY GET AWAY***NEW HOME***FREE RENT,749,Countryside Village,0,0,,41.146800,-85.206700,22,2320 washington center road fort wayne IN US
6333824852,2017-11-02 16:40,https://fortwayne.craigslist.org/apa/d/gorgeous-3-bedroom-coming/6333824852.html,GORGEOUS 3 BEDROOM COMING SOON! CALL US TODAY!,859,"Fort Wayne, IN",3,1248,2,41.067742,-85.189671,10,2034 Ardmore Ave. Fort Wayne IN US
6333811175,2017-11-02 16:39,https://fortwayne.craigslist.org/apa/d/spacious-3-bedroom-apartment/6333811175.html,SPACIOUS 3 BEDROOM APARTMENT HOME COMING SOON!,859,"Fort Wayne, IN",3,1248,2,41.067742,-85.189671,10,"2034 Ardmore Ave. Fort Wayne, IN IN US"
6333775636,2017-11-02 16:39,https://fortwayne.craigslist.org/apa/d/beautiful-3-bedroom-2-bath/6333775636.html,BEAUTIFUL 3 BEDROOM 2 BATH APARTMENT!! HURRY IN!!,859,2034 Ardmore Ave.,3,1248,2,41.067742,-85.189671,10,2034 Ardmore Ave. Fort Wayne IN US
6340631384,2017-11-02 16:33,https://fortwayne.craigslist.org/apa/d/west-edge-park-1012-bryan/6340631384.html,West Edge Park - 1012 Bryan,502,"Auburn, IN",3,840,1,41.374844,-85.076290,7,1012 Bryan Ave. Auburn IN US
6371199231,2017-11-02 16:32,https://fortwayne.craigslist.org/apa/d/winter-higher-utility-bills/6371199231.html,Winter = Higher Utility Bills? Not at Centennial Highlands by Redwood!,1424,11828 Diebold Rd.,2,1294,2,41.194931,-85.092030,5,Diebold at Frost Grass Fort Wayne IN US
6334881865,2017-11-02 16:12,https://fortwayne.craigslist.org/apa/d/well-kept-up-range-8-homes/6334881865.html,Well Kept up Range 8 Homes,600,fort wayne ,3,2250,2,41.141407,-85.190220,22,
6371123035,2017-11-02 16:03,https://fortwayne.craigslist.org/apa/d/new-home-homestead-schools/6371123035.html,"New Home Homestead Schools, Zero Down, Why Rent When You Can Own",825,13217 Magnolia Creek Trail,3,1372,2,41.076535,-85.310658,22,
6371099038,2017-11-02 16:01,https://fortwayne.craigslist.org/apa/d/host-your-holiday-gatherings/6371099038.html,Host your holiday gatherings at Atrium Village by Redwood.,1199,,2,1294,2,41.146500,-85.123200,22,1208 Cowen Place Fort Wayne IN US
