pid,dt,url,title,price,neighb,beds,sqft,baths,lat,lng,accuracy,address
6371390202,2017-11-02 17:00,https://fortcollins.craigslist.org/apa/d/beautiful-fort-collins/6371390202.html,"♥ Beautiful Fort Collins apartments, Picnic Area with Barbecue, Pantry",1275,"4470 South Lemay Avenue, Fort Collins, CO 80525",1,800,1,40.525465,-105.058032,5,4470 South Lemay Avenue Fort Collins CO US
6371378413,2017-11-02 16:58,https://fortcollins.craigslist.org/apa/d/first-floor-corner-apartment/6371378413.html,First Floor Corner Apartment Ready For Move-In! Call For A Tour!,1299,Ram's Crossing East,2,875,1,40.573489,-105.100732,10,1117 City Park Ave Fort Collins CO US
6371387865,2017-11-02 16:58,https://fortcollins.craigslist.org/apa/d/fort-collins-apartment-living/6371387865.html,"☆ Fort Collins Apartment Living, Spacious Walk-in Closets, Dishwasher",1175,"4470 South Lemay Avenue, Fort Collins, CO 80525",1,620,1,40.525465,-105.058032,5,4470 South Lemay Avenue Fort Collins CO US
6371384497,2017-11-02 16:55,https://fortcollins.craigslist.org/apa/d/spacious-floor-plans-club/6371384497.html,"Spacious Floor Plans, Club House, Ample Closet Space, Picnic Areas",1229,Fort Collins,2,750,1,40.576504,-105.096139,10,1113 West Plum St Fort Collins CO US
6371382533,2017-11-02 16:53,https://fortcollins.craigslist.org/apa/d/looking-for-one-bedroom/6371382533.html,Looking for a one bedroom available for immediate move in?  Call today,1049,Fort Collins,1,690,1,40.567260,-105.097208,10,1121 W Prospect Road Fort Collins CO US
6371381230,2017-11-02 16:52,https://fortcollins.craigslist.org/apa/d/washer-dryer-included-in-this/6371381230.html,Washer/Dryer Included in this two bedroom apartment!!,1307,1225 W. Prospect Rd.,2,820,1,40.564856,-105.099828,5,1225 W. Prospect Rd. Fort Collins CO US
6371380736,2017-11-02 16:52,https://fortcollins.craigslist.org/apa/d/fort-collins-apartment-homes/6371380736.html,"☺ Fort Collins Apartment Homes, Washer and Dryer in Apartment Home",1455,"4470 South Lemay Avenue, Fort Collins, CO 80525",2,1120,2,40.525465,-105.058032,5,4470 South Lemay Avenue Fort Collins CO US
6368848533,2017-11-02 16:51,https://fortcollins.craigslist.org/apa/d/gorgeous-area-new-community/6368848533.html,Gorgeous Area! New Community! West Greeley's Finest! 3 Bedroom 2 Bath!,1630,5770 29th Street,3,1288,2,40.389954,-104.773242,10,5770 29th Street Greeley CO US
6368853215,2017-11-02 16:50,https://fortcollins.craigslist.org/apa/d/excellence-and-perfection/6368853215.html,Excellence and Perfection-West Greeley's Hidden Oasis! Walk-In Closets,1630,Greeley,3,1288,2,40.389230,-104.774144,7,5770 29th Street Greeley CO US
6368846724,2017-11-02 16:50,https://fortcollins.craigslist.org/apa/d/stop-looking-start-living-at/6368846724.html,"Stop Looking, Start Living at The Reserve at West T-Bone! 3bd/2ba-Jan!",1630,Greeley,3,1288,2,40.389954,-104.773242,10,5770 29th Street Greeley CO US
6371378617,2017-11-02 16:50,https://fortcollins.craigslist.org/apa/d/spacious-apartments-in-fort/6371378617.html,"► Spacious apartments in Fort Collins, Fire Pit, Beautiful Landscaping",1425,"4470 South Lemay Avenue, Fort Collins, CO 80525",2,1000,2,40.525465,-105.058032,5,4470 South Lemay Avenue Fort Collins CO US
6371378555,2017-11-02 16:50,https://fortcollins.craigslist.org/apa/d/new-community-west-end/6371378555.html,New Community-West End Greeley-2 Bed 2 Bath-Walk-in Closets!!,1630,5770 29th Street,3,1288,2,40.389954,-104.773242,10,5770 29th Street Greeley CO US
6371378250,2017-11-02 16:49,https://fortcollins.craigslist.org/apa/d/fort-collins-apartment-living/6371378250.html,"☆ Fort Collins Apartment Living, Public Parks Nearby, Window Seats",915,Central Fort Collins,0,392,1,40.552544,-105.067515,5,700 East Drake Road Fort Collins CO US
6371378189,2017-11-02 16:49,https://fortcollins.craigslist.org/apa/d/spacious-apartments-in-fort/6371378189.html,"♥ Spacious apartments in Fort Collins, Dishwashers, Air Conditioning",1115,Central Fort Collins,1,598,1,40.552544,-105.067515,5,700 East Drake Road Fort Collins CO US
6371378093,2017-11-02 16:49,https://fortcollins.craigslist.org/apa/d/apartments-in-fort-collins/6371378093.html,"☀ Apartments in Fort Collins, Sparkling Swimming Pool, Window Seats",1195,Central Fort Collins,2,870,1,40.552544,-105.067515,5,700 East Drake Road Fort Collins CO US
6371378047,2017-11-02 16:49,https://fortcollins.craigslist.org/apa/d/fort-collins-apartment-living/6371378047.html,"❄ Fort Collins Apartment Living, Sparkling Swimming Pool, Loft Layout",915,Central Fort Collins,0,392,1,40.552544,-105.067515,5,700 East Drake Road Fort Collins CO US
6371378006,2017-11-02 16:49,https://fortcollins.craigslist.org/apa/d/fort-collins-apartment-homes/6371378006.html,"֍ Fort Collins Apartment Homes, Brand New Fitness Center, Loft Layout",1115,Central Fort Collins,1,598,1,40.552544,-105.067515,5,700 East Drake Road Fort Collins CO US
6363020926,2017-11-02 16:48,https://fortcollins.craigslist.org/apa/d/amazing-place-to-call-your/6363020926.html,AMAZING PLACE TO CALL YOUR NEXT HOME,500,"Fort Collins, CO",3,1200,3,40.598600,-105.058100,22,
6363028887,2017-11-02 16:47,https://fortcollins.craigslist.org/apa/d/perfect-rental-available-today/6363028887.html,PERFECT RENTAL AVAILABLE TODAY,530,"Fort Collins, CO",4,1400,2,40.598600,-105.058100,22,
6371375107,2017-11-02 16:47,https://fortcollins.craigslist.org/apa/d/stop-looking-start-living-at/6371375107.html,"Stop Looking, Start Living at The Reserve at West T-Bone! 3bd/2ba JAN",1630,Greeley,3,1288,2,40.389954,-104.773242,10,5770 29th Street Greeley CO US
6371374332,2017-11-02 16:46,https://fortcollins.craigslist.org/apa/d/1-bedroom-apt-in-high-rated/6371374332.html,1 Bedroom Apt in High Rated Community! Move In Ready Today!,1249,Loveland,1,899,1,40.438824,-105.075182,15,341 Knobcone Dr Loveland CO US
6371368355,2017-11-02 16:41,https://fortcollins.craigslist.org/apa/d/cozy-spacious-apt-right/6371368355.html,Cozy & Spacious Apt Right Across the Street from Bittersweet Park!,995,Greeley,2,850,1,40.416960,-104.734039,5,3322 West 13th Street Greeley CO US
6371345339,2017-11-02 16:41,https://fortcollins.craigslist.org/apa/d/put-down-deposits-and-move-in/6371345339.html,"Put down deposits and move in by 11/11 and save $500-Loveland,Co",1830,,3,1300,2,40.384900,-105.091600,22,
6371359905,2017-11-02 16:34,https://fortcollins.craigslist.org/apa/d/two-bedroom-two-bathroom/6371359905.html,"Two-Bedroom, Two-Bathroom Townhome with a Private Patio",967,"Fort Collins, CO",2,1100,2,40.597841,-105.033654,10,820 Merganser Dr. Fort Collins CO US
6371358540,2017-11-02 16:33,https://fortcollins.craigslist.org/apa/d/free-parking-internet-and/6371358540.html,"Free Parking, Internet and Fitness Center!",1299,Ram's Crossing East,2,875,1,40.573489,-105.100732,10,1117 City Park Ave Fort Collins CO US
6371356975,2017-11-02 16:31,https://fortcollins.craigslist.org/apa/d/elegantly-remodeled-with-huge/6371356975.html,"Elegantly Remodeled, With a Huge Patio. Don't Miss Out!",1299,Ram's Crossing East,2,875,1,40.573489,-105.100732,10,1117 City Park Ave Fort Collins CO US
6371344827,2017-11-02 16:30,https://fortcollins.craigslist.org/apa/d/resort-style-2x1-stunning/6371344827.html,Resort Style 2x1 W/Stunning Mountain Views!Very Last One(Loveland),1455,,2,1029,1,40.384900,-105.091600,22,
6371355041,2017-11-02 16:30,https://fortcollins.craigslist.org/apa/d/3-bdrm-2ba-beautiful-condo-in/6371355041.html,3 Bdrm-2Ba Beautiful condo in S. FC! Upgrades galore! Pets okay!,1725,"5151 E Boardwalk Dr. #K2 Ft. Collins, CO",3,1334,2,40.514435,-105.062352,5,5151 E. Boardwalk Dr. K2 Ft. Collins CO US
6371348264,2017-11-02 16:29,https://fortcollins.craigslist.org/apa/d/no-more-dragging-laundry/6371348264.html,"No More Dragging Laundry Around Town, W/D Included!",1183,Fort Collins,2,890,2,40.577716,-105.116179,5,Orchard Place at Taft Hill Road Fort Collins CO US
6371352573,2017-11-02 16:28,https://fortcollins.craigslist.org/apa/d/beautifully-landscaped-park/6371352573.html,Beautifully Landscaped Park-like Atmosphere Surround This One Bedroom,947,Central Fort Collins,1,632,1,40.564791,-105.053458,7,
6371350015,2017-11-02 16:26,https://fortcollins.craigslist.org/apa/d/dont-miss-out-on-reserving/6371350015.html,Don't Miss Out On Reserving Your Apartment for Next Year!!!,1229,Fort Collins,2,750,1,40.576504,-105.096139,10,1113 West Plum St Fort Collins CO US
6371349759,2017-11-02 16:25,https://fortcollins.craigslist.org/apa/d/upgraded-beauty-incredible/6371349759.html,Upgraded Beauty! Incredible Location and Amazing Amenities!,1334,Fort Collins,2,890,2,40.577700,-105.116587,5,Taft Hill Road at Orchard Place Fort Collins CO US
6371347678,2017-11-02 16:24,https://fortcollins.craigslist.org/apa/d/charming-2-bedroom-condo/6371347678.html,Charming 2 bedroom Condo avail 12/8,1250,3770 Ponderosa Ct #6-Evans,2,0,2,40.379426,-104.740359,20,Ponderosa Ct at 37th St Greeley CO US
6371343199,2017-11-02 16:20,https://fortcollins.craigslist.org/apa/d/awesome-condo-for-rent-2/6371343199.html,Awesome Condo for Rent-2 bedrooms,1200,Fort Collins,2,750,1,40.566784,-105.127210,20,Charleston at S. Taft Hill Fort Collins CO US
6371330180,2017-11-02 16:18,https://fortcollins.craigslist.org/apa/d/find-your-freedom-without/6371330180.html,"Find Your Freedom, Without Leaving Home.",1159,Fort Collins,2,878,2,40.559517,-105.046053,0,
6371339421,2017-11-02 16:17,https://fortcollins.craigslist.org/apa/d/lovely-1-bedroom-apartment/6371339421.html,Lovely 1 bedroom apartment avail 11/8,795,1515 7th Ave #205-Greeley,1,0,1,40.415644,-104.689116,15,7th Ave at 15th St Greeley CO US
6361011622,2017-11-02 16:12,https://fortcollins.craigslist.org/apa/d/seeking-bomb-ass-housemate/6361011622.html,Seeking a Bomb-Ass Housemate,740,"1906 Welch St. Fort Collins, CO",1,0,2.5,40.562500,-105.054489,10,1906 Welch St. Fort Collins CO US
6371331837,2017-11-02 16:11,https://fortcollins.craigslist.org/apa/d/life-just-got-beautiful-with/6371331837.html,"Life Just Got Beautiful With FREE Fitness, Tanning...Year Round!!!",1183,2155 Orchard Place,2,890,2,40.577667,-105.116630,5,Orchard Place at Taft Hill Road Fort Collins CO US
6371319371,2017-11-02 16:01,https://fortcollins.craigslist.org/apa/d/1-bedroom-rv-on-private/6371319371.html,1 bedroom RV on Private Property with Fenced yard~utilities included!,875,Loveland,1,0,1,,,,
