pid,dt,url,title,price,neighb,beds,sqft,baths,lat,lng,accuracy,address
6371317761,2017-11-02 16:59,https://fortsmith.craigslist.org/apa/d/house-for-rent-ft-smith/6371317761.html,house for rent (Ft. Smith),700,,3,2158,1,35.376419,-94.385648,5,
6371242431,2017-11-02 16:54,https://fortsmith.craigslist.org/apa/d/apartment-available/6371242431.html,APARTMENT AVAILABLE,700,,3,1400,2,35.385900,-94.398500,22,
6341677598,2017-11-02 16:47,https://fortsmith.craigslist.org/apa/d/great-locationcall-for-our/6341677598.html,Great Location!....Call for Our Move In special at Cedar Creek,550,Van Buren,2,750,1,35.454000,-94.327800,22,
6335140680,2017-11-02 16:47,https://fortsmith.craigslist.org/apa/d/beautiful-cedar-creek-garden/6335140680.html,Beautiful Cedar Creek Garden Homes,675,Van Buren,2,1224,1.5,35.454000,-94.327800,22,
6354335223,2017-11-02 16:47,https://fortsmith.craigslist.org/apa/d/cedar-creek-village-1-br-move/6354335223.html,Cedar Creek Village 1 Br *MOVE IN SPECIAL*,510,Van Buren,1,550,1,35.454000,-94.327800,22,
6371243869,2017-11-02 16:47,https://fortsmith.craigslist.org/apa/d/are-you-searching/6371243869.html,ARE YOU SEARCHING?,720,,3,1300,2,35.385900,-94.398500,22,
6371238657,2017-11-02 16:15,https://fortsmith.craigslist.org/apa/d/3-bedroom-2-bath/6371238657.html,3 bedroom 2 bath,600,,3,0,2,,,,
6371239918,2017-11-02 16:12,https://fortsmith.craigslist.org/apa/d/3-bedroom-15-bath/6371239918.html,3 bedroom 1.5 bath,675,,3,0,1.5,,,,
6371240227,2017-11-02 16:08,https://fortsmith.craigslist.org/apa/d/3-bedroom-1-bath/6371240227.html,3 bedroom 1 bath,650,,3,0,1,,,,
