pid,dt,url,title,price,neighb,beds,sqft,baths,lat,lng,accuracy,address
6371238474,2017-11-02 17:00,https://fortmyers.craigslist.org/col/apa/d/2-2-3rd-floor-condo-at/6371238474.html,2/2 3rd floor condo at Sandpiper Bay Club Available,1250,Naples,2,1100,2,26.126956,-81.780896,15,Sandpiper Bay Circle at Marlin Drive Naples FL US
6368364633,2017-11-02 16:58,https://fortmyers.craigslist.org/lee/apa/d/annual-rental-now-available/6368364633.html,ANNUAL RENTAL NOW AVAILABLE- HUNTINGTON LAKES IN NAPLES,1600,NAPLES,3,1400,2,26.266500,-81.714600,22,
6371234617,2017-11-02 16:57,https://fortmyers.craigslist.org/lee/apa/d/beautiful-apartment-with/6371234617.html,Beautiful Apartment with Washer & Dryer Huge Lanai with Storage,919,"Close to Downtown,FGCU,Gulf Beaches & Shopping",1,762,1,26.597224,-81.855480,5,2719 Colonial Blvd Fort Myers FL US
6371231873,2017-11-02 16:55,https://fortmyers.craigslist.org/col/apa/d/lakeviews-from-the-spa/6371231873.html,Lakeview's from the spa!,2199,Naples,3,2116,2,26.259993,-81.766326,22,
6371230330,2017-11-02 16:54,https://fortmyers.craigslist.org/col/apa/d/2x2-lake-view/6371230330.html,2x2 Lake View,1675,,2,0,2,,,,
6371179908,2017-11-02 16:51,https://fortmyers.craigslist.org/lee/apa/d/brand-new-big-beautiful-house/6371179908.html,"Brand new, Big beautiful House for rent",1350,,4,2070,2.5,26.649200,-81.616700,22,mercedes ct. at Richmond lehigh acres FL US
6371219195,2017-11-02 16:46,https://fortmyers.craigslist.org/lee/apa/d/where-convenience-meets-luxury/6371219195.html,Where Convenience Meets Luxury,1499,Fort Myers,2,1050,2,26.502500,-81.927600,22,5500 Spectra Cr. Fort Myers FL US
6371164693,2017-11-02 16:41,https://fortmyers.craigslist.org/lee/apa/d/what-are-the-holidays-without/6371164693.html,What are the Holidays without an Amazing Home to Spend Them In?,799,Shadow Lakes,3,1270,2,,,,
6371205290,2017-11-02 16:36,https://fortmyers.craigslist.org/lee/apa/d/exciting-game-room-effortless/6371205290.html,"Exciting Game Room, Effortless Parking, USB Port Compatible Outlets",1460,Cape Coral,2,1333,2,26.608229,-82.010657,5,2310 Southwest 17th Place Cape Coral FL US
6351458938,2017-11-02 16:30,https://fortmyers.craigslist.org/lee/apa/d/dont-rent-buy-this-home-for/6351458938.html,"Don't Rent.  Buy this home for $6,125 down. $1,200/month",1200,Cape Coral,3,0,0,,,,
6351345840,2017-11-02 16:30,https://fortmyers.craigslist.org/lee/apa/d/stop-paying-rent-buy-this/6351345840.html,"Stop paying rent.  Buy this home for $6,055 down and $1,200/month",1200,Cape Coral,3,0,0,,,,
6351303112,2017-11-02 16:30,https://fortmyers.craigslist.org/lee/apa/d/stop-paying-rent-buy-this/6351303112.html,"Stop Paying Rent.  Buy this home for $5,775 down and $1,200/month",1200,Lehigh,3,0,0,,,,
6371195492,2017-11-02 16:30,https://fortmyers.craigslist.org/lee/apa/d/1-bedroom-studio-apartment/6371195492.html,1 Bedroom Studio Apartment,660,San Carlos Park,1,0,1,26.472200,-81.812200,22,King Road West at Miami Blvd Fort Myers FL US
6351060107,2017-11-02 16:29,https://fortmyers.craigslist.org/lee/apa/d/dont-rent-buy-this-home-for/6351060107.html,"Don't Rent.  Buy this home for $5,950 down. $1200/month",1200,Cape Coral,3,0,0,,,,
6366166896,2017-11-02 16:29,https://fortmyers.craigslist.org/col/apa/d/lake-park-city-of-naples-4/6366166896.html,Lake Park City of Naples 4 bed 2 bath pool/spa,2500,1243 11th st n,4,0,2,26.163041,-81.796008,22,
6366167677,2017-11-02 16:29,https://fortmyers.craigslist.org/col/apa/d/city-of-naples-4-bed-2-bath/6366167677.html,City of Naples 4 Bed 2 Bath,2250,2681 13th St  N Naples Fl,4,0,2,26.178195,-81.793386,10,2681 13th st N Naples FL US
6366168271,2017-11-02 16:29,https://fortmyers.craigslist.org/col/apa/d/city-of-naples-4-bed-2-bath/6366168271.html,City of Naples 4 Bed 2 Bath,2250,2681 13th St  N Naples Fl,4,0,2,26.178195,-81.793386,10,2681 13th st N Naples FL US
6366166075,2017-11-02 16:28,https://fortmyers.craigslist.org/col/apa/d/lake-park-city-of-naples-4/6366166075.html,Lake Park City of Naples 4 bed 2 bath pool/spa,2500,1243 11th st n,4,0,2,26.163041,-81.796008,22,
6371125530,2017-11-02 16:27,https://fortmyers.craigslist.org/chl/apa/d/sophisticated-house-with/6371125530.html,Sophisticated house with large rooms. Three Bdrms Two Bathrm Place  Ot,1196,Granite Quarry,3,1951,2,35.485800,-80.794000,22,
6371191745,2017-11-02 16:27,https://fortmyers.craigslist.org/lee/apa/d/3-2-1-duplex-in-great/6371191745.html,"3/2/1 Duplex in great condition, brand new AC, vaulted ceilings, tile",1050,Lehigh Acres,3,1114,2,26.604779,-81.720128,5,735 Homer Ave S Lehigh Acres FL US
6350791497,2017-11-02 16:27,https://fortmyers.craigslist.org/col/apa/d/jan-and-march-available-near/6350791497.html,Jan and March available  near beach w garage,2600,Bonita Shores Collier Co.,1,0,1,26.327318,-81.827141,0,
6371188330,2017-11-02 16:25,https://fortmyers.craigslist.org/lee/apa/d/1-bedroom-studio-apartment/6371188330.html,1 Bedroom Studio Apartment,660,San Carlos Park,1,0,1,26.472200,-81.812200,22,King Road West at Miami Blvd Fort Myers FL US
6351174782,2017-11-02 16:18,https://fortmyers.craigslist.org/lee/apa/d/3-bed-2-bath-1-car-garage/6351174782.html,3 Bed 2 Bath 1 Car Garage,1480,Se cape,3,13500,2,26.596789,-81.959458,15,Se 30th st at Academy Cape coral FL US
6360232063,2017-11-02 16:18,https://fortmyers.craigslist.org/lee/apa/d/sw-cape-1400-sq-foot-home-3-2/6360232063.html,Sw Cape  1400 sq foot home 3/2/2,1450,Cape Coral,3,1400,2,26.555700,-82.020600,22,
6371178299,2017-11-02 16:18,https://fortmyers.craigslist.org/col/apa/d/the-perfect-place-to-call/6371178299.html,"The Perfect Place To Call Home. Comfortable, Warm & Friendly 2 BR!",840,Golden Gate,2,1050,2,26.187300,-81.711000,22,4700 Whistlers Green Circle Naples FL US
6342903520,2017-11-02 16:18,https://fortmyers.craigslist.org/col/apa/d/bayfront-at-vanderbilt-beach/6342903520.html,BAYFRONT AT VANDERBILT BEACH ANNUAL 2 2,2800,Chateau Vanderbilt,2,1221,2,26.254433,-81.818018,22,
6371153506,2017-11-02 16:15,https://fortmyers.craigslist.org/chl/apa/d/br-1828-ft-deep-creek/6371153506.html,"$1,720 /3 br-  1,828 ft- DEEP CREEK",1720,DEEP CREEK,3,1828,2,27.007400,-82.016300,22,Seasons Punta Gorda FL US
6371145685,2017-11-02 16:13,https://fortmyers.craigslist.org/col/apa/d/north-port-fl-condo-rental/6371145685.html,"NORTH PORT, FL CONDO RENTAL",2250,Jonah Drive,3,1600,2.5,27.080800,-82.151600,22,jonah drive North Port FL US
6364901004,2017-11-02 16:12,https://fortmyers.craigslist.org/col/apa/d/remodeled-2-2-furnished-close/6364901004.html,*** Remodeled 2/2 furnished- close beach/Mercato - 55+ community**,900,North Naples,2,728,2,26.295877,-81.798363,5,Tamiani Trial North at Sunrise Blvd. North Naples FL US
6334123422,2017-11-02 16:03,https://fortmyers.craigslist.org/lee/apa/d/your-keys-to-new-beginning-3b/6334123422.html,Your keys to a new beginning! 3b/2b home for you!,909,Shadow Lakes,3,1616,2,,,,
6360551868,2017-11-02 16:03,https://fortmyers.craigslist.org/lee/apa/d/boo-tiful-home-ready-for-move/6360551868.html,BOO-tiful Home Ready for Move-in!,889,Shadow Lakes,3,1540,2,,,,
6335334882,2017-11-02 16:02,https://fortmyers.craigslist.org/lee/apa/d/own-this-beautiful-3b-2b-home/6335334882.html,Own this beautiful 3b/2b home!,979,,4,1857,2,,,,
6344422355,2017-11-02 16:02,https://fortmyers.craigslist.org/lee/apa/d/your-dream-home-awaits/6344422355.html,Your DREAM HOME AWAITS,979,Shadow Lakes,3,1857,2,,,,
6371131914,2017-11-02 16:01,https://fortmyers.craigslist.org/col/apa/d/stainless-steel-appliances/6371131914.html,Stainless Steel Appliances & Wood-style Flooring!,1425,"Naples, FL",2,1014,2,26.154082,-81.735065,10,105 Manor Boulevard Naples FL US
