pid,dt,url,title,price,neighb,beds,sqft,baths,lat,lng,accuracy,address
6371209471,2017-11-02 16:39,https://frederick.craigslist.org/apa/d/great-location-for-2-bedroom/6371209471.html,Great Location for 2 Bedroom/2 Bath Available for Move In!,1616,Germantown,2,1123,2,39.203011,-77.257555,5,12526 Great Park Circle Germantown MD US
6371182603,2017-11-02 16:21,https://frederick.craigslist.org/apa/d/3-bedroom-on-the-third-floor/6371182603.html,3 Bedroom on the Third Floor Available for Move In!,1905,Germantown,3,1274,2,39.202911,-77.257597,5,12526 Great Park Circle Germantown MD US
6371182537,2017-11-02 16:21,https://frederick.craigslist.org/apa/d/2bd-1ba-washer-dryer-in-unit/6371182537.html,"2BD 1BA, Washer & Dryer In-Unit, near Middletown MD",1111,Middletown,2,1100,1,39.438866,-77.543634,5,312 Broad St Middletown MD US
6347373406,2017-11-02 16:15,https://frederick.craigslist.org/apa/d/renovated-2-bedroom-2/6347373406.html,RENOVATED 2-BEDROOM 2-BATHROOM ON TOP FLOOR MOVE IN READY,1550,"1000 Columbine Drive Frederick, MD 21701",2,1017,2,39.429847,-77.414985,10,1000 Columbine Dr Frederick MD US
6333757948,2017-11-02 16:14,https://frederick.craigslist.org/apa/d/2-bedroom-2-bathroom/6333757948.html,2-bedroom 2-bathroom available for immediate move in,1305,"1000 Columbine Drive Frederick, MD 21701",2,1017,0,39.429847,-77.414985,10,1000 Columbine Dr Frederick MD US
6338867348,2017-11-02 16:14,https://frederick.craigslist.org/apa/d/2-bedroom-2-full-size/6338867348.html,2 Bedroom 2 Full Size Bathrooms,1550,1000 Columbine Drive,2,1017,2,39.429847,-77.414985,10,1000 Columbine Drive Frederick MD US
6331521204,2017-11-02 16:14,https://frederick.craigslist.org/apa/d/2-bedrooms-2-full-size/6331521204.html,"2 Bedrooms, 2 Full Size Bathrooms",1550,Columbine Drive,2,1017,2,39.429847,-77.414985,10,1000 Columbine Drive Frederick MD US
6349976328,2017-11-02 16:13,https://frederick.craigslist.org/apa/d/three-bedroom-two-full-size/6349976328.html,Three Bedroom Two Full Size Bathrooms,1500,Selwyn Drive,3,1210,2,39.446100,-77.335000,22,Selwyn Drive at Motter Avenue Frederick MD US
6349957986,2017-11-02 16:13,https://frederick.craigslist.org/apa/d/two-bedroom-two-full-size/6349957986.html,Two Bedroom Two Full Size Bathrooms,1550,Columbine Drive,2,1017,2,39.429847,-77.414985,10,1000 Columbine Drive Frederick MD US
6360349294,2017-11-02 16:13,https://frederick.craigslist.org/apa/d/brand-new-renovated-two/6360349294.html,Brand New Renovated Two Bedroom Two Bath,1550,Columbine Drive,2,1017,2,39.429847,-77.414985,10,1000 Columbine Drive Frederick MD US
6336754580,2017-11-02 16:13,https://frederick.craigslist.org/apa/d/2-bedroom-2-full-size/6336754580.html,2 Bedroom 2 Full Size Bathrooms,1550,Columbine Drive,2,1017,2,39.429847,-77.414985,10,1000 Columbine Drive Frederick MD US
6345751356,2017-11-02 16:12,https://frederick.craigslist.org/apa/d/threee-bedroom-available-for/6345751356.html,Threee Bedroom Available for Immediate Move-in!,1500,Selwyn Drive,3,1210,2,39.446100,-77.335000,22,Selwyn Drive at Motter Avenue Frederick MD US
6361643874,2017-11-02 16:12,https://frederick.craigslist.org/apa/d/3-bedroom-special/6361643874.html,3 Bedroom Special!,1500,Selwyn Drive,3,1210,2,39.446100,-77.335000,22,Selwyn Drive at Motter Avenue Frederick MD US
6362240853,2017-11-02 16:12,https://frederick.craigslist.org/apa/d/2-bedroom-2-bathroom/6362240853.html,2-bedroom 2-bathroom available for immediate move in,1550,"1000 Columbine Drive Frederick, MD 21701",2,1210,2,39.429847,-77.414985,10,1000 Columbine Dr Frederick MD US
6371002333,2017-11-02 16:11,https://frederick.craigslist.org/apa/d/must-see-nice-3-4-bdrm-home/6371002333.html,☯ +must See+! Nice 3-4 Bdrm 'home for Reǹť. Large Balcony!,400,frederick,3,0,2,39.392300,-77.627500,22,
6371051082,2017-11-02 16:11,https://frederick.craigslist.org/apa/d/must-see-good-3-4-bedroom/6371051082.html,◫ !!must See!! Good 3-4 Bedroom House! for Reǹť. Large Balcony!,400,frederick,3,0,2,39.392300,-77.627500,22,
6370999250,2017-11-02 16:10,https://frederick.craigslist.org/apa/d/big-family-3-4-bed-room-house/6370999250.html,"☮ Big family 3-4 bed room House!!! Huge yard, finished basement! ☮",400,frederick,3,0,2,39.392300,-77.627500,22,
6371054815,2017-11-02 16:10,https://frederick.craigslist.org/apa/d/huge-totaly-new-remodeled/6371054815.html,"♋ Huge Totaly New Remodeled 2,3,4,5 br Family 'home for Ɍeŋt!",400,frederick,3,0,2,39.392300,-77.627500,22,
6371158212,2017-11-02 16:09,https://frederick.craigslist.org/apa/d/2-bedroom-in-unit-washer-dyer/6371158212.html,"2 bedroom - In Unit Washer/Dyer, Modern Kitchens, Black Appliances",1492,"909 Mansion Drive , Frederick , MD 21703",2,1091,2,39.364700,-77.463600,5,909 Mansion Drive Frederick MD US
