pid,dt,url,title,price,neighb,beds,sqft,baths,lat,lng,accuracy,address
6332559397,2017-11-02 16:49,https://fredericksburg.craigslist.org/apa/d/1300/6332559397.html,$1300,1500,Fredericksburg,2,1890,1,38.336500,-77.436600,22,Deacon Road Fredericksburg VA US
6371209188,2017-11-02 16:47,https://fredericksburg.craigslist.org/apa/d/townhome-in-stafford-price/6371209188.html,Townhome in Stafford - Price Reduced! Section 8 OK! All Credit OK!,1295,53 Maple Drive,3,0,1.5,38.458600,-77.430600,22,53 Maple Drive Stafford VA US
6367118609,2017-11-02 16:45,https://fredericksburg.craigslist.org/apa/d/townhome-in-stafford-price/6367118609.html,Townhome in Stafford - Price Reduced! Section 8 OK! All Credit OK!,1295,53 Maple Drive,3,0,1.5,38.458600,-77.430600,22,53 Maple Drive Stafford VA US
6371210369,2017-11-02 16:40,https://fredericksburg.craigslist.org/apa/d/beautiful-house-for-rent/6371210369.html,Beautiful House for rent!,1679,Fredericksburg,4,1548,2,38.268800,-77.547600,22,
6371205098,2017-11-02 16:36,https://fredericksburg.craigslist.org/apa/d/fall-in-love-with-our-single/6371205098.html,Fall in love with our single family houses!,1679,Fredericksburg,4,1548,2,38.268800,-77.547600,22,
6371204409,2017-11-02 16:36,https://fredericksburg.craigslist.org/apa/d/large-closets-granite/6371204409.html,"Large Closets, Granite Counters, New Appliances, close to 95 and Geico",1195,"2500 Green Tree Rd, Fredericksburg, VA",2,926,2,38.356936,-77.511206,5,
6371197171,2017-11-02 16:31,https://fredericksburg.craigslist.org/apa/d/free-rent-untilfor-this/6371197171.html,Free rent until 12/1/17 for this fabulous three bedroom apartment!!!,1531,Fredericksburg,3,1342,2,38.299500,-77.477200,22,
6371196770,2017-11-02 16:30,https://fredericksburg.craigslist.org/apa/d/waverly-place-apartments-fall/6371196770.html,Waverly Place Apartments *Fall Specials*,880,Louisa,1,0,1,38.013200,-78.034700,22,
6368344518,2017-11-02 16:30,https://fredericksburg.craigslist.org/apa/d/come-lease-today-beautiful-2/6368344518.html,Come Lease Today!!! Beautiful 2 Bed 2 Bath w/Loft!!,1430,Fredericksburg,3,1132,2,38.263210,-77.537240,10,11132 Sunburst Lane Fredericksburg VA US
6371194756,2017-11-02 16:29,https://fredericksburg.craigslist.org/apa/d/one-more-two-bedroom/6371194756.html,One more two bedroom apartment left; apply for free!!!,1299,Fredericksburg,2,1173,2,38.299500,-77.477200,22,
6371192738,2017-11-02 16:28,https://fredericksburg.craigslist.org/apa/d/view-today-great-pool-and-sun/6371192738.html,"View Today, Great Pool and Sun Deck, Patio or Balcony Area",1320,Stafford,2,950,2,38.491211,-77.384195,10,300 Park Ridge Court Stafford VA US
6371166411,2017-11-02 16:22,https://fredericksburg.craigslist.org/apa/d/sensational-garage-fresh-paint/6371166411.html,Sensational garage fresh paint,853,,0,0,,,,,
6371181300,2017-11-02 16:20,https://fredericksburg.craigslist.org/apa/d/absolutely-immaculate-home/6371181300.html,ABSOLUTELY IMMACULATE  HOME,1695,HOLLYBROOK SD,4,2100,3,38.268800,-77.547600,22,SEVEN OAKS at chesterwood fredericksburg VA US
6346926630,2017-11-02 16:01,https://fredericksburg.craigslist.org/apa/d/end-unit-townhouse-fenced-in/6346926630.html,End Unit Townhouse w/ fenced in yard for rent,1250,Olde Greenwich,2,0,2.5,38.271381,-77.477149,10,176 Farrell Lane Fredericksburg VA US
