pid,dt,url,title,price,neighb,beds,sqft,baths,lat,lng,accuracy,address
6343852640,2017-11-02 16:41,https://fresno.craigslist.org/apa/d/spacious-2-bed-2-bath-with/6343852640.html,SPACIOUS 2 BED 2 BATH WITH WASHER & DRYER IN A GATED COMMUNITY.,1450,DON'T FORGET TO STOP IN AND TOUR TODAY!,2,1079,2,36.844034,-119.683965,10,765 N. Fowler Ave Clovis CA US
6371395171,2017-11-02 16:37,https://fresno.craigslist.org/apa/d/2-bedroombath-in-gated/6371395171.html,2 BEDROOM 1 1/4 BATH IN A GATED COMMUNITY! STOP BY TO TOUR TODAY!,965,Full size washer & dryer hook ups!,2,835,1,36.792240,-119.726429,5,chestnut diagonal at ashlan fresno CA US
6364516523,2017-11-02 16:33,https://fresno.craigslist.org/apa/d/2bdm-1bath-apartment/6364516523.html,2bdm/1bath apartment,750,nw fresno,2,850,1,36.793748,-119.830181,15,Ashlan at Bengston Fresno CA US
6371414430,2017-11-02 16:32,https://fresno.craigslist.org/apa/d/919-newly-renovated-2-bedroom/6371414430.html,$919 NEWLY RENOVATED 2 Bedroom / 2 Bath NOW AVAILABLE!,919,5122 E OLIVE,2,0,2,36.757349,-119.721774,10,5122 E Olive Ave Fresno CA US
6371424883,2017-11-02 16:31,https://fresno.craigslist.org/apa/d/beautifully-upgraded-2/6371424883.html,Beautifully Upgraded 2 bedroom near Fresno State and Much more!,1175,Cedar/Barstow,2,0,1,36.817290,-119.755011,5,5469 N. Cedar Ave Fresno CA US
6371420646,2017-11-02 16:27,https://fresno.craigslist.org/apa/d/our-convenient-location-puts/6371420646.html,Our convenient location puts you exactly where you want to be.,1265,,2,1140,2,36.857900,-119.765500,22,7511 N First Street Fresno CA US
6371397426,2017-11-02 16:25,https://fresno.craigslist.org/apa/d/beautiful-clovis-house-for/6371397426.html,**Beautiful Clovis House for Rent**,1699,shaw/dewolf,0,0,,36.809834,-119.647636,5,
6371405822,2017-11-02 16:23,https://fresno.craigslist.org/apa/d/24-7-gated-communitynew/6371405822.html,24/7 GATED COMMUNITY~NEW COUNTERS~NEW CARPET~WASHER & DRYER HOOKS UPS!,930,STOP BY TO TOUR TODAY!,1,6,1,36.792240,-119.726279,5,chestnut diagonal at ashlan fresno CA US
6371416793,2017-11-02 16:23,https://fresno.craigslist.org/apa/d/covered-parking-available/6371416793.html,"Covered Parking Available, Walk-in Closet(s), Lush Green Landscaping",,"4498 North Cornelia, Fresno, CA 93722",2,989,1,36.802800,-119.880464,5,4498 North Cornelia Fresno CA US
6371413538,2017-11-02 16:20,https://fresno.craigslist.org/apa/d/fitness-center-community/6371413538.html,"Fitness Center, Community Clubhouse, Cozy Fireplace",1214,NW Fresno,2,1161,2,36.808140,-119.853662,5,5200 North Valentine Fresno CA US
6371411412,2017-11-02 16:18,https://fresno.craigslist.org/apa/d/919-2br-919-spacious-2/6371411412.html,$919 / 2br - $919 Spacious 2 Bedroom / 2 Bath NOW AVAILABLE! 1st MONTH,919,5122 E OLIVE,2,0,2,36.757349,-119.721774,10,5122 E Olive Ave Fresno CA US
6341023788,2017-11-02 16:16,https://fresno.craigslist.org/apa/d/two-bedroom-one-bath-sunroom/6341023788.html,*~*~*Two Bedroom One Bath w/ Sunroom*~*~*,950,Delphia/Olive,2,1025,1,36.756053,-119.793829,10,1051 N. Delphia Fresno CA US
6342390753,2017-11-02 16:16,https://fresno.craigslist.org/apa/d/two-bedroom-townhome/6342390753.html,~*~*Two Bedroom Townhome Available in November~*~*~,900,Shields/Valentine,0,995,,36.779094,-119.852574,10,3390 W. Shields Ave. Fresno CA US
6367592921,2017-11-02 16:16,https://fresno.craigslist.org/apa/d/three-bedroom-two-bath-single/6367592921.html,Three Bedroom / Two Bath Single Level Home,1650,Herndon/Milburn,3,1841,2,36.844206,-119.899136,10,5904 W. Pinedale Ave. Fresno CA US
6368457281,2017-11-02 16:15,https://fresno.craigslist.org/apa/d/two-bedroom-two-bath-loft/6368457281.html,~*~*Two Bedroom Two Bath w/ Loft*~*~,1200,Herndon/Fruit,2,1125,2,36.841100,-119.801000,22,7064 N. Thorne Pindale CA US
6371406852,2017-11-02 16:14,https://fresno.craigslist.org/apa/d/month-to-month-option/6371406852.html,Month to Month Option!!!,900,Clovis,1,675,1,36.806064,-119.716166,10,315 W Alamos Clovis CA US
6371395472,2017-11-02 16:04,https://fresno.craigslist.org/apa/d/1-bed-1-bath-available-come/6371395472.html,1 BED 1 BATH AVAILABLE COME AND RESERVE YOURS!!!!,775,,1,850,1,36.793648,-119.844005,10,2829 W. Ashlan Ave Fresno CA US
6359647673,2017-11-02 16:03,https://fresno.craigslist.org/apa/d/large-master-suite-double/6359647673.html,LARGE MASTER SUITE! DOUBLE SINKS! NEW CARPET! GRANITE COUNTERTOPS!,1450,FULL SIZE WASHER/DRYER,3,1327,2,36.829847,-119.861413,15,6167 N FIGARDEN DRIVE FRESNO CA US
6371351401,2017-11-02 16:03,https://fresno.craigslist.org/apa/d/4br-15ba-remodeled-studio-1br/6371351401.html,"4BR/1.5BA, REMODELED + Studio 1BR/1BA!",900,"Kerman, CA",4,0,1.5,36.730600,-120.072400,22,
6371386001,2017-11-02 16:02,https://fresno.craigslist.org/apa/d/1-bed-1-bath-available-soon/6371386001.html,1 Bed 1 Bath available soon,750,,0,0,,36.791800,-119.880100,22,
