pid,dt,url,title,price,neighb,beds,sqft,baths,lat,lng,accuracy,address
6371204284,2017-11-02 16:36,https://gainesville.craigslist.org/apa/d/3-bdrm-2-bath-apartment-clean/6371204284.html,"3 BDRM/2 BATH APARTMENT.   CLEAN, GREAT COMMUNITY.",910,NW Gainesville,3,1300,2,29.705071,-82.352831,10,2056 NW 55TH BOULEVARD at CREEKWOOD APARTMENTS GAINESVILLE FL US
6371179391,2017-11-02 16:19,https://gainesville.craigslist.org/apa/d/1-and-2-bedrooms-apartments/6371179391.html,1 and 2  Bedrooms Apartments FOR FALL 2017,755,"SW, Gainesville, FL",1,0,0,29.617621,-82.369110,0,
6352794461,2017-11-02 16:11,https://gainesville.craigslist.org/apa/d/completely-upgraded-and/6352794461.html,Completely upgraded and renovated 2 bedroom/1.5 Bathroom READY NOW!,949,,2,890,1.5,29.645600,-82.403300,22,
6343575288,2017-11-02 16:07,https://gainesville.craigslist.org/apa/d/rent-includes-pest-control/6343575288.html,"Rent includes pest control, refuse and parking",900,,3,0,2,,,,
6334140979,2017-11-02 16:06,https://gainesville.craigslist.org/apa/d/rent-includes-pest-control/6334140979.html,"**Rent includes pest control, refuse and parking**",900,,4,0,2,,,,
6360861439,2017-11-02 16:01,https://gainesville.craigslist.org/apa/d/upgraded-stainless-steel/6360861439.html,"Upgraded, stainless steel appliances, wood flooring, storage space!",904,,1,690,1,29.645600,-82.403300,22,
6352796058,2017-11-02 16:01,https://gainesville.craigslist.org/apa/d/2-bedroom-15-bathroom-move-in/6352796058.html,"2 Bedroom, 1.5 Bathroom, Move In TODAY!",949,Savannah Apts,2,890,1.5,29.645600,-82.403300,22,
