pid,dt,url,title,price,neighb,beds,sqft,baths,lat,lng,accuracy,address
6371316297,2017-11-02 16:58,https://galveston.craigslist.org/apa/d/youll-fall-in-love-with-the/6371316297.html,You'll fall in LOVE with the VIEW! Rent Today! Convenient Location!,799,Houston,1,800,1,29.546315,-95.088020,15,San Sebastian Court at Upper Bay Road Houston TX US
6371292672,2017-11-02 16:51,https://galveston.craigslist.org/apa/d/close-to-the-kemah-boardwalk/6371292672.html,~CLOSE TO THE KEMAH BOARDWALK! SUMMERBROOKE APARTMENTS! CALL NOW,899,1225 Lawrence Rd,1,661,1,29.529815,-95.033377,5,1225 Lawrence Road Kemah TX US
6368162952,2017-11-02 16:51,https://galveston.craigslist.org/apa/d/adorable3-bedlots-of-closet/6368162952.html,Adorable3 Bed!!(LOTS OF CLOSET SPACE)!! NO Deposit ??,400,||Bad Credit&&Accepted||,3,1200,2,29.298300,-94.793000,22,
6368163070,2017-11-02 16:51,https://galveston.craigslist.org/apa/d/adorable3-bedlots-of-closet/6368163070.html,Adorable3 Bed!!(LOTS OF CLOSET SPACE)!! NO Deposit ??,400,||Bad Credit&&Accepted||,3,1200,2,29.298300,-94.793000,22,
6368163192,2017-11-02 16:51,https://galveston.craigslist.org/apa/d/adorable3-bedlots-of-closet/6368163192.html,Adorable3 Bed!!(LOTS OF CLOSET SPACE)!! NO Deposit ??,400,||Bad Credit&&Accepted||,3,1200,2,29.298300,-94.793000,22,
6371292854,2017-11-02 16:48,https://galveston.craigslist.org/apa/d/blow-out-rates-call/6371292854.html,BLOW OUT RATES! CALL SUMMERBROOOKE APARTMENTS NOW,939,1225 Lawrence Rd,1,757,1,29.529815,-95.033377,5,1225 Lawrence Road Kemah TX US
6371292979,2017-11-02 16:47,https://galveston.craigslist.org/apa/d/enjoy-the-holidays-at/6371292979.html,ENJOY THE HOLIDAYS AT SUMMERBROOKE APARTMENTS IN KEMAH!!!,1329,1225 Lawrence Rd,2,1051,2,29.529815,-95.033377,5,1225 Lawrence Road Kemah TX US
6371292991,2017-11-02 16:46,https://galveston.craigslist.org/apa/d/splash-pad-dog-park-and/6371292991.html,"SPLASH PAD, DOG PARK AND SPECIALS AT SUMMERBROOKE APARTMENTS IN KEMAH!",1730,1225 Lawrence Rd,3,1300,2,29.529815,-95.033377,5,1225 Lawrence Road Kemah TX US
6371292968,2017-11-02 16:45,https://galveston.craigslist.org/apa/d/specials-for-summerbrooke/6371292968.html,SPECIALS FOR SUMMERBROOKE APARTMENTS IN KEMAH! $99 TO APPLY!,1479,1225 Lawrence Rd,2,1143,2,29.529815,-95.033377,5,1225 Lawrence Road Kemah TX US
6371295325,2017-11-02 16:42,https://galveston.craigslist.org/apa/d/house-warming-party-rsvp-today/6371295325.html,House Warming Party - RSVP Today!,999,Nassau Bay,2,1100,2,29.571600,-95.099800,22,San Sebastian Court at Upper Bay Road Nassau Bay Village TX US
6335745052,2017-11-02 16:38,https://galveston.craigslist.org/apa/d/top-floor-2-bedroom-apartment/6335745052.html,Top Floor 2 Bedroom Apartment,968,Galveston,2,847,1.5,29.267514,-94.832032,7,6424 Central City Blvd Galveston TX US
6347495899,2017-11-02 16:38,https://galveston.craigslist.org/apa/d/renovated-large-1-bedroom/6347495899.html,Renovated Large 1 Bedroom Apartment in Popular Midtown,995,Galveston,1,704,1,29.267832,-94.832611,7,6424 Central City Blvd Galveston TX US
6347493720,2017-11-02 16:38,https://galveston.craigslist.org/apa/d/renovated-1-bedroom-apartment/6347493720.html,Renovated 1 Bedroom Apartment in Popular Midtown,949,Galveston,1,645,1,29.267832,-94.832611,7,6424 Central City Blvd Galveston TX US
6346332791,2017-11-02 16:38,https://galveston.craigslist.org/apa/d/renovated-2-bedroom-apartment/6346332791.html,Renovated 2 Bedroom Apartment on the Ground Floor!,1124,Galveston,2,876,1.5,29.267476,-94.832203,7,6424 Central City Blvd Galveston TX US
6371272167,2017-11-02 16:35,https://galveston.craigslist.org/apa/d/99-covers-app-and-admin-fees/6371272167.html,֍ $99 COVERS APP AND ADMIN FEE'S!!! DON'T PASS THIS UP!!!,1329,1225 Lawrence Rd,2,1051,2,29.529815,-95.033377,5,1225 Lawrence Road Kemah TX US
6371272195,2017-11-02 16:29,https://galveston.craigslist.org/apa/d/99-covers-app-and-admin-fees/6371272195.html,► $99 COVERS APP AND ADMIN FEE'S!!! DON'T PASS THIS UP!!!,1479,1225 Lawrence Rd,2,1143,2,29.529815,-95.033377,5,1225 Lawrence Road Kemah TX US
6371272239,2017-11-02 16:24,https://galveston.craigslist.org/apa/d/99-covers-app-and-admin-fees/6371272239.html,☺ $99 COVERS APP AND ADMIN FEE'S!!! DON'T PASS THIS UP!!!,1730,1225 Lawrence Rd,3,1300,2,29.529815,-95.033377,5,1225 Lawrence Road Kemah TX US
6371252972,2017-11-02 16:20,https://galveston.craigslist.org/apa/d/new-deals-at-summerbrooke/6371252972.html,♥ NEW DEALS AT SUMMERBROOKE APARTMENTS!!! LIMITED TIME HURRY IN!!!,1329,1225 Lawrence Rd,2,1051,2,29.529815,-95.033377,5,1225 Lawrence Road Kemah TX US
6351484208,2017-11-02 16:13,https://galveston.craigslist.org/apa/d/rest-of-october-free/6351484208.html,☀ REST OF OCTOBER FREE!!!,1349,1225 Lawrence Rd,2,1051,2,29.529815,-95.033377,5,1225 Lawrence Road Kemah TX US
6371243464,2017-11-02 16:11,https://galveston.craigslist.org/apa/d/close-to-the-kemah-boardwalk/6371243464.html,~CLOSE TO THE KEMAH BOARDWALK! SUMMERBROOKE APARTMENTS! CALL NOW,899,1225 Lawrence Rd,1,661,1,29.529815,-95.033377,5,1225 Lawrence Road Kemah TX US
6371243382,2017-11-02 16:11,https://galveston.craigslist.org/apa/d/blow-out-rates-call/6371243382.html,BLOW OUT RATES! CALL SUMMERBROOOKE APARTMENTS NOW,1479,1225 Lawrence Rd,2,1143,2,29.529815,-95.033377,5,1225 Lawrence Road Kemah TX US
6371243402,2017-11-02 16:08,https://galveston.craigslist.org/apa/d/blow-out-rates-call/6371243402.html,BLOW OUT RATES! CALL SUMMERBROOOKE APARTMENTS NOW,1730,1225 Lawrence Rd,3,1300,2,29.529815,-95.033377,5,1225 Lawrence Road Kemah TX US
6361901044,2017-11-02 16:04,https://galveston.craigslist.org/apa/d/are-you-tired-of-renting-here/6361901044.html,ARE YOU TIRED OF RENTING? HERE IS A NEW AND POPULAR ALTERNATIVE,888,"1102 S 46th St. Gainesville,",3,1290,2,,,,
6371243430,2017-11-02 16:03,https://galveston.craigslist.org/apa/d/blow-out-rates-call/6371243430.html,BLOW OUT RATES! CALL SUMMERBROOOKE APARTMENTS NOW,939,1225 Lawrence Rd,1,757,1,29.529815,-95.033377,5,1225 Lawrence Road Kemah TX US
