pid,dt,url,title,price,neighb,beds,sqft,baths,lat,lng,accuracy,address
6371306884,2017-11-02 16:51,https://grandforks.craigslist.org/apa/d/99-security-deposit-waived/6371306884.html,$99 Security Deposit & Waived application fee!!,680,"2250 S 34th St, Grand Forks, ND 58201",2,860,1,47.898179,-97.077428,5,2250 S 34th St Grand Forks ND US
6371305747,2017-11-02 16:50,https://grandforks.craigslist.org/apa/d/garage-included-apply-today/6371305747.html,"Garage Included, Apply today, Walk-in Closet",1150,"1220 55th Ave South, Grand Forks, ND 58201",2,1196,2,47.860368,-97.109570,5,1220 55th Ave South Grand Forks ND US
6371302039,2017-11-02 16:47,https://grandforks.craigslist.org/apa/d/dishwasher-washer-dryer-in/6371302039.html,"Dishwasher, Washer & Dryer In-Unit, Handicapped Accessible",880,"3450 Ruemmele Road, Grand Forks, ND 58201",1,905,1,47.901000,-97.044600,5,3450 Ruemmele Road Grand Forks ND US
6371268520,2017-11-02 16:22,https://grandforks.craigslist.org/apa/d/remodeled-3-bedroom-and-only/6371268520.html,Remodeled 3 bedroom and only a $99 deposit...can't miss deal!!,1120,"3401 28th Ave S, Grand Forks, ND 58201",3,1330,2,47.893362,-97.076951,5,3401 28th Ave S Grand Forks ND US
6363090431,2017-11-02 16:16,https://grandforks.craigslist.org/apa/d/cozy-1-bedroom-app-fees/6363090431.html,Cozy 1 Bedroom; App Fees Waived and $99 Pet Deposit!,820,"2151 36th Avenue S., Grand Forks, ND 58201",1,710,1,47.886444,-97.066749,5,2151 36th Avenue S. Grand Forks ND US
6371256114,2017-11-02 16:13,https://grandforks.craigslist.org/apa/d/snow-special-895-for-1-bed/6371256114.html,*Snow special* $895 for 1 bed; available Nov 9th,895,"1220 55th Ave South, Grand Forks, ND 58201",1,883,1,47.867998,-97.043610,5,1220 55th Ave South Grand Forks ND US
6368266292,2017-11-02 16:12,https://grandforks.craigslist.org/apa/d/2-bedroom-2-bath-cherry/6368266292.html,2 bedroom 2 bath - Cherry Street Townhomes,1150,3720 Cherry Street #B8,2,1200,2,47.884003,-97.037151,5,3720 Cherry Street grand forks ND US
6368304343,2017-11-02 16:12,https://grandforks.craigslist.org/apa/d/2-story-2-bedroom-1-bath-town/6368304343.html,2 story 2 bedroom 1 bath town home - 1422 S 14th Street,695,1422 s 14th street,2,1200,1,47.907411,-97.047064,5,1422 s 14th street grand forks ND US
6371254103,2017-11-02 16:11,https://grandforks.craigslist.org/apa/d/99-deposit-3-bed-for-1170/6371254103.html,$99 Deposit & 3 Bed for $1170!!,1170,Southside Grand Forks,3,1195,2,47.884578,-97.078285,5,3450 Ruemmele Road Grand Forks ND US
