pid,dt,url,title,price,neighb,beds,sqft,baths,lat,lng,accuracy,address
6371235140,2017-11-02 16:57,https://grandrapids.craigslist.org/apa/d/new-2-bed-1-bath-on-the/6371235140.html,NEW 2 Bed 1 Bath on the Westside,950,Grand Rapids,2,900,1,42.981246,-85.686514,5,11th st nw at McReynolds st nw Grand Rapids MI US
6371233873,2017-11-02 16:56,https://grandrapids.craigslist.org/apa/d/townhouse-savings-now-garage/6371233873.html,Townhouse Savings Now! -  Garage and Basement!,1050,Beckwith Place NE Townhouse,2,0,1.5,42.984380,-85.608513,0,
6371218935,2017-11-02 16:53,https://grandrapids.craigslist.org/apa/d/dishwasher-washer-dryer-patio/6371218935.html,Dishwasher - Washer/Dryer - Patio or Balcony,1323,Grand Rapids,2,1340,2,42.897700,-85.718600,5,2471 Woodlake Rd SW Grand Rapids MI US
6371228257,2017-11-02 16:52,https://grandrapids.craigslist.org/apa/d/2-bed-1-bath-duplex-laundry/6371228257.html,2 Bed 1 Bath Duplex w/Laundry,850,Grand Rapids,2,850,1,42.977839,-85.679133,5,7th at broadway Grand Rapids MI US
6371185414,2017-11-02 16:51,https://grandrapids.craigslist.org/apa/d/3-bedroom-rental-available/6371185414.html,3 bedroom rental available,815,Ionia,3,0,2,42.982235,-85.066838,5,319 W. Main St Ionia MI US
6371223994,2017-11-02 16:49,https://grandrapids.craigslist.org/apa/d/2-bed-1-bath-duplex-close-to/6371223994.html,2 Bed 1 Bath Duplex close to Downtown Grand Rapids,950,Grand Rapids,2,1000,1,42.977792,-85.679004,5,7th st nw at broadway grand rapids MI US
6371194081,2017-11-02 16:48,https://grandrapids.craigslist.org/apa/d/gorgeous-laundry-fresh-new/6371194081.html,Gorgeous laundry fresh new flooring,841,,0,0,,,,,
6371204302,2017-11-02 16:42,https://grandrapids.craigslist.org/apa/d/madison-hall-3-bedroom/6371204302.html,Madison Hall 3 bedroom Townhome,725,Grand Rapids,3,1287,2,42.940611,-85.658954,10,1220 Madison Ave Se Grand Rapids MI US
6371210053,2017-11-02 16:40,https://grandrapids.craigslist.org/apa/d/newly-remodeled-townhome/6371210053.html,Newly Remodeled Townhome close to Downtown Grand Rapids!,1035,"Grand Rapids, MI",2,1075,1.5,42.981915,-85.623966,10,1880 stonebrook dr ne grand rapids MI US
6371208528,2017-11-02 16:39,https://grandrapids.craigslist.org/apa/d/2-bedroom-townhome-available/6371208528.html,2 Bedroom Townhome Available NOW!,1035,"Grand Rapids, MI",2,1075,1.5,42.981915,-85.623966,10,1880 stonebrook dr ne grand rapids MI US
6371207757,2017-11-02 16:38,https://grandrapids.craigslist.org/apa/d/3-bedroom-available-now-1st/6371207757.html,3 Bedroom Available NOW! *1st Month Rent-FREE*,1768,"Ada, MI",3,1460,2,42.956600,-85.481000,22,
6371207671,2017-11-02 16:38,https://grandrapids.craigslist.org/apa/d/1-bedroom-available-now-1st/6371207671.html,1 Bedroom Available NOW! *1st Month Rent-FREE*,1255,"Ada, MI",1,856,1,42.956600,-85.481000,22,
6371168088,2017-11-02 16:36,https://grandrapids.craigslist.org/apa/d/1-bedroom-apartment-available/6371168088.html,1 bedroom apartment available,515,Ionia,0,0,,42.982313,-85.066860,5,319 W. Main St Ionia MI US
6371193892,2017-11-02 16:34,https://grandrapids.craigslist.org/apa/d/beautiful-3-bedroom-home/6371193892.html,Beautiful 3 bedroom home available now,1150,Grand Rapids,3,1133,2,42.975222,-85.663164,15,Clancy Ave at Fairbanks St. Grand Rapids MI US
6360884692,2017-11-02 16:34,https://grandrapids.craigslist.org/apa/d/no-rent-owed-until-2018/6360884692.html,No rent owed until 2018: updated & large downtown apartment,1150,Grand Rapids,3,1133,2,42.975222,-85.663164,15,Clancy Ave at Fairbanks St. Grand Rapids MI US
6371176845,2017-11-02 16:34,https://grandrapids.craigslist.org/apa/d/3-bedroom-available/6371176845.html,3 Bedroom Available,695,Ionia,3,0,1,42.982266,-85.066817,5,319 W. Main St Ionia MI US
6371197229,2017-11-02 16:31,https://grandrapids.craigslist.org/apa/d/urban-industrial-downtown-1/6371197229.html,URBAN & INDUSTRIAL Downtown 1 Bedroom - February 2018 (Grand Rapids),777,,1,933,1.5,42.958753,-85.669076,15,Williams at Commerce Grand Rapids MI US
6371195908,2017-11-02 16:30,https://grandrapids.craigslist.org/apa/d/experience-the-hidden-lakes/6371195908.html,Experience The Hidden Lakes Lifestyle!,800,Kentwood,1,0,1,42.885776,-85.597057,5,4260 Hidden Lakes Drive SE Kentwood MI US
6371195503,2017-11-02 16:30,https://grandrapids.craigslist.org/apa/d/furnished-apartments/6371195503.html,"Furnished Apartments Available, In-Suite Washer/Dryer, Billiards Table",775,"3100 Waterchase Way , Wyoming, MI 49519",1,652,1,42.908197,-85.721757,5,3100 Waterchase WayÂ  Wyoming MI US
6371190603,2017-11-02 16:26,https://grandrapids.craigslist.org/apa/d/comfortable-space-in-the-best/6371190603.html,Comfortable space & in the best location! Apply today @ Rolling Pines!,751,,2,0,1.5,43.046244,-85.587544,10,4650 Ramswood NE Grand Rapids MI US
6371189295,2017-11-02 16:25,https://grandrapids.craigslist.org/apa/d/penthouse-downtown-2-bedroom/6371189295.html,PENTHOUSE Downtown 2 Bedroom (Grand Rapids),1650,,2,1076,2,42.959704,-85.667772,15,Division at Cherry Grand Rapids MI US
6371175113,2017-11-02 16:25,https://grandrapids.craigslist.org/apa/d/amazing-downtown-2-bedroom/6371175113.html,AMAZING Downtown 2 Bedroom (Grand Rapids),879,,2,1000,2,42.959567,-85.667768,15,Cherry at Division Grand Rapids MI US
6353147827,2017-11-02 16:24,https://grandrapids.craigslist.org/apa/d/roofing-repair-power-washing/6353147827.html,Roofing repair power washing deck staining painting handyman services,100,Grandrapids,0,0,,43.027867,-85.733871,22,
6353147044,2017-11-02 16:24,https://grandrapids.craigslist.org/apa/d/roofing-repair-power-washing/6353147044.html,Roofing repair power washing deck staining painting handyman services,100,Grandrapids,0,0,,43.027867,-85.733871,22,
6371186399,2017-11-02 16:23,https://grandrapids.craigslist.org/apa/d/make-the-haven-your-haven/6371186399.html,Make The Haven your Haven today!! Brand New Community!,1300,"Wyoming, MI",2,1067,2,42.870353,-85.762442,15,Wilson at 52nd Street Wyoming MI US
6371184152,2017-11-02 16:22,https://grandrapids.craigslist.org/apa/d/gigantic-downtown-2-bedroom/6371184152.html,GIGANTIC Downtown 2 Bedroom (Grand Rapids),879,,2,900,2,42.958757,-85.670138,15,Ionia at Williams Grand Rapids MI US
6371181279,2017-11-02 16:20,https://grandrapids.craigslist.org/apa/d/glorious-1-bedroom-available/6371181279.html,GLORIOUS 1 Bedroom Available December (Grand Rapids),1525,,1,759,1,42.958757,-85.670138,15,Ionia at Williams Grand Rapids MI US
6371154925,2017-11-02 16:10,https://grandrapids.craigslist.org/apa/d/its-friday-eve-schedule-your/6371154925.html,It's Friday Eve!  Schedule your tour today! Save on rent!,989,SE Grand Rapids,2,950,1,42.920059,-85.588485,10,2351 Valleywood Dr SE Grand Rapids MI US
6371149186,2017-11-02 16:08,https://grandrapids.craigslist.org/apa/d/2-bedroom-duplex-for-rent/6371149186.html,2 Bedroom duplex for rent Coming Soon,1050,5609 Christie,2,0,1,42.861986,-85.634350,10,5609 Christie Kentwood MI US
