pid,dt,url,title,price,neighb,beds,sqft,baths,lat,lng,accuracy,address
6371236534,2017-11-02 16:58,https://greenville.craigslist.org/apa/d/1450-off-10-month-lease-2/6371236534.html,$1450 off a 10 month lease! 2 bedrooms with a large sun-room and 9 foot ceilings,928,Greenville,2,1108,2,34.796722,-82.285994,10,815 East Butler Road Greenville SC US
6371231176,2017-11-02 16:54,https://greenville.craigslist.org/apa/d/1-br-15-ba-condo-overlooking/6371231176.html,1 BR/1.5 BA Condo overlooking Fluor Field,1675,927 S. Main St. #404,1,1122,1.5,34.847200,-82.406000,22,
6371229012,2017-11-02 16:53,https://greenville.craigslist.org/apa/d/ground-level-sunroom-open-now/6371229012.html,Ground Level Sunroom Open NOW!  Rare Availability--Move In Next Week!,895,,2,1088,2,35.017362,-82.024763,5,9159 Asheville Hwy Boiling Springs SC US
6371226513,2017-11-02 16:51,https://greenville.craigslist.org/apa/d/3-br-25-ba-home-in-shelburne/6371226513.html,3 BR/2.5 BA Home in Shelburne Farms S/C,1500,307 Highgate Circle,3,1804,2.5,34.896800,-82.267400,22,
6371204526,2017-11-02 16:51,https://greenville.craigslist.org/apa/d/best-views-in-town-enjoy-life/6371204526.html,"Best views in town! Enjoy life in your new 1 Bed, 1 Bath! 750 Sq Ft",870,Greenville/Greer,1,750,1,34.867965,-82.253719,10,100 Mary Rose Ln Greer SC US
6371211116,2017-11-02 16:47,https://greenville.craigslist.org/apa/d/your-dream-2-bed-2-bath-is/6371211116.html,"Your dream 2 bed, 2 bath is closer than you think! Call now!",1050,Greenville/Greer,2,1150,2,34.867965,-82.253719,10,100 Mary Rose Ln Greer SC US
6371197842,2017-11-02 16:39,https://greenville.craigslist.org/apa/d/your-beautiful-new-home-two/6371197842.html,YOUR BEAUTIFUL NEW HOME! Two Bed/One Bath!,731,,2,875,1,34.860229,-82.274208,5,3500 Pelham Road Greenville SC US
6371202953,2017-11-02 16:35,https://greenville.craigslist.org/apa/d/plush-carpet-new-energy-star/6371202953.html,"Plush Carpet, New ENERGY STAR appliances, Business Center, Sundeck",1310,Simpsonville,3,1552,3,34.594753,-82.226070,20,630 Fairview Road Simpsonville SC US
6371200801,2017-11-02 16:33,https://greenville.craigslist.org/apa/d/beautiful-tile-back-splash/6371200801.html,Beautiful Tile Back Splash and W/D in Select 2 Bedroom Unit!,843,,2,875,1,34.860581,-82.273779,5,3500 Pelham Rd greenville SC US
6349596258,2017-11-02 16:32,https://greenville.craigslist.org/apa/d/3-bedroom-25-bathroom-home/6349596258.html,3 Bedroom 2.5 Bathroom Home with Bonus in Riverside School District!,1400,Greer,4,1592,2.5,34.907472,-82.250765,10,108 Big Fox Ln Greer SC US
6335256505,2017-11-02 16:32,https://greenville.craigslist.org/apa/d/price-reduced-large-home-off/6335256505.html,PRICE REDUCED! Large Home off Woodruff Rd Five Forks Area!,1950,Simpsonville,5,3000,3.5,34.751200,-82.255000,22,311 Cypresshill Ct Simpsonville SC US
6335533896,2017-11-02 16:32,https://greenville.craigslist.org/apa/d/price-reduced-professional/6335533896.html,PRICE REDUCED! Professional Monthly Cleaning Service Included!,1400,Greenville,3,1500,2.5,34.828500,-82.351600,22,313 Christiane Way Greenville SC US
6345073965,2017-11-02 16:32,https://greenville.craigslist.org/apa/d/beautiful-4b-25b-home-in/6345073965.html,Beautiful 4B/2.5b Home in Ascot Subdivision in Greer!,2100,Greer,4,2840,2.5,34.879399,-82.261279,10,10 Treyburn Ct Greer SC US
6348587515,2017-11-02 16:32,https://greenville.craigslist.org/apa/d/six-month-lease-only-3b-25b/6348587515.html,**SIX MONTH LEASE ONLY** 3B/2.5b Home with Bonus!,1800,Simpsonville,3,2500,2.5,34.751200,-82.255000,22,111 Scotts Bluff Dr Simpsonville SC US
6358053455,2017-11-02 16:32,https://greenville.craigslist.org/apa/d/price-reduced-3b-25b/6358053455.html,"PRICE REDUCED! 3B/2.5b Conveniently located to I-385, and Woodruff Rd!",1350,Mauldin,3,1922,2.5,34.780700,-82.303500,22,106 Forsythia Dr Mauldin SC US
6367131226,2017-11-02 16:32,https://greenville.craigslist.org/apa/d/lease-special-one-month-free/6367131226.html,**LEASE SPECIAL: ONE MONTH FREE**,1450,Greenville,3,1565,2.5,34.828500,-82.351600,22,305 Christiane Way Greenville SC US
6367142235,2017-11-02 16:32,https://greenville.craigslist.org/apa/d/lease-special-one-month-free/6367142235.html,**LEASE SPECIAL: ONE MONTH FREE**,1450,Greenville,3,1565,2.5,34.828500,-82.351600,22,115 Emerywood Ln Greenville SC US
6367330948,2017-11-02 16:32,https://greenville.craigslist.org/apa/d/end-unit-woodruff-rd/6367330948.html,End Unit! Woodruff Rd Amenities! Very Nice 3B/2.5b Townhome!,1550,Greenville,3,2100,2.5,34.828500,-82.351600,22,21 Fairchild Way Greenville SC US
6371184961,2017-11-02 16:31,https://greenville.craigslist.org/apa/d/loft-1bdrm-1-bth-cathedral/6371184961.html,"Loft-1Bdrm, 1 Bth, Cathedral Ceilings, 2 min's Downtown Greenville",1195,"Greenville,SC",1,1000,1,34.830837,-82.411194,5,208 Guess Street Greenville SC US
6371192812,2017-11-02 16:28,https://greenville.craigslist.org/apa/d/woodruff-rd-amenities-very/6371192812.html,Woodruff Rd Amenities! Very Nice 3 Bedroom 2.5 Bathroom Townhome!,1595,Greenville,3,2100,2.5,34.828500,-82.351600,22,23 Fairchild Way Greenville SC US
6371192232,2017-11-02 16:27,https://greenville.craigslist.org/apa/d/beautiful-remodeled-two/6371192232.html,Beautiful Remodeled Two Bedroom One Bath! Move in Today!!,800,,2,875,1,34.860158,-82.273521,5,3500 Pelham Road Greenville SC US
6371174290,2017-11-02 16:27,https://greenville.craigslist.org/apa/d/hillcrest-townhomes-awaits/6371174290.html,HILLCREST TOWNHOMES AWAITS YOU !,795,1000 East Main St,3,1216,1.5,,,,
6371186666,2017-11-02 16:24,https://greenville.craigslist.org/apa/d/loft-1-bdrm1-bth-custom-unit/6371186666.html,"LOFT-1 Bdrm,1 Bth, CUSTOM UNIT, less then 2 min's Downtown Greenville",1195,Greenville,1,1050,1,34.830661,-82.411151,7,208 Guess Street Greenville SC US
6371186408,2017-11-02 16:23,https://greenville.craigslist.org/apa/d/gold-2-bedroom-apartment/6371186408.html,Gold 2 Bedroom Apartment Package Available,650,Anderson,2,900,1,34.437300,-82.625100,22,
6361520538,2017-11-02 16:23,https://greenville.craigslist.org/apa/d/double-wide/6361520538.html,Double wide,700,Anderson,3,0,2,34.526100,-82.630400,22,Bradford forest Lyman SC US
6371183940,2017-11-02 16:22,https://greenville.craigslist.org/apa/d/1st-time-offered-2-bdrm-1-bth/6371183940.html,"1st Time offered - 2 Bdrm, 1 Bth - half mile to Downtown Greenville",1395,"Greenville, SC",2,1600,1,34.830714,-82.411408,5,208 Guess Street Greenville SC US
6371183118,2017-11-02 16:21,https://greenville.craigslist.org/apa/d/1bdrm-1bath-owner-pays-water/6371183118.html,"1Bdrm, 1Bath, Owner Pays Water, 3 min's Walmart, 9min's Downtown",650,"Greenville, SC",1,700,1,34.865149,-82.446800,10,308 Agnew Rd Greenville SC US
6371181769,2017-11-02 16:20,https://greenville.craigslist.org/apa/d/corner-apartment-amazing/6371181769.html,Corner Apartment! Amazing Specials! Call Today!,1165,,1,749,1,34.821510,-82.303944,20,30 Market Point Drive Greenville SC US
6371179645,2017-11-02 16:19,https://greenville.craigslist.org/apa/d/check-out-your-new-home-one/6371179645.html,Check Out Your New Home! One Bedroom One Bathroom Apartment!,660,,1,623,1,34.860440,-82.273607,5,3500 Pelham Road greenville SC US
6362111090,2017-11-02 16:16,https://greenville.craigslist.org/apa/d/stunning-affordable-priced/6362111090.html,stunning affordable Priced rental with living room,350,Greenville,4,1600,3,34.796861,-82.359524,22,
6332557491,2017-11-02 16:10,https://greenville.craigslist.org/apa/d/very-loving-1-bedrooms/6332557491.html,**Very Loving 1 Bedrooms Available**,615,5300 Augusta Road,1,750,1,34.759109,-82.390823,10,5300 Augusta Rd Greenville SC US
6371163493,2017-11-02 16:07,https://greenville.craigslist.org/apa/d/let-your-inner-peace-relax-in/6371163493.html,Let Your Inner Peace Relax in Your New 3 Bedroom!,1115,Parkside at Laurel West,3,1130,2,34.919133,-81.996029,10,200 Heath Lane Spartanburg SC US
6362794785,2017-11-02 16:04,https://greenville.craigslist.org/apa/d/large-newly-remodeled-2345-br/6362794785.html,"▃ Large Newly Remodeled 2,3,4,5 br Big Family House!! for Ɍeŋt!",400,greenville,3,0,2,34.847200,-82.406000,22,
6351073151,2017-11-02 16:03,https://greenville.craigslist.org/apa/d/great-deal-light-up-your-fall/6351073151.html,GREAT DEAL Light Up Your Fall With A New Home!!,965,NO BANK QUALIFYING,0,1250,,39.165200,-84.662500,22,
6371143247,2017-11-02 16:03,https://greenville.craigslist.org/apa/d/spacious-three-bedroom-200/6371143247.html,Spacious Three Bedroom- $200 off first month's rent,1184,,3,1456,2,34.836626,-82.320388,20,741 Woodruff Road Greenville SC US
6362796081,2017-11-02 16:03,https://greenville.craigslist.org/apa/d/economical-3-4-bdrm-home-in/6362796081.html,▃ Economical 3-4 bdrm 'home in top location. Nearly to School & Park!,400,greenville,3,0,2,34.847200,-82.406000,22,
