pid,dt,url,title,price,neighb,beds,sqft,baths,lat,lng,accuracy,address
6360161134,2017-11-02 17:00,https://greensboro.craigslist.org/apa/d/full-single-family-house/6360161134.html,Full Single Family House   Rent2Own Opportunity,888,1102 S 46th St,3,1290,2,36.069700,-79.768200,22,1102 S 46th Greensboro NC US
6371226807,2017-11-02 16:58,https://greensboro.craigslist.org/apa/d/charming-1-bedroom-with-great/6371226807.html,Charming 1 bedroom with a great special until 11/14!,711,High Point,1,840,1,36.033760,-79.968247,10,3971 River Pointe Place High Point NC US
6332898459,2017-11-02 16:58,https://greensboro.craigslist.org/apa/d/beautiful-peaceful-and-close/6332898459.html,"Beautiful, Peaceful, and Close To Everything!",768,,0,0,,36.067100,-80.302500,22,
6371230472,2017-11-02 16:54,https://greensboro.craigslist.org/apa/d/3-bedroom-1-bath-in-eden-nc/6371230472.html,"3 bedroom-1 bath in Eden, NC",600,"513 Walnut Street Eden, North Carolina",3,0,1,,,,
6371229405,2017-11-02 16:53,https://greensboro.craigslist.org/apa/d/coming-next-week/6371229405.html,Coming Next Week ☺,789,Greensboro,3,924,2,36.022000,-79.782100,22,5418 Country Club Road Greensboro NC US
6359105242,2017-11-02 16:53,https://greensboro.craigslist.org/apa/d/spacious-2-bedroom-15-bath/6359105242.html,SPACIOUS 2 BEDROOM 1.5 BATH!!! $500 OFF 1ST MONTH'S RENT!,650,High Point,2,1062,1.5,35.984559,-79.979916,10,2609 Suffolk Ave High Point NC US
6354941702,2017-11-02 16:52,https://greensboro.craigslist.org/apa/d/welcome-home-2-bedroom/6354941702.html,"Welcome Home!!! 2 Bedroom Townhome "" The Laurel""",970,High Point,2,1154,2.5,36.037736,-79.947037,10,3601 Laurel Bluff Circle HIgh Point NC US
6359106333,2017-11-02 16:52,https://greensboro.craigslist.org/apa/d/spacious-2-bedroom-15-bath/6359106333.html,SPACIOUS 2 BEDROOM 1.5 BATH!!! $500 OFF 1ST MONTH'S RENT!,650,High Point,2,1062,1.5,35.984559,-79.979916,10,2609 Suffolk Ave High Point NC US
6359430955,2017-11-02 16:52,https://greensboro.craigslist.org/apa/d/ground-2-br-coming-mid/6359430955.html,"Ground 2 br. coming mid November, screened porch, bay window!",725,,2,0,2,36.182400,-79.806000,22,Lwandale at cottage place Greensboro NC US
6341711391,2017-11-02 16:51,https://greensboro.craigslist.org/apa/d/park-place-2-bedroom-townhome/6341711391.html,PARK PLACE 2 BEDROOM TOWNHOME ** $660 SPECIAL ** CALL FOR DETAILS!!,660,Greensboro,2,1050,1.5,36.073393,-79.886805,10,"2 Hiltin Place, Suite B Greensboro NC US"
6371226402,2017-11-02 16:51,https://greensboro.craigslist.org/apa/d/farmwood-garden-apts-one/6371226402.html,***Farmwood Garden Apts. ONE BEDROOMS***,525,Kernersville,1,675,1,36.131671,-80.071709,10,120 Farmwood Dr Kernersville NC US
6351564563,2017-11-02 16:51,https://greensboro.craigslist.org/apa/d/non-renovated-top-vaulted/6351564563.html,"Non renovated top, vaulted ceilings, skylights, porch, 650.00",650,,1,750,1,36.138084,-79.832790,15,"lawndale dr, at cottage place Greensboro NC US"
6371224984,2017-11-02 16:50,https://greensboro.craigslist.org/apa/d/renovation-renovation-coming/6371224984.html,"Renovation, renovation, coming soon, top, fireplace,porch, more!",850,,2,1050,2,36.138084,-79.832790,15,"lawndale dr, at cottage place Greensboro NC US"
6371221586,2017-11-02 16:48,https://greensboro.craigslist.org/apa/d/coming-next-week/6371221586.html,Coming Next Week ☺,879,Greensboro,3,1216,2,36.022000,-79.782100,22,5418 Country Club Road Greensboro NC US
6371221189,2017-11-02 16:47,https://greensboro.craigslist.org/apa/d/expansive-wifi-sundeck-grill/6371221189.html,"Expansive WiFi Sundeck, Grill & Picnic Areas, Breakfast Bar, Dog Park",840,Asheboro,3,1212,2,35.671647,-79.804902,20,421 Oak Leaf Road Asheboro NC US
6368344655,2017-11-02 16:47,https://greensboro.craigslist.org/apa/d/ground-2-br-coming-mid/6368344655.html,"Ground 2 br. coming mid November, screened porch, bay window!",725,,2,1050,2,36.182400,-79.806000,22,Lwandale at cottage place Greensboro NC US
6367794666,2017-11-02 16:46,https://greensboro.craigslist.org/apa/d/beware-of-rentor-stimpson-and/6367794666.html,BEWARE of Rentor A Stimpson and Restoration company,1,Greensboro,0,0,,36.116300,-79.668400,22,
6371219218,2017-11-02 16:46,https://greensboro.craigslist.org/apa/d/lovely-island-kitchen-coming/6371219218.html,Lovely Island Kitchen Coming Soon!,899,Greensboro,3,1216,2,36.022000,-79.782100,22,5418 Country Club Road Greensboro NC US
6350301334,2017-11-02 16:45,https://greensboro.craigslist.org/apa/d/no-plans-this-weekend-come/6350301334.html,NO PLANS THIS WEEKEND? COME SEE YOUR NEW HOME! 11/04/17!!,575,high point,1,0,1,35.984559,-79.979916,10,2609 suffolk avenue  NC US
6371215695,2017-11-02 16:43,https://greensboro.craigslist.org/apa/d/addison-point-january-free/6371215695.html,Addison Point - January FREE!,799,Addison Point Apartments,2,884,2,36.072796,-79.905465,10,6227 Nile Place Greensboro NC US
6371210769,2017-11-02 16:40,https://greensboro.craigslist.org/apa/d/care-free-living/6371210769.html,Care free living!,700,,2,0,1.5,36.116500,-80.083100,22,
6371208478,2017-11-02 16:38,https://greensboro.craigslist.org/apa/d/come-view-life-at-autumn/6371208478.html,Come view life at Autumn Forest!!!! Ask about ownership.,,,0,0,,36.201900,-79.710100,22,
6342995701,2017-11-02 16:37,https://greensboro.craigslist.org/apa/d/no-credit-check-on-this-3/6342995701.html,NO CREDIT CHECK On This 3 Bedroom House CONVENIENT TO BURLINGTON ROAD!,725,Greensboro,3,0,1.5,36.069700,-79.768200,22,
6371205913,2017-11-02 16:37,https://greensboro.craigslist.org/apa/d/this-3-bedroom-2-bath-house/6371205913.html,This 3 Bedroom 2 Bath house is priced just right come visit today!,769,Homeiste 263,0,0,,36.201900,-79.710100,22,
6357796510,2017-11-02 16:34,https://greensboro.craigslist.org/apa/d/location-location-location/6357796510.html,"""LOCATION LOCATION LOCATION!  LAKE BRANDT IS THE PLACE! (Greensboro, N",737,Lake Brandt,1,744,1,,,,
6371199821,2017-11-02 16:33,https://greensboro.craigslist.org/apa/d/view-this-brand-new-home/6371199821.html,View this brand new home today!!! 3 Bedroom 2 Bath home,849,Homesite 127,0,0,,36.201900,-79.710100,22,
6371197013,2017-11-02 16:31,https://greensboro.craigslist.org/apa/d/this-2-bedroom-two-bath-home/6371197013.html,This 2 Bedroom two Bath home won't last long! Call today !!!!!!!,799,Homesite 84,0,0,,36.201900,-79.710100,22,
6371194418,2017-11-02 16:29,https://greensboro.craigslist.org/apa/d/miles-of-nature-trails-at/6371194418.html,"MILES OF NATURE TRAILS AT YOUR DOORSTEP (Greensboro, NC)",901,Lake Brandt,2,1108,2,,,,
6371193347,2017-11-02 16:28,https://greensboro.craigslist.org/apa/d/come-view-this-home-for-sale/6371193347.html,"Come view this home FOR SALE ONLY!!!!! $30,000.00",,Homesite 184,0,0,,36.201900,-79.710100,22,
6371191788,2017-11-02 16:27,https://greensboro.craigslist.org/apa/d/great-deals-in-beautiful/6371191788.html,"GREAT DEALS IN A BEAUTIFUL NEIGHBORHOOD! (Greensboro, NC)",655,Lake Brandt,1,695,1,,,,
6371167107,2017-11-02 16:25,https://greensboro.craigslist.org/apa/d/lease-today-sparkling-pool/6371167107.html,"Lease Today, Sparkling Pool, Built In Microwave",1350,Greensboro,3,1319,2,36.121656,-79.828243,10,100 Tall Oaks Drive Greensboro NC US
6371171036,2017-11-02 16:24,https://greensboro.craigslist.org/apa/d/convenient-first-floor/6371171036.html,Convenient First Floor Apartment Home!,695,Burlington,1,840,1,36.063530,-79.510385,22,1720 Old St. Marks Church Road Burlington NC US
6371185070,2017-11-02 16:22,https://greensboro.craigslist.org/apa/d/direct-entry-stainless-steel/6371185070.html,"Direct Entry, Stainless Steel Appliances, Central Air Conditioning",1085,,3,1219,2,36.125858,-79.957343,10,3201 Allerton Circle Greensboro NC US
6371181320,2017-11-02 16:20,https://greensboro.craigslist.org/apa/d/ready-for-change-come-visit/6371181320.html,Ready For A Change? Come Visit LeMans At Lawndale!,610,,1,0,1,36.106400,-79.816500,22,2005 W Cone Greensboro NC US
6371180315,2017-11-02 16:19,https://greensboro.craigslist.org/apa/d/come-view-this-home-today/6371180315.html,Come view this home today,849,Homesite 38,0,0,,36.201900,-79.710100,22,
6371178571,2017-11-02 16:18,https://greensboro.craigslist.org/apa/d/2bd-townhome-only-675-ask-for/6371178571.html,2BD TOWNHOME ONLY $675!! ASK FOR NAKAYLA!!,675,Greensboro,2,1024,1.5,36.024728,-79.809191,10,3601 Lynhaven Dr. Greensboro NC US
6371149622,2017-11-02 16:15,https://greensboro.craigslist.org/apa/d/bbq-picnic-area-volleyball/6371149622.html,"BBQ/Picnic Area, Volleyball Court, Wood Style Flooring, Access Gate",819,,1,923,1,36.050098,-79.900189,15,1521 Bridford Parkway Greensboro NC US
6357326780,2017-11-02 16:15,https://greensboro.craigslist.org/apa/d/completely-furnished-1-bed-1/6357326780.html,COMPLETELY FURNISHED 1 Bed 1 Bath Home CONVENIENT TO GUILFORD COLLEGE!,400,Greensboro,1,0,1,36.077700,-79.908600,22,
6371131541,2017-11-02 16:13,https://greensboro.craigslist.org/apa/d/all-appliances-included-on/6371131541.html,ALL APPLIANCES INCLUDED On This 4 Bedroom HOUSE With NO CREDIT CHECK,825,Greensboro,4,0,0,36.033400,-79.862600,22,
6371166191,2017-11-02 16:09,https://greensboro.craigslist.org/apa/d/pool-sundeck-clubhouse/6371166191.html,"Pool, Sundeck, Clubhouse",822,"PTI, Guilford College",2,1076,1,,,,
6371155659,2017-11-02 16:02,https://greensboro.craigslist.org/apa/d/large-closets-clubhouse/6371155659.html,"Large Closets, Clubhouse, Fireplace",715,"PTI, Guilford College",1,766,1,,,,
