pid,dt,url,title,price,neighb,beds,sqft,baths,lat,lng,accuracy,address
6371292627,2017-11-02 16:48,https://greenbay.craigslist.org/apa/d/wonderful-quiet-3-bedroom-25/6371292627.html,WONDERFUL & QUIET 3 BEDROOM & 2.5 BATHROOM HOME!!!,800,"Green Bay, WI",3,1842,2.5,44.497500,-88.032400,22,
6371294714,2017-11-02 16:47,https://greenbay.craigslist.org/apa/d/wonderful-quiet-3-bedroom-25/6371294714.html,WONDERFUL & QUIET 3 BEDROOM & 2.5 BATHROOM HOME!!!,800,"Green Bay, WI",3,1842,2.5,44.497500,-88.032400,22,
6371275956,2017-11-02 16:27,https://greenbay.craigslist.org/apa/d/2-3-bedroom-house-for-rent/6371275956.html,2-3 Bedroom house for rent   OPEN NOW!!,725,green bay west,2,1100,1,44.532930,-88.027994,10,1011 VELP green bay WI US
6338965727,2017-11-02 16:01,https://greenbay.craigslist.org/apa/d/large-house-2-bedrooms-3-bath/6338965727.html,"Large House, 2 Bedrooms, 3 bath, Dishwasher, Balcony, Storied",1267,Wausaukee,5,1912,2,,,,
