pid,dt,url,title,price,neighb,beds,sqft,baths,lat,lng,accuracy,address
6371271554,2017-11-02 16:52,https://gulfport.craigslist.org/apa/d/pet-friendly-community-bark/6371271554.html,"Pet Friendly Community w/ Bark Park, Sparkling Pool, & 24-Hr Fitness",757,"14801 Lemoyne Blvd, Biloxi, MS 39532",1,730,1,30.443141,-88.853938,5,14801 Lemoyne BlvdÂ  Biloxi MS US
6371295160,2017-11-02 16:51,https://gulfport.craigslist.org/apa/d/fabulous-floorplans-available/6371295160.html,FABULOUS FLOORPLANS AVAILABLE NOW! CALL FOR DETAILS!,,Gulfport,0,0,,,,,
6371296612,2017-11-02 16:43,https://gulfport.craigslist.org/apa/d/beautiful-1-bedroom-apartment/6371296612.html,Beautiful 1 Bedroom Apartment Home!,634,,1,800,0,30.401202,-89.009772,10,710 Lindh Road Gulfport MS US
6371287536,2017-11-02 16:43,https://gulfport.craigslist.org/apa/d/why-rent-hotel-room-when-you/6371287536.html,WHY RENT A HOTEL ROOM WHEN YOU CAN HAVE YOUR OWN PLACE,185,"VANCLEAVE, MS",1,0,1,,,,
6371290248,2017-11-02 16:38,https://gulfport.craigslist.org/apa/d/blending-relaxation-and/6371290248.html,Blending Relaxation and Sophistication to Create the Ideal Place,,Gulfport,0,0,,,,,
6371258575,2017-11-02 16:14,https://gulfport.craigslist.org/apa/d/waived-fees-on-three-bedroom/6371258575.html,Waived Fees On Three Bedroom Ready for Immediate Move-IN!,960,,3,1407,3,30.397884,-88.664998,20,3513 Beasley Rd Gautier MS US
6371256934,2017-11-02 16:13,https://gulfport.craigslist.org/apa/d/move-in-for-99-at-beautiful/6371256934.html,Move In For $99 at Beautiful Biloxi Shores!! Call Now!!,625,"Biloxi Shores - Biloxi, MS",1,690,1,30.397887,-88.993028,10,263 Eisenhower Dr Biloxi MS US
