pid,dt,url,title,price,neighb,beds,sqft,baths,lat,lng,accuracy,address
6371435636,2017-11-02 16:41,https://hanford.craigslist.org/apa/d/warm-and-cozy/6371435636.html,Warm And Cozy,810,Corcoran,2,1270,1.5,36.091688,-119.572042,10,1700 Dairy Ave Corcoran CA US
6371430887,2017-11-02 16:36,https://hanford.craigslist.org/apa/d/beautiful-day-to-rent-my-way/6371430887.html,Beautiful Day To Rent My Way.,892,North Hanford,1,645,1,36.331400,-119.649100,0,
6371430876,2017-11-02 16:36,https://hanford.craigslist.org/apa/d/two-bedroom-single-level-in/6371430876.html,Two Bedroom Single Level In A Great Location,1180,Lemoore,2,1092,2,36.268200,-119.817300,22,899 Dogwood Ave Lemoore CA US
6371416026,2017-11-02 16:22,https://hanford.craigslist.org/apa/d/stay-cozy-fireplace-next-to/6371416026.html,Stay Cozy Fireplace Next To The Fireplace!,1087,"580 West Fargo Avenue, Hanford, CA 93230",2,1038,1.5,36.357197,-119.653697,5,580 West Fargo Avenue Hanford CA US
6371406139,2017-11-02 16:14,https://hanford.craigslist.org/apa/d/community-clubhouse-business/6371406139.html,"Community Clubhouse, Business Center, Lush Green Landscaping",1055,"500 Northstar, Hanford, CA 93230",2,1161,2,36.359696,-119.652071,5,500 Northstar Hanford CA US
6371399149,2017-11-02 16:08,https://hanford.craigslist.org/apa/d/start-your-new-year-work-out/6371399149.html,Start Your New Year Work Out In Our 24Hr Fitness! Call Today!,1087,North Hanford,2,1038,1.5,36.357197,-119.653697,10,580 W. Fargo Hanford CA US
