pid,dt,url,title,price,neighb,beds,sqft,baths,lat,lng,accuracy,address
6339146693,2017-11-02 16:50,https://harrisburg.craigslist.org/apa/d/mount-joy-close-to-everything/6339146693.html,"Mount Joy Close to everything 3 bed 2 bath ,",970,Elizabethtown   Dunc,4,2440,2.5,40.403014,-76.535934,22,
6358285221,2017-11-02 16:50,https://harrisburg.craigslist.org/apa/d/wonderful-one-bedroom/6358285221.html,Wonderful one Bedroom apartment for Rent !~,750,2600 Green Street,1,0,1,40.272400,-76.861000,22,
6358283934,2017-11-02 16:50,https://harrisburg.craigslist.org/apa/d/come-seeriverplaza/6358283934.html,COME SEE!@RIVERPLAZA,710,HARRISBURG,1,0,1,40.303000,-76.886200,22,2311 NORTH FRONT STREET HARRISBURG PA US
6358283345,2017-11-02 16:50,https://harrisburg.craigslist.org/apa/d/1br-210-hale-avenue-magnolia/6358283345.html,1BR _210 Hale Avenue_ MAGNOLIA GARDENS ~ S T U D E N T S _,730,harrisburg,1,0,1,40.269189,-76.847594,10,210 hale ave  PA US
6358284390,2017-11-02 16:50,https://harrisburg.craigslist.org/apa/d/rare-find/6358284390.html,!!!!!!! RARE FIND!!!!,750,2600 Green Street,1,0,1,40.272400,-76.861000,22,
6368087389,2017-11-02 16:50,https://harrisburg.craigslist.org/apa/d/1-bedroom-exclusive-gem2311/6368087389.html,1 bedroom exclusive gem~2311 north front st,750,2311 North Front Street,1,0,1,40.272400,-76.861000,22,
6368121129,2017-11-02 16:50,https://harrisburg.craigslist.org/apa/d/fabulous-2-brriverplaza/6368121129.html,FABULOUS!!!! 2 BR@RIVERPLAZA,850,2311 North Front Street,2,0,0,40.272400,-76.861000,22,
6368137129,2017-11-02 16:50,https://harrisburg.craigslist.org/apa/d/cool-so-hip-riverplaza/6368137129.html,cool! So Hip! RIVERPLAZA,850,2311 North Front Street,2,0,1,40.272400,-76.861000,22,
6368154354,2017-11-02 16:49,https://harrisburg.craigslist.org/apa/d/cheap-2-br-apartmentwow/6368154354.html,;cheap 2 BR APARTMENT@WOW,755,2400 Market st,2,0,1,40.272400,-76.861000,22,
6368158812,2017-11-02 16:49,https://harrisburg.craigslist.org/apa/d/2400-market-st-beautiful-2/6368158812.html,@ @ @ @ @ @ @2400 MARKET ST beautiful 2 bedroom!!!,755,2400 Market st,2,0,1,40.272400,-76.861000,22,
6368165395,2017-11-02 16:49,https://harrisburg.craigslist.org/apa/d/2400-market-st/6368165395.html,@ @ @2400 MARKET ST,675,2400 Market st,1,0,1,40.272400,-76.861000,22,
6368177227,2017-11-02 16:49,https://harrisburg.craigslist.org/apa/d/bellevue-towers-2400-market-st/6368177227.html,:@ Bellevue Towers @ (2400 Market st),755,2400 Market st,2,0,1,40.272400,-76.861000,22,
6368188278,2017-11-02 16:49,https://harrisburg.craigslist.org/apa/d/email-today-plus-gr8-rates/6368188278.html,EMAIL TODAY / Plus gr8 rates!!!!!!,675,2400 Market st,1,0,1,40.272400,-76.861000,22,
6368293149,2017-11-02 16:49,https://harrisburg.craigslist.org/apa/d/feel-at-home-at2400-market/6368293149.html,**Feel at home at@2400 Market Street,755,2400 Market st,2,0,1,40.272400,-76.861000,22,
6368295319,2017-11-02 16:49,https://harrisburg.craigslist.org/apa/d/harrisburg-rentals-bellevue/6368295319.html,HARRISBURG RENTALS:@ Bellevue Towers @,755,2400 Market st,2,0,1,40.272400,-76.861000,22,
6368299388,2017-11-02 16:49,https://harrisburg.craigslist.org/apa/d/bellevue-towersoverlooking/6368299388.html,Bellevue Towers!!!OVERLOOKING PARK_,675,2400 Market st,1,0,1,40.272400,-76.861000,22,
6368306831,2017-11-02 16:49,https://harrisburg.craigslist.org/apa/d/2400-market-street-bellevue/6368306831.html,2400 Market Street@ @ @Bellevue Towers2 bedroom 1 bath*NICE AREA~PET F,755,2400 Market st,2,0,1,40.272400,-76.861000,22,
6368332771,2017-11-02 16:49,https://harrisburg.craigslist.org/apa/d/one-br-cable-ready-brand-new/6368332771.html,*ONE br Cable-ready Brand new appliances@210 HALE AVNUE,730,210 Hale avenue,1,0,1,40.272400,-76.861000,22,
6368340055,2017-11-02 16:49,https://harrisburg.craigslist.org/apa/d/private-yard-bad-credit-ok/6368340055.html,")*private yard, bad credit ok",830,210 Hale avenue,2,0,2,40.272400,-76.861000,22,
6368347937,2017-11-02 16:49,https://harrisburg.craigslist.org/apa/d/this-roomy-two-bedroom/6368347937.html,This Roomy Two Bedroom!,730,210 Hale avenue,1,0,1,40.272400,-76.861000,22,
6368344832,2017-11-02 16:49,https://harrisburg.craigslist.org/apa/d/magnolia-gardensso-magnificent/6368344832.html,Magnolia Gardens@so magnificent,830,210 Hale avenue,2,0,1,40.272400,-76.861000,22,
6368353305,2017-11-02 16:49,https://harrisburg.craigslist.org/apa/d/this-roomy-two-bedroom-37/6368353305.html,This Roomy Two Bedroom! 37 Thomas street,695,37 THOMAS STREET,1,0,1,40.272400,-76.861000,22,
6368358329,2017-11-02 16:49,https://harrisburg.craigslist.org/apa/d/especially-cute-2-bedroom-37/6368358329.html,ESPECIALLY Cute 2 bedroom !!!! 37 Thomas Street,830,37 THOMAS STREET,2,0,1,40.272400,-76.861000,22,
6371197356,2017-11-02 16:37,https://harrisburg.craigslist.org/apa/d/hummelstown-two-bedroom/6371197356.html,Hummelstown Two Bedroom,800,Hummelstown,2,1400,2,40.265190,-76.708777,10,26 West Main Street Hummelstown PA US
6371199869,2017-11-02 16:33,https://harrisburg.craigslist.org/apa/d/lease-today-minutes-to/6371199869.html,"Lease Today, Minutes to Downtown Harrisburg, Pet Park",1155,Camp Hill/Mechanicsburg,1,736,1.5,,,,
6371125065,2017-11-02 16:25,https://harrisburg.craigslist.org/apa/d/fabulous-two-bedroom/6371125065.html,Fabulous two bedroom apartments within minutes from downtown. Call bef,1075,Ivy Ridge,2,910,2,,,,
6340462906,2017-11-02 16:21,https://harrisburg.craigslist.org/apa/d/private-owned-currently-2-6/6340462906.html,PRIVATE OWNED. CURRENTLY 2-6 BEDRMS AVAILABLE IN NORTHUMBERLAND COUNTY,555,PETS OK-GARAGES-LARGE YARDS,7,0,1.5,,,,
6371179847,2017-11-02 16:19,https://harrisburg.craigslist.org/apa/d/2nd-month-rent-free/6371179847.html,2nd Month Rent Free!!!!,11501195,"Harrisburg, PA",2,1260,2,40.335200,-76.791400,22,1101 Hoya Ave Harrisburg PA US
6371163585,2017-11-02 16:14,https://harrisburg.craigslist.org/apa/d/love-where-you-live/6371163585.html,Love Where You Live,1214,Marietta,2,1206,2,40.066400,-76.564500,22,310 Honeysuckle Drive Marietta PA US
6371172355,2017-11-02 16:14,https://harrisburg.craigslist.org/apa/d/2nd-month-rent-free/6371172355.html,2nd Month Rent Free!!!!,985,"Harrisburg, PA",1,877,1,40.335200,-76.791400,22,1101 Hoya Ave Harrisburg PA US
6356102802,2017-11-02 16:08,https://harrisburg.craigslist.org/apa/d/3-br-1-bath-half-house-in/6356102802.html,3 BR 1 Bath Half House in Enola,950,Enola/West Fairview PA,3,1000,1,,,,
6371143624,2017-11-02 16:03,https://harrisburg.craigslist.org/apa/d/love-where-you-live/6371143624.html,Love Where You Live,1054,Marietta,2,995,2,40.066400,-76.564500,22,310 Honeysuckle Drive Marietta PA US
6332734133,2017-11-02 16:01,https://harrisburg.craigslist.org/apa/d/showings-happening-today/6332734133.html,SHOWINGS HAPPENING TODAY!!,950,,3,0,0,40.259700,-76.859400,22,
