pid,dt,url,title,price,neighb,beds,sqft,baths,lat,lng,accuracy,address
6371231585,2017-11-02 16:55,https://harrisonburg.craigslist.org/apa/d/2-and-3-bedroom-apartments/6371231585.html,2 and 3 Bedroom Apartments Available Now,807932,,2,988,2,38.418223,-78.843029,10,181 Chestnut Ridge Dr. Harrisonburg VA US
6371205730,2017-11-02 16:37,https://harrisonburg.craigslist.org/apa/d/give-fido-great-home-youll/6371205730.html,Give Fido a great home! You'll love our Pet-Friendly Apartments!,1010,HARRISONBURG,3,1160,2,38.455854,-78.850100,10,480 VINE STREET Harrisonburg VA US
6371203973,2017-11-02 16:35,https://harrisonburg.craigslist.org/apa/d/ivy-ridge-apartments-2-bedroom/6371203973.html,Ivy Ridge Apartments - 2 Bedroom,675,"1730 Ivy Street, Waynesboro, VA",2,900,1.5,38.080890,-78.896697,10,1730 Ivy Street Waynesboro VA US
6371169792,2017-11-02 16:25,https://harrisonburg.craigslist.org/apa/d/natural-beauty-arched/6371169792.html,Natural beauty arched passageways new flooring,841,,0,0,,,,,
6371166782,2017-11-02 16:22,https://harrisonburg.craigslist.org/apa/d/3-bedroom-15-bath-close-to/6371166782.html,"3 bedroom, 1.5 bath close to JMU and Purcell Park",1200,42 Fry Ave.,3,1300,1.5,38.432026,-78.880450,10,42 Fry Harrisonburg VA US
