pid,dt,url,title,price,neighb,beds,sqft,baths,lat,lng,accuracy,address
6360899603,2017-11-02 16:47,https://houma.craigslist.org/apa/d/amazing-2-bedroom-apt-718/6360899603.html,AMAZING 2 BEDROOM (Apt 718),929,,2,939,2,29.614358,-90.756340,10,
6371289977,2017-11-02 16:38,https://houma.craigslist.org/apa/d/amazingfenced/6371289977.html,&&AMAZING&Fenced backyard&remodeled floor&basement&Good,600,"Houma, LA",3,1450,2,29.629900,-90.726800,22,
6371286507,2017-11-02 16:35,https://houma.craigslist.org/apa/d/1br-house-north-thibodauxb-600/6371286507.html,1BR house north thibodauxb $600,600,thibodaux,1,500,1,29.800368,-90.825966,20,
6371269369,2017-11-02 16:22,https://houma.craigslist.org/apa/d/come-on-by-and-fall-for-our/6371269369.html,**Come on by and Fall for our Community**,995,,0,0,,29.783248,-90.857208,10,2464 Talbot Ave Thibodaux LA US
6371246400,2017-11-02 16:05,https://houma.craigslist.org/apa/d/apartment-with-prime-location/6371246400.html,Apartment with Prime Location!,730,,1,0,1,29.594300,-90.754800,22,Barataria Ave Houma LA US
6371242435,2017-11-02 16:03,https://houma.craigslist.org/apa/d/welcome-home/6371242435.html,Welcome Home!,730,,1,0,1,29.594300,-90.754800,22,Barataria Ave Houma LA US
