pid,dt,url,title,price,neighb,beds,sqft,baths,lat,lng,accuracy,address
6333932621,2017-11-02 17:00,https://houston.craigslist.org/apa/d/featuring-unique-mix-of-one/6333932621.html,FEATURING A UNIQUE MIX OF ONE-BEDROOM UNITS THAT RANGE IN SIZE & STYLE  IN H,1262,Heights*,1,627,0,29.799100,-95.411800,22,
6371319110,2017-11-02 17:00,https://houston.craigslist.org/apa/d/great-roomate-plan/6371319110.html,Great Roomate Plan!,898,,2,978,2,30.037700,-95.532600,22,
6371244936,2017-11-02 17:00,https://houston.craigslist.org/apa/d/welcome-to-the-luxury-and/6371244936.html,WELCOME TO THE LUXURY AND ELEGANCE YOU SO DESERVE IN THE WOODLANDS*,900,The Woodlands*,1,640,0,30.144100,-95.470300,22,
6371318922,2017-11-02 17:00,https://houston.craigslist.org/apa/d/commuters-dream-immediate/6371318922.html,Commuter's Dream. Immediate Move-Ins Available,865,Webster,1,853,1,29.585460,-95.182340,10,15603 Gulf Freeway Webster TX US
6371308820,2017-11-02 17:00,https://houston.craigslist.org/apa/d/2mths-free-proratedmid-town/6371308820.html,2MTHS FREE PRORATED!MID TOWN LOFTS!! BUILT IN 2016!!LARGE PETS OK!!,1290,MONTROSE/MUSEUM,1,576,1,29.759400,-95.359400,22,
6371306163,2017-11-02 17:00,https://houston.craigslist.org/apa/d/5mins-to-uptown-park-custom/6371306163.html,"5Mins to Uptown Park, Custom Closets w/seasonal shelving & built-ins 42in Ca",980,Woodlake,1,723,1,29.734800,-95.522000,22,
6371202093,2017-11-02 16:59,https://houston.craigslist.org/apa/d/open-plan-concept-for-living/6371202093.html,Open Plan Concept for Living & 2 Months Free,2144,Heights*,2,1100,0,29.773600,-95.403400,22,
6371317395,2017-11-02 16:59,https://houston.craigslist.org/apa/d/reward-yourself-with-brand/6371317395.html,REWARD YOURSELF WITH A BRAND NEW LUXE APT THAT MATCHES YOUR LIFESTYLE!,675,6101 Antoine Dr,1,600,1,29.852387,-95.473331,10,6101 Antoine dr Houston TX US
6371316651,2017-11-02 16:58,https://houston.craigslist.org/apa/d/move-in-ready-100-off-market/6371316651.html,Move in ready + $100 off market rent. Modern upscale luxury,1265,,1,740,1,,,,
6371284473,2017-11-02 16:57,https://houston.craigslist.org/apa/d/houston-heights-november/6371284473.html,....... Houston Heights - November Lease townhomes .............,2700,Houston Heights,3,0,3,29.797118,-95.374661,20,Cordell Street Houston TX US
6371278062,2017-11-02 16:57,https://houston.craigslist.org/apa/d/eado-or-east-end-luxury-lease/6371278062.html,Eado or East End - Luxury lease townhouse(s) ------,2650,--- Eado - East End,3,2200,3,29.757751,-95.349197,20,Navigation Street Houston TX US
6371314328,2017-11-02 16:57,https://houston.craigslist.org/apa/d/dishwasher-updater-moving/6371314328.html,"Dishwasher, Updater Moving Partner, Cozy Wood Burning Fireplace",965,"8255 Sunbury Lane , Houston, TX 77095",2,1005,2,29.896541,-95.629252,5,8255 Sunbury LaneÂ  Houston TX US
6371314186,2017-11-02 16:56,https://houston.craigslist.org/apa/d/need-to-move-exceptional/6371314186.html,NEED TO MOVE? EXCEPTIONAL APARTMENT WITH AMENITIES TO MATCH!,775,6101 Antoine Dr,1,700,1,29.852387,-95.473331,10,6101 Antoine dr Houston TX US
6371314107,2017-11-02 16:56,https://houston.craigslist.org/apa/d/spacious-and-bright-medical/6371314107.html,SPACIOUS AND BRIGHT MEDICAL CENTER CONDO,1695,MEDICAL CENTER,2,913,1,29.704100,-95.401000,22,
6371293283,2017-11-02 16:56,https://houston.craigslist.org/apa/d/katy-luxury-home-1mo-free-on/6371293283.html,"*Katy Luxury Home 1Mo. free on 13mo. Reduced Rent, Attached Garage. Saltwater Po",1070,Katy & Far West,1,667,1,29.740400,-95.830400,22,
6371313443,2017-11-02 16:56,https://houston.craigslist.org/apa/d/gorgeous-renovated-units/6371313443.html,Gorgeous Renovated units Reasonably Priced near Hwy 290,895,6101 Antoine Dr,2,1000,2,29.852387,-95.473331,10,6101 Antoine dr Houston TX US
6371313205,2017-11-02 16:56,https://houston.craigslist.org/apa/d/rarely-available-2x2-townhome/6371313205.html,Rarely Available 2x2 Townhome!!,1275,HOUSTON,2,1240,2,,,,
6371305041,2017-11-02 16:55,https://houston.craigslist.org/apa/d/pre-wired-for-cable-tv/6371305041.html,"Pre-Wired for Cable TV, Interior Upgrades, Exclusive Dog Park",1422,Pearland,0,1114,,29.560009,-95.264824,10,2902 Whispering Winds pearland TX US
6334033364,2017-11-02 16:55,https://houston.craigslist.org/apa/d/99-look-lease-relaxed-charm/6334033364.html,$99 LOOK & LEASE & RELAXED CHARM IN THE HEART OF THE WOODLANDS  IN THE W,913,The Woodlands*,1,671,0,30.225700,-95.492400,22,
6371232103,2017-11-02 16:55,https://houston.craigslist.org/apa/d/minutes-from-downtown-medical/6371232103.html,"Minutes from Downtown, Medical Center and Galleria",1475,Midtown*,1,654,0,29.740900,-95.392300,22,
6371312404,2017-11-02 16:55,https://houston.craigslist.org/apa/d/now-available-spacious-walk/6371312404.html,"Now Available, Spacious, Walk to Whole Foods and Starbucks, WD",2362,Houston,2,1376,2,,,,
6371195993,2017-11-02 16:55,https://houston.craigslist.org/apa/d/d-included-stainless-steel/6371195993.html,"W/D included, Stainless Steel Water/Ice Refrigerators",2402,Heights*,2,1154,0,29.773600,-95.403400,22,
6371312207,2017-11-02 16:55,https://houston.craigslist.org/apa/d/spacious-3-bedroom-2-bath/6371312207.html,SPACIOUS 3 BEDROOM 2 BATH! MOVE IN READY,1755,Houston,3,1323,2,29.672200,-95.486100,22,
6371308649,2017-11-02 16:52,https://houston.craigslist.org/apa/d/your-new-home-is-waiting-for/6371308649.html,Your new home is waiting for you! Apply today and move in tomorrow!,950,Houston,1,749,1,29.618803,-95.236359,22,
6371308113,2017-11-02 16:52,https://houston.craigslist.org/apa/d/if-were-you-id-want-to-live/6371308113.html,"If I Were You, I'd Want To Live Here Too...",999,Houston,2,1100,2,29.546315,-95.088020,15,San Sebastian Court at Upper Bay Road Houston TX US
6371307462,2017-11-02 16:51,https://houston.craigslist.org/apa/d/highly-acclaimed-alief-school/6371307462.html,"Highly Acclaimed Alief School District, Pass through bars, Playground",660,"3939 Synott Rd., Houston, TX 77082",1,742,1,29.716453,-95.615162,5,3939 Synott Rd.Â  Houston TX US
6360321588,2017-11-02 16:51,https://houston.craigslist.org/apa/d/katy-3bed-1month-free-garages/6360321588.html,****Katy 3bed 1Month Free ***Garages,1400,Katy,3,1400,2,,,,
6351552436,2017-11-02 16:51,https://houston.craigslist.org/apa/d/excellent-3-2-macgregor-home/6351552436.html,EXCELLENT 3 /2 Macgregor HOME,950,"Houston, TX",3,1177,2,29.759400,-95.359400,22,
6350914694,2017-11-02 16:50,https://houston.craigslist.org/apa/d/special-first-3-months-then/6350914694.html,SPECIAL First 3 Months then $640 a month 1 Years Lease Bills Paid!,540,KILLEEN,2,0,1,31.119281,-97.721275,10,1015 N Hall St  TX US
6334011949,2017-11-02 16:50,https://houston.craigslist.org/apa/d/look-whats-new-at-hughes/6334011949.html,LOOK WHAT'S NEW AT HUGHES LANDING ON LAKE WOODLANDS WITH SPECIALS IN THE WOODLAN,1530,The Woodlands*,1,679,0,30.144100,-95.470300,22,
6371303437,2017-11-02 16:48,https://houston.craigslist.org/apa/d/falling-leavesfalling-prices/6371303437.html,Falling Leaves...Falling Prices! They're both Happening at The Trails!,749,,1,614,1,29.975596,-95.424616,10,200 dominion park dr houston TX US
6371277030,2017-11-02 16:48,https://houston.craigslist.org/apa/d/the-largest-oasis-style-pool/6371277030.html,"*The Largest Oasis Style Pool in H-Town, Private Cabanas & Grills Spinning",1326,Katy & Far West,2,1156,2,29.832300,-95.736000,22,
6357935329,2017-11-02 16:48,https://houston.craigslist.org/apa/d/ft2-come-see-us-today/6357935329.html,$655 / 600ft2 - Come see us TODAY!!..,655,Southwest Houston,1,600,1,29.679908,-95.599950,10,12600 BROOKGLADE CIR HOUSTON TX US
6357942149,2017-11-02 16:47,https://houston.craigslist.org/apa/d/ft2-move-in-special-1-bdrm/6357942149.html,$655 / 600ft2 - MOVE IN SPECIAL 1 BDRM APTS,655,Southwest Houston,1,600,1,29.679908,-95.599950,10,12600 BROOKGLADE CIR HOUSTON TX US
6357940217,2017-11-02 16:47,https://houston.craigslist.org/apa/d/1010sqft-move-in-special-2x2/6357940217.html,1010sqft- MOVE IN SPECIAL 2x2 BDRM APTS,915,Southwest Houston,1,1030,1,29.679908,-95.599950,10,12600 BROOKGLADE CIR HOUSTON TX US
6371301424,2017-11-02 16:46,https://houston.craigslist.org/apa/d/oversized-walk-in-closets/6371301424.html,"Oversized walk-in closets, Sparkling pool and spa with WiFi access",1205,West Houston,2,1082,1,29.734072,-95.598993,20,2840 Shadowbriar Houston TX US
6371236989,2017-11-02 16:46,https://houston.craigslist.org/apa/d/2mo-free-new-skylounge-yoga/6371236989.html,"*2Mo. Free New! Skylounge, yoga room, fitness and dog park, car charging station",2930,Bellaire & Medical Center,2,1184,2,29.724700,-95.362500,22,
6371207415,2017-11-02 16:46,https://houston.craigslist.org/apa/d/1mofree-0app-go-green/6371207415.html,"*1MOFREE/$0APP, Go Green, Sustainable Product West End",1355,Montrose & Museum District,1,752,1,29.773600,-95.403400,22,
6341571366,2017-11-02 16:46,https://houston.craigslist.org/apa/d/0-deposit-low-rent-for-active/6341571366.html,$0 Deposit & Low Rent for ACTIVE SOLDIERS & SENIORS 55+ on SSI!,385,Killeen,0,0,,31.116400,-97.727800,22,Grider Cir  TX US
6371265838,2017-11-02 16:46,https://houston.craigslist.org/apa/d/reduced-rentmins-from/6371265838.html,REDUCED RENT!!MINS FROM RELIANT&METRO RAIL ! FULL CONNECTIONS!,1300,MEDICAL CENTER,2,809,1,29.685200,-95.401700,22,
6334042835,2017-11-02 16:44,https://houston.craigslist.org/apa/d/modern-fixtures-upgraded/6334042835.html,"MODERN FIXTURES, UPGRADED LIGHTING & WOOD-LAMINATE FLOORING IN THE WOODLANDS",1045,The Woodlands*,2,858,0,30.144100,-95.470300,22,
6371298378,2017-11-02 16:44,https://houston.craigslist.org/apa/d/quiet-comfortable-and/6371298378.html,"Quiet, Comfortable and Convenient Living in 3 Bedroom Apartment Home!",1068,,3,1089,2,29.986469,-95.426568,10,15101 Blue Ash Dr Houston TX US
6359295933,2017-11-02 16:44,https://houston.craigslist.org/apa/d/free-cable-bills-paid/6359295933.html,"Free Cable BILLS PAID SanFelipe Condo,Sister Property  All Bills Paid",880,San Felipe Galleria,1,700,1,,,,
6371282423,2017-11-02 16:43,https://houston.craigslist.org/apa/d/6weeks-free-15mo-reduced-rent/6371282423.html,*6Weeks Free/15mo. reduced rent 6mo. IMMEDIATE MOVE-IN GALLERIA MIDRISE,1475,Woodlake,2,1142,2,29.734800,-95.522000,22,
6371265326,2017-11-02 16:42,https://houston.craigslist.org/apa/d/spin-bikes-24hr-fit-center/6371265326.html,"*Spin bikes 24hr Fit Center, Billiards, Bark Park! Prestigious Katy, Resort Styl",885,Katy & Far West,1,810,1,29.745000,-95.732600,22,
6368727415,2017-11-02 16:41,https://houston.craigslist.org/apa/d/0-deposit-low-rent-for-active/6368727415.html,$0 Deposit & Low Rent for ACTIVE SOLDIERS & SENIORS 55+ on SSI!,385,Killeen,0,0,,31.119281,-97.721275,10,1015 hall st Killeen TX US
6371270885,2017-11-02 16:40,https://houston.craigslist.org/apa/d/poolside-cabanas-fans/6371270885.html,*Poolside Cabanas w/ Fans *Relaxation/Cool Down Lounge Katy No Breed Restriction,1165,Katy & Far West,1,753,1,29.740400,-95.830400,22,
6371226405,2017-11-02 16:40,https://houston.craigslist.org/apa/d/concrete-flooring-downtown/6371226405.html,"Concrete Flooring, Downtown Soft-Lofts",1605,Inner Loop East,2,1114,2,29.748900,-95.339100,22,
6371220311,2017-11-02 16:40,https://houston.craigslist.org/apa/d/located-within-the-desirable/6371220311.html,Located within the desirable Washington Avenue corridor,1405,Heights*,1,708,0,29.773600,-95.403400,22,
6334028452,2017-11-02 16:39,https://houston.craigslist.org/apa/d/resort-style-lounge-pool/6334028452.html,RESORT-STYLE LOUNGE POOL & FITNESS LAP POOL & GORGEOUS INTERIORS IN MEDI,1696,Medical Center*,2,1296,0,29.688900,-95.434100,22,
6371189391,2017-11-02 16:38,https://houston.craigslist.org/apa/d/receive-500-and-enjoy-resort/6371189391.html,RECEIVE $500 AND ENJOY RESORT STYLE POOL W/STUNNING VIEWS OF DOWNTOWN  IN HEIGHT,1850,Heights*,2,1169,0,29.773600,-95.403400,22,
6371209656,2017-11-02 16:38,https://houston.craigslist.org/apa/d/minutes-from-downtown-medical/6371209656.html,"MINUTES FROM DOWNTOWN, MEDICAL CENTER AND GALLERIA  IN MIDTOWN*",1475,Midtown*,1,654,0,29.740900,-95.392300,22,
6371254083,2017-11-02 16:38,https://houston.craigslist.org/apa/d/its-wonderful-life-at-imt-at/6371254083.html,"It's a wonderful life at IMT at the Medical Center! 1 Bed, 1 Bath, 659",1205,Reliant Stadium,1,659,1,29.687464,-95.403274,10,8181 fannin Houston TX US
6371200551,2017-11-02 16:37,https://houston.craigslist.org/apa/d/located-within-the-desirable/6371200551.html,LOCATED WITHIN THE DESIRABLE WASHINGTON AVENUE CORRIDOR IN HEIGHTS*,1405,Heights*,1,708,0,29.773600,-95.403400,22,
6371288754,2017-11-02 16:37,https://houston.craigslist.org/apa/d/newly-listed-heights-lease/6371288754.html,~~~ Newly listed Heights lease House(s)  ~~~,1600,The Heights,2,1100,1,29.804512,-95.394966,20,Cortlandt Street Houston TX US
6371288711,2017-11-02 16:37,https://houston.craigslist.org/apa/d/high-speed-internet-private/6371288711.html,"High Speed Internet, Private Garages Available, Centralized Mail Kiosk",1397,"22155 Wildwood Park Road, Richmond, TX 77469",2,1098,2,29.551100,-95.732900,5,22155 Wildwood Park Road Richmond TX US
6359179390,2017-11-02 16:37,https://houston.craigslist.org/apa/d/northwest-townhomes-and/6359179390.html,*****Northwest Townhomes and Flats*****w/dryer conns,1000,Houston,2,1064,2.5,,,,
6371287573,2017-11-02 16:36,https://houston.craigslist.org/apa/d/the-hamilton-boutique-apts/6371287573.html,The Hamilton Boutique Apts. Downtown,1638,"Downtown, Houston",2,1029,2,29.746075,-95.363373,10,
6371132727,2017-11-02 16:35,https://houston.craigslist.org/apa/d/enjoy-750-off-1st-month/6371132727.html,ENJOY $750 OFF 1ST MONTH & MODERN SLATE FLOORING   IN MEDICAL CENTER*,1160,Medical Center*,1,755,0,29.695400,-95.356200,22,
6371286107,2017-11-02 16:35,https://houston.craigslist.org/apa/d/2x1-available-asap-free-rent/6371286107.html,"2x1, Available ASAP, FREE RENT! Forest Creek, Conore!",855,"2200 Montgomery Park Blvd Conroe, TX",2,816,1,30.334688,-95.486681,10,2200 Montgomery Park Blvd Conroe TX US
6371183982,2017-11-02 16:35,https://houston.craigslist.org/apa/d/open-plan-concept-for-living/6371183982.html,OPEN PLAN CONCEPT FOR LIVING & 2 MONTHS FREE IN HEIGHTS*,2144,Heights*,2,1100,0,29.773600,-95.403400,22,
6371272606,2017-11-02 16:35,https://houston.craigslist.org/apa/d/houston-heights-lease-or/6371272606.html,------ Houston Heights Lease or Rental townhomes -------,2900,The Heights,3,2100,3,29.796276,-95.394321,20,Arlington Street Houston TX US
6348189809,2017-11-02 16:34,https://houston.craigslist.org/apa/d/2200-rent-beautiful-pearland/6348189809.html,"$2,200 Rent, Beautiful Pearland Home",2200,Pearland,4,3300,3.5,29.568381,-95.404243,5,
6334060815,2017-11-02 16:34,https://houston.craigslist.org/apa/d/offering-1-month-free-with/6334060815.html,OFFERING 1 MONTH FREE WITH SPECTACULAR SKYLINE VIEWS OF HOUSTON IN HEIGHTS*,2069,Heights*,2,1064,0,29.773600,-95.403400,22,
6371284516,2017-11-02 16:34,https://houston.craigslist.org/apa/d/spa-type-pool-24hr-gym/6371284516.html,"Spa Type Pool, 24hr Gym, Resident Functions, Balcony, Alarm System",1288,2300 Richmond Ave,1,708,1,29.734184,-95.415094,10,2300 Richmond ave Houston TX US
6371194967,2017-11-02 16:33,https://houston.craigslist.org/apa/d/in-the-midst-of-houstons/6371194967.html,IN THE MIDST OF HOUSTON'S POPULAR MIDTOWN WITH UNBELIEVABLE MOVE IN SPECIALS  IN,1800,Midtown*,2,950,0,29.759400,-95.359400,22,
6371274435,2017-11-02 16:33,https://houston.craigslist.org/apa/d/find-your-freedom-without/6371274435.html,">>Find Your Freedom, Without Leaving Home!!",1365,"HOUSTON, TX",0,0,,29.759400,-95.359400,22,
6371226056,2017-11-02 16:33,https://houston.craigslist.org/apa/d/beautiful-1-2-bedrooms/6371226056.html,BEAUTIFUL 1 & 2 BEDROOMS AVAILABLE TO MOVE IN NOW IN THE WOODLANDS*,1158,The Woodlands*,2,1040,0,30.225700,-95.492400,22,
6351430425,2017-11-02 16:33,https://houston.craigslist.org/apa/d/4-beds-1-baths-cant-rent-call/6351430425.html,4 beds 1 baths cant rent call me,450,houston,0,750,,29.784200,-95.230100,22,
6371281812,2017-11-02 16:32,https://houston.craigslist.org/apa/d/centrally-located-fully/6371281812.html,"Centrally Located, Fully-Equipped Fitness Center, Dining Area",1329,Pearland,2,1055,2,29.577053,-95.277636,10,1710 Old Alvin Rd Pearland TX US
6371281116,2017-11-02 16:31,https://houston.craigslist.org/apa/d/pool-view-clubhouse-full-size/6371281116.html,"Pool View, Clubhouse, Full-size washer and dryer connections",725,"8520 Pitner Road, Houston, TX 77080",2,906,1,29.829501,-95.500656,5,8520 Pitner RoadÂ  Houston TX US
6360379888,2017-11-02 16:30,https://houston.craigslist.org/apa/d/i10-lofts-upgraded-broken/6360379888.html,"**I10 Lofts** Upgraded** Broken Lease Eviction Ok,Minutes to Downtown",825,I10 Bingle Minutes to Downtown,1,720,1,,,,
6371278229,2017-11-02 16:29,https://houston.craigslist.org/apa/d/westbury-manor-apartments-all/6371278229.html,Westbury Manor Apartments + ALL BILLS PAID!!!!,832,Gasmer Dr,2,790,1,29.650726,-95.478659,5,Gasmer Dr at Chimneyrock Houston TX US
6371266089,2017-11-02 16:29,https://houston.craigslist.org/apa/d/great-place-to-call-home/6371266089.html,Great Place To Call Home!,602,"Cleveland,Tx",1,650,1,30.347954,-95.076928,0,1301 Nevell Rd. Cleveland TX US
6350065406,2017-11-02 16:29,https://houston.craigslist.org/apa/d/let-me-make-moving-easy-for/6350065406.html,Let me make moving easy for you!,1059,The Woodlands*,1,673,0,30.144100,-95.470300,22,
6371277879,2017-11-02 16:29,https://houston.craigslist.org/apa/d/two-bed-one-bath-with/6371277879.html,TWO BED ONE BATH WITH FIREPLACE,1420,1640 East T.C. Jester,2,860,1,29.801797,-95.425333,20,1640 East T.C. Jester Houston TX US
6351430425,2017-11-02 16:33,https://houston.craigslist.org/apa/d/4-beds-1-baths-cant-rent-call/6351430425.html,4 beds 1 baths cant rent call me,450,houston,0,750,,29.784200,-95.230100,22,
6371281812,2017-11-02 16:32,https://houston.craigslist.org/apa/d/centrally-located-fully/6371281812.html,"Centrally Located, Fully-Equipped Fitness Center, Dining Area",1329,Pearland,2,1055,2,29.577053,-95.277636,10,1710 Old Alvin Rd Pearland TX US
6371281116,2017-11-02 16:31,https://houston.craigslist.org/apa/d/pool-view-clubhouse-full-size/6371281116.html,"Pool View, Clubhouse, Full-size washer and dryer connections",725,"8520 Pitner Road, Houston, TX 77080",2,906,1,29.829501,-95.500656,5,8520 Pitner RoadÂ  Houston TX US
6360379888,2017-11-02 16:30,https://houston.craigslist.org/apa/d/i10-lofts-upgraded-broken/6360379888.html,"**I10 Lofts** Upgraded** Broken Lease Eviction Ok,Minutes to Downtown",825,I10 Bingle Minutes to Downtown,1,720,1,,,,
6371278229,2017-11-02 16:29,https://houston.craigslist.org/apa/d/westbury-manor-apartments-all/6371278229.html,Westbury Manor Apartments + ALL BILLS PAID!!!!,832,Gasmer Dr,2,790,1,29.650726,-95.478659,5,Gasmer Dr at Chimneyrock Houston TX US
6371266089,2017-11-02 16:29,https://houston.craigslist.org/apa/d/great-place-to-call-home/6371266089.html,Great Place To Call Home!,602,"Cleveland,Tx",1,650,1,30.347954,-95.076928,0,1301 Nevell Rd. Cleveland TX US
6350065406,2017-11-02 16:29,https://houston.craigslist.org/apa/d/let-me-make-moving-easy-for/6350065406.html,Let me make moving easy for you!,1059,The Woodlands*,1,673,0,30.144100,-95.470300,22,
6371277879,2017-11-02 16:29,https://houston.craigslist.org/apa/d/two-bed-one-bath-with/6371277879.html,TWO BED ONE BATH WITH FIREPLACE,1420,1640 East T.C. Jester,2,860,1,29.801797,-95.425333,20,1640 East T.C. Jester Houston TX US
6371277772,2017-11-02 16:28,https://houston.craigslist.org/apa/d/new-apartment-with-attached/6371277772.html,New Apartment With Attached Garage // $2050,2050,Baytown,3,0,2,29.777553,-94.970181,20,99 W. Cedar Bayou Lynchburg Rd. Baytown TX US
6371265955,2017-11-02 16:28,https://houston.craigslist.org/apa/d/3br-2ba-apartment-with-walk/6371265955.html,3BR/2BA Apartment with a Walk-In Closet in Every Bedroom!,1551,"Houston, TX",3,1337,2,29.897380,-95.606118,20,13333 West Road Houston TX US
6371276545,2017-11-02 16:28,https://houston.craigslist.org/apa/d/the-hamilton-boutique-apt/6371276545.html,The Hamilton Boutique Apt. Homes Downtown,1379,Downtown,1,760,1,29.746075,-95.363373,10,
6371188845,2017-11-02 16:27,https://houston.craigslist.org/apa/d/heights-2-bed-dishwasher/6371188845.html,HEIGHTS 2 BED - DISHWASHER - BALCONY - POOL - DISHWASHER!,2009,HEIGHTS,2,1140,2,29.807918,-95.406467,10,525 W 24th St Houston TX US
6371257324,2017-11-02 16:26,https://houston.craigslist.org/apa/d/house-for-rent/6371257324.html,HOUSE FOR RENT,1150,HOUSTON,3,0,1.5,29.823500,-95.184800,22,
6371250085,2017-11-02 16:26,https://houston.craigslist.org/apa/d/10-coffered-ceilings-1mofree/6371250085.html,"++ 10' Coffered Ceilings, 1MoFree Galleria High-rise, Stunning Views, 14thFloor",2649,Galleria,2,1407,2,29.744600,-95.468300,22,
6371272640,2017-11-02 16:25,https://houston.craigslist.org/apa/d/beautiful-one-bedroom-do-not/6371272640.html,Beautiful One Bedroom!! Do not miss out!!,625,6101 Antoine Dr,1,550,1,29.852387,-95.473331,10,6101 Antoine dr Houston TX US
6371272449,2017-11-02 16:25,https://houston.craigslist.org/apa/d/wow-at-this-price-will-not/6371272449.html,Wow! At This Price Will Not Last Long! Call Today,1200,Montrose,2,800,1,29.735781,-95.407441,5,1919 W. Main Street Houston TX US
6371197987,2017-11-02 16:24,https://houston.craigslist.org/apa/d/downtown-lofts-open-floor/6371197987.html,Downtown LOFTS Open Floor plan PreLease,1300,Downtown & Midtown,1,785,1,29.759400,-95.359400,22,
6350054838,2017-11-02 16:23,https://houston.craigslist.org/apa/d/spacious-floorplans-with-all/6350054838.html,Spacious Floorplans with all the amenities you need,788,The Woodlands*,1,580,0,30.225700,-95.492400,22,
6371237814,2017-11-02 16:23,https://houston.craigslist.org/apa/d/authentic-hand-scraped/6371237814.html,"Authentic hand-scraped hardwood floors, 2"" wood blinds",2132,Heights*,2,1137,0,29.773600,-95.403400,22,
6371192508,2017-11-02 16:22,https://houston.craigslist.org/apa/d/convenient-central-close-to/6371192508.html,"*Convenient Central Close to Everything you need, Midtown, 2mo FREE",1433,Downtown & Midtown,1,665,1,29.759400,-95.359400,22,
6371269465,2017-11-02 16:22,https://houston.craigslist.org/apa/d/covered-parking-oversized/6371269465.html,"Covered Parking, Oversized Closets, Clubhouse, Gated Access",853,Nob Hill Apartment Homes,2,900,1,29.676634,-95.481553,10,"5500 N. Braeswood Blvd., Ste 325 Houston TX US"
6371269390,2017-11-02 16:22,https://houston.craigslist.org/apa/d/99-move-in-special-2-bed-1/6371269390.html,$$$ 99  MOVE IN SPECIAL !! 2 BED 1 BATH,820,BAYTOWN,2,779,1.5,29.770931,-95.003346,10,4219 BAKER RD BAYTOWN TX US
6359117124,2017-11-02 16:22,https://houston.craigslist.org/apa/d/texas-size-townhomemonth/6359117124.html,***Texas Size Townhome***Month Free***Breed Restricted-Welcome**,1194,Galleria Minutes To Memorial Park,2,1177,1.5,29.740383,-95.472651,7,
6371180843,2017-11-02 16:21,https://houston.craigslist.org/apa/d/memorial-heights-get-to/6371180843.html,**Memorial Heights Get to Downtown/Galleria FAST!,1541,Montrose & Museum District,1,849,1,29.773600,-95.403400,22,
6371267800,2017-11-02 16:21,https://houston.craigslist.org/apa/d/need-to-move-exceptional/6371267800.html,NEED TO MOVE? EXCEPTIONAL APARTMENT WITH AMENITIES TO MATCH!,775,6101 Antoine Dr,1,700,1,29.852387,-95.473331,10,6101 Antoine dr Houston TX US
6371267573,2017-11-02 16:21,https://houston.craigslist.org/apa/d/99-move-in-special-3-bed-2/6371267573.html,99 $ MOVE IN SPECIAL !!!! 3 BED 2 BATH,1019,BAYTOWN,3,1050,2,29.770931,-95.003346,10,4219 BAKER RD BAYTOWN TX US
6371265702,2017-11-02 16:20,https://houston.craigslist.org/apa/d/99-move-in-special/6371265702.html,$$$ 99 MOVE IN SPECIAL !!!,646,BAYTOWN,1,517,1,29.770931,-95.003346,10,4219 BAKER RD BAYTOWN TX US
6371265530,2017-11-02 16:19,https://houston.craigslist.org/apa/d/luxury-living-in-the-loop-1-2/6371265530.html,Luxury Living in the loop! 1 2 Bedrooms available NOW!!,895,6101 Antoine Drive Houston TX,2,1000,2,29.852387,-95.473331,10,6101 Antoine dr Houston TX US
6355446171,2017-11-02 16:19,https://houston.craigslist.org/apa/d/3-minutes-from-the-galleria/6355446171.html,3 minutes from the Galleria,2030,Richmond & West loop,2,1200,2,29.740625,-95.457811,20,3131 west loop s Houston TX US
6371264103,2017-11-02 16:18,https://houston.craigslist.org/apa/d/free-rent-call-for-details/6371264103.html,FREE RENT CALL FOR DETAILS,1297,"7700 Willowchase Blvd , Houston, TX 77070",2,1070,2,29.966332,-95.547498,5,7700 Willowchase BlvdÂ  Houston TX US
6371264093,2017-11-02 16:18,https://houston.craigslist.org/apa/d/gorgeous-renovated-units/6371264093.html,Gorgeous Renovated units Reasonably Priced near Hwy 290,895,6101 Antoine Dr,2,1000,2,29.852387,-95.473331,10,6101 Antoine dr Houston TX US
6371263739,2017-11-02 16:18,https://houston.craigslist.org/apa/d/99-move-in-special-1-bed-1/6371263739.html,$99 MOVE IN SPECIAL 1 BED 1 BATH !!,646,BAYTOWN,1,517,1,29.770931,-95.003346,10,4219 BAKER RD BAYTOWN TX US
6334024311,2017-11-02 16:18,https://houston.craigslist.org/apa/d/take-month-free-and-enjoy/6334024311.html,TAKE A MONTH FREE AND ENJOY A LAGOON-STYLE POOL AND SPA  IN MEDICAL CENTER*,1175,Medical Center*,1,770,0,29.685200,-95.401700,22,
6371254040,2017-11-02 16:18,https://houston.craigslist.org/apa/d/reduced-rentnon-carpet/6371254040.html,REDUCED RENT!!NON CARPET FLRS!BROKEN LEASE CASE BY CASE,995,MED CENTER,2,900,2,29.685200,-95.401700,22,
6371205872,2017-11-02 16:18,https://houston.craigslist.org/apa/d/fine-dining-entertainment/6371205872.html,"FINE DINING, ENTERTAINMENT, PARKS & SHOPPING ARE JUST MINUTES AWAY   IN HEIG",1737,Heights*,2,1165,0,29.799100,-95.411800,22,
6371214294,2017-11-02 16:17,https://houston.craigslist.org/apa/d/in-the-midst-of-houstons/6371214294.html,In the midst of Houston's popular Midtown with Unbelievable move in specials,1800,Midtown*,2,950,0,29.759400,-95.359400,22,
6371226278,2017-11-02 16:17,https://houston.craigslist.org/apa/d/fine-dining-entertainment/6371226278.html,"Fine dining, entertainment, parks & shopping are just minutes away",1737,Heights*,2,1165,0,29.799100,-95.411800,22,
6371261896,2017-11-02 16:17,https://houston.craigslist.org/apa/d/beautiful-one-bedroom-do-not/6371261896.html,Beautiful One Bedroom!! Do not miss out!!,795,6101 Antoine Dr,1,900,1,29.852387,-95.473331,10,6101 Antoine dr Houston TX US
6371261578,2017-11-02 16:17,https://houston.craigslist.org/apa/d/schedule-tour-fitness-center/6371261578.html,"Schedule a Tour, Fitness Center, Pet Friendly",895,Houston,2,1158,2,,,,
6371261523,2017-11-02 16:17,https://houston.craigslist.org/apa/d/99-move-in-special-2-bed-1/6371261523.html,$ 99 MOVE IN SPECIAL !! 2 BED 1 BATH,679,BAYTOWN,1,623,1,29.770931,-95.003346,10,4219 BAKER RD BAYTOWN TX US
6371261434,2017-11-02 16:16,https://houston.craigslist.org/apa/d/convenient-laundry-facilities/6371261434.html,"Convenient Laundry Facilities, Frost-Free Refrigerator, Ice Makers",1260,Pearland,0,1114,,29.561700,-95.272100,22,2902 Pearland TX US
6371261023,2017-11-02 16:16,https://houston.craigslist.org/apa/d/seeking-super-place-to-live/6371261023.html,SEEKING A SUPER PLACE TO LIVE? YOU'VE FOUND IT!,795,Falls on Antoine,2,900,1,29.852387,-95.473331,10,6101 Antoine dr Houston TX US
6368367619,2017-11-02 16:16,https://houston.craigslist.org/apa/d/tile-hardwood-floors-are-just/6368367619.html,"Tile & Hardwood Floors, Are Just a Couple of This Home's Features",1995,"14915 Summer Knoll Ln, Houston, TX 77044",4,3157,2.5,29.863500,-95.197600,5,14915 Summer Knoll Ln Houston TX US
6371259499,2017-11-02 16:15,https://houston.craigslist.org/apa/d/1br-studio-weekly-rate/6371259499.html,/1BR Studio- Weekly Rate,420,Airtex,0,0,,29.982780,-95.421066,5,14900 North Freeway Houston TX US
6357571201,2017-11-02 16:15,https://houston.craigslist.org/apa/d/beautiful-home-huge-options/6357571201.html,Beautiful Home Huge Options available!,555,1102 S 46th St. Houston,3,1200,2,29.759400,-95.359400,22,1102 S 46th St Houston TX US
6336484110,2017-11-02 16:15,https://houston.craigslist.org/apa/d/northside-townhomeswasher/6336484110.html,"Northside Townhomes,washer/dryer +$40month",950,North 1960 Bush Humble,3,1149,2.5,,,,
6371258645,2017-11-02 16:14,https://houston.craigslist.org/apa/d/commuters-dream-minutes-from/6371258645.html,A commuter's dream - Minutes from I-45!!,1353,"League City, TX",2,1057,2,29.532952,-95.072422,5,1 Signature Point Dr League City TX US
6371174792,2017-11-02 16:14,https://houston.craigslist.org/apa/d/gourmet-kitchen-pantry/6371174792.html,"Gourmet kitchen, pantry, storage, crown molding & more you'd expect in a hom",1000,The Woodlands*,2,850,0,30.144100,-95.470300,22,
6371244284,2017-11-02 16:13,https://houston.craigslist.org/apa/d/island-kitchen-glass-paneled/6371244284.html,"Island Kitchen, Glass Paneled Cabinets, Granite Counter, Garages near the Galler",1019,Woodlake,1,752,1,29.734800,-95.522000,22,
6334017552,2017-11-02 16:13,https://houston.craigslist.org/apa/d/move-in-specials-detached/6334017552.html,"MOVE IN SPECIALS - DETACHED GARAGES, CONFERENCE ROOM WITH COFFEE BAR IN THE WOOD",1000,The Woodlands*,1,663,0,30.128800,-95.423900,22,
6371253820,2017-11-02 16:11,https://houston.craigslist.org/apa/d/recently-updated-granite/6371253820.html,"Recently Updated, Granite Counters, Washer Dryer Hook Ups",1065,League City,2,971,2,,,,
6371094656,2017-11-02 16:11,https://houston.craigslist.org/apa/d/midtown-hi-rise/6371094656.html,Midtown Hi Rise,950,Midtown Inner Loop,1,0,1,29.743811,-95.376778,5,
6371253392,2017-11-02 16:11,https://houston.craigslist.org/apa/d/one-and-two-bedrooms/6371253392.html,"One and Two Bedrooms Available TODAY! Free Rent! Forest Creek, Conore",999,"2200 Montgomery Park Blvd Conroe, TX",1,965,1,30.334688,-95.486681,10,2200 Montgomery Park Blvd Conroe TX US
6368308972,2017-11-02 16:10,https://houston.craigslist.org/apa/d/beautiful-community-offering/6368308972.html,"Beautiful community offering 3 months FREE, don't miss it. Call now <<",1425,Rice Village,1,677,1,29.704100,-95.401000,22,
6371224326,2017-11-02 16:09,https://houston.craigslist.org/apa/d/professionally-managed-pets/6371224326.html,"Professionally Managed, Pets Welcome, Wood Burning Fireplace Option",1000,Houston,2,883,1,,,,
6371244875,2017-11-02 16:09,https://houston.craigslist.org/apa/d/half-off-app-and-admin-fee/6371244875.html,HALF OFF APP AND ADMIN FEE!! MUSEUM DISTRICT BEAUTY! LARGE PETS OK!!,1450,MUSEUM DISTRICT,1,699,1,29.740900,-95.392300,22,
6371251026,2017-11-02 16:09,https://houston.craigslist.org/apa/d/beautiful-1-bed-1-bath-with/6371251026.html,Beautiful 1 bed / 1 bath with gorgeous grounds and landscaping,910,Porter,1,877,1,30.123700,-95.268600,22,21899 Valley Ranch Crossing Dr Porter TX US
6341319695,2017-11-02 16:08,https://houston.craigslist.org/apa/d/beautiful-clear-lake-3-bed/6341319695.html,"BEAUTIFUL CLEAR LAKE - 3 BED - 2,275",2275,clear lake,3,0,2,29.571600,-95.099800,0,
6371249317,2017-11-02 16:08,https://houston.craigslist.org/apa/d/199-first-months-rent-come/6371249317.html,$199 First Month's Rent! Come Lease at Watermill TODAY!,825,,0,0,,29.742200,-95.490300,22,6505 westheimer rd Houston TX US
6334069525,2017-11-02 16:08,https://houston.craigslist.org/apa/d/bbq-grills-game-sport-room/6334069525.html,"BBQ GRILLS, GAME/SPORT ROOM, DRY CLEANING SERVICE, ELEVATORS IN MIDTOWN*",1329,Midtown*,1,667,0,29.759400,-95.359400,22,
6360499498,2017-11-02 16:08,https://houston.craigslist.org/apa/d/all-bills-paid-memorial-mall/6360499498.html,"All Bills Paid Memorial Mall area,Bus, I10 to Downtown,Gated,Carports",1050,"Memorial City Mall,Spring Branch,I10",3,1275,2,,,,
6350556647,2017-11-02 16:07,https://houston.craigslist.org/apa/d/high-rise-medical-center-3/6350556647.html,"HIGH RISE - MEDICAL CENTER - 3 BED - 4,199",4199,MEDICAL CENTER,2,0,2,29.724700,-95.362500,0,
6350404513,2017-11-02 16:06,https://houston.craigslist.org/apa/d/katy-new-spectacular-2-bed/6350404513.html,"KATY - NEW - SPECTACULAR 2 BED -1,749",1749,KATY,2,0,2,29.740400,-95.830400,0,
6339782994,2017-11-02 16:06,https://houston.craigslist.org/apa/d/midtown-apartment-for-rent/6339782994.html,Midtown Apartment for Rent!,1107,Midtown Main,1,576,1,,,,
6371246596,2017-11-02 16:06,https://houston.craigslist.org/apa/d/come-lease-with-us-today-we/6371246596.html,Come Lease With Us TODAY! We Have Great Specials at Tiffany Square!,770,Houston,1,672,1,29.733881,-95.490031,5,3030 Greenridge Dr Houston TX US
6371245118,2017-11-02 16:04,https://houston.craigslist.org/apa/d/199-first-months-rent-come/6371245118.html,$199 First Month's Rent! Come Lease at Watermill TODAY!,825,,0,0,,29.742200,-95.490300,22,6505 westheimer rd Houston TX US
6371128403,2017-11-02 16:04,https://houston.craigslist.org/apa/d/stunning-rare-find-in-the/6371128403.html,"*Stunning, Rare Find in the CiTy Unique Layouts In the Loop!",1419,Inner Loop West,1,752,1,29.733000,-95.430600,22,
6371244254,2017-11-02 16:04,https://houston.craigslist.org/apa/d/wood-look-flooring-extra/6371244254.html,"Wood-Look Flooring, Extra Storage, On-Site Management",645,"3939 Synott Rd., Houston, TX 77082",1,602,1,29.716453,-95.615162,5,3939 Synott Rd.Â  Houston TX US
6371226197,2017-11-02 16:04,https://houston.craigslist.org/apa/d/call-for-details-gated/6371226197.html,"Call for Details, Gated Entrance, WiFi Computer Center",1000,Houston,2,883,1,,,,
6350390517,2017-11-02 16:04,https://houston.craigslist.org/apa/d/sugarland-ftbend-loft-free/6350390517.html,"SUGARLAND/FT.BEND LOFT-FREE MONTH-2 BED-2,799",2799,SUGARLAND,2,0,2,29.639600,-95.650000,0,
6371233943,2017-11-02 16:03,https://houston.craigslist.org/apa/d/amenities-you-deserve-leases/6371233943.html,Amenities you deserve & leases rates you'll love,895,6101 Antoine Drive Houston TX,2,1000,2,29.852387,-95.473331,10,6101 Antoine dr Houston TX US
6371227818,2017-11-02 16:03,https://houston.craigslist.org/apa/d/access-gates-fitness-center/6371227818.html,"Access Gates, Fitness Center, Picnic Area, Washer/Dryer Connections",902,Houston,2,1027,2,29.918153,-95.495070,15,10155 Bammel N. Houston Houston TX US
6334160218,2017-11-02 16:02,https://houston.craigslist.org/apa/d/its-great-deal-ask-me-why-and/6334160218.html,IT?S A GREAT DEAL!  ASK ME WHY AND SEE FOR YOURSELF AND LOVE IT IN THE WOODLANDS,820,The Woodlands*,1,609,0,30.225700,-95.492400,22,
6371239752,2017-11-02 16:01,https://houston.craigslist.org/apa/d/opening-doors-to-the-future/6371239752.html,Opening doors to the future.,1028,,0,0,,29.986300,-95.520800,22,
6371230064,2017-11-02 16:01,https://houston.craigslist.org/apa/d/1st-mth-free-wood-flrs-24hr/6371230064.html,1ST MTH FREE!! WOOD FLRS!! 24HR FITNESS& YOGA STUDIO!!LARGE PETS OK!!,1365,MEDICAL CENTER,1,779,1,29.704100,-95.401000,22,
6356921089,2017-11-02 16:01,https://houston.craigslist.org/apa/d/4-br-25-ba-cypress-house-for/6356921089.html,4 Br 2.5 ba Cypress House for rent,1700,Cypress,4,2700,2.5,29.891000,-95.721000,22,
