pid,dt,url,title,price,neighb,beds,sqft,baths,lat,lng,accuracy,address
6333009518,2017-11-02 17:00,https://hudsonvalley.craigslist.org/apa/d/sunny-clean-four-room/6333009518.html,"Sunny, Clean Four Room Apartment",915,"Woodstock/Mt. Tremper,ny",1,0,1,42.043500,-74.248500,22,
6371235718,2017-11-02 16:58,https://hudsonvalley.craigslist.org/apa/d/300-off-1st-months-rent/6371235718.html,$300 Off 1st Month's Rent! 55+Community. Pick A Turkey Win a PRIZE!,1100,Newburgh,1,0,1,41.509116,-74.029859,10,223 West Street Newburgh NY US
6371229469,2017-11-02 16:53,https://hudsonvalley.craigslist.org/apa/d/clean-garden-level-2-bedroom/6371229469.html,Clean Garden Level 2 Bedroom,1200,,2,1000,1,41.697003,-73.931236,10,10 eastman terrace Poughkeepsie NY US
6355392964,2017-11-02 16:50,https://hudsonvalley.craigslist.org/apa/d/fresh-2-bedroom-apartment-on/6355392964.html,Fresh 2 Bedroom Apartment on Eastman Park,1200,Poughkeepsie,2,1000,1,41.696933,-73.931487,5,10 Eastman Terrace Poughkeepsie NY US
6371214240,2017-11-02 16:48,https://hudsonvalley.craigslist.org/apa/d/move-in-before-the-holdiays/6371214240.html,MOVE IN BEFORE THE HOLDIAYS!,1525,NYACK,1,630,1,41.091400,-73.925200,22,
6365663208,2017-11-02 16:36,https://hudsonvalley.craigslist.org/apa/d/1650-2br-1100ft2-2br-15-ba/6365663208.html,$1650 / 2br - 1100ft2 - 2BR / 1.5 Ba Condo - Whispering Hills,1650,"Chester, NY",2,1100,1.5,41.363165,-74.292074,20,Whispering Hills Dr Chester NY US
6333813560,2017-11-02 16:34,https://hudsonvalley.craigslist.org/apa/d/love-where-you-liveridgefield/6333813560.html,Love Where You Live......Ridgefield Apartments!!!!,1455,town of poughkeepsie,2,900,1,41.709544,-73.902816,15,
6333831068,2017-11-02 16:34,https://hudsonvalley.craigslist.org/apa/d/cozy-at-homedutchess/6333831068.html,Cozy At Home...Dutchess Apartments..One Bedroom Upper Level!,1255,town of poughkeepsie,1,720,1,41.703614,-73.894386,5,
6361004135,2017-11-02 16:33,https://hudsonvalley.craigslist.org/apa/d/amazing-place/6361004135.html,Amazing Place,1100,Port Jervis,2,900,1,,,,
6347452641,2017-11-02 16:23,https://hudsonvalley.craigslist.org/apa/d/renovated-village-2-bedroom/6347452641.html,Renovated  Village  2 bedroom apt,1250,"Harriman, NY",2,1000,1,41.309807,-74.149542,10,"1 Grove Street, Harriman Harriman NY US"
6371157509,2017-11-02 16:03,https://hudsonvalley.craigslist.org/apa/d/3-bedroom-townhouse/6371157509.html,3 Bedroom Townhouse,1300,Poughkeepsie,3,800,1.5,41.703500,-73.911700,22,
