pid,dt,url,title,price,neighb,beds,sqft,baths,lat,lng,accuracy,address
6366031255,2017-11-02 17:00,https://huntsville.craigslist.org/apa/d/new-home-3-bed-2-bath-look-at/6366031255.html,🔹 New Home 🔹 3 Bed 🔹 2 Bath 🔹 LOOK AT PHOTOS,725,Athens,3,1150,2,34.792519,-87.065792,7,16050 American Way Athens AL US
6362370102,2017-11-02 17:00,https://huntsville.craigslist.org/apa/d/peaceful-place-for-your/6362370102.html,☮ Peaceful Place for your Family & Friends ☮,485,Athens,3,1100,2,34.793224,-87.065620,7,16050 American Way Athens AL US
6371308144,2017-11-02 16:52,https://huntsville.craigslist.org/apa/d/efficiency-apartments/6371308144.html,Efficiency Apartments,350,Decatur,0,0,,34.573582,-87.010960,20,Graham Avenue Decatur AL US
6371282323,2017-11-02 16:32,https://huntsville.craigslist.org/apa/d/residents-wanted-no/6371282323.html,"Residents Wanted, No Experience Needed.",1229,Somerset at Madison,3,1414,2,34.694274,-86.784439,7,121 Continental Drive Madison AL US
6371281699,2017-11-02 16:31,https://huntsville.craigslist.org/apa/d/3-bedrooms-garage-stop-by-for/6371281699.html,3 Bedrooms & a Garage! Stop By for a Tour!,1229,Somerset at Madison,3,1414,2,34.694274,-86.784439,7,121 Continental Drive Madison AL US
6371275327,2017-11-02 16:27,https://huntsville.craigslist.org/apa/d/fall-in-today-for-beautiful-2/6371275327.html,Fall in today for a beautiful 2 bedroom with fireplace!,850,8343 White Flagg Lane #2116,2,1117,2,34.656842,-86.566232,20,Whitesburg Way Huntsville AL US
6371270179,2017-11-02 16:23,https://huntsville.craigslist.org/apa/d/nw-huntsville-alabama-3-bed/6371270179.html,NW Huntsville Alabama 3 bed 1.5 bath Ranch,800,Sparkman Jordan Lane,3,1100,1.5,,,,
6371269302,2017-11-02 16:22,https://huntsville.craigslist.org/apa/d/start-your-new-year-with-new/6371269302.html,Start Your New Year with a New Home at The Reserve! $300 Gift card!,911,huntsville,3,1520,2,34.739084,-86.677981,20,6200 Rime Village Drive huntsville AL US
6371258969,2017-11-02 16:15,https://huntsville.craigslist.org/apa/d/three-bedroom-with-fireplace/6371258969.html,Three bedroom with a fireplace! Stay cozy this winter!!,826,,3,1254,2,34.694723,-86.723152,10,201 Water Hill RD Madison AL US
6371246713,2017-11-02 16:06,https://huntsville.craigslist.org/apa/d/vibrant-community-multi/6371246713.html,Vibrant Community! Multi-Million $$ Renovations!,599,Cabana Apartments,1,600,1,34.707068,-86.620121,10,3101 Thurman Road SW Huntsville AL US
6371244656,2017-11-02 16:04,https://huntsville.craigslist.org/apa/d/pets-are-welcome-here-no/6371244656.html,PETS ARE WELCOME HERE!! NO WEIGHT RESTRICTIONS!!,689,Cabana Apartments,2,1050,1,34.707068,-86.620121,10,3101 Thurman Road SW Huntsville AL US
6371241634,2017-11-02 16:02,https://huntsville.craigslist.org/apa/d/real-granite-countertops-new/6371241634.html,REAL GRANITE COUNTERTOPS!!! NEW FLOORS!!! SLEEK APPLIANCES!!!,689,Cabana,2,1050,1,34.707068,-86.620121,10,3101 Thurman Rd. Huntsville AL US
