pid,dt,url,title,price,neighb,beds,sqft,baths,lat,lng,accuracy,address
6360850872,2017-11-02 16:58,https://indianapolis.craigslist.org/apa/d/what-great-place-to-live/6360850872.html,What a Great Place to Live!,769,"Greenfield, IN",2,1080,1.5,,,,
6360852640,2017-11-02 16:58,https://indianapolis.craigslist.org/apa/d/everything-is-closer-than-you/6360852640.html,Everything Is Closer Than You Think,659,"Greenfield, IN",1,757,1,,,,
6360855783,2017-11-02 16:58,https://indianapolis.craigslist.org/apa/d/two-bedroom-two-baths/6360855783.html,Two Bedroom Two Baths Available 2018,789,"Greenfield, IN",2,1195,2,,,,
6371233694,2017-11-02 16:56,https://indianapolis.craigslist.org/apa/d/wayne-township-schools-picnic/6371233694.html,"Wayne Township Schools, Picnic area with grills, Walk-in closets",870,,2,1033,2,39.792400,-86.287500,22,6710 Hollow Run Place Indianapolis IN US
6371233667,2017-11-02 16:56,https://indianapolis.craigslist.org/apa/d/live-in-fountain-square-3-bed/6371233667.html,LIVE IN FOUNTAIN SQUARE!! 3 BED/2 BATH HOUSE WITH AWESOME KITCHEN!!!,1595,Indianapolis,3,2019,2,39.757979,-86.131353,5,Fletcher Avenue at State Avenue Indianapolis IN US
6371233376,2017-11-02 16:56,https://indianapolis.craigslist.org/apa/d/you-will-love-this-cozy/6371233376.html,You Will Love This Cozy Bedrooms!!!!!!!!!!!!!!!!!,602,,2,650,1,39.849000,-86.272000,22,
6363305598,2017-11-02 16:54,https://indianapolis.craigslist.org/apa/d/especial-de-noviembre-en-los/6363305598.html,Especial de Noviembre en Los New Warren Harbor Apartments,500,East Indy,1,725,1,39.797063,-86.004667,5,East 21st Street at Post Rd Indianapolis IN US
6352854719,2017-11-02 16:54,https://indianapolis.craigslist.org/apa/d/november-special-at-the-new/6352854719.html,November special at The New Warren Harbor Apartments!,500,"Indianapolis, Indiana",1,725,1,39.797722,-86.001577,5,East 21st Street at Post Rd Indianapolis IN US
6371227952,2017-11-02 16:52,https://indianapolis.craigslist.org/apa/d/spring-move-in-with-great/6371227952.html,Spring Move In with a Great Location Close to Clay Terrace,829,Close to Monon Trail,2,883,1,39.900003,-86.196695,15,1010 Clubhouse Ct Carmel IN US
6371226906,2017-11-02 16:51,https://indianapolis.craigslist.org/apa/d/walk-in-closets-luxury/6371226906.html,"Walk-in Closets, Luxury Community, Private Balconies and Patios",855,Fishers,1,759,1,39.957353,-85.994539,5,116th St. at Cumberland Rd. Fishers IN US
6371226696,2017-11-02 16:51,https://indianapolis.craigslist.org/apa/d/great-location-great-prices/6371226696.html,"Great Location, Great Prices At The Crossings @ 5810",602,,1,650,1,39.849000,-86.272000,22,
6371224284,2017-11-02 16:50,https://indianapolis.craigslist.org/apa/d/call-62-ask-about-our-amazing/6371224284.html,Call A/62 & Ask About Our Amazing Move In Specials,694,,1,607,1,39.864700,-86.118100,22,6111 Allsionville Rd. Indianapolis IN US
6371223657,2017-11-02 16:49,https://indianapolis.craigslist.org/apa/d/4332-raintree-road-great-2/6371223657.html,4332 Raintree Road-Great 2-Story Home in Hendricks County!,1300,4332 Raintree Road,3,1992,2.5,39.808800,-86.316300,22,
6371223449,2017-11-02 16:49,https://indianapolis.craigslist.org/apa/d/fall-in-love-with-hampton/6371223449.html,Fall in Love with Hampton Court! 1 bedroom available in December!,525,North Indy,1,480,1,39.890300,-86.183152,22,w 75th court terrace at ditch roasd indianapolis IN US
6371223140,2017-11-02 16:49,https://indianapolis.craigslist.org/apa/d/black-appliances-all-electric/6371223140.html,"Black Appliances, All Electric Apartments, Built In Microwaves",1150,Fishers,2,1202,2,39.957369,-85.994411,5,116th St. at Cumberland Rd. Fishers IN US
6371220843,2017-11-02 16:47,https://indianapolis.craigslist.org/apa/d/you-are-at-home/6371220843.html,You are at Home,708,,2,808,1,39.849000,-86.272000,22,
6371217589,2017-11-02 16:45,https://indianapolis.craigslist.org/apa/d/lets-stay-for-while/6371217589.html,LETS STAY FOR A WHILE !!!!!!!!!!!!!!!!!!!!!!,602,,1,650,1,39.849000,-86.272000,22,
6371213847,2017-11-02 16:42,https://indianapolis.craigslist.org/apa/d/wow-what-great-price/6371213847.html,Wow What Great Price !!!!!!!!!!!!!!!!!!!!!!!!,708,,1,808,1,39.849000,-86.272000,22,
6371210875,2017-11-02 16:40,https://indianapolis.craigslist.org/apa/d/this-one-bedroom-was-made/6371210875.html,This One Bedroom Was Made Just For You!,859,"Fishers, IN",1,811,1,39.935686,-86.055483,10,10190 Allisonville Rd Fishers IN US
6371209635,2017-11-02 16:39,https://indianapolis.craigslist.org/apa/d/move-in-within-couple-weeks/6371209635.html,MOVE IN WITHIN A COUPLE WEEKS !!!,602,,1,650,1,39.849000,-86.272000,22,
6371210875,2017-11-02 16:40,https://indianapolis.craigslist.org/apa/d/this-one-bedroom-was-made/6371210875.html,This One Bedroom Was Made Just For You!,859,"Fishers, IN",1,811,1,39.935686,-86.055483,10,10190 Allisonville Rd Fishers IN US
6371209635,2017-11-02 16:39,https://indianapolis.craigslist.org/apa/d/move-in-within-couple-weeks/6371209635.html,MOVE IN WITHIN A COUPLE WEEKS !!!,602,,1,650,1,39.849000,-86.272000,22,
6343157289,2017-11-02 16:37,https://indianapolis.craigslist.org/apa/d/join-our-brand-new-community/6343157289.html,Join our BRAND NEW community! Close to Grand Park!,1299,,2,1127,2,40.061700,-86.055500,22,
6342329138,2017-11-02 16:37,https://indianapolis.craigslist.org/apa/d/move-in-today-and-get-up-to-2/6342329138.html,Move in Today and get up to 2 Months Free Rent!,1399,"Westfield, IN",2,1294,2,40.048708,-86.177444,7,
6371200999,2017-11-02 16:33,https://indianapolis.craigslist.org/apa/d/come-experience-irvingtons/6371200999.html,🍃🍃Come Experience Irvington's Historic Charm This Fall!,599,Indianapolis,2,740,1,39.782100,-86.049500,22,29 S Audubon Rd Indianapolis IN US
6371196512,2017-11-02 16:30,https://indianapolis.craigslist.org/apa/d/best-2-bedroom-townhome-on/6371196512.html,Best 2 bedroom townhome on Indy's Southside!!,995,7453 Sharzad Pl,2,0,1.5,39.678900,-86.130200,22,
6371185848,2017-11-02 16:30,https://indianapolis.craigslist.org/apa/d/your-new-1-bedroom-home-is/6371185848.html,Your New 1 Bedroom Home Is AVAILABLE NOW!!,669,Greenfield,1,612,1,39.807667,-85.778837,10,1650 Village Drive West Greenfield IN US
6371179833,2017-11-02 16:27,https://indianapolis.craigslist.org/apa/d/fall-is-coming-immediate/6371179833.html,🍂 Fall Is Coming. Immediate Availabilty! PANGEA GROVES 🍂  (CLCGR,684,52nd & College Ave,2,880,1,39.845144,-86.137855,5,5018 Lemans Dr. Indianapolis IN US
6368455291,2017-11-02 16:24,https://indianapolis.craigslist.org/apa/d/great-meals-start-here-in/6368455291.html,Great meals start here in your fresh and beautiful new kitchen!,749,86th St./Castleton,2,1100,2,39.897700,-86.179700,22,8002 Harcourt Road Indianapolis IN US
6371175505,2017-11-02 16:22,https://indianapolis.craigslist.org/apa/d/perfect-location-even-better/6371175505.html,Perfect Location & Even Better Price! Pangea Groves. (CLCGR),684,52nd & College Ave,2,880,1,39.847097,-86.137919,5,5018 Lemans Ct Indianapolis IN US
6371182829,2017-11-02 16:21,https://indianapolis.craigslist.org/apa/d/ample-lighted-parking/6371182829.html,"Ample, Lighted Parking, Beautiful Landscaping, Grassy Courtyards",619,Thompson Village,1,615,1,39.678900,-86.130200,22,
6371181046,2017-11-02 16:20,https://indianapolis.craigslist.org/apa/d/live-downtown-close-to/6371181046.html,LIVE DOWNTOWN! CLOSE TO EVERYTHING!,893,Downtown Indianapolis,0,399,,39.775660,-86.152689,5,E. North St. at N. Alabama St. Indianapolis IN US
6362021048,2017-11-02 16:20,https://indianapolis.craigslist.org/apa/d/2-bedroom-1-bath/6362021048.html,2 bedroom 1 bath,550,Southern plaza,2,900,1,39.712865,-86.145344,22,639 Perry St Indianapolis IN US
6371180114,2017-11-02 16:19,https://indianapolis.craigslist.org/apa/d/one-bedroom-with-den-for/6371180114.html,One Bedroom with  Den for December Move In Date,829,Close to Monon Trail,1,883,1,39.982513,-86.118908,5,1010 Clubhouse Court Carmel IN US
6371161080,2017-11-02 16:19,https://indianapolis.craigslist.org/apa/d/newly-renovated-apartments-at/6371161080.html,NEWLY RENOVATED APARTMENTS AT GREENWAY!!!! CALL US TODAY!!!!,599,INDIANAPOLIS,2,0,1,39.782100,-86.049500,22,E 21st street at Arlington Ave INDIANAPOLIS IN US
6338032357,2017-11-02 16:17,https://indianapolis.craigslist.org/apa/d/large-3-bed-2bath-with-off/6338032357.html,Large 3 Bed/2Bath with Off-Street Parking. Close to Shops and Metro,500,parking,3,1200,2,39.775000,-86.109300,22,
6358931119,2017-11-02 16:17,https://indianapolis.craigslist.org/apa/d/we-will-approveyou-for-our/6358931119.html,↷*^*↶WE WILL APPROVE↷*^*↶YOU FOR OUR RENTAL↷*^*,500,in=dia=nap=ol=is,3,1200,2,39.775000,-86.109300,22,
6358931139,2017-11-02 16:17,https://indianapolis.craigslist.org/apa/d/we-will-approveyou-for-our/6358931139.html,↷*^*↶WE WILL APPROVE↷*^*↶YOU FOR OUR RENTAL↷*^*,500,in=dia=nap=ol=is,3,1200,2,39.775000,-86.109300,22,
6358931172,2017-11-02 16:17,https://indianapolis.craigslist.org/apa/d/we-will-approveyou-for-our/6358931172.html,↷*^*↶WE WILL APPROVE↷*^*↶YOU FOR OUR RENTAL↷*^*,500,in=dia=nap=ol=is,3,1200,2,39.775000,-86.109300,22,
6371177166,2017-11-02 16:17,https://indianapolis.craigslist.org/apa/d/under-new-management-new/6371177166.html,UNDER NEW MANAGEMENT! NEW REMODELED APARTMENT HOMES!! GREENWAY!!!,599,"Indianapolis, IN",2,0,1,39.796403,-86.061487,5,6046 E. 21st Street at N. Arlington Ave Indianapolis IN US
6371176901,2017-11-02 16:17,https://indianapolis.craigslist.org/apa/d/pick-up-the-call-today-pangea/6371176901.html,Pick Up The ☎ & Call Today! Pangea Groves ✭ (CLCGR),899,52nd & College Ave,4,1172,2,39.845334,-86.137426,5,5018 Lemans Dr. Indianapolis IN US
6371165091,2017-11-02 16:16,https://indianapolis.craigslist.org/apa/d/glen-ridge-apartments-newly/6371165091.html,GLEN RIDGE APARTMENTS! NEWLY RENOVATED! CALL US TODAY! NEW MANAGEMENT!,599,INDIANAPOLIS,2,0,1,39.782100,-86.049500,22,E 21st street at Arlington Ave INDIANAPOLIS IN US
6360731875,2017-11-02 16:15,https://indianapolis.craigslist.org/apa/d/its-nicebut-is-this-place/6360731875.html,"""Its Nice...But Is This Place Human-Friendly Too?""",540,Indianapolis,1,650,1,39.705866,-86.142941,5,920 E Markwood Avenue Indianapolis IN US
6360811200,2017-11-02 16:15,https://indianapolis.craigslist.org/apa/d/larger-nicer-newer-classier/6360811200.html,🍀 Larger. Nicer. Newer. Classier. Quieter. Better. Cheaper.🍀,599,,2,1000,1,39.752469,-86.134872,5,2430 E Kelly  IN US
6371163001,2017-11-02 16:15,https://indianapolis.craigslist.org/apa/d/nice-5-br-2-ba-two-story/6371163001.html,"Nice 5 BR, 2 Ba, Two story single house with washer/Dryer hooked-up.",649,E Michigan St & Keystone Ave,5,0,2,39.772757,-86.122942,5,
6371169800,2017-11-02 16:12,https://indianapolis.craigslist.org/apa/d/under-new-management-new/6371169800.html,UNDER NEW MANAGEMENT! NEW REMODELED APARTMENT HOMES!! FREDRICK SQUARE!,649,"Indianapolis, IN",2,0,1,39.796403,-86.061573,5,6046 E. 21st Street at N. Arlington Ave Indianapolis IN US
6371168656,2017-11-02 16:11,https://indianapolis.craigslist.org/apa/d/granite-countertops-stainless/6371168656.html,"Granite Countertops, Stainless Steel Appliances, & Hardwood Flooring",839,,1,824,1,39.904800,-86.067300,22,
6371164738,2017-11-02 16:08,https://indianapolis.craigslist.org/apa/d/under-new-management-new/6371164738.html,UNDER NEW MANAGEMENT! NEW REMODELED APARTMENT HOMES!! ARLINGTON GREEN,599,"Indianapolis, IN",2,0,1,39.796469,-86.061530,5,6046 E. 21st Street at N. Arlington Ave Indianapolis IN US
6368514140,2017-11-02 16:05,https://indianapolis.craigslist.org/apa/d/fantastic-1-bed-westfield/6368514140.html,FANTASTIC 1 BED WESTFIELD UNIT FOR RENT $525,525,Westfield IN,1,0,1,,,,
6371159129,2017-11-02 16:04,https://indianapolis.craigslist.org/apa/d/under-new-management-new/6371159129.html,UNDER NEW MANAGEMENT! NEW REMODELED APARTMENT HOMES!! GLEN RIDGE,699,"Indianapolis,IN",2,0,1,39.796403,-86.061659,5,6046 E. 21st Street at N. Arlington Ave Indianapolis IN US
6371158362,2017-11-02 16:04,https://indianapolis.craigslist.org/apa/d/newly-renovated-apartments-at/6371158362.html,NEWLY RENOVATED APARTMENTS AT ARLINGTON GREEN!! COME SEE US!!!!!,599,INDIANAPOLIS,2,0,1,39.782100,-86.049500,22,E 21st street at Arlington Ave INDIANAPOLIS IN US
6349508922,2017-11-02 16:03,https://indianapolis.craigslist.org/apa/d/ingalls-family-friendly-4-bed/6349508922.html,Ingalls Family friendly 4 bed 2 bath,1200,Nineveh   Amo,3,1172,2,39.485400,-86.060800,22,
6371156923,2017-11-02 16:03,https://indianapolis.craigslist.org/apa/d/free-carport-with-every/6371156923.html,FREE Carport with Every Apartment,739,"Indianapolis, IN",2,977,1,39.651117,-86.130238,5,1614 East Stop 11 Road Indianapolis IN US
6371155564,2017-11-02 16:02,https://indianapolis.craigslist.org/apa/d/like-new-3-bedroom-on/6371155564.html,Like New 3 bedroom on Westside of Indy!,1195,1840 Koefoot Drive,3,1406,2,39.792400,-86.287500,22,
6371153611,2017-11-02 16:01,https://indianapolis.craigslist.org/apa/d/look-today-lease-today-move/6371153611.html,Look Today!! Lease Today! Move Today!!,869,"Indianapolis, IN",2,1195,2,39.904800,-86.067300,22,"5707 Ivy Knoll Court Indianapolis, IN US"
