pid,dt,url,title,price,neighb,beds,sqft,baths,lat,lng,accuracy,address
6339272637,2017-11-02 16:52,https://iowacity.craigslist.org/apa/d/2-bedroom-on-of-campus-walk/6339272637.html,"2 Bedroom On U of I Campus Walk Downtown FREE Cable,Internet,Parking",,Iowa City Iowa,2,0,1,,,,
6339272532,2017-11-02 16:52,https://iowacity.craigslist.org/apa/d/2-bedroom-like-new-walk-to/6339272532.html,"2 Bedroom Like New Walk to UIHC,Law,Pharmacy,Dental & Kinnick Area!",,Iowa City Iowa,2,0,1,,,,
6339272069,2017-11-02 16:52,https://iowacity.craigslist.org/apa/d/2-bedroom-house-nice-close-to/6339272069.html,"2 Bedroom House Nice Close to Downtown Iowa City FREE Cable,Internet",,Iowa City Iowa,2,0,1,,,,
6339271703,2017-11-02 16:51,https://iowacity.craigslist.org/apa/d/room-for-rent-on-of-campus/6339271703.html,Room For Rent! On U of I Campus & Downtown Iowa City! Great Locations,495,Iowa City Iowa,1,0,shared,,,,
6345015085,2017-11-02 16:51,https://iowacity.craigslist.org/apa/d/move-in-now-2br-walk-downtown/6345015085.html,"MOVE IN NOW! 2BR (s) Walk Downtown On Campus! FREE Cable,Internet,Park",,902 North Dodge Street Iowa City IA,2,0,1,41.671099,-91.524948,22,
6349717370,2017-11-02 16:51,https://iowacity.craigslist.org/apa/d/fall-2018-like-new-3-bedroom/6349717370.html,"FALL 2018| Like New 3 Bedroom Apartment Walk to UIHC,Law,Dental,Pharma",1575,961 Miller Avenue Iowa City IA,3,0,1,41.648045,-91.546982,22,
6349641894,2017-11-02 16:51,https://iowacity.craigslist.org/apa/d/fallbedroom-house-walk-to/6349641894.html,"FALL 2018| 3 Bedroom House Walk to UIHC,Law,Dental,Pharmacy,Kinnick",2100,421 Melrose Court Iowa City IA,3,0,2,41.654201,-91.546703,22,
6349656463,2017-11-02 16:51,https://iowacity.craigslist.org/apa/d/fallbedroom-house-downtown/6349656463.html,FALL 2018| 5 Bedroom House Downtown Iowa City Walk to Everything Large,2500,824 Market Street Iowa City IA,5,0,2,41.663645,-91.526205,22,
6349656664,2017-11-02 16:51,https://iowacity.craigslist.org/apa/d/fallbedroom-house-walk-to/6349656664.html,"FALL 2018| 3 Bedroom House Walk to UIHC,Law,Dental,Pharmacy,Kinnick",2100,215 Melrose Court Iowa City IA,3,0,2,41.656359,-91.546869,22,
6349656820,2017-11-02 16:51,https://iowacity.craigslist.org/apa/d/fallbedroom-house-downtown/6349656820.html,FALL 2018| 3 Bedroom House Downtown Iowa City Walk to Everything Large,2100,801 Bowery Street Iowa City IA,3,0,2,41.653881,-91.524044,22,
6349656975,2017-11-02 16:51,https://iowacity.craigslist.org/apa/d/fallbedroom-house-walk-to/6349656975.html,"FALL 2018| 3 Bedroom House Walk to UIHC,Law,Dental,Pharmacy,Kinnick",2100,517 Brookland Park Drive Iowa City IA,3,0,2,41.654282,-91.545716,22,
6349673639,2017-11-02 16:51,https://iowacity.craigslist.org/apa/d/fallbedroom-house-walk-to/6349673639.html,"FALL 2018| 3 Bedroom House Walk to UIHC,Law,Dental,Pharmacy,Kinnick",2100,505 Brookland Park Drive Iowa City IA,3,0,2,41.654346,-91.545888,22,
6349673768,2017-11-02 16:51,https://iowacity.craigslist.org/apa/d/fallbedroom-house-walk-to/6349673768.html,"FALL 2018| 3 Bedroom House Walk to UIHC,Law,Dental,Pharmacy,Kinnick",2500,521 Melrose Avenue Iowa City IA,3,0,2,41.656696,-91.546536,22,
6349673887,2017-11-02 16:51,https://iowacity.craigslist.org/apa/d/fallbedroom-house-downtown/6349673887.html,FALL 2018| 2 Bedroom House Downtown Iowa City Walk to Everything Large,1295,827 Maggard Street Iowa City IA,2,0,1,41.651091,-91.517478,22,
6349673990,2017-11-02 16:51,https://iowacity.craigslist.org/apa/d/fallbedroom-house-downtown/6349673990.html,FALL 2018| 5 Bedroom House Downtown Iowa City Walk to Everything Large,2500,900 North Dodge Street Iowa City IA,5,0,2.5,41.671146,-91.525117,22,
6349674126,2017-11-02 16:51,https://iowacity.craigslist.org/apa/d/fallbedroom-house-downtown/6349674126.html,FALL 2018| 4 Bedroom House Downtown Iowa City Walk to Everything Large,2500,331 S Lucas Street Iowa City IA,0,0,,41.656555,-91.524722,22,
6349687507,2017-11-02 16:50,https://iowacity.craigslist.org/apa/d/fallbedroom-house-downtown/6349687507.html,FALL 2018| 4 Bedroom House Downtown Iowa City Walk to Everything Large,2500,805 Bowery Street Iowa City IA,4,0,2,41.653756,-91.522615,5,
6349687748,2017-11-02 16:50,https://iowacity.craigslist.org/apa/d/fallbedroom-house-downtown/6349687748.html,FALL 2018| 2 Bedroom House Downtown Iowa City Walk to Everything Large,1295,121 S Governor Street Iowa City IA,2,0,1,41.659251,-91.523143,22,
6349687892,2017-11-02 16:50,https://iowacity.craigslist.org/apa/d/fallbedroom-apartment/6349687892.html,FALL 2018| 3 Bedroom Apartment Downtown Iowa City Walk to Everything,1800,210.5 North Linn St Iowa City IA,3,0,1,41.663997,-91.531361,22,
6349688032,2017-11-02 16:50,https://iowacity.craigslist.org/apa/d/fallbedroom-house-walk-to/6349688032.html,"FALL 2018| 3 Bedroom House Walk to UIHC,Law,Dental,Pharmacy,Kinnick",1595,419 S Governor Street Iowa City IA,3,0,1.5,41.656654,-91.523186,22,
6349688181,2017-11-02 16:50,https://iowacity.craigslist.org/apa/d/fall-2018-large-3-bedroom/6349688181.html,FALL 2018| Large 3 Bedroom Duplex Close to Downtown Iowa City & Campus,1800,845 Maggard Street Iowa City IA,3,0,2,41.650947,-91.517457,22,
6349716859,2017-11-02 16:50,https://iowacity.craigslist.org/apa/d/fallbedroom-duplex-walk/6349716859.html,FALL 2018| 3 Bedroom Duplex Walk Downtown Iowa City Walk to Everything,1595,910 North Dodge Street Iowa City IA,3,0,2,41.671341,-91.525190,5,
6349717598,2017-11-02 16:50,https://iowacity.craigslist.org/apa/d/fallbedroom-apartment-walk-to/6349717598.html,"FALL 2018| 2 Bedroom Apartment Walk to UIHC,Law,Dental,Pharmacy,Kinnic",850,1130 Oakcrest Street Iowa City IA,2,0,1,41.652079,-91.556471,22,
6349717730,2017-11-02 16:50,https://iowacity.craigslist.org/apa/d/fallbedroom-apartment-walk-to/6349717730.html,"FALL 2018| 2 Bedroom Apartment Walk to UIHC,Law,Dental,Pharmacy,Kinnic",1050,1014 Oakcrest Street Iowa City IA,2,0,1,41.652213,-91.554192,22,
6349717844,2017-11-02 16:50,https://iowacity.craigslist.org/apa/d/fallbedroom-apartment-free/6349717844.html,"FALL 2018| 2 Bedroom Apartment FREE Cable,Internet,Parking,Heat,Water",1050,906 North Dodge Street Iowa City IA,2,0,1,41.671147,-91.525186,22,
6349724012,2017-11-02 16:50,https://iowacity.craigslist.org/apa/d/fallbedroom-on-campus-free/6349724012.html,"FALL 2018| 2 Bedroom On Campus FREE Cable,Internet,Parking,Heat,Water",1050,902 North Dodge Street Iowa City IA,2,0,1,41.671206,-91.524937,22,
6371291624,2017-11-02 16:46,https://iowacity.craigslist.org/apa/d/january-opening/6371291624.html,January opening!,1040,Coralville,2,920,1,,,,
6346129954,2017-11-02 16:29,https://iowacity.craigslist.org/apa/d/gilbert-st-2018-fall-leasing/6346129954.html,(2000) 313 S Gilbert St-2018 Fall Leasing!! Love Where You Live!!,2604,Downtown Iowa City,5,0,2,,,,
6346136442,2017-11-02 16:29,https://iowacity.craigslist.org/apa/d/vil-2018-fall-leasing-500/6346136442.html,(VIL) 2018 Fall Leasing!! 500 S Gilbert St - 3 Blocks From Campus!,2364,Downtown Iowa City,4,0,3,,,,
6341732335,2017-11-02 16:28,https://iowacity.craigslist.org/apa/d/zp-917-college-st-2018-fall/6341732335.html,(ZP) 917 E College St - 2018 Fall Leasing- Love Where You Live!!,1965,Downtown Iowa City,4,0,3,,,,
6348761983,2017-11-02 16:28,https://iowacity.craigslist.org/apa/d/zp-917-college-st-2018-fall/6348761983.html,(ZP) 917 E College St - 2018 Fall Leasing- SPACIOUS 4BR,1965,Downtown Iowa City,4,0,2,,,,
