pid,dt,url,title,price,neighb,beds,sqft,baths,lat,lng,accuracy,address
6371234752,2017-11-02 16:57,https://ithaca.craigslist.org/apa/d/studios-1-and-2-bedrooms-fall/6371234752.html,"Studios, 1, and 2 Bedrooms Fall Creek Area",931,Lake Street,1,0,1,42.455314,-76.496199,10,509 Lake Street Ithaca NY US
6332296274,2017-11-02 16:55,https://ithaca.craigslist.org/apa/d/marathon-1-bedroom-1-office/6332296274.html,Marathon 1 bedroom 1 office space,525,4 mill st,1,0,1,42.440624,-76.036034,7,
6366661271,2017-11-02 16:55,https://ithaca.craigslist.org/apa/d/3-bedroom-house/6366661271.html,3 Bedroom House,1300,"Tully, NY",3,0,2,42.797738,-76.113599,10,17 Elm St. Tully NY US
6367128906,2017-11-02 16:54,https://ithaca.craigslist.org/apa/d/1-bedroom-apartment-2nd-floor/6367128906.html,1 Bedroom apartment 2nd floor Cortland,550,Cortland17 Argyle  Place,1,0,1,42.594686,-76.182353,7,
6371218826,2017-11-02 16:54,https://ithaca.craigslist.org/apa/d/beautiful-sunny-house-just/6371218826.html,"A beautiful sunny house, just two blocks from Cornell University. One",1300,"Ithaca, NY",3,0,1,42.402800,-76.484000,22,
6371229944,2017-11-02 16:54,https://ithaca.craigslist.org/apa/d/rooms-in-5-bedroom-town-house/6371229944.html,Rooms in a 5 Bedroom Town House Apartment,650,,1,0,0,42.448689,-76.492485,10,516 University Ave Ithaca NY US
6360797599,2017-11-02 16:51,https://ithaca.craigslist.org/apa/d/3-bed-1and-1-2bath-mobile/6360797599.html,3 bed. 1and 1/2bath  mobile home for rent,825,Trumansburg,3,876,1.5,42.516904,-76.703902,10,6189 Bower Rd. Trumansburg NY US
6360899481,2017-11-02 16:51,https://ithaca.craigslist.org/apa/d/1-bed-apt-located-2-miles/6360899481.html,1 bed. apt. located 2 miles from Cayuga Medical Center,700,Ithaca,1,0,1,42.466627,-76.583151,10,411A Hayts Rd. Ithaca NY US
6362629238,2017-11-02 16:41,https://ithaca.craigslist.org/apa/d/cortland-large-one-bedroom/6362629238.html,CORTLAND LARGE ONE BEDROOM HALF HOUSE WITH OFICE SPACE,850,Cortland,1,0,1,,,,
6362631515,2017-11-02 16:41,https://ithaca.craigslist.org/apa/d/cortland-beautiful-remodeled/6362631515.html,CORTLAND BEAUTIFUL REMODELED 1 BEDROOM HALF HOUSE,975,Cortland,1,0,1.5,,,,
6371175778,2017-11-02 16:36,https://ithaca.craigslist.org/apa/d/1br-village-solars-quiet/6371175778.html,"1br - Village Solars - Quiet, Desirable Community! Pet-friendly",1259,,1,0,1,42.402800,-76.484000,22,
6363403817,2017-11-02 16:31,https://ithaca.craigslist.org/apa/d/bed-student-apt-close-to-the/6363403817.html,"18/19 3 BED. STUDENT APT., CLOSE TO THE COMMONS, INCLUDES MOST UTIL.,",620,"103 EAST SPENCER ST. ""WE LOVE PETS""",3,1425,1,42.435093,-76.498815,15,EAST SPENCER STREET at CAYUGA STREET ITHACA NY US
6361991271,2017-11-02 16:30,https://ithaca.craigslist.org/apa/d/luxury-two-bedroom-includes/6361991271.html,LUXURY TWO BEDROOM - Includes Internet and Cable,1295,Horseheads,2,0,2,42.164040,-76.848850,5,
6361642759,2017-11-02 16:29,https://ithaca.craigslist.org/apa/d/two-bedroombath-includes-all/6361642759.html,TWO BEDROOM - 1 1/2 BATH - Includes ALL UTILITIES/Cable/Internet,995,b,2,0,1.5,42.138332,-76.913738,5,
6368573461,2017-11-02 16:29,https://ithaca.craigslist.org/apa/d/studio-apartments-available/6368573461.html,Studio Apartments Available - PET FRIENDLY!!,850,993 Dryden Road,0,0,,42.457646,-76.433604,10,993 Dryden Road Ithaca NY US
6361690694,2017-11-02 16:26,https://ithaca.craigslist.org/apa/d/two-bedroom-duplex-includes/6361690694.html,TWO BEDROOM DUPLEX - Includes Internet & Cable,995,Horseheads,2,0,1,42.189482,-76.805935,5,
6371173843,2017-11-02 16:25,https://ithaca.craigslist.org/apa/d/lock-in-2017-rates-before-its/6371173843.html,LOCK IN 2017 RATES BEFORE IT'S TOO LATE!!! MAKE YOUR MOVE NOW,1490,Ithaca,2,1115,1.5,42.478355,-76.478416,10,5 Cinema Drive Ithaca NY US
6371174527,2017-11-02 16:20,https://ithaca.craigslist.org/apa/d/lock-in-2017-rates-before-its/6371174527.html,LOCK IN 2017 RATES BEFORE IT'S TOO LATE!!! MAKE YOUR MOVE NOW,1490,Ithaca,2,1115,1.5,42.478355,-76.478416,10,5 Cinema Drive Ithaca NY US
6361634130,2017-11-02 16:19,https://ithaca.craigslist.org/apa/d/three-bedroom-house-includes/6361634130.html,THREE BEDROOM HOUSE - Includes UTILITIES,1595,Big Flats,3,0,1.5,42.136168,-76.934681,5,
6361468397,2017-11-02 16:18,https://ithaca.craigslist.org/apa/d/4-bedroom-house-includes-all/6361468397.html,4 BEDROOM HOUSE - Includes ALL UTLITIES/INTERNET/CABLE,1695,Elmira,4,0,2,42.069430,-76.787395,5,
6359329742,2017-11-02 16:17,https://ithaca.craigslist.org/apa/d/efficiency-unit-in-horseheads/6359329742.html,Efficiency unit in Horseheads with all utilities included,695,Horseheads,1,0,1,42.162513,-76.817994,5,
6361539044,2017-11-02 16:15,https://ithaca.craigslist.org/apa/d/luxury-one-bedroom-includes/6361539044.html,LUXURY ONE BEDROOM Includes Internet/Cable,1025,Horseheads,1,0,1,42.164549,-76.850739,5,
6371174223,2017-11-02 16:15,https://ithaca.craigslist.org/apa/d/lock-in-2017-rates-before-its/6371174223.html,LOCK IN 2017 RATES BEFORE IT'S TOO LATE!!! MAKE YOUR MOVE NOW,1490,Ithaca,2,1115,1.5,42.478355,-76.478416,10,5 Cinema Drive Ithaca NY US
6361471451,2017-11-02 16:15,https://ithaca.craigslist.org/apa/d/furnished-efficiency-includes/6361471451.html,FURNISHED EFFICIENCY - Includes ALL UTILITIES/Cable/Internet,895,Horseheads,1,0,1,42.198004,-76.840096,5,
6350781755,2017-11-02 16:14,https://ithaca.craigslist.org/apa/d/rent-specials-two-bedroom/6350781755.html,"*RENT SPECIALS* TWO BEDROOM - Includes ALL UTILITIES, INTERNET & CABLE",925,Elmira,2,0,1,42.069047,-76.788769,5,
6371158550,2017-11-02 16:13,https://ithaca.craigslist.org/apa/d/two-bedroom-corner-apartment/6371158550.html,Two Bedroom Corner Apartment WITH Washer/Dryer,1430,northeast,2,1028,1,,,,
6371153862,2017-11-02 16:09,https://ithaca.craigslist.org/apa/d/three-bedroom-with-washer-and/6371153862.html,Three bedroom with washer and dryer,1730,,3,1308,2,42.487473,-76.467524,20,700 Warren Road Ithaca NY US
6358984866,2017-11-02 16:02,https://ithaca.craigslist.org/apa/d/spacious-two-bedroom-reduced/6358984866.html,Spacious Two Bedroom reduced rent immediate occupancy,1495,123 East King Road,2,1300,2,42.406781,-76.497235,10,123 East King Road Ithaca NY US
6358987930,2017-11-02 16:02,https://ithaca.craigslist.org/apa/d/newly-renovated-2-bedroom-or/6358987930.html,Newly Renovated 2 bedroom or 1+ studio/den/office available January'18,1195,1059 Danby Rd,1,850,1,42.409118,-76.503019,10,1059 Danby Road Ithaca NY US
6359748008,2017-11-02 16:02,https://ithaca.craigslist.org/apa/d/4-bedroom-solar-townhouse/6359748008.html,4 Bedroom Solar Townhouse Right Next to Ithaca College '18-'19,2440,1047 Danby Road,4,1800,1.5,42.409801,-76.502994,10,1047 Danby Road Ithaca NY US
6359752190,2017-11-02 16:02,https://ithaca.craigslist.org/apa/d/8-bedroom-solar-townhouse/6359752190.html,8 Bedroom Solar Townhouse Right Next to IC '18-'19,4700,1049 Danby Road,8,0,3,42.409687,-76.502998,10,1049 Danby Road Ithaca NY US
6359756435,2017-11-02 16:02,https://ithaca.craigslist.org/apa/d/top-floor-2-bedroom-apt/6359756435.html,Top Floor 2 Bedroom Apt Across from IC utilities included 2018-2019,1610,1060 Danby Road,2,0,1,42.409386,-76.503009,10,1060 Danby Road Ithaca NY US
6359761394,2017-11-02 16:02,https://ithaca.craigslist.org/apa/d/unique-rustic-4-level-loft/6359761394.html,Unique & Rustic 4 Level Loft Apt - One of a Kind! '18-'19,1600,1059 Danby Road,2,1200,1.5,42.409118,-76.503019,10,1059 Danby Road Ithaca NY US
6359765602,2017-11-02 16:02,https://ithaca.craigslist.org/apa/d/creative-2-bedroom-loft-apt/6359765602.html,Creative 2 Bedroom Loft Apt w/ Loft Beds Right Next to IC '18-'19,1300,1059 Danby Road,2,0,1,42.409118,-76.503019,10,1059 Danby Road Ithaca NY US
