pid,dt,url,title,price,neighb,beds,sqft,baths,lat,lng,accuracy,address
6371317757,2017-11-02 16:59,https://jackson.craigslist.org/apa/d/spacious-700-sq-ft-apartment/6371317757.html,Spacious 700 Sq. Ft. apartment in Ridgeland,723,6675 Old Canton Road,1,710,1,32.406009,-90.106341,10,6675 Old Canton Rd Ridgeland MS US
6358998991,2017-11-02 16:58,https://jackson.craigslist.org/apa/d/house-for-rent/6358998991.html,House for Rent,,"Jackson, MS",2,0,1,32.393391,-90.301349,22,
6371304540,2017-11-02 16:49,https://jackson.craigslist.org/apa/d/are-you-tired-of-renting/6371304540.html,ARE YOU TIRED OF RENTING?,,,0,0,,32.380686,-90.145397,5,
6371303357,2017-11-02 16:48,https://jackson.craigslist.org/apa/d/gated-community-pet-friendly/6371303357.html,"Gated Community, Pet Friendly, Clubhouse with Kitchen",1021,,3,1356,2,32.188800,-90.259500,22,1000 Spring Lake Blvd. Byram MS US
6371288884,2017-11-02 16:37,https://jackson.craigslist.org/apa/d/stunning-house-to-let-with-3/6371288884.html,Stunning House To Let With 3 Room,450,Jackson House Rent Appartment,3,1770,2,32.243500,-90.261200,22,
6371240013,2017-11-02 16:09,https://jackson.craigslist.org/apa/d/charleston-drive/6371240013.html,Charleston Drive,650,Jackson,0,1200,,32.243500,-90.261200,22,
