pid,dt,url,title,price,neighb,beds,sqft,baths,lat,lng,accuracy,address
6371310480,2017-11-02 16:53,https://jacksontn.craigslist.org/apa/d/come-fall-in-love-with/6371310480.html,Come FALL in LOVE with Northridge Apartments!!!,682,NORTHRIDGE APARTMENT HOMES,1,850,1,35.698441,-88.855053,0,33 CONSTELLATION CIRCLE JACKSON TN US
6371310174,2017-11-02 16:53,https://jacksontn.craigslist.org/apa/d/move-in-ready-1-2-off-app/6371310174.html,Move-in Ready! 1/2 Off App Fees; Up to $300 off 1st Month Rent!,783,"842 N. Parkway, Jackson, TN 38301",2,862,1,35.711078,-83.518809,5,842 N. Parkway Jackson TN US
6371310033,2017-11-02 16:53,https://jacksontn.craigslist.org/apa/d/prices-are-falling-here-at/6371310033.html,Prices are FALLing here at Northridge!!!,672,NORTHRIDGE APARTMENT HOMES,1,850,1,35.698441,-88.855053,0,33 CONSTELLATION CIRCLE JACKSON TN US
6371309266,2017-11-02 16:53,https://jacksontn.craigslist.org/apa/d/happy-fall-yall-northridge/6371309266.html,Happy FALL Y'ALL!!!  Northridge has the best prices in town!,708,NORTHRIDGE APARTMENT HOMES,2,950,2,35.698441,-88.855053,0,33 CONSTELLATION CIRCLE JACKSON TN US
6371308642,2017-11-02 16:52,https://jacksontn.craigslist.org/apa/d/welcome-to-your-new-home-you/6371308642.html,WELCOME TO YOUR NEW HOME!!!  You will LOVE it here!,932,NORTHRIDGE APARTMENT HOMES,3,1200,2,35.698441,-88.855053,0,33 CONSTELLATION CIRCLE JACKSON TN US
6371308199,2017-11-02 16:52,https://jacksontn.craigslist.org/apa/d/newbark-parkthis-is-must-see/6371308199.html,NEW....BARK PARK....THIS IS A MUST SEE FOR ALL YOU FUR BABY OWNERS!!!,761,NORTHRIDGE APARTMENT HOMES,2,1000,2,35.698441,-88.855053,0,33 CONSTELLATION CIRCLE JACKSON TN US
6371305546,2017-11-02 16:50,https://jacksontn.craigslist.org/apa/d/available-november-20th-1-2/6371305546.html,Available November 20th! 1/2 Off App Fees!,703,"842 N. Parkway, Jackson, TN 38301",2,862,1,35.711078,-83.518809,5,842 N. Parkway Jackson TN US
6371303361,2017-11-02 16:48,https://jacksontn.craigslist.org/apa/d/available-in-december/6371303361.html,Available in December!,698,"842 N. Parkway, Jackson, TN 38301",2,862,1,35.711078,-83.518809,5,842 N. Parkway Jackson TN US
6371301439,2017-11-02 16:46,https://jacksontn.craigslist.org/apa/d/private-patios-balconies/6371301439.html,"Private patios/balconies, Lighted tennis court, Private patio/balcony",653,"842 N. Parkway, Jackson, TN 38301",1,720,1,35.711078,-83.518809,5,842 N. Parkway Jackson TN US
6371257118,2017-11-02 16:13,https://jacksontn.craigslist.org/apa/d/gorgeous-scenery-for-fall/6371257118.html,Gorgeous scenery for fall available now!,823,"26 Revere, Jackson, TN 38305",2,950,1,35.700529,-88.829977,5,26 Revere Jackson TN US
6371247582,2017-11-02 16:06,https://jacksontn.craigslist.org/apa/d/prices-are-falling-here-at/6371247582.html,Prices are FALLing here at Northridge!!!,682,NORTHRIDGE APARTMENT HOMES,1,850,1,35.698441,-88.855053,0,33 CONSTELLATION CIRCLE JACKSON TN US
6371245340,2017-11-02 16:05,https://jacksontn.craigslist.org/apa/d/come-fall-in-love-with/6371245340.html,Come FALL in LOVE with Northridge Apartments!!!,672,NORTHRIDGE APARTMENT HOMES,1,850,1,35.698441,-88.855053,0,33 CONSTELLATION CIRCLE JACKSON TN US
6371240804,2017-11-02 16:01,https://jacksontn.craigslist.org/apa/d/happy-fall-yall-northridge/6371240804.html,Happy FALL Y'ALL!!!  Northridge has the best prices in town!,708,NORTHRIDGE APARTMENT HOMES,2,950,2,35.698441,-88.855053,0,33 CONSTELLATION CIRCLE JACKSON TN US
