pid,dt,url,title,price,neighb,beds,sqft,baths,lat,lng,accuracy,address
6371228320,2017-11-02 17:00,https://jacksonville.craigslist.org/apa/d/3-dormitorio-2-banos/6371228320.html,3 Dormitorio y 2 Banos,947,"Jacksonville, FL",3,1174,2,,,,
6371219774,2017-11-02 17:00,https://jacksonville.craigslist.org/apa/d/especial-especial-3x2/6371219774.html,Especial! Especial! 3x2,947,"Jacksonville, FL",3,1174,2,,,,
6343048822,2017-11-02 16:59,https://jacksonville.craigslist.org/apa/d/great-3-2-home-in-oak-harbor/6343048822.html,Great 3/2 home in Oak Harbor.  Minutes to NS Mayport,1675,1166 Makua Avenue S.,3,1588,2,30.359564,-81.425117,5,1166 Makua Avenue S. Jacksonville FL US
6344045080,2017-11-02 16:57,https://jacksonville.craigslist.org/apa/d/cute-2-1-cottage-in-southside/6344045080.html,Cute 2/1 Cottage in southside,995,231 Jefferson Road,2,800,1,30.326986,-81.527534,10,231 Jefferson Road Jacksonville FL US
6368431846,2017-11-02 16:57,https://jacksonville.craigslist.org/apa/d/sea-oats-apartments-get-free/6368431846.html,Sea Oats Apartments!! Get a free Cruiser Bike!!!! and FREE RENT!!,999,Mayport,1,700,0,30.348300,-81.415900,22,900 Plaza D Atlantic Beach FL US
6335138919,2017-11-02 16:57,https://jacksonville.craigslist.org/apa/d/sea-oats-bike-to-the-beach/6335138919.html,Sea Oats bike to the beach! With a free Cruiser Bike and FREE RENT!!,1149,,2,989,0,30.348300,-81.415900,22,900 Plaza Drive Jacksonville FL US
6371234244,2017-11-02 16:57,https://jacksonville.craigslist.org/apa/d/large-closet-space-on-site/6371234244.html,"Large Closet Space, On-Site Management, Resort-Style Swimming Pool",1025,"10023 Belle Rive Blvd, Jacksonville, FL 32256",2,1100,2,30.206545,-81.555944,5,10023 Belle Rive Blvd Jacksonville FL US
6371233713,2017-11-02 16:56,https://jacksonville.craigslist.org/apa/d/your-search-is-over/6371233713.html,Your Search Is Over!,1199,,1,772,1,30.264304,-81.553531,20,4870 Deer Lake Dr E Jacksonville FL US
6371232859,2017-11-02 16:56,https://jacksonville.craigslist.org/apa/d/250-off-beautiful-homes-in/6371232859.html,$250 Off - Beautiful Homes in a Great Community!!!,795,Ft. Caroline - Arlington,2,1058,2,30.362012,-81.577194,5,3450 Townsend Blvd Jacksonville FL US
6371215693,2017-11-02 16:54,https://jacksonville.craigslist.org/apa/d/lovely-2-bedroom-apartment/6371215693.html,Lovely 2 Bedroom Apartment... Waiting for You to Make it Home!,950,"4500 Baymeadows Rd, Jacksonville, FL 32217",2,1109,1,30.219347,-81.606888,5,4500 Baymeadows Rd Jacksonville FL US
6371218019,2017-11-02 16:54,https://jacksonville.craigslist.org/apa/d/stop-by-today/6371218019.html,Stop By Today!!,719,,2,832,1,30.268700,-81.747300,22,1591 Lane Ave. south Jacksonville FL US
6371229455,2017-11-02 16:53,https://jacksonville.craigslist.org/apa/d/heron-walk-apartments/6371229455.html,Heron Walk Apartments,905,South Side(JAX,2,939,2,30.240700,-81.617000,22,
6371221130,2017-11-02 16:53,https://jacksonville.craigslist.org/apa/d/why-wait/6371221130.html,Why Wait?,775,,2,1032,2,30.268700,-81.747300,22,1591 Lane Ave. south Jacksonville FL US
6335437321,2017-11-02 16:53,https://jacksonville.craigslist.org/apa/d/free-rent-and-free-cruiser/6335437321.html,FREE RENT!!! and a FREE CRUISER BIKE!! Sea Oats Apartments,1299,,3,1123,0,30.332546,-81.414893,5,900 Plaza Drive  FL US
6335463092,2017-11-02 16:51,https://jacksonville.craigslist.org/apa/d/sea-oats-free-cruiser-bike/6335463092.html,Sea Oats FREE CRUISER BIKE!!! AND FREE RENT!!!!,999,,1,700,0,30.332380,-81.414807,5,900 Plaza Drive  FL US
6371225767,2017-11-02 16:51,https://jacksonville.craigslist.org/apa/d/cozy-home-for-rent-in/6371225767.html,Cozy Home for Rent in Northside Jacksonville,850,Jacksonville,3,1500,1.5,30.431506,-81.646786,5,
6371213945,2017-11-02 16:49,https://jacksonville.craigslist.org/apa/d/bienvenido-leigh-meadows/6371213945.html,Bienvenido a Leigh Meadows,947,"Jacksonville, FL",3,1174,2,,,,
6371222814,2017-11-02 16:49,https://jacksonville.craigslist.org/apa/d/200-off-the-first-months-rent/6371222814.html,$200 off the first months rent.,1050,Mandarin,3,1359,2,30.192700,-81.605000,22,10101 Arrowhead Drive Jacksonville FL US
6371222541,2017-11-02 16:48,https://jacksonville.craigslist.org/apa/d/home-for-sale/6371222541.html,Home for SALE!!!!,372,Oceanway Village,4,0,2,30.466501,-81.630285,15,Oceanway at Oceanway Jacksonville FL US
6335492197,2017-11-02 16:48,https://jacksonville.craigslist.org/apa/d/sea-oats-apartments-free/6335492197.html,Sea Oats Apartments FREE CRUISER BIKE!! AND FREE RENT!!!,1299,,3,1123,0,30.348300,-81.415900,22,900 Plaza Drive Jacksonville FL US
6371210008,2017-11-02 16:47,https://jacksonville.craigslist.org/apa/d/con-lavadora-secadora-3x2/6371210008.html,"Con lavadora y secadora, 3x2",947,"Jacksonville, FL",3,1174,2,,,,
6335284443,2017-11-02 16:46,https://jacksonville.craigslist.org/apa/d/free-bike-cruiser-and-free/6335284443.html,FREE BIKE CRUISER!! AND FREE RENT AT SEA OATS APARTMENTS,1299,,3,1123,0,30.332231,-81.414335,5,900 Plaza Drive  FL US
6371217526,2017-11-02 16:45,https://jacksonville.craigslist.org/apa/d/bike-to-the-beach-full-size/6371217526.html,"Bike to the beach, Full size washer and dryer, Corner Apartment Home!",1450,Ponte Vedra Beach,2,1059,2,30.250927,-81.391099,5,100 Lake Vista Drive Ponte Vedra FL US
6340516840,2017-11-02 16:42,https://jacksonville.craigslist.org/apa/d/sea-oats-apartments-cruiser/6340516840.html,Sea Oats Apartments Cruiser Bike and RENT for FREE,1299,,3,1123,0,30.332454,-81.414378,5,900 Plaza Drive  FL US
6371212361,2017-11-02 16:41,https://jacksonville.craigslist.org/apa/d/apartment-available-in/6371212361.html,"♥ Apartment Available in Jacksonville, Lakeside Pavilion, Cyber Café",1320,"8451 Gate Parkway West, Jacksonville, FL 32216",2,1097,2,,,,
6368346777,2017-11-02 16:40,https://jacksonville.craigslist.org/apa/d/come-visit-today-fitness/6368346777.html,"Come Visit Today, Fitness Center, Laundry Care Center Great laction!!",400,,0,0,,,,,
6366035403,2017-11-02 16:40,https://jacksonville.craigslist.org/apa/d/come-visit-today-fitness/6366035403.html,"Come Visit Today, Fitness Center, Laundry Care Center Great laction!!",400,,0,0,,,,,
6368346789,2017-11-02 16:40,https://jacksonville.craigslist.org/apa/d/come-visit-today-fitness/6368346789.html,"Come Visit Today, Fitness Center, Laundry Care Center Great laction!!",400,,0,0,,,,,
6366035419,2017-11-02 16:40,https://jacksonville.craigslist.org/apa/d/come-visit-today-fitness/6366035419.html,"Come Visit Today, Fitness Center, Laundry Care Center Great laction!!",400,,0,0,,,,,
6335154133,2017-11-02 16:40,https://jacksonville.craigslist.org/apa/d/sea-oats-free-cruiser-bike/6335154133.html,Sea Oats FREE CRUISER BIKE!!!!!!!!!!!!!,1149,,2,989,0,30.332491,-81.414442,5,900 Plaza Drive  FL US
6340402569,2017-11-02 16:39,https://jacksonville.craigslist.org/apa/d/sea-oats-free-cruiser-bike/6340402569.html,Sea Oats FREE CRUISER BIKE!!!!! And FREE RENT!!!,1199,Atlantic Beach,2,989,0,30.332417,-81.414270,5,900 Plaza Drive  FL US
6371196496,2017-11-02 16:39,https://jacksonville.craigslist.org/apa/d/happy-thursday/6371196496.html,Happy Thursday,657,,1,780,1,30.268700,-81.747300,22,1591 Lane Ave. south Jacksonville FL US
6371209391,2017-11-02 16:39,https://jacksonville.craigslist.org/apa/d/huge-first-floor-3-br-2-ba/6371209391.html,HUGE First Floor 3 BR/2 BA available NOW! Great rates! Come in today!,1249,,0,1332,,30.278700,-81.583100,22,6680 Bennett Creek Drive Jacksonville FL US
6371208901,2017-11-02 16:39,https://jacksonville.craigslist.org/apa/d/designer-kitchen-24-hour/6371208901.html,"Designer Kitchen, 24 hour Fitness Center, NEW Volleyball Court",1185,Monument Rd.,2,1138,2,30.334495,-81.544555,5,653 Monument Road Jacksonville FL US
6335614347,2017-11-02 16:38,https://jacksonville.craigslist.org/apa/d/beach-living-can-be-yours/6335614347.html,- Beach Living can be yours today for FREE!! Sea Oats Apartments,1299,,3,1123,0,30.332435,-81.414657,5,900 Plaza Drive Atlantic Beach FL US
6371206102,2017-11-02 16:37,https://jacksonville.craigslist.org/apa/d/brand-new-luxury-three/6371206102.html,BRAND NEW LUXURY THREE BEDROOM ON NORTH SIDE!,1425,,3,0,2,30.491137,-81.631680,5,14050 Integra Drive Jacksonville FL US
6371205327,2017-11-02 16:36,https://jacksonville.craigslist.org/apa/d/hola-hola-3x2/6371205327.html,Hola! Hola! 3x2,947,"Jacksonville, FL",3,1174,2,,,,
6371196541,2017-11-02 16:35,https://jacksonville.craigslist.org/apa/d/playground-central-heat-and/6371196541.html,"Playground, Central Heat and Air, Efficient Appliances, Carpeting",1415,,3,1480,2.5,30.231086,-81.551980,10,7816 Southside Blvd Jacksonville FL US
6335262934,2017-11-02 16:35,https://jacksonville.craigslist.org/apa/d/sea-oats-free-cruiser-bike/6335262934.html,Sea Oats FREE CRUISER BIKE!!! AND FREE RENT!!!!,1149,,2,989,0,30.332209,-81.414506,5,900 Plaza Drive Jacksonville FL US
6364136957,2017-11-02 16:33,https://jacksonville.craigslist.org/apa/d/must-see-lovely-3-4-bedroom/6364136957.html,░ +must See+! Lovely 3-4 Bed.room House!! for Ȑenŧ. Large Balcon,400,jacksonville,3,0,2,30.337500,-81.768600,22,
6371163637,2017-11-02 16:33,https://jacksonville.craigslist.org/apa/d/better-alternative-than-rent/6371163637.html,Better Alternative Than Rent:  Own this 3br/2ba Home!,1029,,0,0,,,,,
6364131421,2017-11-02 16:33,https://jacksonville.craigslist.org/apa/d/excellent-completely/6364131421.html,"◡ Excellent, completely renovated single family house!! for ɍeŋt",400,jacksonville,3,0,2,30.337500,-81.768600,22,
6364137788,2017-11-02 16:32,https://jacksonville.craigslist.org/apa/d/low-cost-3-4-br-home-in-top/6364137788.html,◪ Low-cost 3-4 br home in top location. Closely to School & Park!,400,jacksonville,3,0,2,30.337500,-81.768600,22,
6335299484,2017-11-02 16:32,https://jacksonville.craigslist.org/apa/d/welcome-home-to-sea-oats-free/6335299484.html,Welcome Home to Sea Oats!! FREE RENT!!,999,,1,700,0,30.348300,-81.415900,22,900 Plaza Drive Jacksonville FL US
6344257156,2017-11-02 16:32,https://jacksonville.craigslist.org/apa/d/be-happy-move-to-the-club/6344257156.html,BE HAPPY!!!!!!! MOVE TO THE CLUB,890,CLUB AT CHARTER POINTE,2,996,1,30.377289,-81.606952,10,5501 University Club Blvd Jacksonville FL US
6344468247,2017-11-02 16:32,https://jacksonville.craigslist.org/apa/d/ortega-nas-area-seaboard-oaks/6344468247.html,Ortega/NAS area-Seaboard Oaks,725,,2,850,1,30.223100,-81.755600,22,
6353922081,2017-11-02 16:32,https://jacksonville.craigslist.org/apa/d/we-are-the-best-in-arlington/6353922081.html,WE ARE THE BEST IN ARLINGTON,860,CLUB AT CHARTER POINTE,2,1024,2,30.377289,-81.606952,10,5501 University Club Blvd Jacksonville FL US
6371198104,2017-11-02 16:31,https://jacksonville.craigslist.org/apa/d/stop-look-lease/6371198104.html,"Stop, LOOk, Lease",947,"Jacksonville, FL",3,1174,2,,,,
6342965541,2017-11-02 16:31,https://jacksonville.craigslist.org/apa/d/its-almost-friday-come-relax/6342965541.html,ITS ALMOST FRIDAY --COME RELAX,850,arlington,2,996,1,30.377289,-81.606952,10,5501 University Club Blvd Jacksonville FL US
6364145188,2017-11-02 16:31,https://jacksonville.craigslist.org/apa/d/inexpensive-3-4-bedroom-home/6364145188.html,Inexpensive 3-4 bed.room `home in top area. Closely to School & Park!,400,jacksonville,3,0,2,30.337500,-81.768600,22,
6347250520,2017-11-02 16:30,https://jacksonville.craigslist.org/apa/d/charming-absolutely-renovated/6347250520.html,"☳ Charming, absolutely renovated single family 'home for ɍeŋt!",400,jacksonville,3,0,2,30.337500,-81.768600,22,
6343515641,2017-11-02 16:30,https://jacksonville.craigslist.org/apa/d/13810-sutton-park-dr-1127/6343515641.html,13810 Sutton Park Dr N #1127 - Grand Reserve,1100,13810 Sutton Park Dr N,2,1212,2,30.265353,-81.462253,10,13810 Sutton Park Dr N Jacksonville FL US
6343532459,2017-11-02 16:30,https://jacksonville.craigslist.org/apa/d/304-1-bernard-rd-pecan-park/6343532459.html,304-1 Bernard Rd - Pecan Park,800,304-1 Bernard Rd,2,1200,1,30.507475,-81.617215,10,304-1 Bernard Rd Jacksonville FL US
6343501027,2017-11-02 16:30,https://jacksonville.craigslist.org/apa/d/10435-midtown-pkwy-202/6343501027.html,10435 Midtown Pkwy #202 - Esplanade at Town Center,950,Esplanade,1,730,1,30.258363,-81.523983,5,10435 Midtown Pkwy  FL US
6343502608,2017-11-02 16:30,https://jacksonville.craigslist.org/apa/d/4249-highwood-dr-great-3/6343502608.html,4249 Highwood Dr - Great 3 bedroom townhome in Ironwood!,1400,4249 Highwood Dr,3,1704,2.5,30.278700,-81.583100,22,4249 Highwood Dr JACKSONVILLE FL US
6341987568,2017-11-02 16:30,https://jacksonville.craigslist.org/apa/d/1385-shootingstar-ln/6341987568.html,1385 Shootingstar Ln- Beautiful 3 bedroom home for rent in St. Johns!,1795,1385 Shootingstar Ln,3,2083,2,30.112346,-81.584719,10,1385 Shootingstar Ln Jacksonville FL US
6371195948,2017-11-02 16:30,https://jacksonville.craigslist.org/apa/d/ready-set-rent/6371195948.html,"Ready, Set, Rent",947,"Jacksonville, FL",3,1174,2,,,,
6347151193,2017-11-02 16:29,https://jacksonville.craigslist.org/apa/d/awesome-3-bdrm-2-bath-home/6347151193.html,▄ Awesome 3 bdrm/2 bath `home. Private Parking! ▄,400,jacksonville,3,0,2,30.337500,-81.768600,22,
6335056903,2017-11-02 16:29,https://jacksonville.craigslist.org/apa/d/11775-carson-lake-dr-adams/6335056903.html,11775 Carson Lake Dr W - Adams Lake,1250,11775 Carson Lake Dr W,3,1884,2,30.283700,-81.820200,22,11775 Carson Lake Dr W Jacksonville FL US
6371194161,2017-11-02 16:29,https://jacksonville.craigslist.org/apa/d/lakefront-community-washer/6371194161.html,"Lakefront Community, Washer Dryer Connections, Easy Freeway Access",1378,Orange Park,3,1606,2,,,,
6371174640,2017-11-02 16:28,https://jacksonville.craigslist.org/apa/d/pick-two-specials-get-an-extra/6371174640.html,PICK TWO SPECIALS GET AN EXTRA,1057,,1,723,1,30.221400,-81.557100,22,
6371193372,2017-11-02 16:28,https://jacksonville.craigslist.org/apa/d/24-hr-fitness-center-grilling/6371193372.html,"24 hr Fitness Center, Grilling Area, Built in book shelf, Dog park",1065,Town Center,1,896,1,30.221400,-81.557100,22,
6367120586,2017-11-02 16:28,https://jacksonville.craigslist.org/apa/d/excellent-fully-reconstructed/6367120586.html,"◔ Excellent, fully reconstructed single family 'home for ɍeŋt!",400,jacksonville,3,0,2,30.337500,-81.768600,22,
6371068348,2017-11-02 16:28,https://jacksonville.craigslist.org/apa/d/large-brand-new-remodeled/6371068348.html,"♗ Large Brand New Remodeled 2,3,4,5 br Family House! for Rent! ♗",400,jacksonville,3,0,2,30.337500,-81.768600,22,
6341988125,2017-11-02 16:28,https://jacksonville.craigslist.org/apa/d/6958-roundleaf-dr-greenbrier/6341988125.html,6958 Roundleaf Dr - Greenbrier,1425,6958 Roundleaf Dr,3,1636,2.5,30.145900,-81.573900,22,6958 Roundleaf Dr Jacksonville FL US
6341986449,2017-11-02 16:27,https://jacksonville.craigslist.org/apa/d/625-oakleaf-plantation-pkwy/6341986449.html,625 Oakleaf Plantation Pkwy #912- Coventry,1200,625 Oakleaf Plantation Pkwy,3,1537,2.5,30.138200,-81.774200,22,625 Oakleaf Plantation Pkwy Jacksonville FL US
6371192265,2017-11-02 16:27,https://jacksonville.craigslist.org/apa/d/camelot-gardens-community/6371192265.html,Camelot Gardens Community,634,,1,637,1,30.268700,-81.747300,22,1591 Lane Ave. south Jacksonville FL US
6334301376,2017-11-02 16:27,https://jacksonville.craigslist.org/apa/d/home-sweet-home/6334301376.html,Home Sweet Home!!,657,,1,780,1,30.292205,-81.755233,10,1591 Lane Ave S jacksonville FL US
6371190453,2017-11-02 16:26,https://jacksonville.craigslist.org/apa/d/real-steal-of-deal-3x2-with/6371190453.html,A real steal of a deal!!! 3x2 with washer/dryer included,947,"Jacksonville, FL",3,1174,2,,,,
6371189895,2017-11-02 16:26,https://jacksonville.craigslist.org/apa/d/1-bedroom-1-bath-745-sq-ft/6371189895.html,1 bedroom 1 bath 745 sq ft - READY FOR YOU NOW,765,CLUB AT CHARTER POINTE,1,745,1,30.377289,-81.606952,10,5501 University Club Blvd Jacksonville FL US
6371189611,2017-11-02 16:26,https://jacksonville.craigslist.org/apa/d/ornamental-chair-rail-planned/6371189611.html,"Ornamental Chair Rail, Planned Social Activities, Picnic Areas",899,"11990 Beach Blvd, Jacksonville, FL 32246",2,858,2,30.287185,-81.501496,5,11990 Beach Blvd Jacksonville FL US
6371175056,2017-11-02 16:25,https://jacksonville.craigslist.org/apa/d/townhome-in-the-preserve-at/6371175056.html,Townhome in The Preserve at Summer Beautifully Furnished Three Bedroom,450,,0,0,,,,,
6371186799,2017-11-02 16:24,https://jacksonville.craigslist.org/apa/d/nice-3br-1ba-house-fully/6371186799.html,Nice 3BR/1BA House fully rehabbed EAST PROSPECT ST,850,2020 E. Prospect St. Jacksonville,3,1098,1,30.347565,-81.720128,5,Prospect East at 9th West Jacksonville FL US
6371175081,2017-11-02 16:24,https://jacksonville.craigslist.org/apa/d/townhome-in-the-preserve-at/6371175081.html,Townhome in The Preserve at Summer Beautifully Furnished Three Bedroom,450,,0,0,,,,,
6371145587,2017-11-02 16:23,https://jacksonville.craigslist.org/apa/d/amazing-midtown-3-bedroom/6371145587.html,✆∮∯∰Amazing Midtown 3 Bedroom with Quartz Counters!,500,,3,1200,2,,,,
6344342387,2017-11-02 16:22,https://jacksonville.craigslist.org/apa/d/spacious-2-bedroom-arlington/6344342387.html,Spacious 2 Bedroom Arlington,725,,2,1000,1.5,30.348000,-81.588200,22,
6349488289,2017-11-02 16:22,https://jacksonville.craigslist.org/apa/d/how-to-live-better-at-camelot/6349488289.html,How to Live Better at Camelot Gardens Apartments!,719,,2,832,1,30.292205,-81.755233,10,1591 LANE AVE S JACKSONVILLE FL US
6362119094,2017-11-02 16:22,https://jacksonville.craigslist.org/apa/d/tinsel-town-southside-lg-2-2/6362119094.html,Tinsel Town- Southside LG 2/2,760,,2,1100,2,30.278700,-81.583100,22,
6340251151,2017-11-02 16:22,https://jacksonville.craigslist.org/apa/d/spacious-3-bedroom-25/6340251151.html,"Spacious 3 Bedroom, 2.5 Bathroom Townhome",1075,2650 Dean Road,3,2400,2.5,30.276655,-81.591847,10,2650-50 dean rd jacksonville FL US
6371180852,2017-11-02 16:20,https://jacksonville.craigslist.org/apa/d/luxury-apartment-living-1-bed/6371180852.html,Luxury Apartment Living 1 Bed 1 Bath at The Brooklyn Riverside,1204,Jacksonville,1,718,1,30.324369,-81.671625,10,100 Magnolia Street Jacksonville FL US
6371180158,2017-11-02 16:19,https://jacksonville.craigslist.org/apa/d/heated-spa-resort-style-pool/6371180158.html,"Heated Spa, Resort Style Pool, Garages",1705,St. John's Town Center,2,1184,2,30.251839,-81.527385,5,5000 Big Island Dr. Jacksonville FL US
6371179854,2017-11-02 16:19,https://jacksonville.craigslist.org/apa/d/4-bedroom-175-bath-beautiful/6371179854.html,4 Bedroom 1.75 Bath Beautiful House WEST 27TH ST,850,211 W. 27th St. Jacksonville FL,4,1153,1.5,30.361286,-81.656528,5,West 27th St at North Pearl St Jacksonville FL US
6371180158,2017-11-02 16:19,https://jacksonville.craigslist.org/apa/d/heated-spa-resort-style-pool/6371180158.html,"Heated Spa, Resort Style Pool, Garages",1705,St. John's Town Center,2,1184,2,30.251839,-81.527385,5,5000 Big Island Dr. Jacksonville FL US
6371179854,2017-11-02 16:19,https://jacksonville.craigslist.org/apa/d/4-bedroom-175-bath-beautiful/6371179854.html,4 Bedroom 1.75 Bath Beautiful House WEST 27TH ST,850,211 W. 27th St. Jacksonville FL,4,1153,1.5,30.361286,-81.656528,5,West 27th St at North Pearl St Jacksonville FL US
6368147583,2017-11-02 16:18,https://jacksonville.craigslist.org/apa/d/how-to-live-better-at-camelot/6368147583.html,How to Live Better at Camelot Gardens Apartments!,719,,2,832,1,30.292205,-81.755233,10,1591 LANE AVE S JACKSONVILLE FL US
6371176706,2017-11-02 16:17,https://jacksonville.craigslist.org/apa/d/we-are-pet-friendly-at-the/6371176706.html,We Are Pet Friendly At The Preserve At Cedar River,800,Westside,2,1174,2,30.268700,-81.747300,22,
6371162716,2017-11-02 16:16,https://jacksonville.craigslist.org/apa/d/come-look-and-lease-breakfast/6371162716.html,"Come Look and Lease, Breakfast Bars, Professionally Managed",1005,Jacksonville,2,900,2,30.212413,-81.573115,10,8335 Freedom Crossing Trail Jacksonville FL US
6371174662,2017-11-02 16:15,https://jacksonville.craigslist.org/apa/d/vaulted-ceilings-lake-view/6371174662.html,Vaulted Ceilings ~ Lake View Balcony ~ Jax Beach Best Kept Secret,1072,Atlantic Beach,2,949,2,30.344885,-81.413389,10,2160 Mayport Rd Atlantic Beach FL US
6371171828,2017-11-02 16:13,https://jacksonville.craigslist.org/apa/d/sophisticated-living-resident/6371171828.html,"Sophisticated Living, Resident Clubhouse, Cozy Fireplace",950,Orange Park,2,940,2,30.189667,-81.712478,10,1863 Wells Road Orange Park FL US
6371171065,2017-11-02 16:13,https://jacksonville.craigslist.org/apa/d/perfect-place-to-call-home/6371171065.html,PERFECT PLACE TO CALL HOME! HURRY IN. ASK FOR AMY!!,935,Westside,3,1450,2,30.262607,-81.730667,10,4375 Confederate Point Road Jacksonville FL US
6371145477,2017-11-02 16:13,https://jacksonville.craigslist.org/apa/d/amazing-midtown-3-bedroom/6371145477.html,✆∮∯∰Amazing Midtown 3 Bedroom with Quartz Counters!,500,,3,1200,2,,,,
6371145472,2017-11-02 16:12,https://jacksonville.craigslist.org/apa/d/amazing-midtown-3-bedroom/6371145472.html,✆∮∯∰Amazing Midtown 3 Bedroom with Quartz Counters!,500,,3,1200,2,,,,
6371169955,2017-11-02 16:12,https://jacksonville.craigslist.org/apa/d/up-to-1-month-free/6371169955.html,Up to 1 Month FREE!!,895,Jacksonville,3,1174,2,30.450700,-81.662600,22,
6371169773,2017-11-02 16:12,https://jacksonville.craigslist.org/apa/d/big-beautiful-house-3br-or/6371169773.html,Big Beautiful House 3BR or 4BR 2BA in scenic area. ELWOOD AVE,975,"7353 Elwood Ave, Jacksonville",4,1602,2,30.384926,-81.663930,5,Elwood Ave at 63rd Street Jacksonville FL US
6371155200,2017-11-02 16:11,https://jacksonville.craigslist.org/apa/d/citigate-in-jacksonville/6371155200.html,"☆ Citigate in Jacksonville, Elevators in Every Building, Bark Park",1554,"8451 Gate Parkway West, Jacksonville, FL 32216",3,1411,2,,,,
6371167987,2017-11-02 16:11,https://jacksonville.craigslist.org/apa/d/furnished-corporate-rental/6371167987.html,Furnished corporate rental/short term lease must pass credit check,1000,downtown,0,0,,,,,
6371159041,2017-11-02 16:10,https://jacksonville.craigslist.org/apa/d/pencil-this-inwe-have-what/6371159041.html,PENCIL THIS IN...WE HAVE WHAT YOU NEED!!!!!  CALL AMY,935,Westside,3,1450,2,30.262607,-81.730667,10,4375 Confederate Point Road Jacksonville FL US
6371165997,2017-11-02 16:09,https://jacksonville.craigslist.org/apa/d/the-bus-lines-nearby-at/6371165997.html,The bus line's nearby at Stonewood! Great for commuters,629,Jacksonville,1,600,1,30.401392,-81.754652,10,8300 Old Kings RdÂ  Jacksonville FL US
6371165679,2017-11-02 16:09,https://jacksonville.craigslist.org/apa/d/perfect-place-to-call-home/6371165679.html,PERFECT PLACE TO CALL HOME! HURRY IN. ASK FOR AMY!!,935,Westside,3,1450,2,30.262607,-81.730667,10,4375 Confederate Point Road Jacksonville FL US
6371165374,2017-11-02 16:09,https://jacksonville.craigslist.org/apa/d/luxurious-laterra-condo-in/6371165374.html,Luxurious Laterra Condo in World Golf Village,1395,"955 Registry Blvd St. Augustine, FL",1,484,1,29.947500,-81.526400,22,955 Registry Blvd St. Augustine FL US
6371165170,2017-11-02 16:09,https://jacksonville.craigslist.org/apa/d/ornamental-chair-rail/6371165170.html,"Ornamental Chair Rail, Designer Clubhouse, Picnic Areas",925,"445 Monument Road, Jacksonville, FL 32225",2,900,1,30.329538,-81.546956,5,445 Monument Road Jacksonville FL US
6371164355,2017-11-02 16:08,https://jacksonville.craigslist.org/apa/d/now-available-minutes-to-295/6371164355.html,"Now Available, Minutes to I 295, Wooded Views",1052,Orange Park,2,1141,2,,,,
6371163847,2017-11-02 16:08,https://jacksonville.craigslist.org/apa/d/only-two-left-two-bedrooms/6371163847.html,Only Two Left !  Two Bedrooms with Lake View!  Come See Us Today!,905,Jacksonville,2,975,1.5,30.246579,-81.845446,10,6870 103rd Street Jacksonville FL US
6371134455,2017-11-02 16:07,https://jacksonville.craigslist.org/apa/d/tropical-landscaping-on-site/6371134455.html,"Tropical Landscaping, On-site Management, Linen Closets",899,"11990 Beach Blvd, Jacksonville, FL 32246",2,858,2,30.287185,-81.501496,5,11990 Beach Blvd Jacksonville FL US
6371144027,2017-11-02 16:07,https://jacksonville.craigslist.org/apa/d/home-managers-wanted-live/6371144027.html,"Home Managers Wanted  - Live Like a King for $1,200 to $1,500 monthly",1200,Green Cove,0,0,,29.998300,-81.764700,22,
6371162619,2017-11-02 16:07,https://jacksonville.craigslist.org/apa/d/call-for-details-near-nas-jax/6371162619.html,"Call for Details, Near NAS Jax, Pets Welcome",1151,Orange Park,2,1151,2,,,,
6371159528,2017-11-02 16:05,https://jacksonville.craigslist.org/apa/d/elevators-car-wash-rooftop/6371159528.html,"Elevators, Car Wash, Rooftop Terrace",1511,St. John's Town Center,2,1109,2,30.251820,-81.527342,5,5000 Big Island Dr. Jacksonville FL US
6371139454,2017-11-02 16:05,https://jacksonville.craigslist.org/apa/d/huge-savings-weekly-rentals/6371139454.html,Huge savings! Weekly Rentals,319,"Jacksonville, FL",1,0,1,30.450700,-81.662600,22,
6371147493,2017-11-02 16:04,https://jacksonville.craigslist.org/apa/d/home-managers-wanted-live/6371147493.html,"Home Managers Wanted  - Live Like a King for $1,200 to $1,500 monthly",1200,San Marco,0,0,,30.290800,-81.632100,22,
6371149709,2017-11-02 16:04,https://jacksonville.craigslist.org/apa/d/home-managers-wanted-live/6371149709.html,"Home Managers Wanted  - Live Like a King for $1,200 to $1,500 monthly",1200,Downtown Jacksonville,0,0,,30.329900,-81.651700,22,
6371145795,2017-11-02 16:03,https://jacksonville.craigslist.org/apa/d/home-managers-wanted-live/6371145795.html,"Home Managers Wanted  - Live Like a King for $1,200 to $1,500 monthly",1200,St. Augustine,0,0,,29.917500,-81.366800,22,
6371156781,2017-11-02 16:03,https://jacksonville.craigslist.org/apa/d/modular-home/6371156781.html,modular home,2000,Yulee,5,0,3,30.622200,-81.590600,22,Blackrock Rd at Pirates Bluff Yulee FL US
