pid,dt,url,title,price,neighb,beds,sqft,baths,lat,lng,accuracy,address
6360332170,2017-11-02 17:00,https://jerseyshore.craigslist.org/apa/d/stainless-steel-renovated-2/6360332170.html,Stainless Steel Renovated 2 Bdrm Apartment Home in Lakewood  (OPV),1350,"Lakewood, NJ",2,720,1,,,,
6371202809,2017-11-02 16:35,https://jerseyshore.craigslist.org/apa/d/electronic-thermostat-leasing/6371202809.html,"Electronic Thermostat, Leasing Now, Come Look and Lease",3200,Red Bank,2,1160,2,40.346081,-74.074805,10,1 Bridge Avenue Red Bank NJ US
6339352997,2017-11-02 16:30,https://jerseyshore.craigslist.org/apa/d/summerloft-bedroom-1-bathroom/6339352997.html,SUMMER 2018 2 Loft Bedroom 1 Bathroom Summer Rental Close to Beach,16000,Belmar,2,850,1,40.171217,-74.019270,5,18th at B Belmar NJ US
6365472995,2017-11-02 16:28,https://jerseyshore.craigslist.org/apa/d/lovely-three-bedroom-off/6365472995.html,Lovely Three Bedroom Off Season Rental Nov-May Ventnor,1000,Ventnor,3,1500,1.5,,,,
6339092134,2017-11-02 16:24,https://jerseyshore.craigslist.org/apa/d/private-owner-currently-2-6/6339092134.html,PRIVATE OWNER CURRENTLY 2-6 BEDROOMS AVAIL IN NORTHUMBERLAND COUNTY,595,PETS OK-GARAGE-LRG YARD-FREE RENT!,6,0,2,,,,
6371185307,2017-11-02 16:23,https://jerseyshore.craigslist.org/apa/d/condo-yearly-rental-new-pool/6371185307.html,CONDO (YEARLY RENTAL) - NEW POOL (Amazing $),1525,Point pleasant beach,0,0,,40.077530,-74.043474,5,320 maryland ave Point Pleasant Beach NJ US
6356408966,2017-11-02 16:12,https://jerseyshore.craigslist.org/apa/d/winter-rental-available-now/6356408966.html,Winter Rental - Available Now,1200,Long Branch,0,0,,40.299200,-73.991200,22,ocean ave at morris ave Long Branch NJ US
