pid,dt,url,title,price,neighb,beds,sqft,baths,lat,lng,accuracy,address
6343461516,2017-11-02 16:49,https://jxn.craigslist.org/apa/d/hurry-in-apply-for-free-1st/6343461516.html,Hurry In .... Apply for FREE & 1st Month Rent FREE!!!ew,,Edgewater-Shannon,0,0,,42.514288,-84.656063,10,223 N. Main Street Eaton Rapids MI US
6345052950,2017-11-02 16:16,https://jxn.craigslist.org/apa/d/apply-for-your-new-home-kb/6345052950.html,Apply for Your New Home kb,,Kingsbrooke-Christina,0,0,,42.277684,-84.440742,20,Kingsbrooke Drive Jackson MI US
6345047419,2017-11-02 16:16,https://jxn.craigslist.org/apa/d/make-your-dream-reality-kb/6345047419.html,!!! Make Your Dream Reality !!!KB,,Kingsbrooke-Christina,0,0,,42.277684,-84.440742,20,Kingsbrooke Drive Jackson MI US
6345044303,2017-11-02 16:16,https://jxn.craigslist.org/apa/d/make-your-dream-reality-kb/6345044303.html,!!! Make Your Dream Reality !!!KB,,Kingsbrooke-Christina,0,0,,42.277684,-84.440742,20,Kingsbrooke Dr Jackson MI US
6345031362,2017-11-02 16:16,https://jxn.craigslist.org/apa/d/dont-put-off-being-happy-kb/6345031362.html,!!! Don't put off being Happy !!!KB,,Kingsbrooke-Christina,0,0,,42.277684,-84.440742,20,Kingsbrooke Dr Jackson MI US
6345079380,2017-11-02 16:16,https://jxn.craigslist.org/apa/d/apply-for-your-new-home-kb/6345079380.html,Apply for Your New Home!!!! KB,,Kingsbrooke-Christina,0,0,,42.277684,-84.440742,20,Kingsbrooke Dr Jackson MI US
6346147573,2017-11-02 16:15,https://jxn.craigslist.org/apa/d/dont-wait-til-its-too-late-kb/6346147573.html,!!Don't Wait til it's TOO Late!! KB,,Kingsbrooke-Christina,0,0,,42.277684,-84.440742,20,Kingsbrooke Drive Jackson MI US
6346149849,2017-11-02 16:15,https://jxn.craigslist.org/apa/d/northwest-school-district-kb/6346149849.html,!!! Northwest School District !!!KB,,Kingsbrooke-Christina,0,0,,42.277684,-84.440742,20,Kingsbrooke Drive Jackson MI US
6346154427,2017-11-02 16:15,https://jxn.craigslist.org/apa/d/your-dreams-start-herekb/6346154427.html,!*!Your Dreams Start Here!!!KB,,Kingsbrooke-Christina,0,0,,42.277684,-84.440742,20,Kingsbrooke Drive Jackson MI US
6346152348,2017-11-02 16:15,https://jxn.craigslist.org/apa/d/start-living-your-dream-kb/6346152348.html,!*!Start Living Your Dream!!!!! KB,,Kingsbrooke-Christina,0,0,,42.277684,-84.440742,20,Kingsbrooke Drive Jackson MI US
6343501555,2017-11-02 16:15,https://jxn.craigslist.org/apa/d/dont-put-off-being-happy-kb/6343501555.html,!!! Don't put off being Happy !!!KB,,Kingsbrooke-Christina,0,0,,42.277684,-84.440742,20,Kingsbrooke Drive Jackson MI US
6343525487,2017-11-02 16:15,https://jxn.craigslist.org/apa/d/make-your-dream-reality-kb/6343525487.html,!!! Make Your Dream Reality !!!KB,,Kingsbrooke-Christina,0,0,,42.277684,-84.440742,20,Kingsbrooke Drive Jackson MI US
6353552217,2017-11-02 16:15,https://jxn.craigslist.org/apa/d/your-new-home-is-here-kb/6353552217.html,Your New Home is Here!!! KB,,Kingsbrooke-Christina,0,0,,42.277684,-84.440742,20,Kingsbrooke Drive Jackson MI US
6343271673,2017-11-02 16:14,https://jxn.craigslist.org/apa/d/your-search-is-over-spg/6343271673.html,Your Search is Over!!! SPG,,Springport Glen- Christina,0,0,,42.276505,-84.444196,20,Pheasant Run Drive Jackson MI US
6344704035,2017-11-02 16:14,https://jxn.craigslist.org/apa/d/application-fee-waivedspg/6344704035.html,APPLICATION FEE WAIVED!!!!!SPG,,Springport Glen- Christina,0,0,,42.276505,-84.444196,20,Pheasant Run Drive Jackson MI US
6343286350,2017-11-02 16:14,https://jxn.craigslist.org/apa/d/dont-wait-til-its-too-late-spg/6343286350.html,!!Don't Wait til it's TOO Late!! SPG,,Springport Glen- Christina,0,0,,42.276505,-84.444196,20,Pheasant Run Drive Jackson MI US
6343283609,2017-11-02 16:14,https://jxn.craigslist.org/apa/d/be-mountie-spg/6343283609.html,Be a Mountie!!! SPG,,Springport Glen- Christina,0,0,,42.276505,-84.444196,20,Pheasant Run Drive Jackson MI US
6343280023,2017-11-02 16:14,https://jxn.craigslist.org/apa/d/apply-today-spg/6343280023.html,Apply Today!!! SPG,,Springport Glen- Christina,0,0,,42.276505,-84.444196,20,Pheasant Run Drive Jackson MI US
6344712983,2017-11-02 16:14,https://jxn.craigslist.org/apa/d/apply-for-your-new-home-spg/6344712983.html,Apply for Your New Home!!! SPG,,Springport Glen- Christina,0,0,,42.276505,-84.444196,20,Pheasant Run Drive Jackson MI US
6343317680,2017-11-02 16:14,https://jxn.craigslist.org/apa/d/you-dont-want-to-miss-this-spg/6343317680.html,!!! You Don't Want to Miss This!!! SPG,,Springport Glen- Christina,0,0,,42.276505,-84.444196,20,Pheasant Run Drive Jackson MI US
6343307031,2017-11-02 16:14,https://jxn.craigslist.org/apa/d/application-fee-waivedspg/6343307031.html,APPLICATION FEE WAIVED!!!!!SPG,,Springport Glen- Christina,0,0,,42.276505,-84.444196,20,Pheasant Run Drive Jackson MI US
6343299536,2017-11-02 16:13,https://jxn.craigslist.org/apa/d/spectacular-savings-spg/6343299536.html,~*~*~Spectacular Savings!!! SPG,,Springport Glen- Christina,0,0,,42.276505,-84.444196,20,Pheasant Run Drive Jackson MI US
6344653961,2017-11-02 16:13,https://jxn.craigslist.org/apa/d/northwest-school-district-spg/6344653961.html,!!! Northwest School District !!!SPG,,Springport Glen- Christina,0,0,,42.276505,-84.444196,20,Pheasant Run Drive Jackson MI US
6343080734,2017-11-02 16:12,https://jxn.craigslist.org/apa/d/dont-put-off-being-happy-kb/6343080734.html,!!! Don't put off being Happy !!! KB,,Kingsbrooke-Christina,0,0,,42.277684,-84.440742,20,Kingsbrooke Drive Jackson MI US
6345064629,2017-11-02 16:12,https://jxn.craigslist.org/apa/d/your-dreams-start-herekb/6345064629.html,!*!Your Dreams Start Here!!!KB,,Kingsbrooke-Christina,0,0,,42.277684,-84.440742,20,Kingsbrooke Drive Jackson MI US
6345067158,2017-11-02 16:11,https://jxn.craigslist.org/apa/d/your-dreams-start-herekb/6345067158.html,!*!Your Dreams Start Here!!!KB,,Kingsbrooke-Christina,0,0,,42.277684,-84.440742,20,Kingsbrooke Drive Jackson MI US
6368472617,2017-11-02 16:11,https://jxn.craigslist.org/apa/d/conklin-estates-community/6368472617.html,Conklin Estates Community,745,Tecumseh,1,700,1,42.003755,-83.931276,10,1082 E Chicago Blvd. Tecumseh MI US
6343590426,2017-11-02 16:11,https://jxn.craigslist.org/apa/d/apply-for-your-new-home-kb/6343590426.html,Apply for Your New Home!!! KB,,Kingsbrooke-Christina,0,0,,42.277684,-84.440742,20,Kingsbrooke Drive Jackson MI US
6343587886,2017-11-02 16:11,https://jxn.craigslist.org/apa/d/northwest-school-district-kb/6343587886.html,!!! Northwest School District !!!KB,,Kingsbrooke-Christina,0,0,,42.277684,-84.440742,20,Kingsbrooke Drive Jackson MI US
6343585283,2017-11-02 16:11,https://jxn.craigslist.org/apa/d/act-fast-kb/6343585283.html,ACT FAST!! KB,,Kingsbrooke-Christina,0,0,,42.277684,-84.440742,20,Kingsbrooke Drive Jackson MI US
6343593207,2017-11-02 16:11,https://jxn.craigslist.org/apa/d/apply-now-kb/6343593207.html,Apply Now!!! KB,,Kingsbrooke-Christina,0,0,,42.277684,-84.440742,20,Kingsbrooke Drive Jackson MI US
6343582548,2017-11-02 16:10,https://jxn.craigslist.org/apa/d/start-living-your-dream-kb/6343582548.html,!*!Start Living Your Dream!!! KB,,Kingsbrooke-Christina,0,0,,42.277684,-84.440742,20,Kingsbrooke Drive Jackson MI US
6344756414,2017-11-02 16:10,https://jxn.craigslist.org/apa/d/you-dont-want-to-miss-this-spg/6344756414.html,!!! You Don't Want to Miss This!!! SPG,,Springport Glen- Christina,0,0,,42.276505,-84.444196,20,Pheasant Run Drive Jackson MI US
6343074018,2017-11-02 16:10,https://jxn.craigslist.org/apa/d/your-new-pad-is-ready-at/6343074018.html,* *Your New Pad is Ready at Springport Glen,,Springport Glen-Christina,0,0,,42.276505,-84.444196,20,Pheasant Run Drive Jackson MI US
6343076828,2017-11-02 16:10,https://jxn.craigslist.org/apa/d/application-fee-waivedspg/6343076828.html,APPLICATION FEE WAIVED!!!!!SPG,,Springport Glen- Christina,0,0,,42.276505,-84.444196,20,Pheasant Run Dr Jackson MI US
6343071867,2017-11-02 16:10,https://jxn.craigslist.org/apa/d/dont-wait-til-its-too-late-spg/6343071867.html,!!Don't Wait til it's TOO Late!! SPG,,Springport Glen- Christina,0,0,,42.276505,-84.444196,20,Pheasant Run Dr Jackson MI US
6343069478,2017-11-02 16:10,https://jxn.craigslist.org/apa/d/you-dont-want-to-miss-this-spg/6343069478.html,!!! You Don't Want to Miss This!!! SPG,,Springport Glen- Christina,0,0,,42.276505,-84.444196,20,Pheasant Run Dr Jackson MI US
6343065298,2017-11-02 16:10,https://jxn.craigslist.org/apa/d/come-see-what-the-buzz-is-all/6343065298.html,Come See What The Buzz Is All About!!SPG,,Springport Glen - Christina,0,0,,42.276505,-84.444196,20,Pheasant Run Dr. Jackson MI US
6342386049,2017-11-02 16:10,https://jxn.craigslist.org/apa/d/act-fast-wont-last-long-spg/6342386049.html,!!!Act Fast!! Won't Last Long !!! SPG,,Springport Glen- Christina,0,0,,42.276505,-84.444196,20,Pheasant Run Dr Jackson MI US
6345074311,2017-11-02 16:09,https://jxn.craigslist.org/apa/d/apply-for-your-new-home-kb/6345074311.html,Apply for Your New Home kb,,Kingsbrooke-Christina,0,0,,42.277684,-84.440742,20,Kingsbrooke Dr Jackson MI US
6348369611,2017-11-02 16:09,https://jxn.craigslist.org/apa/d/conklin-estates-community/6348369611.html,Conklin Estates Community!,810,Tecumseh,2,960,1,42.003755,-83.931276,10,1082 East Chicago Blvd. Tecumseh MI US
