pid,dt,url,title,price,neighb,beds,sqft,baths,lat,lng,accuracy,address
6371231080,2017-11-02 16:54,https://kalamazoo.craigslist.org/apa/d/24-hour-emergency-maintenance/6371231080.html,"24-Hour Emergency Maintenance, Parking, Pool view, Garbage disposal",,kalamazoo,3,0,1.5,,,,
6371196997,2017-11-02 16:46,https://kalamazoo.craigslist.org/apa/d/modern-luxury-eat-in-kitchen/6371196997.html,Modern luxury eat in kitchen fresh paint,968,,0,0,,,,,
6371212262,2017-11-02 16:41,https://kalamazoo.craigslist.org/apa/d/the-view-where-convenience/6371212262.html,The View Where Convenience And Excellence Meet!,785,Portage,2,920,1.5,42.226610,-85.601137,10,6195 Village Green Circle Portage MI US
6368565249,2017-11-02 16:41,https://kalamazoo.craigslist.org/apa/d/545-2br-2-bath-kalamazoo/6368565249.html,$545 2BR/2 Bath Kalamazoo! NEWLY RENOVATED!!,545,Kalamazoo,2,0,2,,,,
6371208829,2017-11-02 16:39,https://kalamazoo.craigslist.org/apa/d/beautiful-2-bedroom-1100-sq/6371208829.html,BEAUTIFUL 2 BEDROOM 1100 SQ. FT APARTMENT,950,VICKSBURG,2,1100,1,42.118809,-85.532372,10,200 SOUTH MAIN ST. VICKSBURG MI US
6371189057,2017-11-02 16:25,https://kalamazoo.craigslist.org/apa/d/large-upgraded-two-bedroom/6371189057.html,"Large, Upgraded Two Bedroom",729,Davis Creek Apartments and Flats,2,731,1,42.239003,-85.535560,5,Meredith Dr Portage MI US
6368190304,2017-11-02 16:15,https://kalamazoo.craigslist.org/apa/d/firehouse-crossings/6368190304.html,Firehouse Crossings,325,Western Michigan University,6,0,3.5,42.277048,-85.637931,20,1401 Jack Pine Way Kalamazoo MI US
6350098168,2017-11-02 16:12,https://kalamazoo.craigslist.org/apa/d/move-in-special-11-01/6350098168.html,Move-In Special! (11/01),750,Regency Square,2,1100,1,42.260406,-85.592765,10,611 Whites Rd Kalamazoo MI US
6371161805,2017-11-02 16:06,https://kalamazoo.craigslist.org/apa/d/500-off-move-in-costs/6371161805.html,"*$500 Off Move-In Costs* Renovated Townhome, Tour Today!!!",1070,"Portage, MI",2,960,1.5,42.228917,-85.640046,20,Applegrove at Milham Portage MI US
