pid,dt,url,title,price,neighb,beds,sqft,baths,lat,lng,accuracy,address
6371375719,2017-11-02 16:57,https://kalispell.craigslist.org/apa/d/1-br-1-ba/6371375719.html,1 BR 1 BA,600,Columbia Falls,1,0,1,48.367922,-114.199136,5,
6371341600,2017-11-02 16:43,https://kalispell.craigslist.org/apa/d/spacious-2-bed-2-bath/6371341600.html,Spacious 2 Bed / 2 Bath available for you! 962 Sq Ft.,1275,Whitefish,2,962,2,48.404000,-114.350900,22,21 Pheasant Run Whitefish MT US
6371369508,2017-11-02 16:42,https://kalispell.craigslist.org/apa/d/spacious-townhome/6371369508.html,Spacious Townhome,1225,Kalispell,3,0,2,48.202800,-114.303900,22,
6364913979,2017-11-02 16:40,https://kalispell.craigslist.org/apa/d/quiet-furnished-apt-at/6364913979.html,"Quiet, furnished apt at private home. Utilities included.",700,,1,0,1,,,,
6371345626,2017-11-02 16:22,https://kalispell.craigslist.org/apa/d/3-bedroom-townhome/6371345626.html,3 bedroom Townhome,1175,Kalispell,3,0,3,48.202800,-114.303900,22,
6371331545,2017-11-02 16:10,https://kalispell.craigslist.org/apa/d/adorable-one-bedroom-house/6371331545.html,Adorable One bedroom House,795,Kalispell,1,0,1,48.202800,-114.303900,22,
6371317814,2017-11-02 16:09,https://kalispell.craigslist.org/apa/d/range-and-appliances-included/6371317814.html,Range and appliances included. Fully equipped kitchen,1095,Whitefish,1,735,1,48.404000,-114.350900,22,21 Pheasant Run Whitefish MT US
