pid,dt,url,title,price,neighb,beds,sqft,baths,lat,lng,accuracy,address
6348845205,2017-11-02 17:00,https://kansascity.craigslist.org/apa/d/carve-out-great-life-at/6348845205.html,Carve Out A Great Life at Park67 with our 2 Bedroom/ 1 Bathroom!!,760,Shawnee,2,970,1,39.009260,-94.712721,10,6527 Reeder St Shawnee MO US
6371318344,2017-11-02 17:00,https://kansascity.craigslist.org/apa/d/classy-kitchen-granite/6371318344.html,Classy Kitchen w/ Granite & Stainless Steel Appliances,717,Hyde Park Neighborhood,0,348,1,39.063063,-94.575934,5,701 E. Armour Boulevard Kansas City MO US
6340700670,2017-11-02 16:59,https://kansascity.craigslist.org/apa/d/lovely-1-bedroom-1-bth/6340700670.html,Lovely 1 Bedroom/1 BTH Apartment...Waiting for You to Make it Home!,650,Shawnee,1,750,1,39.009260,-94.712721,10,6527 Reeder St. Shawnee MO US
6344411760,2017-11-02 16:58,https://kansascity.craigslist.org/apa/d/keep-calm-and-lets-find-you/6344411760.html,Keep Calm and lets Find you a new home with our 2BR/1BA!!,760,Shawnee,2,970,1,39.009260,-94.712721,10,6527 Reeder St. Shawnee MO US
6340897467,2017-11-02 16:57,https://kansascity.craigslist.org/apa/d/at-last-this-is-what-youve/6340897467.html,"**At Last, This Is What You've Been Searching For!! 2 BR/1 BA :)",760,Shawnee,2,970,1,39.009260,-94.712721,10,6527 Reeder St. Shawnee MO US
6371306199,2017-11-02 16:57,https://kansascity.craigslist.org/apa/d/the-perfect-pair-79-metcalf/6371306199.html,"The Perfect Pair, 79 Metcalf and You!",940,,2,937,1,38.992800,-94.677100,22,7843 Riley St Shawnee Mission MO US
6352704511,2017-11-02 16:57,https://kansascity.craigslist.org/apa/d/1-bedrooms-becoming-available/6352704511.html,1 bedrooms becoming available asap!,650,"Kansas City, Missouri",1,1000,1,39.147900,-94.568000,22,
6371314399,2017-11-02 16:57,https://kansascity.craigslist.org/apa/d/hardwood-floors-google-fiber/6371314399.html,"Hardwood Floors, Google Fiber, Full Basement, Westport LAST ONE!!",1450,,3,1230,1.5,39.063521,-94.583343,10,3527 Warwick Blvd Kansas City MO US
6371313865,2017-11-02 16:56,https://kansascity.craigslist.org/apa/d/spacious-two-bedroom-study-in/6371313865.html,SPACIOUS TWO BEDROOM + STUDY IN UNION HILL!,1345,Union Hill Crossroads Downtown,2,1210,2,39.075178,-94.583807,10,106 E 28th Terr Kansas City MO US
6348307541,2017-11-02 16:55,https://kansascity.craigslist.org/apa/d/2-bedroom-1-bathroom-just-705/6348307541.html,2 bedroom 1 bathroom just $705 per month - just pay electricity,705,"Kansas City, Missouri",2,852,1,39.147900,-94.568000,22,
6348311048,2017-11-02 16:54,https://kansascity.craigslist.org/apa/d/spacious-two-bedroom-study-in/6348311048.html,SPACIOUS TWO BEDROOM + STUDY IN UNION HILL!,1345,Union Hill Crossroads Downtown,2,1210,2,39.075178,-94.583807,10,106 E 28th Terrace at Grand Blvd Kansas City MO US
6348167695,2017-11-02 16:54,https://kansascity.craigslist.org/apa/d/right-around-the-corner-near/6348167695.html,"Right Around the Corner, Near Everywhere You Want to Be ( Park 67)",760,Shawnee,2,970,1,39.009260,-94.712721,10,6527 Reeder St Shawnee MO US
6359458627,2017-11-02 16:53,https://kansascity.craigslist.org/apa/d/huge-2-bedroom-1-bathroom-at/6359458627.html,HUGE 2 bedroom 1 bathroom at Northpark,735,"Kansas City, Missouri",2,1300,1,39.166552,-94.554928,10,2021 NE Russell Road Kansas City MO US
6371309778,2017-11-02 16:53,https://kansascity.craigslist.org/apa/d/you-can-afford-to-dwell-well/6371309778.html,"You Can Afford To Dwell Well, 1 Bedroom Spacious Apartment Only $715",715,Lenexa,1,900,1,38.970366,-94.742284,20,Pflumm Ct. at 87th Street Lenexa MO US
6337106484,2017-11-02 16:52,https://kansascity.craigslist.org/apa/d/granite-countertop-elevator/6337106484.html,"Granite Countertop, Elevator In Building, Stainless Steel Appliances",1035,BAD CREDIT OK,0,1440,,38.912000,-94.351700,22,
6340829141,2017-11-02 16:52,https://kansascity.craigslist.org/apa/d/everything-you-need-all-right/6340829141.html,***Everything You Need. All Right Here!! With our 2 BR/ 1 BTH APTS.,760,Shawnee,2,970,1,39.009260,-94.712721,10,6527 Reeder Shawnee MO US
6371307893,2017-11-02 16:51,https://kansascity.craigslist.org/apa/d/beautiful-spacious-and/6371307893.html,"Beautiful, Spacious, and Affordable! 79 Metcalf in Downtown OP!",940,,2,937,1,38.992800,-94.677100,22,7843 Riley St Shawnee Mission MO US
6371307019,2017-11-02 16:51,https://kansascity.craigslist.org/apa/d/plaza-updated-hardwoods-open/6371307019.html,"W Plaza, updated! Hardwoods, open kitchen, W/D hookups.",1050,Kansas City,2,925,1,39.046180,-94.599561,10,1107 W 45th St Kansas City MO US
6348352745,2017-11-02 16:50,https://kansascity.craigslist.org/apa/d/down-town-views-with-one/6348352745.html,Down Town Views with One Month Free!,1285,Union Hill Down Town Crossroads,2,1050,2,39.075179,-94.583838,10,100 E 28th at Grand Blvd Kansas City MO US
6344368566,2017-11-02 16:50,https://kansascity.craigslist.org/apa/d/no-rush-move-in-this-fall/6344368566.html,"No Rush, move in this FALL Sheridan Crossings",699,Olathe,2,900,1,38.886500,-94.820400,22,316 S Pine Street  MO US
6349895687,2017-11-02 16:50,https://kansascity.craigslist.org/apa/d/start-getting-cozy-at/6349895687.html,"Start Getting Cozy at Sheridan Crossings, Ready for Winter!",699,Olathe,2,900,1,38.886500,-94.820400,22,316 S Pine Street  MO US
6352872600,2017-11-02 16:49,https://kansascity.craigslist.org/apa/d/no-rush-move-in-this-fall/6352872600.html,"No Rush, move in this FALL Sheridan Crossings",599,Olathe,1,650,1,38.886500,-94.820400,22,316 S Pine Street  MO US
6371304669,2017-11-02 16:49,https://kansascity.craigslist.org/apa/d/great-place-great-price-79/6371304669.html,"GREAT PLACE, GREAT PRICE! 79 METCALF IN DOWTOWN OP!",920,,2,824,1,38.992800,-94.677100,22,7843 Riley St Shawnee Mission MO US
6371304117,2017-11-02 16:49,https://kansascity.craigslist.org/apa/d/down-town-views-with-one/6371304117.html,Down Town Views with One Month Free!,1285,Union Hill Down Town Crossroads,2,1050,2,39.075179,-94.583838,10,100 E 28th terr Kansas City MO US
6349756256,2017-11-02 16:48,https://kansascity.craigslist.org/apa/d/no-rush-move-in-this-fall/6349756256.html,"No Rush, move in this FALL Sheridan Crossings",699,Olathe,2,900,1,38.886500,-94.820400,22,316 S Pine Street  MO US
6352777036,2017-11-02 16:48,https://kansascity.craigslist.org/apa/d/so-big-you-will-need-gps/6352777036.html,So Big you will need a GPS! Newly renovated!,935,Kansas City,2,1100,1.5,38.932059,-94.608034,10,10841 State Line Road Kansas City MO US
6342228602,2017-11-02 16:48,https://kansascity.craigslist.org/apa/d/no-rush-move-in-this-fall/6342228602.html,"No Rush, move in this FALL Sheridan Crossings",599,Olathe,1,650,1,38.886500,-94.820400,22,316 S Pine Street  MO US
6371303129,2017-11-02 16:48,https://kansascity.craigslist.org/apa/d/79-metcalf-in-the-heart-of/6371303129.html,79 METCALF IN THE HEART OF DOWNTOWN OVERLAND PARK!,860,,2,701,1,38.992800,-94.677100,22,7843 Riley St Shawnee Mission MO US
6344427001,2017-11-02 16:47,https://kansascity.craigslist.org/apa/d/fall-into-your-newly-updated/6344427001.html,"Fall Into Your Newly Updated 2 Bedroom, Sheridan Crossings",699,Olathe,2,900,1,38.886500,-94.820400,22,316 S Pine Street  MO US
6371285974,2017-11-02 16:47,https://kansascity.craigslist.org/apa/d/2-bedrooms-2-baths-pet/6371285974.html,"2 Bedrooms, 2 Baths, Pet Friendly!!",860,Glenhaven,2,0,2,39.165100,-94.525600,22,
6335572533,2017-11-02 16:46,https://kansascity.craigslist.org/apa/d/sheridan-crossings-now/6335572533.html,Sheridan Crossings NOW LEASING!! STOP BY TODAY!,599,Olathe,1,0,1,38.886500,-94.820400,22,316 S Pine Street  MO US
6362089825,2017-11-02 16:46,https://kansascity.craigslist.org/apa/d/executive-home-in-blue-valley/6362089825.html,Executive Home in Blue Valley School District,2800,Overland Park,6,0,4.5,38.874079,-94.741566,5,13409 W. 140th Street at Pflumm Overland Park MO US
6361871712,2017-11-02 16:46,https://kansascity.craigslist.org/apa/d/beautiful-cul-da-sac/6361871712.html,Beautiful Cul-da-sac Executive Home in Blue Valley School District,2800,Overland Park,6,3500,4.5,38.874054,-94.741652,5,13409 W 140th Street at Pflumm Overland Park MO US
6371300831,2017-11-02 16:46,https://kansascity.craigslist.org/apa/d/available-for-move-in-now-2/6371300831.html,Available For Move In Now!  2 Bedroom/2 Bath Apartment Only $865!,865,Lenexa,2,1000,2,38.970366,-94.742284,20,Pflumm Ct. at 87th Street Lenexa MO US
6335576458,2017-11-02 16:46,https://kansascity.craigslist.org/apa/d/prrrfect-home-for-your-pet-in/6335576458.html,"Prrrfect home for your pet in Olathe, KS Sheridan Crossings",699,Olathe,2,0,1,38.886500,-94.820400,22,316 S Pine Street  MO US
6335580751,2017-11-02 16:44,https://kansascity.craigslist.org/apa/d/1-and-2-bedrooms-coming/6335580751.html,1 and 2 Bedrooms coming available in November ! Sheridan Village,599,Olathe,1,0,1,38.886500,-94.820400,22,316 S Pine Street  MO US
6371288046,2017-11-02 16:44,https://kansascity.craigslist.org/apa/d/200-dollar-look-and-lease-at/6371288046.html,200 DOLLAR LOOK AND LEASE AT 79 METCALF!,1040,,2,990,1,38.992800,-94.677100,22,7843 Riley St Shawnee Mission MO US
6371297790,2017-11-02 16:44,https://kansascity.craigslist.org/apa/d/gated-2-br-15-bath-condo/6371297790.html,"GATED 2 BR, 1.5 BATH CONDO, BLACK APPLIANCES, IN-SUITE W/D, PARKING",1025,West Plaza,2,1000,1.5,39.053779,-94.598187,10,4143 Roanoke Road Kansas City MO US
6333914444,2017-11-02 16:44,https://kansascity.craigslist.org/apa/d/sheridan-crossings-now/6333914444.html,Sheridan Crossings NOW LEASING!! STOP BY TODAY!,599,Olathe,1,0,1,38.886500,-94.820400,22,316 S Pine Street  MO US
6349623836,2017-11-02 16:43,https://kansascity.craigslist.org/apa/d/1-bedroom-apartment-home-just/6349623836.html,1 Bedroom Apartment Home! Just in Time for Winter!,710,Overland Park,1,940,1,38.956800,-94.683200,22,
6335573064,2017-11-02 16:43,https://kansascity.craigslist.org/apa/d/great-price-great-space-come/6335573064.html,Great price great space! Come Check Us Out! Sheridan Crossings,599,Olathe,1,0,1,38.886500,-94.820400,22,316 S Pine Street  MO US
6371275176,2017-11-02 16:42,https://kansascity.craigslist.org/apa/d/3-bedroom-duplex-2-baths/6371275176.html,"3 Bedroom Duplex, 2 Baths, Garage",925,North Congress Ave. and NW Barry Rd.,3,0,2,39.217600,-94.723800,22,
6371294001,2017-11-02 16:41,https://kansascity.craigslist.org/apa/d/step-right-up-you-wanna-be/6371294001.html,"Step Right Up, You Wanna Be The Next Resident @ Retreat at Mill Creek",715,Lenexa,1,900,1,38.970366,-94.742284,20,Pflumm Ct. at 87th Street Lenexa MO US
6333889984,2017-11-02 16:40,https://kansascity.craigslist.org/apa/d/now-leasing-at-sheridan/6333889984.html,NOW LEASING at Sheridan Crossings!,599,Olathe,1,0,1,38.886500,-94.820400,22,316 S Pine Street  MO US
6333947316,2017-11-02 16:39,https://kansascity.craigslist.org/apa/d/newly-renovated-sheridan/6333947316.html,NEWLY RENOVATED Sheridan Crossings!,699,Olathe,2,0,1,38.886500,-94.820400,22,316 S Pine Street  MO US
6358104955,2017-11-02 16:38,https://kansascity.craigslist.org/apa/d/3bd-2-5bath-single-house/6358104955.html,"♛3bd 2/5bath single house, prime location of kansas city, MO♛",399,,0,0,,,,,
6333913701,2017-11-02 16:38,https://kansascity.craigslist.org/apa/d/sheridan-crossings-now-leasing/6333913701.html,Sheridan Crossings NOW LEASING!!,709,Olathe,2,0,1,38.886500,-94.820400,22,316 S Pine Street  MO US
6336940320,2017-11-02 16:37,https://kansascity.craigslist.org/apa/d/sheridan-crossings-now-leasing/6336940320.html,Sheridan Crossings NOW LEASING!!,599,Olathe,1,0,1,38.886500,-94.820400,22,316 S Pine Street  MO US
6371289625,2017-11-02 16:37,https://kansascity.craigslist.org/apa/d/2bd-1ba-apartment-unit-close/6371289625.html,2BD/1Ba apartment unit close to Legend for lease,650,1900 N 77th St,2,700,1,39.126720,-94.758206,7,
6333957444,2017-11-02 16:37,https://kansascity.craigslist.org/apa/d/come-check-us-out-sheridan/6333957444.html,Come check us out! Sheridan Crossings,699,Olathe,2,0,1,38.886500,-94.820400,22,316 S Pine Street  MO US
6349648216,2017-11-02 16:37,https://kansascity.craigslist.org/apa/d/one-bedroom-perfect-price/6349648216.html,One Bedroom! Perfect Price! Awesome Location! Coming Soon...,710,Overland Park,1,940,1,38.956800,-94.683200,22,
6371288511,2017-11-02 16:36,https://kansascity.craigslist.org/apa/d/get-up-to-550-off-move-in/6371288511.html,Get Up To $550 Off Move-In Charges If You Move-In By 11/11!!!!,845,The Retreat at Woodridge,2,881,2,38.971087,-94.742292,15,West 87th Street at Pflumm Road Lenexa MO US
6360699335,2017-11-02 16:36,https://kansascity.craigslist.org/apa/d/cozy-1-bedroom-apartment/6360699335.html,Cozy 1 Bedroom Apartment Coming Soon!,710,Overland Park,1,940,1,38.956800,-94.683200,22,
6361646210,2017-11-02 16:36,https://kansascity.craigslist.org/apa/d/20-deposit-no-app-fee-and/6361646210.html,$20 DEPOSIT NO APP FEE AND OTHER GREAT SPECIAL ON THE TOWNHOMES,945,N. KANSAS CITY,2,0,2.5,39.213300,-94.574300,22,1917 N.E. 49TH ST KANSAS CITY MO US
6368141030,2017-11-02 16:36,https://kansascity.craigslist.org/apa/d/freaky-move-in-specials-all/6368141030.html,FREAKY MOVE IN SPECIALS ALL DAY TODAY ONLY,945,N. KANSAS CITY,2,0,2.5,39.213300,-94.574300,22,1917 N.E. 49TH ST KANSAS CITY MO US
6368130877,2017-11-02 16:35,https://kansascity.craigslist.org/apa/d/freaky-move-in-specials-all/6368130877.html,FREAKY MOVE IN SPECIALS ALL DAY TODAY ONLY,945,N. KANSAS CITY,2,0,2.5,39.213300,-94.574300,22,1917 N.E. 49TH ST KANSAS CITY MO US
6368136806,2017-11-02 16:35,https://kansascity.craigslist.org/apa/d/halloween-move-in-deals-200/6368136806.html,HALLOWEEN MOVE IN DEALS $200 OFF FIRST MONTH RENT,945,N. KANSAS CITY,2,0,2.5,39.213300,-94.574300,22,1917 N.E. 49TH ST KANSAS CITY MO US
6363524156,2017-11-02 16:35,https://kansascity.craigslist.org/apa/d/beat-the-cold-warm-up-in-your/6363524156.html,"Beat the Cold, Warm up in your New Home  !!!",595,Kansas City/Raytown Line,1,780,1,38.952800,-94.470500,22,85th Terr at Blue Ridge kansas city MO US
6368711681,2017-11-02 16:35,https://kansascity.craigslist.org/apa/d/hardwoods-patio-google/6368711681.html,Hardwoods! Patio! Google! Storage space!,850,Kansas City,1,850,1,39.046184,-94.599676,10,1116 W. 45th St. Kansas City MO US
6368149102,2017-11-02 16:35,https://kansascity.craigslist.org/apa/d/freaky-move-in-specials-all/6368149102.html,FREAKY MOVE IN SPECIALS ALL DAY TODAY ONLY,945,N. KANSAS CITY,2,0,2.5,39.213300,-94.574300,22,1917 N.E. 49TH ST KANSAS CITY MO US
6368146589,2017-11-02 16:35,https://kansascity.craigslist.org/apa/d/fall-into-our-special-on-2/6368146589.html,FALL INTO OUR SPECIAL ON 2 BEDROOM TOWNHOMES WITH FULL SIZE BASEMENT,945,N. KANSAS CITY,2,0,2.5,39.213300,-94.574300,22,1917 N.E. 49TH ST KANSAS CITY MO US
6368155953,2017-11-02 16:35,https://kansascity.craigslist.org/apa/d/freaky-move-in-specials-all/6368155953.html,FREAKY MOVE IN SPECIALS ALL DAY TODAY ONLY,945,N. KANSAS CITY,2,0,2.5,39.213300,-94.574300,22,1917 N.E. 49TH ST KANSAS CITY MO US
6368158629,2017-11-02 16:34,https://kansascity.craigslist.org/apa/d/fall-into-our-special-on-2/6368158629.html,FALL INTO OUR SPECIAL ON 2 BEDROOM TOWNHOMES WITH FULL SIZE BASEMENT,945,N. KANSAS CITY,2,0,2.5,39.213300,-94.574300,22,1917 N.E. 49TH ST KANSAS CITY MO US
6368151884,2017-11-02 16:34,https://kansascity.craigslist.org/apa/d/200-off-first-month-on-2bed/6368151884.html,$200 OFF FIRST MONTH ON A 2BED 2.5 BATH TOWNHOUSE WITH BASEMENT,945,N. KANSAS CITY,2,0,2.5,39.213300,-94.574300,22,1917 N.E. 49TH ST KANSAS CITY MO US
6368168500,2017-11-02 16:34,https://kansascity.craigslist.org/apa/d/freaky-move-in-specials-all/6368168500.html,FREAKY MOVE IN SPECIALS ALL DAY TODAY ONLY,945,N. KANSAS CITY,2,0,2.5,39.213300,-94.574300,22,1917 N.E. 49TH ST KANSAS CITY MO US
6368171902,2017-11-02 16:34,https://kansascity.craigslist.org/apa/d/200-off-first-month-on-2bed/6368171902.html,$200 OFF FIRST MONTH ON A 2BED 2.5 BATH TOWNHOUSE WITH BASEMENT,945,N. KANSAS CITY,2,0,2.5,39.213300,-94.574300,22,1917 N.E. 49TH ST KANSAS CITY MO US
6368174328,2017-11-02 16:34,https://kansascity.craigslist.org/apa/d/freaky-move-in-specials-all/6368174328.html,FREAKY MOVE IN SPECIALS ALL DAY TODAY ONLY,945,N. KANSAS CITY,2,0,2.5,39.213300,-94.574300,22,1917 N.E. 49TH ST KANSAS CITY MO US
6368176680,2017-11-02 16:34,https://kansascity.craigslist.org/apa/d/halloween-move-in-deals-200/6368176680.html,HALLOWEEN MOVE IN DEALS $200 OFF FIRST MONTH RENT,945,N. KANSAS CITY,2,0,2.5,39.213300,-94.574300,22,1917 N.E. 49TH ST KANSAS CITY MO US
6371284157,2017-11-02 16:33,https://kansascity.craigslist.org/apa/d/these-oaks-arent-jokes-move/6371284157.html,These Oaks Arent Jokes! Move-In By 11/11 And Get Up To $550 Off!!!,845,The Retreat at Woodridge,2,881,2,38.971087,-94.742292,15,West 87th Street at Pflumm Road Lenexa MO US
6371262524,2017-11-02 16:33,https://kansascity.craigslist.org/apa/d/low-low-weekly-rates/6371262524.html,Low Low weekly Rates,220,,0,0,,38.816100,-94.532800,22,107 County Line Rd Belton MO US
6371259883,2017-11-02 16:33,https://kansascity.craigslist.org/apa/d/fantastic-daily-and-weekly/6371259883.html,Fantastic Daily and Weekly Rates! Belton,220,,0,0,,38.816100,-94.532800,22,107 County Line Rd Belton MO US
6368690001,2017-11-02 16:33,https://kansascity.craigslist.org/apa/d/vintage-condo-in-west-plaza/6368690001.html,"Vintage Condo in West Plaza! 2bd/1bth, 2nd floor, Hardwoods.",1050,Kansas City,2,950,1,39.045662,-94.600162,10,4513 Roanoke Pkwy. Kansas City MO US
6360741630,2017-11-02 16:33,https://kansascity.craigslist.org/apa/d/antioch-crossing-is-the-place/6360741630.html,Antioch Crossing is the place to be!,710,Overland Park,1,940,1,38.956800,-94.683200,22,
6371283075,2017-11-02 16:32,https://kansascity.craigslist.org/apa/d/1-bedroom-with-two-walk-in/6371283075.html,1 Bedroom with Two Walk in Closets,1262,,1,883,1,38.957500,-94.645200,22,
6335620910,2017-11-02 16:32,https://kansascity.craigslist.org/apa/d/lovely-1665-sqft-level-for-3/6335620910.html,Lovely 1665 sqft level for 3 Bedrooms Apartment,550,Kansas City House Rent Appartment,3,1665,2.5,39.066300,-94.567400,22,
6368690001,2017-11-02 16:33,https://kansascity.craigslist.org/apa/d/vintage-condo-in-west-plaza/6368690001.html,"Vintage Condo in West Plaza! 2bd/1bth, 2nd floor, Hardwoods.",1050,Kansas City,2,950,1,39.045662,-94.600162,10,4513 Roanoke Pkwy. Kansas City MO US
6360741630,2017-11-02 16:33,https://kansascity.craigslist.org/apa/d/antioch-crossing-is-the-place/6360741630.html,Antioch Crossing is the place to be!,710,Overland Park,1,940,1,38.956800,-94.683200,22,
6371283075,2017-11-02 16:32,https://kansascity.craigslist.org/apa/d/1-bedroom-with-two-walk-in/6371283075.html,1 Bedroom with Two Walk in Closets,1262,,1,883,1,38.957500,-94.645200,22,
6335620910,2017-11-02 16:32,https://kansascity.craigslist.org/apa/d/lovely-1665-sqft-level-for-3/6335620910.html,Lovely 1665 sqft level for 3 Bedrooms Apartment,550,Kansas City House Rent Appartment,3,1665,2.5,39.066300,-94.567400,22,
6364847990,2017-11-02 16:32,https://kansascity.craigslist.org/apa/d/charming-2-bedroom-den/6364847990.html,Charming 2 Bedroom w/ Den,945,,2,1300,2,39.249171,-94.644170,5,5417 nw 85th street kansas city MO US
6364857097,2017-11-02 16:32,https://kansascity.craigslist.org/apa/d/charming-2-bedroom-den/6364857097.html,Charming 2 Bedroom w/ Den,945,,2,1300,2,39.249204,-94.644170,5,5417 NW 85TH STREET KANSAS CITY MO US
6364879909,2017-11-02 16:32,https://kansascity.craigslist.org/apa/d/spacious-2-bed-2-bath-with/6364879909.html,SPACIOUS 2 BED 2 BATH WITH COZY FIREPLACE - A MUST SEE!!,945,,2,1300,2,39.249188,-94.644170,5,5417 NW 85TH STREET KANSAS CITY MO US
6346098397,2017-11-02 16:32,https://kansascity.craigslist.org/apa/d/beautiful-2-bedroom-with-den/6346098397.html,Beautiful 2 bedroom with den - Check out our fall move-in specials!,945,,2,1300,2,39.249221,-94.644191,5,5417 nw 85th street kansas city MO US
6371281956,2017-11-02 16:32,https://kansascity.craigslist.org/apa/d/coffee-bar-executive/6371281956.html,"Coffee Bar, Executive / Corporate Housing, Lighted Tennis Court",879,Kansas City,2,1002,2,38.921513,-94.587641,10,655 E. Minor Dr. Kansas City MO US
6371272832,2017-11-02 16:31,https://kansascity.craigslist.org/apa/d/home-sweet-home-at-79-metcalf/6371272832.html,Home Sweet Home at 79 Metcalf in Dowtown OP!,930,,2,903,1,38.992800,-94.677100,22,7843 Riley St Shawnee Mission MO US
6371280771,2017-11-02 16:31,https://kansascity.craigslist.org/apa/d/literally-get-hundreds-off/6371280771.html,Literally Get Hundreds Off Move-In Charges If You Move-In By 11/11!,845,The Retreat at Woodridge,2,881,2,38.971087,-94.742292,15,West 87th Street at Pflumm Road Lenexa MO US
6371261005,2017-11-02 16:30,https://kansascity.craigslist.org/apa/d/wanting-room-tonight-nightly/6371261005.html,Wanting a Room Tonight? Nightly and Weekly Rates,220,,0,0,,38.816100,-94.532800,22,107 County Line Rd Belton MO US
6371279043,2017-11-02 16:29,https://kansascity.craigslist.org/apa/d/24-hour-gym-two-dog-parks/6371279043.html,"24 Hour Gym, Two Dog Parks, Carport Included, W/D Included",1111,"Lenexa, KS",2,960,2,38.955300,-94.779900,22,9001 Renner Blvd Shawnee Mission MO US
6353890172,2017-11-02 16:29,https://kansascity.craigslist.org/apa/d/680-all-electric-2-brm-apt/6353890172.html,$680 ALL ELECTRIC 2 BRM APT W/ BRAND NEW APPLIANCES!!,680,Kansas City,2,950,1,38.909919,-94.512019,10,11803 Holiday Drive Kansas City MO US
6371277754,2017-11-02 16:28,https://kansascity.craigslist.org/apa/d/apply-online-and-move-in-by/6371277754.html,Apply Online And Move In By This Saturday And Get $550 Off!,725,The Retreat at Woodridge,1,613,1,38.971087,-94.742292,15,West 87th Street at Pflumm Road Lenexa MO US
6371277475,2017-11-02 16:28,https://kansascity.craigslist.org/apa/d/fall-specials-at-79-metcalf/6371277475.html,FALL SPECIALS AT 79 METCALF! ONE MONTH FREE!,940,,2,937,1,38.992800,-94.677100,22,7843 Riley St Shawnee Mission MO US
6371276150,2017-11-02 16:27,https://kansascity.craigslist.org/apa/d/beautiful-spacious-and/6371276150.html,"Beautiful, Spacious, and Affordable! 79 Metcalf in Downtown OP!",920,,2,824,1,38.992800,-94.677100,22,7843 Riley St Shawnee Mission MO US
6371260445,2017-11-02 16:27,https://kansascity.craigslist.org/apa/d/needing-place-today/6371260445.html,Needing A Place Today?,220,,0,0,,38.816100,-94.532800,22,107 County Line Rd Belton MO US
6371274958,2017-11-02 16:26,https://kansascity.craigslist.org/apa/d/free-fitness-classes-spacious/6371274958.html,"FREE Fitness Classes, Spacious Closets, Lighted Tennis Court",969,Kansas City,2,1070,2,,,,
6371274246,2017-11-02 16:26,https://kansascity.craigslist.org/apa/d/the-perfect-pair-79-metcalf/6371274246.html,"The Perfect Pair, 79 Metcalf and You!",930,,2,903,1,38.992800,-94.677100,22,7843 Riley St Shawnee Mission MO US
6357293591,2017-11-02 16:25,https://kansascity.craigslist.org/apa/d/one-free-month/6357293591.html,ONE FREE MONTH,730,,3,1200,2,39.217600,-94.723800,22,
6371263493,2017-11-02 16:25,https://kansascity.craigslist.org/apa/d/come-out-of-the-cold-rooms/6371263493.html,Come Out Of The Cold!  Rooms For Nightly Or Weekly Stays! Belton,220,,0,0,,38.816100,-94.532800,22,107 County Line Rd Belton MO US
6368606149,2017-11-02 16:25,https://kansascity.craigslist.org/apa/d/535-1-br-unit-lenexa-stylish/6368606149.html,"$535 1 BR Unit Lenexa - STYLISH KITCHEN, NEW PAINT!!",535,Lenexa KS,1,0,1,,,,
6353877364,2017-11-02 16:25,https://kansascity.craigslist.org/apa/d/1-bedroom-ready-for-move-in/6353877364.html,1 Bedroom Ready for Move in TODAY! Ask about Specials,540,Kansas City,1,800,1,38.909919,-94.512019,10,11803 Holiday Drive Kansas City MO US
6371271788,2017-11-02 16:24,https://kansascity.craigslist.org/apa/d/2-bedrooms-2-baths/6371271788.html,"2 Bedrooms, 2 Baths",775,North Oak Trafficway and NW 64th St.,2,0,2,39.213300,-94.574300,22,
6356356208,2017-11-02 16:24,https://kansascity.craigslist.org/apa/d/3-bedroom-house-in-the/6356356208.html,3 bedroom house in the historic northeast,550,kansas city,3,996,1,39.102415,-94.510294,10,6113 east 8th street at belmont ave kansas city MO US
6340430989,2017-11-02 16:24,https://kansascity.craigslist.org/apa/d/dont-miss-out-schedule-tour/6340430989.html,Don't Miss Out!!! Schedule a Tour Today!!!,800,,3,0,2,39.316209,-94.937573,10,1418 Cherokee St Leavenworth MO US
6371271051,2017-11-02 16:24,https://kansascity.craigslist.org/apa/d/the-sooner-you-move-the-more/6371271051.html,"The sooner you move, the more you'll save!",1100,Northland Passage,2,0,2,39.209246,-94.634600,5,
6371270974,2017-11-02 16:23,https://kansascity.craigslist.org/apa/d/great-place-great-price-79/6371270974.html,"GREAT PLACE, GREAT PRICE! 79 METCALF IN DOWTOWN OP!",860,Overland Park,1,701,1,38.992800,-94.677100,22,7843 Riley St Shawnee Mission MO US
6371270933,2017-11-02 16:23,https://kansascity.craigslist.org/apa/d/the-right-place-the-right/6371270933.html,"The right PLACE, the right SPACE, the right PRICE",1025,Midtown,2,766,1,39.062972,-94.574896,5,801 E. Armour Boulevard Kansas City MO US
6341753204,2017-11-02 16:23,https://kansascity.craigslist.org/apa/d/dont-miss-out-schedule-tour/6341753204.html,Don't Miss Out!!! Schedule a Tour Today!!!,800,,3,0,2,39.316209,-94.937573,10,1418 Cherokee St. Leavenworth MO US
6341758784,2017-11-02 16:23,https://kansascity.craigslist.org/apa/d/just-in-time-for-fall/6341758784.html,Just In Time For Fall!!!,800,,3,0,2,39.316209,-94.937573,10,1418 Cherokee St. Leavenworth MO US
6334022629,2017-11-02 16:22,https://kansascity.craigslist.org/apa/d/just-in-time-for-fall/6334022629.html,Just In Time For Fall!!!,800,,3,0,2,39.316209,-94.937573,10,1418 Cherokee St Leavenworth MO US
6371267518,2017-11-02 16:21,https://kansascity.craigslist.org/apa/d/new-month-new-special/6371267518.html,"New month, new special!",990,Northland Passage,2,0,2,39.209113,-94.634042,5,
6351012820,2017-11-02 16:21,https://kansascity.craigslist.org/apa/d/just-in-time-for-fall/6351012820.html,Just In Time For Fall!!!,935,,2,0,1,39.143107,-94.719091,10,6016 Leavenworth Road Kansas City MO US
6332513561,2017-11-02 16:20,https://kansascity.craigslist.org/apa/d/one-month-of-free-rent-all/6332513561.html,One Month of Free Rent! All electric 2 bedroom apartment!,630,Kansas City,2,950,1,38.909919,-94.512019,10,11803 Holiday Drive Kansas City MO US
6368083309,2017-11-02 16:20,https://kansascity.craigslist.org/apa/d/spacious-apartments-move-in/6368083309.html,SPACIOUS APARTMENTS -  MOVE IN TODAY!,935,,2,0,1,39.143107,-94.719091,10,6016 Leavenworth Road Kansas City MO US
6334029000,2017-11-02 16:19,https://kansascity.craigslist.org/apa/d/spaciuos-floor-plans/6334029000.html,Spaciuos Floor Plans!!!,935,,2,0,1,39.143107,-94.719091,10,6016 Leavenworth Road Kansas City MO US
6368070962,2017-11-02 16:19,https://kansascity.craigslist.org/apa/d/pet-friendly-tour-today/6368070962.html,"Pet Friendly, Tour Today!!",840,,1,0,2,39.143107,-94.719091,10,6016 Leavenworth Road Kansas City MO US
6371264333,2017-11-02 16:19,https://kansascity.craigslist.org/apa/d/lighted-tennis-court-private/6371264333.html,"Lighted Tennis Court, Private Storage Closet, Dry Sauna, Hot Tub",691,,1,704,1,38.966107,-94.510807,10,8803 Newton Ave Kansas City MO US
6368087421,2017-11-02 16:18,https://kansascity.craigslist.org/apa/d/just-in-time-for-fall/6368087421.html,Just In Time For Fall!!!,725,,1,0,1,39.143107,-94.719091,10,6016 Leavenworth Road Kansas City MO US
6371263626,2017-11-02 16:18,https://kansascity.craigslist.org/apa/d/thankful-for-new-specials/6371263626.html,Thankful for NEW SPECIALS!!,700,Northland Passage,1,0,1,39.208980,-94.634686,5,
6368093584,2017-11-02 16:18,https://kansascity.craigslist.org/apa/d/prelease-this-lovely-home/6368093584.html,PreLease This Lovely home Today!!!,725,,1,0,1,39.143107,-94.719091,10,6016 Leavenworth Road Kansas City MO US
6371263029,2017-11-02 16:18,https://kansascity.craigslist.org/apa/d/you-need-pine-weve-got-one/6371263029.html,You Need A Pine! We've Got One For You! Apply! Could Get $550 Off!,725,The Retreat at Woodridge,1,613,1,38.971087,-94.742292,15,West 87th Street at Pflumm Road Lenexa MO US
6371262849,2017-11-02 16:18,https://kansascity.craigslist.org/apa/d/raytown-1-bd-townhouse-new/6371262849.html,"Raytown 1 bd townhouse, new paint, carpet.Great closets! Parking!",625,Raytown,1,800,1,39.008488,-94.459671,10,6319 Ash Ave. Raytown MO US
6368097957,2017-11-02 16:17,https://kansascity.craigslist.org/apa/d/cozy-2-bedroom-1-bath/6368097957.html,Cozy 2 Bedroom/ 1 Bath Available NOW!!!,935,,2,0,1,39.143107,-94.719091,10,6016 Leavenworth Road Kansas City MO US
6368103433,2017-11-02 16:17,https://kansascity.craigslist.org/apa/d/dont-miss-out-schedule-tour/6368103433.html,Don't Miss Out!!! Schedule a Tour Today!!!,935,,2,0,1,39.143107,-94.719091,10,6016 Leavenworth Road Kansas City MO US
6333888439,2017-11-02 16:16,https://kansascity.craigslist.org/apa/d/fall-into-your-newly-updated/6333888439.html,"Fall Into Your Newly Updated 2 Bedroom, Sheridan Crossings",699,Olathe,2,0,1,38.886500,-94.820400,22,316 S Pine Street  MO US
6371260122,2017-11-02 16:15,https://kansascity.craigslist.org/apa/d/move-in-within-7-days-of/6371260122.html,Move-In Within 7 Days Of Applying & You Could Get Up To $550 Off!!,725,The Retreat at Woodridge,1,613,1,38.971087,-94.742292,15,West 87th Street at Pflumm Road Lenexa MO US
6332608336,2017-11-02 16:15,https://kansascity.craigslist.org/apa/d/no-rush-move-in-this-fall/6332608336.html,"No Rush, move in this FALL Sheridan Crossings",699,Olathe,2,0,1,38.886500,-94.820400,22,316 S Pine Street  MO US
6371259387,2017-11-02 16:15,https://kansascity.craigslist.org/apa/d/dvd-library-woodburning/6371259387.html,"DVD Library, Woodburning Fireplace, Fitness Center, Dog Park",620,Independence,1,549,1,39.054644,-94.387168,20,2905 S Lees Summit Rd Independence MO US
6346283591,2017-11-02 16:14,https://kansascity.craigslist.org/apa/d/now-leasing-sheridan-crossings/6346283591.html,NOW LEASING SHERIDAN CROSSINGS,599,Olathe,1,650,1,38.886500,-94.820400,22,316 S Pine Street Olathe MO US
6368643847,2017-11-02 16:13,https://kansascity.craigslist.org/apa/d/plaza-club-is-the-place-to-be/6368643847.html,Plaza Club is the Place to Be!,1340,Country Club Plaza,2,845,1,39.042916,-94.594629,10,4621 Jefferson Street Kansas City MO US
6371255609,2017-11-02 16:12,https://kansascity.craigslist.org/apa/d/3br-2ba-24hr-access-fitness/6371255609.html,3br 2ba - 24hr Access Fitness Center,1329,Lee's Summit,0,0,,38.995300,-94.365200,22,3460 NE Akin Blvd LEES SUMMIT MO US
6368685403,2017-11-02 16:12,https://kansascity.craigslist.org/apa/d/scare-rent-away-with-one/6368685403.html,Scare Rent Away with One Month Free!,1060,Country Club Plaza,1,625,1,39.043020,-94.594377,5,4621 Jefferson Steet Kansas City MO US
6371254548,2017-11-02 16:11,https://kansascity.craigslist.org/apa/d/balcony-deck-or-patio-ceiling/6371254548.html,"Balcony, Deck or Patio, Ceiling Fans, Self Cleaning oven, Dishwashers",1159,Lee's Summit,0,0,,38.995300,-94.365200,22,3460 NE Akin Blvd LEES SUMMIT MO US
6371253290,2017-11-02 16:10,https://kansascity.craigslist.org/apa/d/move-in-special-885/6371253290.html,MOVE IN SPECIAL - $885,885,Lee's Summit,0,0,,38.995300,-94.365200,22,3460 NE Akin Blvd Lee's Summit MO US
6371162141,2017-11-02 16:10,https://kansascity.craigslist.org/apa/d/great-area-and-schools/6371162141.html,GREAT AREA AND SCHOOLS,1100,"OLATHE, KS.",3,0,2,,,,
6371252650,2017-11-02 16:10,https://kansascity.craigslist.org/apa/d/3-bedrooms-for-the-price-of-2/6371252650.html,3 Bedrooms for the Price of 2!,1309,"Prairie Village, KS",3,1498,2,,,,
6371091465,2017-11-02 16:10,https://kansascity.craigslist.org/apa/d/must-see-good-3-4-bedroom/6371091465.html,▧ *must See*! Good 3-4 Bedroom House! for Rent. Large Balcony! ▧,400,kansascity,3,0,2,39.102400,-94.598600,22,
6371249496,2017-11-02 16:08,https://kansascity.craigslist.org/apa/d/studio-apartment/6371249496.html,"Studio, Apartment 216, $835",835,Midtown,0,411,1,39.064771,-94.585632,5,3435 Main St Kansas City MO US
6339680725,2017-11-02 16:06,https://kansascity.craigslist.org/apa/d/cheap-rooms-to-rent-in-blue/6339680725.html,CHEAP ROOMS TO RENT IN BLUE SPRINGS!,220,,0,0,,39.035423,-94.303175,10,3300 NW Jefferson Rd Blue Springs MO US
6333218218,2017-11-02 16:06,https://kansascity.craigslist.org/apa/d/come-get-you-room-for-week-or/6333218218.html,COME GET YOU A ROOM FOR A WEEK OR A NIGHT!,220,,0,0,,39.015000,-94.311800,22,3300 NW Jefferson St Blue Springs MO US
6334558270,2017-11-02 16:06,https://kansascity.craigslist.org/apa/d/get-you-room-at-the-welcome/6334558270.html,GET YOU A ROOM AT THE WELCOME INN,220,,0,0,,39.027178,-94.243171,10,3300 NE Jefferson St Blue Springs MO US
6345331470,2017-11-02 16:06,https://kansascity.craigslist.org/apa/d/need-break-from-driving-come/6345331470.html,"NEED A BREAK FROM DRIVING, COME STAY WITH US",220,,0,0,,39.015000,-94.311800,22,3300 NW Jefferson St Blue Springs MO US
6371246321,2017-11-02 16:05,https://kansascity.craigslist.org/apa/d/1233-sq-ft-2-bed-2-bath-with/6371246321.html,"1,233 Sq. Ft. 2 bed 2 bath with new carpet!",1316,"Prairie Village, KS",2,1233,2,,,,
6371246122,2017-11-02 16:05,https://kansascity.craigslist.org/apa/d/new-carpet-and-flooring/6371246122.html,NEW CARPET AND FLOORING!,1294,"Prairie Village, KS",2,1245,2,,,,
6346364848,2017-11-02 16:05,https://kansascity.craigslist.org/apa/d/come-get-you-room-for-week-or/6346364848.html,COME GET YOU A ROOM FOR A WEEK OR A NIGHT!,220,,0,0,,39.015000,-94.311800,22,3300 NW Jefferson St Blue Springs MO US
6334551147,2017-11-02 16:04,https://kansascity.craigslist.org/apa/d/how-about-nice-clean-room-to/6334551147.html,HOW ABOUT A NICE CLEAN ROOM TO RENT!,220,,0,0,,39.015000,-94.311800,22,3300 NW Jefferson St Blue Springs MO US
6371244633,2017-11-02 16:04,https://kansascity.craigslist.org/apa/d/3-bed-2-bath-house-garage/6371244633.html,"3 bed, 2 bath house W/ Garage parking, fenced yard,washer dryer includ",1575,95th & Nall,3,0,2,,,,
6371244248,2017-11-02 16:04,https://kansascity.craigslist.org/apa/d/gorgeous-apartments-in/6371244248.html,GORGEOUS APARTMENTS IN DOWNTOWN O.P.!!,930,,2,903,1,38.992800,-94.677100,22,7843 Riley St Shawnee Mission MO US
6334555321,2017-11-02 16:04,https://kansascity.craigslist.org/apa/d/weekly-rates/6334555321.html,Weekly rates,220,,0,0,,39.015000,-94.311800,22,3300 NW Jefferson St Blue Springs MO US
6350460926,2017-11-02 16:04,https://kansascity.craigslist.org/apa/d/you-got-to-get-room-from/6350460926.html,YOU GOT TO GET A ROOM FROM WELCOME INN! ✋,220,,0,0,,39.015000,-94.311800,22,3300 NW Jefferson St Blue Springs MO US
6371242344,2017-11-02 16:03,https://kansascity.craigslist.org/apa/d/79-metcalf-in-the-heart-of/6371242344.html,79 METCALF IN THE HEART OF DOWNTOWN OVERLAND PARK!,920,,2,824,1,38.992800,-94.677100,22,7843 Riley St Shawnee Mission MO US
6350464432,2017-11-02 16:02,https://kansascity.craigslist.org/apa/d/need-break-from-driving-come/6350464432.html,"NEED A BREAK FROM DRIVING, COME STAY WITH US",220,,0,0,,39.015000,-94.311800,22,3300 NW Jefferson St Blue Springs MO US
6345328603,2017-11-02 16:01,https://kansascity.craigslist.org/apa/d/come-rent-room-for-week/6345328603.html,COME RENT A ROOM FOR A WEEK,220,,0,0,,39.015000,-94.311800,22,3300 NW Jefferson St Blue Springs MO US
6371240433,2017-11-02 16:01,https://kansascity.craigslist.org/apa/d/clean-1-2-bed-apartments-on/6371240433.html,"Clean, 1/2 bed Apartment(s), on square",650,"Independence, MO.",2,0,1,39.089940,-94.418597,10,
6371239922,2017-11-02 16:01,https://kansascity.craigslist.org/apa/d/prairie-village-steal-3-bed/6371239922.html,Prairie Village Steal! 3 bed with basement and fenced yard pets ok!,1495,Off 75th & Mission,3,0,1,,,,
6352622190,2017-11-02 16:01,https://kansascity.craigslist.org/apa/d/large-2-bedroom-on-the-plaza/6352622190.html,Large 2 Bedroom On The Plaza! Free Month Rent!,1265,Country Club Plaza,2,790,1,39.042916,-94.594629,10,4621 Jefferson Street Kansas City MO US
