pid,dt,url,title,price,neighb,beds,sqft,baths,lat,lng,accuracy,address
6371309362,2017-11-02 16:53,https://killeen.craigslist.org/apa/d/theres-no-time-to-waste-two/6371309362.html,***THERES NO TIME TO WASTE - TWO WEEK'S FREE,949,Temple,2,1011,2,31.121587,-97.421436,5,463 Westfield Blvd  TX US
6365759123,2017-11-02 16:51,https://killeen.craigslist.org/apa/d/temple-brick-4br-2ba-2-car/6365759123.html,Temple Brick 4BR 2BA 2-car garage excellent neighborhood,1100,Temple,4,1600,2,,,,
6358039345,2017-11-02 16:51,https://killeen.craigslist.org/apa/d/special-first-3-months-then/6358039345.html,SPECIAL First 3 Months then $640 a month on 1 Years Lease Bills Paid!,540,KILLEEN,2,0,1,31.120398,-97.725227,20,Hall st Killeen TX US
6371295265,2017-11-02 16:51,https://killeen.craigslist.org/apa/d/check-out-this-spacious-two/6371295265.html,Check out this spacious two story home in Bridgewood!,1200,Killeen,3,2700,2.5,31.006500,-97.841000,22,4405 Sydney Harbour Ct. Killeen TX US
6362326069,2017-11-02 16:46,https://killeen.craigslist.org/apa/d/0-deposit-low-rent-for-active/6362326069.html,$0 Deposit & Low Rent for ACTIVE SOLDIERS & SENIORS 55+ on SSI!,385,Killeen,1,0,1,31.119281,-97.721275,10,1015 Hall Ave Killeen TX US
6333989903,2017-11-02 16:45,https://killeen.craigslist.org/apa/d/2-bedroom-walk-in-closets/6333989903.html,* 2 Bedroom | Walk-In Closets | Room to Roam,1009,Killeen,2,1107,2,31.077084,-97.724021,10,3604 South W.S. Young Drive Killeen TX US
6371296662,2017-11-02 16:43,https://killeen.craigslist.org/apa/d/same-day-move-in-close-to/6371296662.html,SAME DAY MOVE IN!! Close to Ft.Hood and Shopping!!!,620,Copperas Cove,1,658,1,31.117036,-97.888863,5,307 Judy Ln Copperas Cove TX US
6343677564,2017-11-02 16:42,https://killeen.craigslist.org/apa/d/0-deposit-low-rent-for-active/6343677564.html,$0 Deposit & Low Rent for ACTIVE SOLDIERS & SENIORS 55+ on SSI!,385,Killeen,1,0,1,31.119281,-97.721275,10,1015 Hall Ave Killeen TX US
6371281359,2017-11-02 16:38,https://killeen.craigslist.org/apa/d/0-deposit-or-income/6371281359.html,$0 Deposit or Income Verification w Paid in Advance Rent in Killeen!,399,Killeen,0,0,,31.117200,-97.665100,22,
6371273202,2017-11-02 16:37,https://killeen.craigslist.org/apa/d/heated-jacuzzi-ceiling-fans/6371273202.html,"Heated Jacuzzi, Ceiling Fans, Barbecue Area with Grills, Bark Park",915,,0,0,,31.062175,-97.362076,22,
6371286804,2017-11-02 16:35,https://killeen.craigslist.org/apa/d/lone-star-realty-2209-wheeler/6371286804.html,Lone Star Realty ~ 2209 Wheeler Ave Unit A ~ 3 bedroom,620,,2,0,2,31.006500,-97.841000,22,
6359599898,2017-11-02 16:34,https://killeen.craigslist.org/apa/d/its-almost-too-much-space/6359599898.html,*It's Almost Too Much Space! Great For Room Mates!,1009,Killeen,2,1107,2,31.077084,-97.724021,10,3604 South W.S. Young Drive Killeen TX US
6333988332,2017-11-02 16:32,https://killeen.craigslist.org/apa/d/falling-leaves-falling-prices/6333988332.html,*Falling Leaves .. Falling Prices! They're Both Happening at Brookside,799,Killeen,1,680,1,31.077343,-97.723882,5,3604 South W.S. Young Drive Killeen TX US
6370803192,2017-11-02 16:24,https://killeen.craigslist.org/apa/d/1-bedroom-available-today/6370803192.html,1 bedroom available today!,794,Killeen,1,638,1,31.037600,-97.680900,22,2801 O W Curry Dr Killeen TX US
6371270649,2017-11-02 16:23,https://killeen.craigslist.org/apa/d/4-bedroom-corporate-all/6371270649.html,4 Bedroom Corporate!! All-Inclusive!,2200,,4,1425,4,31.006500,-97.841000,22,
6371270494,2017-11-02 16:23,https://killeen.craigslist.org/apa/d/affordable-housing-in-quiet/6371270494.html,Affordable Housing In A Quiet Neighborhood,715,Clear Creek Rentals LTD,3,0,2,31.006500,-97.841000,22,
6357460642,2017-11-02 16:22,https://killeen.craigslist.org/apa/d/ready-2812-schwald-rd-now/6357460642.html,ready ~~~***2812 Schwald Rd***~~~ NOW,950,Killeen,3,1430,2,31.138246,-97.689571,0,
6363739617,2017-11-02 16:22,https://killeen.craigslist.org/apa/d/private-owner/6363739617.html,private owner,825,,3,0,1,31.116400,-97.727800,22,
6368491927,2017-11-02 16:22,https://killeen.craigslist.org/apa/d/coming-3013-levy-lane-soon/6368491927.html,**************coming  3013 Levy Lane Soon****************,850,Killeen,3,1095,2,31.083547,-97.728925,22,
6368703455,2017-11-02 16:22,https://killeen.craigslist.org/apa/d/1501-bundrant-dr-unit-1bd/6368703455.html,1501 Bundrant Dr. Unit B 1bd/1bath,375,Killeen,1,575,1,31.116400,-97.727800,22,
6371268658,2017-11-02 16:22,https://killeen.craigslist.org/apa/d/2-bed-2-bath-with-two-weeks/6371268658.html,***2 BED/2 BATH WITH TWO WEEKS FREE IN BELTON ISD!!,949,Temple,0,1011,,31.121293,-97.421265,5,463 Westfield Blvd Temple TX US
6371267852,2017-11-02 16:21,https://killeen.craigslist.org/apa/d/frost-free-refrigerators-with/6371267852.html,"Frost Free Refrigerators with ice makers, Cable Ready, Disposal",959,Killeen,2,0,0,31.077398,-97.723539,5,3604 South W.S. Young Drive Killeen TX US
6371267649,2017-11-02 16:21,https://killeen.craigslist.org/apa/d/now-leasing-come-on-in/6371267649.html,NOW LEASING!!! COME ON IN!!!!,459,Terrace Heights Apartments,0,0,,31.105558,-97.720047,10,1701 Terrace Drive Killeen TX US
6371264464,2017-11-02 16:19,https://killeen.craigslist.org/apa/d/1-bedroom-on-the-first-floor/6371264464.html,1 bedroom on the first floor available!,794,Killeen,1,638,1,31.037600,-97.680900,22,2801 O.W. Curry Killeen TX US
6371263358,2017-11-02 16:18,https://killeen.craigslist.org/apa/d/3-bedroom-on-the-first-floor/6371263358.html,3 bedroom on the first floor available!,1029,Killeen,3,1016,2,31.037600,-97.680900,22,2801 O.W. Curry Killeen TX US
6371233621,2017-11-02 16:15,https://killeen.craigslist.org/apa/d/fall-in-love-with-your-new/6371233621.html,FALL in Love with Your New Home! Reduced floor plans & SPECIALS!!,960,Temple,1,735,1,31.080853,-97.365990,5,2012 S. 31st St. Temple TX US
6371251429,2017-11-02 16:09,https://killeen.craigslist.org/apa/d/fall-in-love-with-these/6371251429.html,Fall in Love with these amazing offers!,639,Killeen,2,0,1.5,31.100084,-97.710297,10,2900 Zephyr Rd Killeen TX US
6371248493,2017-11-02 16:07,https://killeen.craigslist.org/apa/d/4-bedroom-4-bathroom/6371248493.html,4 Bedroom 4 Bathroom Furnished Apartments!,1171,KILLEEN,4,1425,4,31.110738,-97.779405,10,5016 WATERCREST RD KILLEEN TX US
6354059292,2017-11-02 16:04,https://killeen.craigslist.org/apa/d/bluebonnet-estates-we-have/6354059292.html,Bluebonnet Estates - WE HAVE HOMES AVAILABLE NOW!,689,,4,1216,2,31.117661,-97.322506,10,
