pid,dt,url,title,price,neighb,beds,sqft,baths,lat,lng,accuracy,address
6371236108,2017-11-02 16:58,https://knoxville.craigslist.org/apa/d/spacious-apartment-walk-in/6371236108.html,Spacious Apartment ~ Walk-in Closets ~ Ideal for you! ~ CHECK IT OUT!!,1010,Knoxville,2,1439,2.5,,,,
6355413408,2017-11-02 16:56,https://knoxville.craigslist.org/apa/d/cabins-on-nature-preserve/6355413408.html,Cabins on Nature Preserve ($400-$500),400,Rockford,1,0,0,35.846796,-83.940117,7,
6371224338,2017-11-02 16:50,https://knoxville.craigslist.org/apa/d/2-bedroom-2-bath/6371224338.html,2 bedroom 2 bath,1300,Seyierville,2,0,2,35.907892,-83.686337,5,boyds creek at gibson circle seymour TN US
6371222545,2017-11-02 16:48,https://knoxville.craigslist.org/apa/d/how-good-is-this-we-say-very/6371222545.html,How Good Is This ?? We Say Very Good! 2BR Available      #BRI,999,West Knoxville Tn,2,1189,2,35.897487,-84.059502,10,8700 Hopemont Way Knoxville TN US
6371221754,2017-11-02 16:48,https://knoxville.craigslist.org/apa/d/work-out-for-free-everything/6371221754.html,Work out for FREE!!!  Everything you need in one place!  #BRI,999,Bridlewood on Westland,2,1189,2,35.897487,-84.059502,10,8700 Hopemont Way Knoxville TN US
6371219951,2017-11-02 16:46,https://knoxville.craigslist.org/apa/d/renovated-one-bedroom/6371219951.html,Renovated One Bedroom Available November 16th! $150 Off Nov. Or Dec.!,960,Heritage Lake At Westland,1,856,1.5,35.874653,-84.095943,5,1105 Lake Heritage Way Knoxville TN US
6371218535,2017-11-02 16:45,https://knoxville.craigslist.org/apa/d/can-you-say-comfort-and/6371218535.html,Can You Say Comfort and Beauty??  Our 2BR is Amazing!   #BRI,1029,Knoxville,2,1189,2,35.897487,-84.059502,10,8700 Hopemont Way Knoxville TN US
6371214796,2017-11-02 16:43,https://knoxville.craigslist.org/apa/d/you-wont-want-to-miss-out-on/6371214796.html,You Won't Want To Miss Out On This Studio Apartment!!!,615,West Knoxville,0,0,,35.917597,-84.054016,10,8324 Gleason Drive Knoxville TN US
6371213966,2017-11-02 16:42,https://knoxville.craigslist.org/apa/d/lets-make-deal-2br-now/6371213966.html,Lets Make A Deal! 2BR Now Available!       #BRI,999,West Knoxville Tn,2,1189,2,35.897487,-84.059502,10,8700 Hopemont Way Knoxville TN US
6352230768,2017-11-02 16:41,https://knoxville.craigslist.org/apa/d/beautiful-brand-new/6352230768.html,Beautiful & Brand New!,925,Knoxville,3,1152,2,35.963167,-84.045871,5,J R drive Knoxville TN US
6356965781,2017-11-02 16:40,https://knoxville.craigslist.org/apa/d/1-bedroom-furn-avail-now-in/6356965781.html,"1 bedroom, furn, avail NOW in  Pigeon forge, special for rent",900,,1,0,1,35.819933,-83.571870,5,
6333347996,2017-11-02 16:40,https://knoxville.craigslist.org/apa/d/unique-1-bedroom-in-law-apt/6333347996.html,"Unique 1 bedroom in law apt Available NOW, all utils incl",900,Pigeon forge,1,0,1,35.775392,-83.528382,5,
6333346665,2017-11-02 16:40,https://knoxville.craigslist.org/apa/d/unique-1-bedroom-available/6333346665.html,"Unique 1 bedroom Available NOW, all utils incl",900,Pigeon forge,1,0,1,35.775392,-83.528382,5,
6371210058,2017-11-02 16:40,https://knoxville.craigslist.org/apa/d/no-2-ways-about-it-this-2br/6371210058.html,No 2 Ways About It ! This 2BR Rocks !!    #BRI,1005,Bridlewood on Westland,2,1121,2,35.897487,-84.059502,10,8700 Hopemont Way Knoxville TN US
6340820406,2017-11-02 16:39,https://knoxville.craigslist.org/apa/d/move-in-today-make-bristol/6340820406.html,Move in Today!!! Make Bristol Park your Home!,935,Oak Ridge,2,1039,2,36.017006,-84.240465,20,790 Emory Valley Rd. Oak Ridge TN US
6360179217,2017-11-02 16:38,https://knoxville.craigslist.org/apa/d/move-in-today-enjoy-autumn-at/6360179217.html,Move in today! Enjoy Autumn at Bristol Park!,935,Oak Ridge,2,1039,2,36.017006,-84.240465,20,790 Emory Valley Rd. Oak Ridge TN US
6371205052,2017-11-02 16:36,https://knoxville.craigslist.org/apa/d/ready-for-move-in/6371205052.html,Ready for Move-in,900,Knoxville,3,1152,2,35.966614,-84.051676,5,5614 Dollar Dr Knoxville TN US
6371204817,2017-11-02 16:36,https://knoxville.craigslist.org/apa/d/loud431/6371204817.html,LOUD431,850,Maryville,3,1156,1,35.793682,-83.936095,10,431 Loudon Avenue Maryville TN US
6371194994,2017-11-02 16:29,https://knoxville.craigslist.org/apa/d/wonderful-3-bedroom-ground/6371194994.html,Wonderful 3 bedroom! Ground Floor,1005,Mountain Brook,3,1056,2,35.949921,-83.972595,15,prestwick ridge way at sutherland ave knoxville TN US
6351023103,2017-11-02 16:28,https://knoxville.craigslist.org/apa/d/immediate-move-in-two-bedroom/6351023103.html,IMMEDIATE MOVE IN- TWO BEDROOM- UPDATED,760,Knoxville,2,1000,1.5,35.946000,-84.023500,22,3820 Papermill Square Road NW  TN US
6371192842,2017-11-02 16:28,https://knoxville.craigslist.org/apa/d/save-500-on-your-first-month/6371192842.html,Save $500 on your first month!!! Call to find out more!,1109,,2,1083,2,35.765640,-83.992349,10,1130 Middlesettlements Road Maryville TN US
6371190014,2017-11-02 16:26,https://knoxville.craigslist.org/apa/d/hundreds-in-savings-tour-your/6371190014.html,HUNDREDS IN SAVINGS! TOUR YOUR NEW HOME TODAY!,995,West Knoxville,2,1000,1.5,35.946000,-84.023500,22,1000 Country Oaks Circle Knoxville TN US
6371176399,2017-11-02 16:16,https://knoxville.craigslist.org/apa/d/the-best-deal-in-town-just-in/6371176399.html,The best deal in town! Just in time for the Holidays!,1005,Mountain Brook,3,1065,2,35.924400,-84.001500,22,
6331560899,2017-11-02 16:15,https://knoxville.craigslist.org/apa/d/great-location-hello-fall/6331560899.html,GREAT LOCATION HELLO FALL!!!!,925,RENT WITH OPTION TO BUY,0,1300,,35.283600,-80.763800,22,
6371171746,2017-11-02 16:13,https://knoxville.craigslist.org/apa/d/1-bedroom-waiting-for-you-at/6371171746.html,"1 Bedroom Waiting for YOU at Elevation Knoxville! Look, Lease, & Save!",851,West Knoxville,1,800,1,35.946000,-84.023500,22,1000 Country Oaks Circle Knoxville TN US
6349117411,2017-11-02 16:11,https://knoxville.craigslist.org/apa/d/west-knox-3br-25ba/6349117411.html,West Knox- 3BR -2.5BA Maintenance Free Living,1275,Knoxville,3,1300,2.5,35.898329,-84.066342,5,808 olde pioneer trail unit knoxville TN US
6351330676,2017-11-02 16:09,https://knoxville.craigslist.org/apa/d/updated-two-bedroom-immediate/6351330676.html,*UPDATED TWO BEDROOM IMMEDIATE MOVE IN*,760,Knoxville,2,1000,1.5,35.946000,-84.023500,22,3820 Papermill Square Road NW  TN US
6371165657,2017-11-02 16:09,https://knoxville.craigslist.org/apa/d/cuddle-up-in-this-cozy-1/6371165657.html,Cuddle Up In This Cozy 1 Bedroom Just in Time for the Holidays!,709,West Knoxville,1,800,1,35.951897,-83.988161,10,1000 Country Oak Circle Knoxville TN US
6371161201,2017-11-02 16:06,https://knoxville.craigslist.org/apa/d/just-for-you-great-3-bedroom/6371161201.html,$500 $500 $500 just for you! Great 3 bedroom ground floor!,1005,Mountain Brook,3,1056,2,35.949921,-83.972595,15,prestwick ridge way at sutherland ave knoxville TN US
6371158959,2017-11-02 16:04,https://knoxville.craigslist.org/apa/d/stop-looking-start-living-in/6371158959.html,"STOP Looking, START Living in this 2 Bedroom Deluxe @ Elevation Knox!",995,West Knoxville,2,1000,1.5,35.946000,-84.023500,22,1000 Country Oaks Circle Knoxville TN US
6371131216,2017-11-02 16:03,https://knoxville.craigslist.org/apa/d/look-lease-today-lto-offer/6371131216.html,Look & Lease Today! LTO OFFER,1129,414 North Forest Park Blvd,2,1055,1.5,35.943110,-83.983994,10,414 North Forest Park Blvd. Knoxville TN US
