pid,dt,url,title,price,neighb,beds,sqft,baths,lat,lng,accuracy,address
6371427487,2017-11-02 16:47,https://kpr.craigslist.org/apa/d/2-bdr-1-ba-house-for-rent/6371427487.html,2 bdr 1 ba house for rent,900,Richland,2,0,1,46.285957,-119.296829,10,2001 Williams Blvd Richland WA US
6371440354,2017-11-02 16:45,https://kpr.craigslist.org/apa/d/picnic-area-with-barbecue/6371440354.html,"Picnic Area with Barbecue, Spacious Walk-In Closets, Cable Available",1035,Kennewick,3,900,1,46.205448,-119.132388,5,1001 W 4th Ave Kennewick WA US
6371438012,2017-11-02 16:43,https://kpr.craigslist.org/apa/d/decks-with-views-commercial/6371438012.html,"Decks with views, Commercial Gas barbeque, Electric range, Art niche!",1894,Kennewick,3,1327,2.5,46.218428,-119.233666,10,725 N. Center Parkway Kennewick WA US
6344895298,2017-11-02 16:42,https://kpr.craigslist.org/apa/d/large-2-2-bedroom-apt-with/6344895298.html,Large 2 x 2 Bedroom Apt with HUGE Master Bedroom & Closet!,975,Kennewick,2,1154,2,46.210900,-119.168000,22,5225 W Clearwater Bay Kennewick WA US
6367355896,2017-11-02 16:41,https://kpr.craigslist.org/apa/d/take-over-lease-for-clean-2/6367355896.html,Take over Lease for clean 2 bed appartment,680,kennewick,2,0,1,46.198250,-119.151535,5,
6371430873,2017-11-02 16:36,https://kpr.craigslist.org/apa/d/the-living-is-easy-anytime/6371430873.html,The living is easy ANYTIME & the deals are great NOW.,710715,,1,0,1,,,,
6371430282,2017-11-02 16:36,https://kpr.craigslist.org/apa/d/three-bedroom-two-bath-with/6371430282.html,Three Bedroom Two Bath With A Great View!,1628,South Richland,2,1310,2,46.228659,-119.272728,5,
6371425023,2017-11-02 16:31,https://kpr.craigslist.org/apa/d/2-bedroom-apartment-central/6371425023.html,"2 bedroom apartment, central heat/air, close to freeway entrance",875,Richland WA,2,860,1,,,,
6350313164,2017-11-02 16:28,https://kpr.craigslist.org/apa/d/house-for-rent/6350313164.html,House for Rent,1000,Walla Walla,2,0,1,,,,
6371421566,2017-11-02 16:28,https://kpr.craigslist.org/apa/d/1-bedroom-apartment-at/6371421566.html,1 Bedroom Apartment At Kamiakin Apartments!!,645,kennewick,1,560,1,46.219648,-119.184228,0,4711 W Metaline Ave Kennewick WA US
6371406388,2017-11-02 16:20,https://kpr.craigslist.org/apa/d/reserve-the-only-apartment/6371406388.html,RESERVE THE ONLY APARTMENT LEFT BEFORE SNOW FALL! ALL UTILITIES PAID!!,1250,WALLA WALLA,1,0,1,46.046782,-118.349605,20,1706 Fairway drive WALLA WALLA WA US
6361948881,2017-11-02 16:19,https://kpr.craigslist.org/apa/d/looking-for-place-to-rent/6361948881.html,Looking for a place to Rent?,1195,,0,0,,,,,
6371403941,2017-11-02 16:12,https://kpr.craigslist.org/apa/d/pets-welcome-energy-efficient/6371403941.html,"Pets welcome, Energy efficient construction, Game room, Ceiling fans",865,KENNEWICK,2,972,2,46.156000,-119.264000,22,5501 w hildevrand blvd Kennewick WA US
