pid,dt,url,title,price,neighb,beds,sqft,baths,lat,lng,accuracy,address
6371305051,2017-11-02 16:49,https://ksu.craigslist.org/apa/d/easy-access-to-ft-riley-blvd/6371305051.html,Easy Access to Ft. Riley Blvd. To base in 15 min 4BD Recent Remodel!!,1100,Manhattan,4,1000,1,39.193800,-96.585800,22,
6371302514,2017-11-02 16:47,https://ksu.craigslist.org/apa/d/location-community-quality/6371302514.html,"LOCATION, COMMUNITY, QUALITY LIVING! IT ALL STARTS HERE!",600,MANHATTAN,1,670,1,39.189383,-96.585907,5,COLLEGE HEIGHTS RD at DENISON AVE Manhattan KS US
6371294025,2017-11-02 16:41,https://ksu.craigslist.org/apa/d/utilities-included-yes-you/6371294025.html,UTILITIES INCLUDED!!! YES YOU READ THAT RIGHT!!!,1065,MANHATTAN,3,1158,1,39.189042,-96.608233,5,GARDEN WAY at ANDERSON AVE Manhattan KS US
6371290102,2017-11-02 16:38,https://ksu.craigslist.org/apa/d/life-is-better-here-youll-fit/6371290102.html,"LIFE IS BETTER HERE, YOU'LL FIT RIGHT IN!",815,MANHATTAN,3,1248,1,39.189059,-96.608223,5,GARDEN WAY at ANDERSON AVE Manhattan KS US
6371287390,2017-11-02 16:36,https://ksu.craigslist.org/apa/d/why-arent-you-getting-more/6371287390.html,WHY AREN'T YOU GETTING MORE BANG FOR YOUR BUCK?,625,MANHATTAN,2,970,1,39.189042,-96.608255,5,GARDEN WAY at ANDERSON AVE Manhattan KS US
6371284121,2017-11-02 16:33,https://ksu.craigslist.org/apa/d/life-just-got-better/6371284121.html,LIFE JUST GOT BETTER!,600,MANHATTAN,1,588,1,39.189067,-96.608233,5,GARDEN WAY at ANDERSON AVE Manhattan KS US
6371259194,2017-11-02 16:15,https://ksu.craigslist.org/apa/d/comfort-convenience-and/6371259194.html,"Comfort, convenience and unmatched amenities. 3 BR/1 BA, 947 SqFt",899,KSU,3,947,1,39.204134,-96.599668,10,2420 Greenbriar Drive Manhattan KS US
6371247813,2017-11-02 16:06,https://ksu.craigslist.org/apa/d/dishwasher-ceramic-tile-entry/6371247813.html,"Dishwasher, Ceramic Tile Entry, Hot Tub, Swimming Pool, Pets Welcome",650,Junction City,2,793,2,39.006729,-96.861327,5,1810 Caroline ave junction city KS US
6371241700,2017-11-02 16:02,https://ksu.craigslist.org/apa/d/4-bed-2-bath-house-available/6371241700.html,"4 bed/2 bath, House, Available January 1st, Walk to Campus, Newly Remo",1600,,4,1972,2,39.190830,-96.568558,10,808 bertrand Manhattan KS US
