pid,dt,url,title,price,neighb,beds,sqft,baths,lat,lng,accuracy,address
6371317448,2017-11-02 16:59,https://lafayette.craigslist.org/apa/d/2br2ba-condo-for-rent/6371317448.html,"2BR,2BA CONDO FOR RENT",750,Camellia Condominiums,2,950,2,30.196190,-92.065557,10,326 Guilbeau Rd. Lafayette LA US
6371296068,2017-11-02 16:42,https://lafayette.craigslist.org/apa/d/2-bed-2-bath-apartment-for/6371296068.html,2 Bed 2 Bath Apartment for Dec 9th...,765,Youngsville,2,900,2,30.097500,-92.009600,22,101 Saint Ferdinand Place Youngsville LA US
6371284142,2017-11-02 16:33,https://lafayette.craigslist.org/apa/d/townhome-on-special/6371284142.html,Townhome on SPECIAL!!!,810,"Youngsville, LA",2,1100,1.5,30.119563,-92.017519,10,101 St. Ferdinand Pl. Youngsville LA US
6371282156,2017-11-02 16:32,https://lafayette.craigslist.org/apa/d/upgraded-2-bedroom-available/6371282156.html,❈ Upgraded 2 bedroom available! ❈ Call today!,895,The Arts @ Broussard,2,960,2,30.159087,-92.000678,10,111 Edie Ann Drive Lafayette LA US
6371278565,2017-11-02 16:29,https://lafayette.craigslist.org/apa/d/2-bd-2-bath-apartment-move-in/6371278565.html,2 Bd 2 Bath Apartment move in ready  ONLY !!!!!!  $765,765,"Youngsville, LA",2,900,2,30.119563,-92.017519,10,101 St. Ferdinand Pl. Youngsville LA US
6371277842,2017-11-02 16:29,https://lafayette.craigslist.org/apa/d/dwell-well-at-the-arts-at/6371277842.html,Dwell Well  at The Arts at Broussard Crossing!,730,"Lafayette, LA",2,852,1,30.159087,-92.000678,10,111 Edie Ann Drive Lafayette LA US
6371261025,2017-11-02 16:25,https://lafayette.craigslist.org/apa/d/one-bedroom-apartment-for/6371261025.html,One bedroom apartment for sublease! November rent covered!,510,Lafayette,2,0,1,30.208274,-92.024674,10,200 Oakcrest Dr. Lafayette LA US
6371268539,2017-11-02 16:22,https://lafayette.craigslist.org/apa/d/last-one-bedroom-left-apply/6371268539.html,Last one bedroom left! Apply today!,573,Lafayette,1,650,1,30.159087,-92.000678,10,111 Edie Ann Drive Lafayette LA US
6371250578,2017-11-02 16:08,https://lafayette.craigslist.org/apa/d/keep-calm-savings-are-here/6371250578.html,Keep Calm Savings are Here! Only,625,Lafayette-The Arts Apts,1,650,1,30.159087,-92.000678,10,111 Edie Ann Drive Lafayette LA US
6371247618,2017-11-02 16:06,https://lafayette.craigslist.org/apa/d/apartments-1-2-bedrooms/6371247618.html,APARTMENTS !!! 1 & 2 Bedrooms Available now!!,575,Broussard/lafayette,0,0,,,,,
6371247222,2017-11-02 16:06,https://lafayette.craigslist.org/apa/d/apartments-1-2-bedrooms/6371247222.html,APARTMENTS !!! 1 & 2 Bedrooms Available now!!,575,Broussard/lafayette,0,0,,,,,
6338980325,2017-11-02 16:06,https://lafayette.craigslist.org/apa/d/craving-better-way-of-living/6338980325.html,Craving a BETTER Way of Living?,836,Lafayette,0,718,,30.181234,-92.091901,20,1630 Rue Du Belier Lafayette LA US
6371246213,2017-11-02 16:05,https://lafayette.craigslist.org/apa/d/stop-stressing-we-have-the/6371246213.html,Stop stressing! We have the apartment for you TODAY @ The Grove!,825,The Grove,2,940,2,30.158653,-92.041830,10,211 Republic Avenue Lafayette LA US
6341874264,2017-11-02 16:04,https://lafayette.craigslist.org/apa/d/you-are-not-tree/6341874264.html,You Are NOT A TREE!,1108,Lafayette,0,1240,,30.181234,-92.091901,20,1630 Rue Du Belier lafayette LA US
6362219069,2017-11-02 16:03,https://lafayette.craigslist.org/apa/d/great-family-home/6362219069.html,Great family home.,1300,Scott,3,1587,2,30.207700,-92.065600,0,
