pid,dt,url,title,price,neighb,beds,sqft,baths,lat,lng,accuracy,address
6371221273,2017-11-02 16:47,https://lakeland.craigslist.org/apa/d/in-home-laundry-connections/6371221273.html,"In Home Laundry Connections, Leasing Now, Contemporary Design",941,Lakeland,1,728,1,,,,
6368567338,2017-11-02 16:45,https://lakeland.craigslist.org/apa/d/making-apartment-living-great/6368567338.html,Making Apartment Living Great Again :-),799,Lakeland 668-8835,2,0,0,28.039151,-81.908985,0,
6371210472,2017-11-02 16:40,https://lakeland.craigslist.org/apa/d/apply-with-us-now-beautiful/6371210472.html,APPLY WITH US NOW!!!! BEAUTIFUL APARTMENTS!!!,918,"2120 Village Park Road, Plant City, FL 33563",1,761,1,28.022308,-82.104292,5,2120 Village Park Road Plant City FL US
6339176441,2017-11-02 16:28,https://lakeland.craigslist.org/apa/d/559-plus-tax-2500/6339176441.html,$559 PLUS TAX $25.00 DEPOSIT..INCLUDES ALL UTILITIES&CABLE,559,LAKELAND,1,360,1,28.055374,-81.946442,5,memeorial at ingraham lakeland FL US
6332611741,2017-11-02 16:28,https://lakeland.craigslist.org/apa/d/spacious-room-with-all/6332611741.html,SPACIOUS ROOM WITH ALL UTILITIES PAID INCLUDING DIRECT TV. MUST SEE!,585,LAKELAND,1,267,1,28.055393,-81.946442,5,Memorial at Ingraham Lakeland FL US
6371182707,2017-11-02 16:21,https://lakeland.craigslist.org/apa/d/we-accept-pets-up-to-50lbs/6371182707.html,We accept pets up to 50lbs!!  Bring your furry friends! $770 OFF!!,849,Plant City,1,716,1,28.013000,-82.133900,22,
6371180765,2017-11-02 16:19,https://lakeland.craigslist.org/apa/d/2-2-avail-11-4-country-living/6371180765.html,2/2 Avail 11/4! Country living - but close to everything!  $500 off,1017,Plant City,2,900,2,27.989100,-82.125200,10,602 Alexander Street Plant City FL US
6371178822,2017-11-02 16:18,https://lakeland.craigslist.org/apa/d/super-specials-4-weeks-free/6371178822.html,Super Specials - 4 Weeks FREE rent on a 1 bedroom!!!   Call now!,849,Plant City,1,720,1,28.013000,-82.133900,22,
6362148565,2017-11-02 16:11,https://lakeland.craigslist.org/apa/d/beautiful-very-well/6362148565.html,Beautiful very well maintained 3 bedroom 2 bath,745,,3,0,2,,,,
6362145307,2017-11-02 16:11,https://lakeland.craigslist.org/apa/d/this-3-bedroom-2-bath-home/6362145307.html,$$THIS 3 BEDROOM 2 BATH HOME$$,965,,3,0,2,,,,
6371165338,2017-11-02 16:09,https://lakeland.craigslist.org/apa/d/call-today-to-learn-about-our/6371165338.html,Call today to learn about our move in SPECIALS!!,1462,"4025 Lake Ned Village Circle, Winter Haven, FL 33884",3,1290,2,27.981000,-81.673600,5,4025 Lake Ned Village Circle Winter Haven FL US
