pid,dt,url,title,price,neighb,beds,sqft,baths,lat,lng,accuracy,address
6357421194,2017-11-02 17:00,https://lancaster.craigslist.org/apa/d/brand-new-2-bedroom-2-bath/6357421194.html,Brand New - 2 Bedroom 2 Bath Apartment,1325,The Reserve at Greenfield,2,952,2,40.058695,-76.249924,5,357 Pitney Road Lancaster PA US
6357431922,2017-11-02 17:00,https://lancaster.craigslist.org/apa/d/brand-new-3-bedroom-2-bath/6357431922.html,Brand New - 3 Bedroom 2 Bath Apartment,1945,The Reserve at Greenfield,3,1356,2,40.058662,-76.249774,5,357 Pitney Road Lancaster PA US
6371207442,2017-11-02 16:38,https://lancaster.craigslist.org/apa/d/upscale-apartment-in-downtown/6371207442.html,Upscale Apartment in Downtown Lancaster W/Garage-221,1625,Lancaster,2,1340,2,40.038376,-76.301980,5,E King St at N Lime St Lancaster PA US
6371204022,2017-11-02 16:35,https://lancaster.craigslist.org/apa/d/home-at-herhshey-heights/6371204022.html,Home at Herhshey Heights!,1211,,2,1100,1.5,40.248515,-76.707024,10,2151 Gramercy Place Hummelstown PA US
6371178792,2017-11-02 16:18,https://lancaster.craigslist.org/apa/d/3-br-2-ba-townhouse-available/6371178792.html,"3 BR 2 BA Townhouse available in Rising Sun, MD - $1200",1200,,3,1300,1.5,39.697876,-76.058521,5,
6363793529,2017-11-02 16:15,https://lancaster.craigslist.org/apa/d/4-bedroom-2-bath-bi-level/6363793529.html,"4 bedroom, 2 bath Bi level, Manheim Central SD",1100,Lititz,0,0,,40.178616,-76.352838,10,600 doe run rd Lititz PA US
6350230337,2017-11-02 16:15,https://lancaster.craigslist.org/apa/d/4-br-2-ba-single-house-penn/6350230337.html,"4 BR, 2 BA, Single House, Penn Manor School District",1650,,4,0,2,40.039851,-76.393111,10,28 Weaver Rd Lancaster PA US
6358461771,2017-11-02 16:15,https://lancaster.craigslist.org/apa/d/3-bedroom-15-bath-east-pete/6358461771.html,"3 bedroom, 1.5 bath East Pete townhome",1250,,3,0,1.5,40.106335,-76.349453,10,2227 Olde Meadow CT East Petersburg PA US
6358842071,2017-11-02 16:09,https://lancaster.craigslist.org/apa/d/rent-your-brand-new-home/6358842071.html,()()♯{}{}*[:♯:]*RENT YOUR BRAND NEW HOME TODAY*[:♯:]*NOW OPEN,500,(){}{}lancaster()(){}{},3,1200,2,40.009100,-76.367100,22,
6358842039,2017-11-02 16:09,https://lancaster.craigslist.org/apa/d/rent-your-brand-new-home/6358842039.html,()()♯{}{}*[:♯:]*RENT YOUR BRAND NEW HOME TODAY*[:♯:]*NOW OPEN,500,(){}{}lancaster()(){}{},3,1200,2,40.009100,-76.367100,22,
6358842057,2017-11-02 16:09,https://lancaster.craigslist.org/apa/d/rent-your-brand-new-home/6358842057.html,()()♯{}{}*[:♯:]*RENT YOUR BRAND NEW HOME TODAY*[:♯:]*NOW OPEN,500,(){}{}lancaster()(){}{},3,1200,2,40.009100,-76.367100,22,
6362993555,2017-11-02 16:09,https://lancaster.craigslist.org/apa/d/lovely-large-3-bedrooms-house/6362993555.html,- ((≛))LOVELY LARGE 3 BEDROOMS HOUSE ALL NEW((≛))IN A PRIVATE HOUSE,500,la=nc=as=te=r,3,1200,2,40.009100,-76.367100,22,
6362993571,2017-11-02 16:09,https://lancaster.craigslist.org/apa/d/lovely-large-3-bedrooms-house/6362993571.html,- ((≛))LOVELY LARGE 3 BEDROOMS HOUSE ALL NEW((≛))IN A PRIVATE HOUSE,500,la=nc=as=te=r,3,1200,2,40.009100,-76.367100,22,
6362993536,2017-11-02 16:09,https://lancaster.craigslist.org/apa/d/lovely-large-3-bedrooms-house/6362993536.html,- ((≛))LOVELY LARGE 3 BEDROOMS HOUSE ALL NEW((≛))IN A PRIVATE HOUSE,500,la=nc=as=te=r,3,1200,2,40.009100,-76.367100,22,
6357419850,2017-11-02 16:08,https://lancaster.craigslist.org/apa/d/342-new-street/6357419850.html,342 E. NEW STREET,799,LANCASTER,2,0,1,40.049644,-76.300044,10,342 E. New Street Lancaster PA US
6357278015,2017-11-02 16:08,https://lancaster.craigslist.org/apa/d/342-new-street/6357278015.html,342 E. NEW STREET,650,LANCASTER,0,0,1,40.049644,-76.300044,10,342 E. New Street Lancaster PA US
6356438195,2017-11-02 16:07,https://lancaster.craigslist.org/apa/d/2-bed-1-bath-townhouse-6/6356438195.html,2 bed 1 bath townhouse - 6 month lease,995,Ephrata Township,2,960,1,40.170780,-76.205977,10,4 Hilldale Dr. Ephrata PA US
6371149291,2017-11-02 16:06,https://lancaster.craigslist.org/apa/d/love-where-you-live/6371149291.html,Love Where You Live,1214,Marietta,2,1206,2,40.066400,-76.564500,22,310 Honeysuckle Drive Marietta PA US
6370973512,2017-11-02 16:05,https://lancaster.craigslist.org/apa/d/adorable-one-bedroom/6370973512.html,Adorable One Bedroom Apartment Available Now!,525,Ephrata,1,0,0,40.179505,-76.172590,22,
6371155462,2017-11-02 16:02,https://lancaster.craigslist.org/apa/d/1-bed-1-bath-separate-dining/6371155462.html,"1 Bed 1 Bath - Separate Dining Area, Center Island and Pantry",894,Millersville,1,870,1,39.998200,-76.356600,5,100 Country View Lane Millersville PA US
