pid,dt,url,title,price,neighb,beds,sqft,baths,lat,lng,accuracy,address
6371236156,2017-11-02 16:58,https://lansing.craigslist.org/apa/d/youll-love-it-here/6371236156.html,You'll Love it here,693,,1,638,1,42.713671,-84.399433,10,4555 Paddock Drive Okemos MI US
6371235444,2017-11-02 16:58,https://lansing.craigslist.org/apa/d/luxury-4-bed-2-bath-house/6371235444.html,Luxury 4 bed 2 bath house full basement hardwood floors 4 car garage,1995,Okemos,4,3009,2,42.704558,-84.430437,10,2199 White Owl Way Okemos MI US
6371225513,2017-11-02 16:55,https://lansing.craigslist.org/apa/d/downtown-lansing-1-bed-1-bath/6371225513.html,Downtown Lansing 1 Bed 1 Bath Loft Apartment,1100,Lansing,1,800,1,,,,
6348092764,2017-11-02 16:55,https://lansing.craigslist.org/apa/d/beautiful-1-bedroom-apartment/6348092764.html,Beautiful 1 Bedroom Apartment!!,665,540 Glenmoor Rd.,1,660,1,42.738925,-84.502646,10,540 Glenmoor Rd.  MI US
6357407953,2017-11-02 16:54,https://lansing.craigslist.org/apa/d/get-out-of-the-rain-tour/6357407953.html,Get Out of The Rain! Tour Autumn Ridge! No Security Deposit!,999,Lansing,2,1061,1.5,42.657791,-84.544644,5,900 Long Blvd Holt MI US
6371214401,2017-11-02 16:53,https://lansing.craigslist.org/apa/d/2-story-downtown-fresh-paint/6371214401.html,2 Story Downtown. Fresh Paint. Appliances Included. Pets OK. Porch.,550,724 E. Park Terrace,2,900,1,42.741371,-84.539666,5,724 E. Park Terrace lansing MI US
6345602019,2017-11-02 16:52,https://lansing.craigslist.org/apa/d/1st-month-free-rentapply-for/6345602019.html,1st month Free Rent!!!!Apply for Free!!!!!EW,,Edgewater-Shannon,0,0,,42.514288,-84.656063,10,223 N. Main St Eaton Rapids MI US
6350899572,2017-11-02 16:51,https://lansing.craigslist.org/apa/d/1st-month-rent-free0-to-apply/6350899572.html,!!! 1st Month Rent FREE!!!$0 to Apply Today!!!! EW,,Edgewater-Shannon,0,0,,42.514288,-84.656063,10,223 North Main St Eaton Rapids MI US
6344604362,2017-11-02 16:51,https://lansing.craigslist.org/apa/d/apply-for-free-1st-month-rent/6344604362.html,Apply for FREE & 1st Month Rent FREE!!!ew,,Edgewater-Shannon,0,0,,42.514288,-84.656063,10,223 North Main St Eaton Rapids MI US
6343602293,2017-11-02 16:51,https://lansing.craigslist.org/apa/d/apply-for-free-1st-month-rent/6343602293.html,Apply for FREE & 1st Month Rent FREE!!!ew,,Edgewater-Shannon,0,0,,42.514288,-84.656063,10,223 North Main St Eaton Rapids MI US
6343195469,2017-11-02 16:51,https://lansing.craigslist.org/apa/d/apply-for-free-1st-month-rent/6343195469.html,Apply for FREE & 1st Month Rent FREE!!!ew,,Edgewater-Shannon,0,0,,42.514288,-84.656063,10,223 N. Main Street Eaton Rapids MI US
6343504100,2017-11-02 16:51,https://lansing.craigslist.org/apa/d/hurry-in-apply-for-free-1st/6343504100.html,Hurry In .... Apply for FREE & 1st Month Rent FREE!!!ew,,Edgewater-Shannon,0,0,,42.514288,-84.656063,10,223 North Main St Eaton Rapids MI US
6371210155,2017-11-02 16:48,https://lansing.craigslist.org/apa/d/be-the-first-to-live-in-your/6371210155.html,Be the First to Live in Your Apartment! Large Dogs Welcome!,1535,East Lansing,2,1300,2,42.738800,-84.476400,22,3987 Pasture Drive East Lansing MI US
6364311157,2017-11-02 16:46,https://lansing.craigslist.org/apa/d/timber-lake/6364311157.html,Timber Lake,870,East Lansing,2,1080,2,42.738800,-84.476400,22,
6371196974,2017-11-02 16:46,https://lansing.craigslist.org/apa/d/uncommon-beautiful-renovated/6371196974.html,Uncommon beautiful renovated bath fresh new flooring,854,,0,0,,,,,
6371214466,2017-11-02 16:43,https://lansing.craigslist.org/apa/d/awesome-2-bedroom-apartment/6371214466.html,Awesome 2 Bedroom Apartment! Holiday Special $250 off move in!,779,Haslett,2,884,1,42.748604,-84.394376,5,5731 Ridgeway Dr. Haslett MI US
6371176644,2017-11-02 16:36,https://lansing.craigslist.org/apa/d/amazing-east-lansing-home/6371176644.html,AMAZING East Lansing Home! MOVE IN READY with 2 bedrooms and 2 baths,600,"Highland Avenue East Lansing, MI",2,0,1.5,42.734531,-84.479027,5,
6371195504,2017-11-02 16:30,https://lansing.craigslist.org/apa/d/military-police-or-fire/6371195504.html,"Military, Police or Fire Department? | Save Money Up Front!",900,Mason,0,0,,42.573157,-84.451278,10,940 S. Cedar St. Mason MI US
6349560557,2017-11-02 16:21,https://lansing.craigslist.org/apa/d/3-bedroom-townhome-move-in/6349560557.html,3 Bedroom Townhome! Move In Today! Save $200/Month!,1295,East Lansing,3,1120,1.5,42.750329,-84.504025,10,1551 Pebblecreek Blvd East Lansing MI US
6371179153,2017-11-02 16:18,https://lansing.craigslist.org/apa/d/bring-your-pets-with-you/6371179153.html,Bring your pets with you!!,842,,2,897,2,42.752201,-84.661197,10,7530 Waters Edge Lansing MI US
6344439864,2017-11-02 16:17,https://lansing.craigslist.org/apa/d/start-living-your-dream-at/6344439864.html,!*!Start Living Your Dream at Edgewater,,Edgewater-Christina,0,0,,42.514288,-84.656063,10,223 North Main St Eaton Rapids MI US
6371148544,2017-11-02 16:17,https://lansing.craigslist.org/apa/d/the-best-events-in-east/6371148544.html,"The Best Events In East Lansing, Free Cable Including HD and HBO",725,The Club,2,927,2,42.771652,-84.487009,5,Coleman Road at Chandler Road East Lansing MI US
6344516903,2017-11-02 16:17,https://lansing.craigslist.org/apa/d/your-new-pad-is-ready-at/6344516903.html,* *Your New Pad is Ready at Edgewater,,Edgewater-Christina,0,0,,42.514288,-84.656063,10,223 North Main St Eaton Rapids MI US
6344566193,2017-11-02 16:17,https://lansing.craigslist.org/apa/d/apply-for-your-new-home-ew/6344566193.html,Apply for Your New Home!! EW,,Edgewater-Christina,0,0,,42.514288,-84.656063,10,223 North Main St Eaton Rapids MI US
6344569438,2017-11-02 16:17,https://lansing.craigslist.org/apa/d/apply-now-ew/6344569438.html,Apply Now!!! EW,,Edgewater-Christina,0,0,,42.514288,-84.656063,10,223 North Main St Eaton Rapids MI US
6344576602,2017-11-02 16:17,https://lansing.craigslist.org/apa/d/you-dont-want-to-miss-this-ew/6344576602.html,!!! You Don't Want to Miss This!!! EW,,Edgewater-Christina,0,0,,42.514288,-84.656063,10,223 North Main St Eaton Rapids MI US
6344583253,2017-11-02 16:16,https://lansing.craigslist.org/apa/d/free-rent-ew/6344583253.html,FREE RENT!!!! EW,,Edgewater-Christina,0,0,,42.514288,-84.656063,10,223 North Main St Eaton Rapids MI US
6344530369,2017-11-02 16:16,https://lansing.craigslist.org/apa/d/apply-now-at-edgewater/6344530369.html,Apply Now at Edgewater,,Edgewater-Christina,0,0,,42.514288,-84.656063,10,223 North Main St Eaton Rapids MI US
6344519839,2017-11-02 16:16,https://lansing.craigslist.org/apa/d/all-we-are-missing-is-youew/6344519839.html,All We are Missing is You!!!EW,,Edgewater-Christina,0,0,,42.514288,-84.656063,10,223 North Main St Eaton Rapids MI US
6344586133,2017-11-02 16:13,https://lansing.craigslist.org/apa/d/come-see-what-all-the-fuss-is/6344586133.html,Come See What ALL The Fuss is About at Edgewater,,Edgewater-Christina,0,0,,42.514288,-84.656063,10,223 North Main St Eaton Rapids MI US
6344594091,2017-11-02 16:13,https://lansing.craigslist.org/apa/d/make-today-count-ew/6344594091.html,Make Today Count!!! EW,,Edgewater-Christina,0,0,,42.514288,-84.656063,10,223 North Main St Eaton Rapids MI US
6344596029,2017-11-02 16:13,https://lansing.craigslist.org/apa/d/apply-for-your-new-homeew/6344596029.html,Apply for Your New Home!!!EW,,Edgewater-Christina,0,0,,42.514288,-84.656063,10,223 North Main St Eaton Rapids MI US
6343137265,2017-11-02 16:12,https://lansing.craigslist.org/apa/d/application-fee-waivedew/6343137265.html,APPLICATION FEE WAIVED!!!!!EW,,Edgewater-Christina,0,0,,42.514288,-84.656063,10,223 North Main St Eaton Rapids MI US
6343133973,2017-11-02 16:12,https://lansing.craigslist.org/apa/d/apply-today-ew/6343133973.html,~Apply Today!!! EW,,Edgewater-Christina,0,0,,42.514288,-84.656063,10,223 North Main St Eaton Rapids MI US
6343242628,2017-11-02 16:10,https://lansing.craigslist.org/apa/d/saving-you-money-ew/6343242628.html,!~!Saving You Money!~! EW,,Edgewater-Christina,0,0,,42.514288,-84.656063,10,223 North Main St Eaton Rapids MI US
6343239805,2017-11-02 16:09,https://lansing.craigslist.org/apa/d/act-fast-wont-last-long-ew/6343239805.html,!!!Act Fast!! Won't Last Long !!! EW,,Edgewater-Christina,0,0,,42.514288,-84.656063,10,223 North Main St Eaton Rapids MI US
6343236861,2017-11-02 16:09,https://lansing.craigslist.org/apa/d/you-dont-want-to-miss-this-ew/6343236861.html,!!! You Don't Want to Miss This!!! EW,,Edgewater-Christina,0,0,,42.514288,-84.656063,10,223 North Main St Eaton Rapids MI US
6343233857,2017-11-02 16:09,https://lansing.craigslist.org/apa/d/dont-wait-apply-today-ew/6343233857.html,!!! DON'T WAIT APPLY TODAY !!! EW,,Edgewater-Christina,0,0,,42.514288,-84.656063,10,223 North Main St Eaton Rapids MI US
6360634895,2017-11-02 16:06,https://lansing.craigslist.org/apa/d/3-bedroom-townhome-with-full/6360634895.html,3 Bedroom Townhome with Full Size Washer/Dryer,1295,East Lansing,3,1120,1.5,42.750329,-84.504025,10,1551 Pebblecreek Boulevard East Lansing MI US
6371154305,2017-11-02 16:01,https://lansing.craigslist.org/apa/d/brick-ranch-duplex-near-holt/6371154305.html,Brick Ranch Duplex Near Holt. Appliances Included. Pets OK. Bus Route.,625,1511 Kennedy,2,800,1,42.671550,-84.573290,5,1511 Kennedy Lansing MI US
