pid,dt,url,title,price,neighb,beds,sqft,baths,lat,lng,accuracy,address
6371437749,2017-11-02 16:42,https://lasvegas.craigslist.org/apa/d/welcome-home-to-spanish/6371437749.html,WELCOME HOME TO SPANISH RIDGE $175.00 MOVES YOU IN (OAC),1240,SOUTHWEST,2,1261,2,36.085400,-115.256600,22,7340 W RUSSELL ROAD LAS VEGAS NV US
6371427958,2017-11-02 16:42,https://lasvegas.craigslist.org/apa/d/luxury-living-an-affordable/6371427958.html,🏢Luxury Living @ An Affordable Price!🏢,1110,St. Rose,2,965,2,35.995900,-115.157600,22,10250 Spencer St Las Vegas NV US
6371437508,2017-11-02 16:42,https://lasvegas.craigslist.org/apa/d/always-fresh-6-to-12-month-99/6371437508.html,ALWAYS FRESH 6 TO 12 MONTH $99. TO $199.,714,Las  Vegas NV,0,400,1,36.218934,-115.072174,7,5025 Ne1lis Oasis lane Las Vegas NV US
6371437261,2017-11-02 16:42,https://lasvegas.craigslist.org/apa/d/look-apply-and-get-your-keys/6371437261.html,Look - Apply - and Get Your Keys Today!,1240,Southwest,2,1261,2,36.085400,-115.256600,22,7340 W Russell Road Las Vegas NV US
6371419905,2017-11-02 16:42,https://lasvegas.craigslist.org/apa/d/stop-look-and-lease-here/6371419905.html,"🦃🦃 Stop, Look, and Lease Here @ Orchar Club",849,,3,1148,2,36.158861,-115.038082,5,1220 Tree Line Dr Las Vegas NV US
6354059837,2017-11-02 16:42,https://lasvegas.craigslist.org/apa/d/3-bed-2bath/6354059837.html,3 BED 2.BATH,1400,,3,1731,2,36.130200,-115.275500,22,9365 BUCKHAVEN Las Vegas NV US
6371429127,2017-11-02 16:41,https://lasvegas.craigslist.org/apa/d/affordable-luxury-rentals-600/6371429127.html,❤ Affordable Luxury Rentals + $600 In Savings!❤❤,1110,St. Rose,2,965,2,35.995900,-115.157600,22,10250 Spencer St Las Vegas NV US
6371436639,2017-11-02 16:41,https://lasvegas.craigslist.org/apa/d/beautiful-resort-style-living/6371436639.html,Beautiful Resort Style Living-Spacious Apartment Homes!,1240,southwest,2,1261,2,36.085400,-115.256600,22,7340 W. Russell Rd. Las Vegas NV US
6371424719,2017-11-02 16:41,https://lasvegas.craigslist.org/apa/d/henderson-area-apts-save-600/6371424719.html,✨ Henderson Area Apts ✨ Save $600 Today!,1250,St. Rose/Spencer,3,1072,2,35.995900,-115.157600,22,10250 Spencer Street Las Vegas NV US
6371436392,2017-11-02 16:41,https://lasvegas.craigslist.org/apa/d/proper-desing-smartly-priced/6371436392.html,PROPER DESING. SMARTLY PRICED READY FOR MOVE IN,554,Las  Vegas NV,0,400,1,36.215800,-115.067100,22,5025 Ne1lis Oasis lane Las Vegas NV US
6371424468,2017-11-02 16:40,https://lasvegas.craigslist.org/apa/d/nice-and-big-apartment/6371424468.html,Nice and big apartment,900,,2,0,2,36.123400,-115.142900,22,
6371434705,2017-11-02 16:40,https://lasvegas.craigslist.org/apa/d/proper-desing-smartly-priced/6371434705.html,PROPER DESING. SMARTLY PRICED READY FOR MOVE IN,554,Las  Vegas NV,0,400,1,36.215800,-115.067100,22,5025 Ne1lis Oasis lane Las Vegas NV US
6371424762,2017-11-02 16:39,https://lasvegas.craigslist.org/apa/d/clean-and-nice-townhouse/6371424762.html,Clean and Nice Townhouse,950,,2,0,1.5,36.203400,-115.036400,22,
6371432936,2017-11-02 16:38,https://lasvegas.craigslist.org/apa/d/home-sweet-home/6371432936.html,HOME SWEET HOME,614,las vegas,0,0,,36.215800,-115.067100,22,
6371432701,2017-11-02 16:38,https://lasvegas.craigslist.org/apa/d/come-and-tour-our-beautiful/6371432701.html,!!!!COME AND TOUR OUR BEAUTIFUL COMMUNITY !!!! ask for Pablo,615,Wynn Rd/Twain,1,650,1,36.114900,-115.216100,22,
6371432177,2017-11-02 16:37,https://lasvegas.craigslist.org/apa/d/get-your-keys-today/6371432177.html,Get Your Keys TODAY!!,1295,Villa Azure,3,1272,2,36.038400,-115.085700,22,50 Aura de Blanco Henderson NV US
6371424481,2017-11-02 16:37,https://lasvegas.craigslist.org/apa/d/affordable-luxury-rentals-600/6371424481.html,❤ Affordable Luxury Rentals + $600 In Savings!❤❤,1110,St. Rose,2,965,2,35.995900,-115.157600,22,10250 Spencer St Las Vegas NV US
6371431897,2017-11-02 16:37,https://lasvegas.craigslist.org/apa/d/we-do-online-applications/6371431897.html,We Do Online Applications!,965,Invitational Apartments,1,725,1,36.038283,-115.083398,10,1801 N Green Valley Parkway Henderson NV US
6371421051,2017-11-02 16:37,https://lasvegas.craigslist.org/apa/d/open-7-days-week/6371421051.html,Open 7 days a week!,935,3900 Dalecrest Dr,2,0,2,36.231120,-115.248814,5,
6371431812,2017-11-02 16:37,https://lasvegas.craigslist.org/apa/d/what-are-you-waiting-for-call/6371431812.html,WHAT ARE YOU WAITING FOR CALL AND SCHEDULE A TOUR,850,6500 vegas drive,1,814,1,36.188513,-115.236052,10,6500 Vegas Dr Las Vegas NV US
6371431587,2017-11-02 16:37,https://lasvegas.craigslist.org/apa/d/look-apply-and-get-your-keys/6371431587.html,Look - Apply - and Get Your Keys Today! $175.00 Moves You In (oac),1240,Southwest,2,1261,2,36.085400,-115.256600,22,7340 W Russell Road Las Vegas NV US
6371430927,2017-11-02 16:36,https://lasvegas.craigslist.org/apa/d/one-bedroom-one-bath/6371430927.html,"One Bedroom, One Bath available for Immediate move in!",965,1801 N Green Valley Pkwy Hendrson NV,1,725,1,36.038283,-115.083398,10,1801 N Green Valley Pkwy Henderson NV US
6371430894,2017-11-02 16:36,https://lasvegas.craigslist.org/apa/d/upgradedopen-floor-plangas/6371430894.html,UPGRADED~OPEN FLOOR PLAN~GAS APPLIANCES~DUAL CLOSETS~ROMAN TUB,980,Southwest,1,872,1,36.165104,-115.277931,0,
6371404376,2017-11-02 16:36,https://lasvegas.craigslist.org/apa/d/great-closet-space-2bed-2bath/6371404376.html,**GREAT CLOSET SPACE**  2BED/2BATH**,1975,,2,1344,2,36.038300,-115.146200,22,
6371421104,2017-11-02 16:36,https://lasvegas.craigslist.org/apa/d/get-your-special-today-300/6371421104.html,GET YOUR SPECIAL TODAY $300 OFF FIRST MONTH'S RENT!!,700,BELLA ESTATES,2,930,2,36.122214,-115.063419,5,5101 E TWAIN AVE LAS VEGAS NV US
6371429719,2017-11-02 16:35,https://lasvegas.craigslist.org/apa/d/dont-wait-till-2018-to-move/6371429719.html,Don't wait 'till 2018 to move - Move Now!!,875,Las Vegas,3,1440,2,36.181661,-115.080323,10,1111 N Lamb Blvd Las Vegas NV US
6350384099,2017-11-02 16:35,https://lasvegas.craigslist.org/apa/d/spacious-2br-1-ba-great/6350384099.html,Spacious 2BR 1 BA. Great Central Location-Call for RENT SPECAL!,699,Desert Inn/Maryland PkWy,2,750,1,36.129088,-115.139408,5,Desert Inn Road at Maryland Pkwy Las Vegas NV US
6371429125,2017-11-02 16:35,https://lasvegas.craigslist.org/apa/d/500-off-first-months-rent/6371429125.html,$500 off FIRST MONTHS RENT! SPANISH RIDGE! Call for Details.,1240,southwest,2,1261,2,36.085400,-115.256600,22,7340 W. Russell Rd. Las Vegas NV US
6371429060,2017-11-02 16:34,https://lasvegas.craigslist.org/apa/d/beautiful-henderson-community/6371429060.html,Beautiful Henderson Community!,1295,50 Aura de Blanco,3,1272,2,36.038400,-115.085700,22,50 Aura de Blanco Henderson NV US
6371414888,2017-11-02 16:34,https://lasvegas.craigslist.org/apa/d/henderson-area-apts-save-600/6371414888.html,✨ Henderson Area Apts ✨ Save $600 Today!,1250,St. Rose/Spencer,3,1072,2,35.995900,-115.157600,22,10250 Spencer Street Las Vegas NV US
6371428912,2017-11-02 16:34,https://lasvegas.craigslist.org/apa/d/only-1-left-reserve-today/6371428912.html,Only 1 left. Reserve today. Internet & Cable Included,1006,,1,720,1,,,,
6371319049,2017-11-02 16:34,https://lasvegas.craigslist.org/apa/d/easy-qual-house-guaranteed/6371319049.html,Easy Qual House Guaranteed Approval,850,las vegas,3,1200,2,,,,
6368839091,2017-11-02 16:34,https://lasvegas.craigslist.org/apa/d/single-story-home-2-bedroom-2/6368839091.html,"Single story home, 2 bedroom 2 bath with den/office in Summerlin",1350,Summerlin,0,0,,36.168368,-115.341425,5,
6371428424,2017-11-02 16:34,https://lasvegas.craigslist.org/apa/d/always-fresh-forever-original/6371428424.html,ALWAYS FRESH. FOREVER ORIGINAL,654,Las  Vegas NV,0,400,1,36.218934,-115.072174,7,5025 Ne1lis Oasis lane Las Vegas NV US
6368738401,2017-11-02 16:34,https://lasvegas.craigslist.org/apa/d/limited-time-specials-for-our/6368738401.html,LIMITED TIME SPECIALS FOR OUR 3 BEDROOMS! MOVE IN TODAY!,1250,the lakes/summerhill pointe,3,1109,2,36.144209,-115.301837,5,9501 w sahara Las Vegas NV US
6371428058,2017-11-02 16:34,https://lasvegas.craigslist.org/apa/d/unique-2-bedroom-1-bath-stop/6371428058.html,Unique 2 Bedroom 1 Bath!! Stop by today and take a tour!!!,875,3501 S MARYLAND PKWY,2,1100,1,,,,
6371427982,2017-11-02 16:33,https://lasvegas.craigslist.org/apa/d/apply-online-and-reserved/6371427982.html,Apply Online and Reserved Your New Home Apartment TODAY!!!,1240,Russell/Tenaya,2,1261,2,36.085400,-115.256600,22,7340 W. Russell Road Las Vegas NV US
6371427379,2017-11-02 16:33,https://lasvegas.craigslist.org/apa/d/all-utilities-included/6371427379.html,All Utilities Included,614,Las Vegas,0,0,,36.215800,-115.067100,22,
6371414152,2017-11-02 16:33,https://lasvegas.craigslist.org/apa/d/henderson-area-apts-save-600/6371414152.html,✨ Henderson Area Apts ✨ Save $600 Today!,1250,St. Rose/Spencer,3,1072,2,35.995900,-115.157600,22,10250 Spencer Street Las Vegas NV US
6371426764,2017-11-02 16:32,https://lasvegas.craigslist.org/apa/d/home-sweet-home/6371426764.html,HOME SWEET HOME,614,las vegas,0,0,,36.215800,-115.067100,22,
6371332598,2017-11-02 16:32,https://lasvegas.craigslist.org/apa/d/4-bed-evictions-ok/6371332598.html,4 Bed Evictions OK,1150,las vegas,4,1500,3,,,,
6371415350,2017-11-02 16:32,https://lasvegas.craigslist.org/apa/d/welcome-to-invitational/6371415350.html,Welcome To Invitational! Everything You Love and More!,965,Invitational Apartments,1,725,1,36.038283,-115.083398,0,
6371415318,2017-11-02 16:32,https://lasvegas.craigslist.org/apa/d/welcome-to-piedmont-springs/6371415318.html,***WELCOME TO PIEDMONT SPRINGS FALL SPECIALS!!,875,,2,1017,2,36.187651,-115.079988,15,
6371426070,2017-11-02 16:32,https://lasvegas.craigslist.org/apa/d/always-fresh-6-to-12-month-99/6371426070.html,ALWAYS FRESH 6 TO 12 MONTH $99. TO $199.,714,Las  Vegas NV,0,400,1,36.218934,-115.072174,7,5025 Ne1lis Oasis lane Las Vegas NV US
6334416341,2017-11-02 16:31,https://lasvegas.craigslist.org/apa/d/amazing-condo-great-location/6334416341.html,Amazing Condo-Great Location (3 bed 2 bath),1175,Southwest,3,1156,2,36.057287,-115.234566,5,Rainbow at Warm Springs Las Vegas NV US
6371425451,2017-11-02 16:31,https://lasvegas.craigslist.org/apa/d/all-utilities-included/6371425451.html,All Utilities Included,614,Las Vegas,0,0,,36.215800,-115.067100,22,
6371425297,2017-11-02 16:31,https://lasvegas.craigslist.org/apa/d/2x2-apartment-with-access-to/6371425297.html,2X2 APARTMENT WITH ACCESS TO A POOL & SPA,1649,"Henderson, NV",2,1263,2,36.011900,-115.043300,22,160 Cielo Abierto Way Henderson NV US
6338295691,2017-11-02 16:31,https://lasvegas.craigslist.org/apa/d/large-private-patios-come-by/6338295691.html,Large Private Patios !! Come By Today To Have A Look!!,855,,1,0,1,,,,
6371413872,2017-11-02 16:30,https://lasvegas.craigslist.org/apa/d/affordable-luxury-rentals-600/6371413872.html,❤ Affordable Luxury Rentals + $600 In Savings!❤❤,1110,St. Rose,2,965,2,35.995900,-115.157600,22,10250 Spencer St Las Vegas NV US
6371414903,2017-11-02 16:30,https://lasvegas.craigslist.org/apa/d/well-appointed-3bed-35bath/6371414903.html,WELL-APPOINTED 3BED/3.5BATH AVAILABLE DEC. 1ST AT ONE LAS VEGAS!,4000,LAS VEGAS BLVD. SOUTH,3,2857,3.5,36.038300,-115.146200,22,
6371424416,2017-11-02 16:30,https://lasvegas.craigslist.org/apa/d/3-sparkling-poolsnewly/6371424416.html,"3 SPARKLING POOLS~NEWLY UPGRADED 1, 2 & 3 BEDROOM APARTMENT HOMES",1335,Southwest,3,1324,2,36.165104,-115.277931,15,4515 S. Durango Drive Las Vegas NV US
6349800337,2017-11-02 16:30,https://lasvegas.craigslist.org/apa/d/call-now-lease-today/6349800337.html,CALL NOW & LEASE TODAY,825,,2,960,2,36.161858,-115.210357,10,901 Brush St. Las Vegas NV US
6371424224,2017-11-02 16:30,https://lasvegas.craigslist.org/apa/d/luxury-living-an-affordable/6371424224.html,🏢Luxury Living @ An Affordable Price!🏢,1110,St. Rose,2,965,2,35.995900,-115.157600,22,10250 Spencer St Las Vegas NV US
6359039351,2017-11-02 16:30,https://lasvegas.craigslist.org/apa/d/300-off-dont-miss-out/6359039351.html,$300 OFF !!!! DON'T MISS OUT!!!,825,,2,960,2,36.161858,-115.210357,10,901 Brush St. Las Vegas NV US
6367182195,2017-11-02 16:30,https://lasvegas.craigslist.org/apa/d/affordable-living-wonderful/6367182195.html,Affordable living! Wonderful floor plans for every budget!,825,,2,960,2,36.161858,-115.210357,10,901 Brush St. Las Vegas NV US
6371423971,2017-11-02 16:30,https://lasvegas.craigslist.org/apa/d/24-hour-fitness-center/6371423971.html,24 Hour Fitness Center,965,1801 N Green Valley Pkwy Hendrson NV,1,725,1,36.038283,-115.083398,10,1801 N Green Valley Pkwy Henderson NV US
6371423815,2017-11-02 16:30,https://lasvegas.craigslist.org/apa/d/luxury-living-an-affordable/6371423815.html,🏢Luxury Living @ An Affordable Price!🏢,1110,St. Rose,2,965,2,35.995900,-115.157600,22,10250 Spencer St Las Vegas NV US
6359037238,2017-11-02 16:30,https://lasvegas.craigslist.org/apa/d/los-mejores-especiales-qui-en/6359037238.html,LOS MEJORES ESPECIALES A QUI EN ALPINE VILLAGE!!,825,,2,960,2,36.161858,-115.210357,10,901 Brush St. Las Vegas NV US
6371395541,2017-11-02 16:29,https://lasvegas.craigslist.org/apa/d/resort-style-swimming-pools/6371395541.html,Resort-style Swimming Pools with a Spa! **MOVE IN SPECIALS (OAC),995,,2,1050,0,36.143300,-115.200400,22,
6371423512,2017-11-02 16:29,https://lasvegas.craigslist.org/apa/d/we-offer-beautiful-newly/6371423512.html,"WE OFFER BEAUTIFUL NEWLY UPGRADED 1, 2 & 3 BEDROOM APT. HOMES",1085,Southwest,2,1101,2,36.165104,-115.277931,15,4515 S. Durango Drive Las Vegas NV US
6371423520,2017-11-02 16:29,https://lasvegas.craigslist.org/apa/d/find-your-place-at-skypointe/6371423520.html,"Find your place at Skypointe! Ask for Daniella, secure your spot today",,Across the street from Centennial Center,0,0,,36.272788,-115.259628,5,Ann Rd at US95N Las Vegas NV US
6371423372,2017-11-02 16:29,https://lasvegas.craigslist.org/apa/d/available-for-immediate-move/6371423372.html,"Available for immediate move in!! Luxury aparments, come visit!!",1369,,2,1219,2,35.995900,-115.157600,22,304 E. Silverrado Ranch blvd. Las Vegas NV US
6371409038,2017-11-02 16:29,https://lasvegas.craigslist.org/apa/d/love-where-you-liveutilities/6371409038.html,LOVE WHERE YOU LIVE!Utilities included! Move in Today!TEXT ME NOW!!!,525,Las Vegas,0,480,1,36.125303,-115.138543,10,1101 DUMONT BLVD Las Vegas NV US
6348558310,2017-11-02 16:29,https://lasvegas.craigslist.org/apa/d/call-now-lease-today/6348558310.html,CALL NOW & LEASE TODAY,1015,,3,1153,2,36.161858,-115.210357,10,901 Brush St. Las Vegas NV US
6367180740,2017-11-02 16:29,https://lasvegas.craigslist.org/apa/d/the-best-in-vegas-alpine/6367180740.html,The BEST in Vegas!! Alpine Village,1005,,3,1153,2,36.161858,-115.210357,10,901 Brush St. Las Vegas NV US
6371422715,2017-11-02 16:29,https://lasvegas.craigslist.org/apa/d/all-utilities-included/6371422715.html,All Utilities Included,614,Las Vegas,0,0,,36.215800,-115.067100,22,
6359037930,2017-11-02 16:29,https://lasvegas.craigslist.org/apa/d/call-now-lease-today/6359037930.html,CALL NOW & LEASE TODAY,825,,2,960,2,36.161858,-115.210357,10,901 Brush St. Las Vegas NV US
6359057703,2017-11-02 16:28,https://lasvegas.craigslist.org/apa/d/this-wont-last-long-300-off/6359057703.html,***This Wont Last Long!!!! $300 OFF MOVE IN!!!,1005,,3,1153,2,36.161858,-115.210357,10,901 Brush St. Las Vegas NV US
6359059197,2017-11-02 16:28,https://lasvegas.craigslist.org/apa/d/start-new-home-here-alpine/6359059197.html,Start a NEW HOME here @ ALPINE VILLAGE!!!!,1005,,3,1153,2,36.161858,-115.210357,10,901 Brush St. Las Vegas NV US
6371422484,2017-11-02 16:28,https://lasvegas.craigslist.org/apa/d/welcome-home-dont-miss-this/6371422484.html,"Welcome Home, Don't Miss This Great Fall Special!!!!! $200 OFF",750,Las Vegas,1,800,1,36.123400,-115.142900,22,Dumont blvd at Maryland Las Vegas NV US
6371422139,2017-11-02 16:28,https://lasvegas.craigslist.org/apa/d/99-move-in-special/6371422139.html,$99 Move In Special!!!,614,Village Square Studios,0,0,1,36.223368,-115.065159,10,5025 Nellisoasis Ln Las Vegas NV US
6371407745,2017-11-02 16:28,https://lasvegas.craigslist.org/apa/d/luxury-living-an-affordable/6371407745.html,✨ Luxury Living @ An Affordable Price ✨,1250,St. Rose/Spencer,3,1072,2,35.995900,-115.157600,22,10250 Spencer Street Las Vegas NV US
6371421160,2017-11-02 16:27,https://lasvegas.craigslist.org/apa/d/new-of-living-at-village/6371421160.html,%%%%%%%%%A NEW OF LIVING AT VILLAGE SQUARE %%%%%%%%%%%%%%%%,604,Las Vegas NV,0,400,1,36.220180,-115.069256,7,5025 Ne1lis Oasis lane Las Vegas NV US
6371420589,2017-11-02 16:27,https://lasvegas.craigslist.org/apa/d/live-your-life-to-the-fullest/6371420589.html,LIVE YOUR LIFE TO THE FULLEST,604,Las Vegas NV,0,400,1,36.220734,-115.071144,7,5025 Ne1lis Oasis lane Las Vegas NV US
6371420488,2017-11-02 16:27,https://lasvegas.craigslist.org/apa/d/full-size-washer-dryer/6371420488.html,FULL-SIZE WASHER & DRYER AVAILABLE IN THIS TWO-BEDROOM APARTMENT,1599,"Henderson, NV",2,1111,2,36.011900,-115.043300,22,160 Cielo Abierto Way Henderson NV US
6371420123,2017-11-02 16:26,https://lasvegas.craigslist.org/apa/d/both-bedrooms-in-this-two/6371420123.html,BOTH BEDROOMS IN THIS TWO-BEDROOM APARTMENT HAVE WALK-IN CLOSETS,1649,"Henderson, NV",2,1240,2,36.011900,-115.043300,22,160 Cielo Abierto Way Henderson NV US
6371420091,2017-11-02 16:26,https://lasvegas.craigslist.org/apa/d/625-sq-ft-1-bed-1-bath-garden/6371420091.html,625 SQ. FT. 1 BED 1 BATH! GARDEN TUB! 5% DISCOUNT,650,5370 E. CRAIG RD,1,625,1,36.240565,-115.056280,10,5370 E. CRAIG RD LAS VEGAS NV US
6371419819,2017-11-02 16:26,https://lasvegas.craigslist.org/apa/d/970-mo-1-bed-1-bath-upstairs/6371419819.html,"***$970/mo, 1 bed 1 bath upstairs, Bright and Airy, Ready Now!***",970,Near Lone Mountain and Majestic Park,1,768,1,36.222931,-115.315586,10,3450 N Hualapai Way Las Vegas NV US
6371419587,2017-11-02 16:26,https://lasvegas.craigslist.org/apa/d/always-fresh-forever-original/6371419587.html,ALWAYS FRESH. FOREVER ORIGINAL,654,Las  Vegas NV,0,400,1,36.218934,-115.072174,7,5025 Ne1lis Oasis lane Las Vegas NV US
6371419365,2017-11-02 16:25,https://lasvegas.craigslist.org/apa/d/gated-community-with-full/6371419365.html,*** Gated Community with full size W/D and beautiful landscaping ***,935,East Sahara,2,1093,2,36.145333,-115.034992,5,East Sahara at Tree Line Las Vegas NV US
6371418789,2017-11-02 16:25,https://lasvegas.craigslist.org/apa/d/visit-eagle-trace-apts-today/6371418789.html,Visit Eagle Trace Apts Today! EAGLE TRACE APTS! Roman Tub! 89115,960,5370 E. Craig Rd,2,1142,2,36.240565,-115.056280,10,
6348908884,2017-11-02 16:25,https://lasvegas.craigslist.org/apa/d/14-students-2-bedroom/6348908884.html,14| Students! 2 Bedroom Apartments Available!!,675,969 East Flamingo Road,2,0,2,36.100800,-115.136500,22,969 East Flamingo Road Las Vegas NV US
6352579164,2017-11-02 16:24,https://lasvegas.craigslist.org/apa/d/12-we-are-leasing-at-the/6352579164.html,12| WE ARE LEASING AT THE POINT ON FLAMINGO APARTMENTS!!,825,939 East Flamingo,2,0,1,36.100800,-115.136500,22,939 East Flamingo Las Vegas NV US
6371418093,2017-11-02 16:24,https://lasvegas.craigslist.org/apa/d/12-3-bedrooms-at-eagle-trace/6371418093.html,"***1,2 & 3 BEDROOMS AT EAGLE TRACE APTS!",855,5370 E. CRAIG RD,2,1058,2,36.240565,-115.056280,10,5370 E CRAIG RD LAS VEGAS NV US
6371417980,2017-11-02 16:24,https://lasvegas.craigslist.org/apa/d/washer-dryer-in-all-units/6371417980.html,Washer & Dryer in ALL UNITS,965,1801 N green valley Pkwy,1,725,1,36.038400,-115.085700,22,
6371404584,2017-11-02 16:23,https://lasvegas.craigslist.org/apa/d/invitational-has-everything/6371404584.html,Invitational Has Everything You Want... And More!!,965,Invitational Apartments,1,725,1,36.038283,-115.083398,0,
6371416954,2017-11-02 16:23,https://lasvegas.craigslist.org/apa/d/call-the-invitational-your/6371416954.html,Call The Invitational Your Home Today.,965,1801 N GREEN VALLEY PKWY,1,725,1,36.038400,-115.085700,22,North Green Valley Parkway Henderson NV US
6371416956,2017-11-02 16:23,https://lasvegas.craigslist.org/apa/d/one-bedroom-apartment-ready/6371416956.html,ONE BEDROOM APARTMENT READY FOR MOVE IN!!!,825,SHELTER COVE,1,700,1,36.141184,-115.208123,10,
6371416622,2017-11-02 16:23,https://lasvegas.craigslist.org/apa/d/12-3-bedrooms-at-eagle-trace/6371416622.html,"1,2 & 3 BEDROOMS AT EAGLE TRACE APTS! 5% SENIOR & MILITARY! FREE RENT!",975,5370 E. CRAIG RD,2,1142,2,36.240565,-115.056280,10,5370 E. CRAIG RD LAS VEGAS NV US
6371407652,2017-11-02 16:23,https://lasvegas.craigslist.org/apa/d/love-where-you-liveutilities/6371407652.html,LOVE WHERE YOU LIVE!Utilities included! Move in Today!TEXT US NOW!!!,625,Las Vegas,1,740,1,36.125303,-115.138543,10,1101 DUMONT BLVD Las Vegas NV US
6371407440,2017-11-02 16:23,https://lasvegas.craigslist.org/apa/d/stunniing-4-br-3-ba-house/6371407440.html,STUNNIING 4 BR 3 BA HOUSE W POOL IN SW AREA,2600,LAS VEGAS,4,2372,2.5,36.147087,-115.310480,10,2113 Marble Gorge Dr Las Vegas NV US
6371415547,2017-11-02 16:22,https://lasvegas.craigslist.org/apa/d/need-place-to-call-home/6371415547.html,NEED A PLACE TO CALL HOME!!,800,,2,850,1,36.181198,-115.186131,20,West Washington Las Vegas NV US
6371415238,2017-11-02 16:22,https://lasvegas.craigslist.org/apa/d/great-move-in-special/6371415238.html,Great Move In Special,605,Las Vegas,1,600,1,36.143300,-115.200400,22,
6371414686,2017-11-02 16:21,https://lasvegas.craigslist.org/apa/d/welcome-home-to-invitational/6371414686.html,Welcome home to Invitational,965,1801 N Green Valley Pkwy,1,725,1,36.038283,-115.083398,10,
6371414542,2017-11-02 16:21,https://lasvegas.craigslist.org/apa/d/80-gallon-roman-tub-eagle/6371414542.html,80 GALLON ROMAN TUB! EAGLE TRACE APTS! 1 BED 1 BATH! 89115,740,5370 E. CRAIG RD,1,807,1,36.240565,-115.056280,10,5370 E. CRAIG RD LAS VEGAS NV US
6371413776,2017-11-02 16:20,https://lasvegas.craigslist.org/apa/d/package-receiving-carports/6371413776.html,"Package receiving, Carports, Disposal, Granite Upgrade 2 Bedroom",1075,Peccole Ranch,2,1029,2,36.142539,-115.306444,10,2601 S. Grand Canyon Dr Las Vegas NV US
6371413502,2017-11-02 16:20,https://lasvegas.craigslist.org/apa/d/hurry-in-1-bedroom-blow-out/6371413502.html,Hurry in 1 bedroom blow out !! great prices  large floor plans,650,,1,0,0,36.180811,-115.221251,10,5904 W Washington Ave Las Vegas NV US
6371413299,2017-11-02 16:20,https://lasvegas.craigslist.org/apa/d/large-pets-are-welcomed-call/6371413299.html,Large Pets Are Welcomed! Call us for more information today!,965,Invitational Apartments,1,725,1,36.038283,-115.083398,10,1801 N Green Valley Parkway Henderson NV US
6371412757,2017-11-02 16:20,https://lasvegas.craigslist.org/apa/d/street-parking-dishwasher/6371412757.html,"Street Parking, Dishwasher, Courtyard, Clubhouse, Concierge Service",850,,2,860,1,36.147142,-115.211747,5,edmond at obannon las vegas NV US
6371392312,2017-11-02 16:19,https://lasvegas.craigslist.org/apa/d/ready-to-lease-3-bedrooms-apt/6371392312.html,🦃🦃Ready To Lease 3 Bedrooms Apt Here @ Orchard Club,849,,3,1148,2,36.148000,-115.040400,22,1220 Tree Line Dr Las Vegas NV US
6371411625,2017-11-02 16:19,https://lasvegas.craigslist.org/apa/d/you-will-love-your-new-home/6371411625.html,You Will Love Your New Home At Sterling Park Waitlist Open,865,,2,912,1,36.138010,-115.117497,5,2800 S. Eastern Avenue Las Vegas NV US
6334408685,2017-11-02 16:17,https://lasvegas.craigslist.org/apa/d/need-2-bedroom-1-bath-paseo/6334408685.html,Need a 2 bedroom 1 bath?? Paseo Del Prado is the HOME for YOU,816,Henderson,2,768,1,36.048879,-114.959316,10,740 E Warm Springs Rd Henderson NV US
6337064776,2017-11-02 16:17,https://lasvegas.craigslist.org/apa/d/stop-look-lease-our-2-bedroom/6337064776.html,Stop. Look. Lease our 2 bedroom Apartments!!!,816,Henderson,2,768,0,36.048879,-114.959316,10,740 E Warm Springs Rd Henderson NV US
6337067005,2017-11-02 16:17,https://lasvegas.craigslist.org/apa/d/come-on-down-and-lease-our-2/6337067005.html,Come on Down and Lease our 2 bedroom apt 1 bath !!,816,Henderson,2,768,1,36.048879,-114.959316,10,740 E Warm Springs Rd Henderson NV US
6371409589,2017-11-02 16:17,https://lasvegas.craigslist.org/apa/d/1262-sq-ft-3-bed-2-bath/6371409589.html,"1,262 SQ. FT. 3 BED 2 BATH! WASHER & DRYER IN UNIT! FREE RENT! 89115",990,5370 E. CRAIG RD,3,1262,2,36.240565,-115.056280,10,5370 E. CRAIG RD LAS VEGAS NV US
6345417887,2017-11-02 16:16,https://lasvegas.craigslist.org/apa/d/dont-miss-it-beautiful-22/6345417887.html,Don't miss it! Beautiful 2+2 condo on South Strip by owner,1300,Las Vegas Blvd,2,1155,2,,,,
6371408561,2017-11-02 16:16,https://lasvegas.craigslist.org/apa/d/look-lease-today/6371408561.html,Look & Lease Today!,862,North Las Vegas,2,1056,2,,,,
6371408527,2017-11-02 16:16,https://lasvegas.craigslist.org/apa/d/apartment-homes-available/6371408527.html,"***Apartment Homes Available Today! 1, 2 and 3 Bedrooms! $750-$1150***",750,5145 Rawhide St,1,0,1,36.089334,-115.061254,22,5145 Rawhide St Las Vegas NV US
6371305129,2017-11-02 16:14,https://lasvegas.craigslist.org/apa/d/4-3-no-need-for-credit/6371305129.html,4/3 No Need for Credit,500,las vegas,4,800,3,,,,
6371375765,2017-11-02 16:14,https://lasvegas.craigslist.org/apa/d/discover-affordable-luxury/6371375765.html,✨Discover Affordable Luxury Living✨ Save $600 Today!,1250,St. Rose/Spencer,3,1072,2,35.995900,-115.157600,22,10250 Spencer Street Las Vegas NV US
6371405956,2017-11-02 16:13,https://lasvegas.craigslist.org/apa/d/gorgeous-apartments-in-the-of/6371405956.html,Gorgeous Apartments! In the ♥ of downtown! CALL/TEXT today!,575,110 N. 15th Street,1,520,1,36.165207,-115.128490,5,110 N 15th St at Ogden and Fremont Las Vegas NV US
6371405751,2017-11-02 16:13,https://lasvegas.craigslist.org/apa/d/spacious-2-story-2bdrm/6371405751.html,Spacious 2 Story 2BDRM Townhome with $300 Off Move In! Apt#1217,1350,Summerlin,2,1097,2.5,36.120571,-115.297787,15,9999 West Katie Avenue Las Vegas NV US
6371405280,2017-11-02 16:13,https://lasvegas.craigslist.org/apa/d/we-do-online-applications/6371405280.html,We Do Online Applications!,965,Invitational Apartments,1,725,1,36.038283,-115.083398,10,1801 N Green Valley Parkway Henderson NV US
6371387596,2017-11-02 16:12,https://lasvegas.craigslist.org/apa/d/gated-community-200-off-oac/6371387596.html,Gated Community! -$200 Off (OAC) * Call Gesselle,795,,1,750,0,36.143300,-115.200400,22,
6371404321,2017-11-02 16:12,https://lasvegas.craigslist.org/apa/d/convenient-location-upgraded/6371404321.html,"Convenient Location, Upgraded Countertops, Air Conditioning, BBQ Area",1119,Henderson,2,888,2,36.034724,-115.097020,10,2501 Wigwam Pkwy. Henderson NV US
6371404194,2017-11-02 16:12,https://lasvegas.craigslist.org/apa/d/apply-today-500-off-december/6371404194.html,APPLY TODAY !!! $500 OFF DECEMBER!! CALL TODAY,755,,1,807,1,36.215800,-115.067100,22,
6362021773,2017-11-02 16:12,https://lasvegas.craigslist.org/apa/d/2x2-bedroom-one-story/6362021773.html,2X2 Bedroom One Story Apartment!!!,960,,2,0,2,,,,
6371396960,2017-11-02 16:12,https://lasvegas.craigslist.org/apa/d/villas-east-ready-december/6371396960.html,Villas East (Ready December),715,5055 East Charleston Blvd.,2,0,2,,,,
6371403854,2017-11-02 16:12,https://lasvegas.craigslist.org/apa/d/walk-ins-are-welcome/6371403854.html,Walk In's are Welcome!,965,1801 N Green Valley Pkwy Hendrson NV,1,725,1,36.038283,-115.083398,10,1801 N Green Valley Pkwy Henderson NV US
6337977346,2017-11-02 16:12,https://lasvegas.craigslist.org/apa/d/fantastic-1-bedroom-one-story/6337977346.html,FANTASTIC 1 Bedroom One Story Apartment!!,855,,1,0,1,,,,
6348908884,2017-11-02 16:25,https://lasvegas.craigslist.org/apa/d/14-students-2-bedroom/6348908884.html,14| Students! 2 Bedroom Apartments Available!!,675,969 East Flamingo Road,2,0,2,36.100800,-115.136500,22,969 East Flamingo Road Las Vegas NV US
6352579164,2017-11-02 16:24,https://lasvegas.craigslist.org/apa/d/12-we-are-leasing-at-the/6352579164.html,12| WE ARE LEASING AT THE POINT ON FLAMINGO APARTMENTS!!,825,939 East Flamingo,2,0,1,36.100800,-115.136500,22,939 East Flamingo Las Vegas NV US
6371418093,2017-11-02 16:24,https://lasvegas.craigslist.org/apa/d/12-3-bedrooms-at-eagle-trace/6371418093.html,"***1,2 & 3 BEDROOMS AT EAGLE TRACE APTS!",855,5370 E. CRAIG RD,2,1058,2,36.240565,-115.056280,10,5370 E CRAIG RD LAS VEGAS NV US
6371417980,2017-11-02 16:24,https://lasvegas.craigslist.org/apa/d/washer-dryer-in-all-units/6371417980.html,Washer & Dryer in ALL UNITS,965,1801 N green valley Pkwy,1,725,1,36.038400,-115.085700,22,
6371404584,2017-11-02 16:23,https://lasvegas.craigslist.org/apa/d/invitational-has-everything/6371404584.html,Invitational Has Everything You Want... And More!!,965,Invitational Apartments,1,725,1,36.038283,-115.083398,0,
6371416954,2017-11-02 16:23,https://lasvegas.craigslist.org/apa/d/call-the-invitational-your/6371416954.html,Call The Invitational Your Home Today.,965,1801 N GREEN VALLEY PKWY,1,725,1,36.038400,-115.085700,22,North Green Valley Parkway Henderson NV US
6371416956,2017-11-02 16:23,https://lasvegas.craigslist.org/apa/d/one-bedroom-apartment-ready/6371416956.html,ONE BEDROOM APARTMENT READY FOR MOVE IN!!!,825,SHELTER COVE,1,700,1,36.141184,-115.208123,10,
6371416622,2017-11-02 16:23,https://lasvegas.craigslist.org/apa/d/12-3-bedrooms-at-eagle-trace/6371416622.html,"1,2 & 3 BEDROOMS AT EAGLE TRACE APTS! 5% SENIOR & MILITARY! FREE RENT!",975,5370 E. CRAIG RD,2,1142,2,36.240565,-115.056280,10,5370 E. CRAIG RD LAS VEGAS NV US
6371407652,2017-11-02 16:23,https://lasvegas.craigslist.org/apa/d/love-where-you-liveutilities/6371407652.html,LOVE WHERE YOU LIVE!Utilities included! Move in Today!TEXT US NOW!!!,625,Las Vegas,1,740,1,36.125303,-115.138543,10,1101 DUMONT BLVD Las Vegas NV US
6371407440,2017-11-02 16:23,https://lasvegas.craigslist.org/apa/d/stunniing-4-br-3-ba-house/6371407440.html,STUNNIING 4 BR 3 BA HOUSE W POOL IN SW AREA,2600,LAS VEGAS,4,2372,2.5,36.147087,-115.310480,10,2113 Marble Gorge Dr Las Vegas NV US
6371415547,2017-11-02 16:22,https://lasvegas.craigslist.org/apa/d/need-place-to-call-home/6371415547.html,NEED A PLACE TO CALL HOME!!,800,,2,850,1,36.181198,-115.186131,20,West Washington Las Vegas NV US
6371415238,2017-11-02 16:22,https://lasvegas.craigslist.org/apa/d/great-move-in-special/6371415238.html,Great Move In Special,605,Las Vegas,1,600,1,36.143300,-115.200400,22,
6371414686,2017-11-02 16:21,https://lasvegas.craigslist.org/apa/d/welcome-home-to-invitational/6371414686.html,Welcome home to Invitational,965,1801 N Green Valley Pkwy,1,725,1,36.038283,-115.083398,10,
6371414542,2017-11-02 16:21,https://lasvegas.craigslist.org/apa/d/80-gallon-roman-tub-eagle/6371414542.html,80 GALLON ROMAN TUB! EAGLE TRACE APTS! 1 BED 1 BATH! 89115,740,5370 E. CRAIG RD,1,807,1,36.240565,-115.056280,10,5370 E. CRAIG RD LAS VEGAS NV US
6371413776,2017-11-02 16:20,https://lasvegas.craigslist.org/apa/d/package-receiving-carports/6371413776.html,"Package receiving, Carports, Disposal, Granite Upgrade 2 Bedroom",1075,Peccole Ranch,2,1029,2,36.142539,-115.306444,10,2601 S. Grand Canyon Dr Las Vegas NV US
6371413502,2017-11-02 16:20,https://lasvegas.craigslist.org/apa/d/hurry-in-1-bedroom-blow-out/6371413502.html,Hurry in 1 bedroom blow out !! great prices  large floor plans,650,,1,0,0,36.180811,-115.221251,10,5904 W Washington Ave Las Vegas NV US
6371413299,2017-11-02 16:20,https://lasvegas.craigslist.org/apa/d/large-pets-are-welcomed-call/6371413299.html,Large Pets Are Welcomed! Call us for more information today!,965,Invitational Apartments,1,725,1,36.038283,-115.083398,10,1801 N Green Valley Parkway Henderson NV US
6371412757,2017-11-02 16:20,https://lasvegas.craigslist.org/apa/d/street-parking-dishwasher/6371412757.html,"Street Parking, Dishwasher, Courtyard, Clubhouse, Concierge Service",850,,2,860,1,36.147142,-115.211747,5,edmond at obannon las vegas NV US
6371392312,2017-11-02 16:19,https://lasvegas.craigslist.org/apa/d/ready-to-lease-3-bedrooms-apt/6371392312.html,🦃🦃Ready To Lease 3 Bedrooms Apt Here @ Orchard Club,849,,3,1148,2,36.148000,-115.040400,22,1220 Tree Line Dr Las Vegas NV US
6371411625,2017-11-02 16:19,https://lasvegas.craigslist.org/apa/d/you-will-love-your-new-home/6371411625.html,You Will Love Your New Home At Sterling Park Waitlist Open,865,,2,912,1,36.138010,-115.117497,5,2800 S. Eastern Avenue Las Vegas NV US
6334408685,2017-11-02 16:17,https://lasvegas.craigslist.org/apa/d/need-2-bedroom-1-bath-paseo/6334408685.html,Need a 2 bedroom 1 bath?? Paseo Del Prado is the HOME for YOU,816,Henderson,2,768,1,36.048879,-114.959316,10,740 E Warm Springs Rd Henderson NV US
6337064776,2017-11-02 16:17,https://lasvegas.craigslist.org/apa/d/stop-look-lease-our-2-bedroom/6337064776.html,Stop. Look. Lease our 2 bedroom Apartments!!!,816,Henderson,2,768,0,36.048879,-114.959316,10,740 E Warm Springs Rd Henderson NV US
6337067005,2017-11-02 16:17,https://lasvegas.craigslist.org/apa/d/come-on-down-and-lease-our-2/6337067005.html,Come on Down and Lease our 2 bedroom apt 1 bath !!,816,Henderson,2,768,1,36.048879,-114.959316,10,740 E Warm Springs Rd Henderson NV US
6371409589,2017-11-02 16:17,https://lasvegas.craigslist.org/apa/d/1262-sq-ft-3-bed-2-bath/6371409589.html,"1,262 SQ. FT. 3 BED 2 BATH! WASHER & DRYER IN UNIT! FREE RENT! 89115",990,5370 E. CRAIG RD,3,1262,2,36.240565,-115.056280,10,5370 E. CRAIG RD LAS VEGAS NV US
6345417887,2017-11-02 16:16,https://lasvegas.craigslist.org/apa/d/dont-miss-it-beautiful-22/6345417887.html,Don't miss it! Beautiful 2+2 condo on South Strip by owner,1300,Las Vegas Blvd,2,1155,2,,,,
6371408561,2017-11-02 16:16,https://lasvegas.craigslist.org/apa/d/look-lease-today/6371408561.html,Look & Lease Today!,862,North Las Vegas,2,1056,2,,,,
6371408527,2017-11-02 16:16,https://lasvegas.craigslist.org/apa/d/apartment-homes-available/6371408527.html,"***Apartment Homes Available Today! 1, 2 and 3 Bedrooms! $750-$1150***",750,5145 Rawhide St,1,0,1,36.089334,-115.061254,22,5145 Rawhide St Las Vegas NV US
6371305129,2017-11-02 16:14,https://lasvegas.craigslist.org/apa/d/4-3-no-need-for-credit/6371305129.html,4/3 No Need for Credit,500,las vegas,4,800,3,,,,
6371375765,2017-11-02 16:14,https://lasvegas.craigslist.org/apa/d/discover-affordable-luxury/6371375765.html,✨Discover Affordable Luxury Living✨ Save $600 Today!,1250,St. Rose/Spencer,3,1072,2,35.995900,-115.157600,22,10250 Spencer Street Las Vegas NV US
6371405956,2017-11-02 16:13,https://lasvegas.craigslist.org/apa/d/gorgeous-apartments-in-the-of/6371405956.html,Gorgeous Apartments! In the ♥ of downtown! CALL/TEXT today!,575,110 N. 15th Street,1,520,1,36.165207,-115.128490,5,110 N 15th St at Ogden and Fremont Las Vegas NV US
6371405751,2017-11-02 16:13,https://lasvegas.craigslist.org/apa/d/spacious-2-story-2bdrm/6371405751.html,Spacious 2 Story 2BDRM Townhome with $300 Off Move In! Apt#1217,1350,Summerlin,2,1097,2.5,36.120571,-115.297787,15,9999 West Katie Avenue Las Vegas NV US
6371405280,2017-11-02 16:13,https://lasvegas.craigslist.org/apa/d/we-do-online-applications/6371405280.html,We Do Online Applications!,965,Invitational Apartments,1,725,1,36.038283,-115.083398,10,1801 N Green Valley Parkway Henderson NV US
6371387596,2017-11-02 16:12,https://lasvegas.craigslist.org/apa/d/gated-community-200-off-oac/6371387596.html,Gated Community! -$200 Off (OAC) * Call Gesselle,795,,1,750,0,36.143300,-115.200400,22,
6371404321,2017-11-02 16:12,https://lasvegas.craigslist.org/apa/d/convenient-location-upgraded/6371404321.html,"Convenient Location, Upgraded Countertops, Air Conditioning, BBQ Area",1119,Henderson,2,888,2,36.034724,-115.097020,10,2501 Wigwam Pkwy. Henderson NV US
6371404194,2017-11-02 16:12,https://lasvegas.craigslist.org/apa/d/apply-today-500-off-december/6371404194.html,APPLY TODAY !!! $500 OFF DECEMBER!! CALL TODAY,755,,1,807,1,36.215800,-115.067100,22,
6362021773,2017-11-02 16:12,https://lasvegas.craigslist.org/apa/d/2x2-bedroom-one-story/6362021773.html,2X2 Bedroom One Story Apartment!!!,960,,2,0,2,,,,
6371396960,2017-11-02 16:12,https://lasvegas.craigslist.org/apa/d/villas-east-ready-december/6371396960.html,Villas East (Ready December),715,5055 East Charleston Blvd.,2,0,2,,,,
6371403854,2017-11-02 16:12,https://lasvegas.craigslist.org/apa/d/walk-ins-are-welcome/6371403854.html,Walk In's are Welcome!,965,1801 N Green Valley Pkwy Hendrson NV,1,725,1,36.038283,-115.083398,10,1801 N Green Valley Pkwy Henderson NV US
6337977346,2017-11-02 16:12,https://lasvegas.craigslist.org/apa/d/fantastic-1-bedroom-one-story/6337977346.html,FANTASTIC 1 Bedroom One Story Apartment!!,855,,1,0,1,,,,
6338005922,2017-11-02 16:11,https://lasvegas.craigslist.org/apa/d/looklooklook/6338005922.html,***LOOK***LOOK***LOOK,855,,1,0,1,,,,
6371403561,2017-11-02 16:11,https://lasvegas.craigslist.org/apa/d/home-is-calling-you/6371403561.html,HOME IS CALLING YOU!!!,682,740 east warm springs,1,652,1,36.035700,-114.971800,22,
6371403380,2017-11-02 16:11,https://lasvegas.craigslist.org/apa/d/come-stay-in-our-beautiful/6371403380.html,Come stay in our beautiful community at Skyline Villas! Close distance from the,875,3501 S MARYLAND PKWY,2,1100,1,,,,
6362141545,2017-11-02 16:11,https://lasvegas.craigslist.org/apa/d/all-one-level2-bedroom-apt/6362141545.html,*****All One Level*****2 Bedroom Apt Homes*****,960,,2,0,2,,,,
6371403246,2017-11-02 16:11,https://lasvegas.craigslist.org/apa/d/large-pets-are-welcomed-call/6371403246.html,Large Pets Are Welcomed! Call us for more information today!,965,Invitational Apartments,1,725,1,36.038283,-115.083398,10,1801 N Green Valley Parkway Henderson NV US
6371403144,2017-11-02 16:11,https://lasvegas.craigslist.org/apa/d/unique-2-bedroom-1-bath-stop/6371403144.html,Unique 2 Bedroom 1 Bath!! Stop by today and take a tour!!!,875,3501 S MARYLAND PKWY,2,1100,1,,,,
6334268986,2017-11-02 16:11,https://lasvegas.craigslist.org/apa/d/luxury-condo-wont-last-long-3/6334268986.html,"Luxury Condo, Won't Last Long (3 Bed 2 Bath)",1175,Southwest,3,1156,2,36.057842,-115.233879,5,Rainbow at Warm Springs Las Vegas NV US
6364042996,2017-11-02 16:11,https://lasvegas.craigslist.org/apa/d/2-bedroom-for-rent/6364042996.html,2 Bedroom For Rent,450,SW Las Vegas,2,0,1,36.012900,-115.211800,22,
6371402482,2017-11-02 16:10,https://lasvegas.craigslist.org/apa/d/move-in-to-our-spacious-1/6371402482.html,Move in to our Spacious 1 Bedroom Town Homes!,700,,1,730,1,36.210685,-115.109630,10,2816 Kim lane North Las Vegas NV US
6371402054,2017-11-02 16:10,https://lasvegas.craigslist.org/apa/d/tour-our-beautiful-one/6371402054.html,Tour our Beautiful One Bedroom Apartment Home today!,965,1801 N Green Valley Pkwy Hendrson NV,1,725,1,36.038283,-115.083398,10,1801 N Green Valley Pkwy Henderson NV US
6371401357,2017-11-02 16:09,https://lasvegas.craigslist.org/apa/d/home-sweet-home/6371401357.html,HOME SWEET HOME,614,las vegas,0,0,,36.215800,-115.067100,22,
6371400685,2017-11-02 16:09,https://lasvegas.craigslist.org/apa/d/proper-desing-smartly-priced/6371400685.html,PROPER DESING. SMARTLY PRICED READY FOR MOVE IN,554,Las  Vegas NV,0,400,1,36.215800,-115.067100,22,5025 Ne1lis Oasis lane Las Vegas NV US
6371399827,2017-11-02 16:08,https://lasvegas.craigslist.org/apa/d/move-in-to-our-spacious-1/6371399827.html,Move in to our Spacious 1 Bedroom Town Homes!,700,,1,730,1,36.210685,-115.109630,10,2816 Kim lane North Las Vegas NV US
6371390965,2017-11-02 16:08,https://lasvegas.craigslist.org/apa/d/24-hour-pool-24-hour-fitness/6371390965.html,"24 HOUR POOL, 24 HOUR FITNESS AND AWESOME CUSTOMER SERVICE!!!",875,SAHARA/DECATUR,1,700,1,36.141184,-115.208123,10,
6371399186,2017-11-02 16:08,https://lasvegas.craigslist.org/apa/d/still-time-to-reserve-399/6371399186.html,Still Time to Reserve a $399 Move In (O.A.C.)!!!,1089,Northwest,3,1104,2,36.184700,-115.161700,22,Lake Mead at Simmons Las Vegas NV US
6371383103,2017-11-02 16:07,https://lasvegas.craigslist.org/apa/d/3bed-1bath-recently-renovated/6371383103.html,3Bed/1Bath Recently Renovated Home $950 Rent - NO CREDIT CHECK,950,Near Strip,3,0,1,36.152000,-115.109200,22,Santa Clara at N. Las Vegas Blvd Las Vegas NV US
6371398804,2017-11-02 16:07,https://lasvegas.craigslist.org/apa/d/look-no-further-and-come-in/6371398804.html,Look No Further And Come In Today,935,NW Las Vegas,2,1027,2,36.201575,-115.246791,10,2300 Rock Springs Drive Las Vegas NV US
6371398416,2017-11-02 16:07,https://lasvegas.craigslist.org/apa/d/home-sweet-home/6371398416.html,HOME SWEET HOME,614,las vegas,0,0,,36.215800,-115.067100,22,
6371398235,2017-11-02 16:07,https://lasvegas.craigslist.org/apa/d/stop-looking-call-now-app-fee/6371398235.html,STOP LOOKING CALL NOW App Fee $45,750,,1,700,1,36.188224,-115.204376,10,4600 Vegas Drive Las Vegas NV US
6371398057,2017-11-02 16:07,https://lasvegas.craigslist.org/apa/d/rain-or-shine-you-can-always/6371398057.html,Rain or shine you can always lease online!,1055,2251 South Fort Apache Rd,1,700,1,,,,
6371397523,2017-11-02 16:06,https://lasvegas.craigslist.org/apa/d/services-with-lifestyle/6371397523.html,SERVICES WITH LIFESTYLE,604,Las  Vegas NV,0,400,1,36.215800,-115.067100,22,5025 Ne1lis Oasis lane Las Vegas NV US
6371397502,2017-11-02 16:06,https://lasvegas.craigslist.org/apa/d/move-in-to-our-single-level-1/6371397502.html,Move in to our Single-Level 1 Bedrooms!,800,,1,730,1,36.210685,-115.109630,10,2816 Kim lane North Las Vegas NV US
6371397387,2017-11-02 16:06,https://lasvegas.craigslist.org/apa/d/beautiful-homes-move-in-today/6371397387.html,"BEAUTIFUL HOMES, MOVE IN TODAY!!!",855,Las Vegas,1,700,1,,,,
6371397355,2017-11-02 16:06,https://lasvegas.craigslist.org/apa/d/highly-desired-community-in/6371397355.html,*Highly Desired Community in Fantastic Central Location!!,855,HIDDEN COVE,1,700,1,,,,
6371397298,2017-11-02 16:06,https://lasvegas.craigslist.org/apa/d/beautiful-homes-move-in-today/6371397298.html,"BEAUTIFUL HOMES, MOVE IN TODAY!!!",855,Las Vegas,1,700,1,,,,
6371397261,2017-11-02 16:06,https://lasvegas.craigslist.org/apa/d/dazzling-one-bedroom-home/6371397261.html,*DAZZLING ONE BEDROOM HOME!!!!!!!!!,855,HIDDEN COVE,1,700,1,,,,
6371397232,2017-11-02 16:06,https://lasvegas.craigslist.org/apa/d/dazzling-one-bedroom-home/6371397232.html,*DAZZLING ONE BEDROOM HOME!!!!!!!!!,855,HIDDEN COVE,1,700,1,,,,
6345958770,2017-11-02 16:06,https://lasvegas.craigslist.org/apa/d/come-take-tour-with-us/6345958770.html,**COME TAKE A TOUR WITH US**,780,,1,800,1,36.166219,-115.159597,15,3330N LAS VEGAS LAS VEGAS NV US
6371397014,2017-11-02 16:06,https://lasvegas.craigslist.org/apa/d/huge-roman-tubs-huge-walk-in/6371397014.html,HUGE ROMAN TUBS ! HUGE WALK IN CLOSETS ! COME SEE US TODAY!!!,855,5370 E. Craig Rd,2,1058,2,36.240401,-115.069516,20,
6364842412,2017-11-02 16:06,https://lasvegas.craigslist.org/apa/d/call-in-today-get-leased/6364842412.html,CALL IN TODAY GET LEASED TOMORROW,682,Henderson,0,652,,36.048879,-114.959316,10,740 E Warm Springs Rd Henderson NV US
6345968815,2017-11-02 16:06,https://lasvegas.craigslist.org/apa/d/cheyenne-trails-apartments/6345968815.html,**CHEYENNE TRAILS APARTMENTS**,780,,1,800,1,36.166219,-115.159597,15,3330 N LAS VEGAS LAS VEGAS NV US
6371396603,2017-11-02 16:05,https://lasvegas.craigslist.org/apa/d/live-your-life-to-the-fullest/6371396603.html,LIVE YOUR LIFE TO THE FULLEST,604,Las Vegas NV,0,400,1,36.220734,-115.071144,7,5025 Ne1lis Oasis lane Las Vegas NV US
6345968525,2017-11-02 16:05,https://lasvegas.craigslist.org/apa/d/moving-in-october/6345968525.html,**MOVING IN OCTOBER??**,780,,1,800,1,36.166219,-115.159597,15,3330 N LAS VEGAS LAS VEGAS NV US
6371335029,2017-11-02 16:05,https://lasvegas.craigslist.org/apa/d/renovated-1x1-apartments/6371335029.html,RENOVATED 1X1 APARTMENTS @ SANDPIPER >>ASK FOR GESSELLE<<,795,,1,750,0,36.143300,-115.200400,22,
6371396397,2017-11-02 16:05,https://lasvegas.craigslist.org/apa/d/welcome-home/6371396397.html,Welcome HOME!,965,1801 N Green Valley Pkwy Hendrson NV,1,725,1,36.038283,-115.083398,10,1801 N Green Valley Pkwy Henderson NV US
6345870328,2017-11-02 16:05,https://lasvegas.craigslist.org/apa/d/cheyenne-trails/6345870328.html,**CHEYENNE TRAILS**,780,,1,800,1,36.166219,-115.159597,15,3330 N LAS VEGAS LAS VEGAS NV US
6333074350,2017-11-02 16:05,https://lasvegas.craigslist.org/apa/d/gated-community/6333074350.html,GATED COMMUNITY,780,,1,800,1,36.215800,-115.067100,22,
6371395914,2017-11-02 16:05,https://lasvegas.craigslist.org/apa/d/tour-our-community-today/6371395914.html,Tour our Community Today!,965,1801 N Green Valley Pkwy Hendrson NV,1,725,1,36.038283,-115.083398,10,1801 N Green Valley Pkwy Henderson NV US
6364404186,2017-11-02 16:05,https://lasvegas.craigslist.org/apa/d/stop-looking-and-take-tour/6364404186.html,***STOP LOOKING AND TAKE A TOUR WITH US**,780,,1,800,1,36.145271,-115.170339,15,3330 N LAS VEGAS LAS VEGAS NV US
6371395661,2017-11-02 16:05,https://lasvegas.craigslist.org/apa/d/apply-today-500-off-of/6371395661.html,APPLY TODAY !!! $500 OFF OF DECEMBER,755,,1,807,1,36.215800,-115.067100,22,
6368855529,2017-11-02 16:04,https://lasvegas.craigslist.org/apa/d/gated-community-with-many/6368855529.html,Gated Community with many amenities♥,835,,2,945,2,36.172100,-115.122400,22,
6371395191,2017-11-02 16:04,https://lasvegas.craigslist.org/apa/d/dog-park-24-hour-emergency/6371395191.html,"Dog Park, 24 Hour Emergency Maintenance, Whirlpool Appliances",1355,,2,0,2,,,,
6371394862,2017-11-02 16:04,https://lasvegas.craigslist.org/apa/d/move-in-today-and-get-1-month/6371394862.html,Move in today and get 1 Month FREE!!! Cable & Internet Ready,920,,1,832,1,36.245000,-115.274300,22,
6368867880,2017-11-02 16:04,https://lasvegas.craigslist.org/apa/d/just-in-time-for-new-home/6368867880.html,Just in time for a new home ♥,685,,1,550,1,36.172100,-115.122400,22,
6371381209,2017-11-02 16:04,https://lasvegas.craigslist.org/apa/d/one-bedroom-ready-for-you/6371381209.html,ONE BEDROOM READY FOR YOU!!!,810,SAHARA/DECATUR,1,700,1,36.143300,-115.200400,22,
6371394361,2017-11-02 16:04,https://lasvegas.craigslist.org/apa/d/beautiful-house-in-gated/6371394361.html,Beautiful house in a gated community with pools,1295,LAS VEGAS,3,1600,2.5,36.219939,-115.323342,20,Bent Willow Ave at Hualapai Las Vegas NV US
6360406038,2017-11-02 16:03,https://lasvegas.craigslist.org/apa/d/assigned-covered-parking/6360406038.html,"Assigned, Covered Parking Spaces, Fireplace, Vaulted ceilings",895,"8301 West Flamingo Road , Las Vegas, NV 89147",1,745,1,36.112800,-115.280100,5,8301 West Flamingo RoadÂ  Las Vegas NV US
6371393313,2017-11-02 16:02,https://lasvegas.craigslist.org/apa/d/amazing-one-bedrooms-hidden/6371393313.html,*Amazing one Bedrooms!!!!!@ Hidden Cove,855,HIDDEN COVE,1,700,1,,,,
6371393286,2017-11-02 16:02,https://lasvegas.craigslist.org/apa/d/fantastic-resort-style/6371393286.html,"*Fantastic Resort Style Community!  Gorgeous Pool, Great Amenities!",855,HIDDEN COVE,1,700,1,,,,
6371393252,2017-11-02 16:02,https://lasvegas.craigslist.org/apa/d/come-home-to-invitational/6371393252.html,Come HOME to Invitational!,965,1801 N Green Valley Pkwy Hendrson NV,1,725,1,36.038400,-115.085700,22,1801 N Green Valley Pkwy Henderson NV US
6371393254,2017-11-02 16:02,https://lasvegas.craigslist.org/apa/d/beautiful-homes-move-in-today/6371393254.html,"BEAUTIFUL HOMES, MOVE IN TODAY!!!",855,Las Vegas,1,700,1,,,,
6371393230,2017-11-02 16:02,https://lasvegas.craigslist.org/apa/d/fantastic-resort-style/6371393230.html,"*Fantastic Resort Style Community!  Gorgeous Pool, Great Amenities!",855,HIDDEN COVE,1,700,1,,,,
6371393197,2017-11-02 16:02,https://lasvegas.craigslist.org/apa/d/washer-dryer-new-dog-park/6371393197.html,"WASHER & DRYER! NEW DOG PARK, FITNESS CENTER, CLUB HOUSE*GATED*",730,1200 W Cheyenne Ave,0,700,1,36.217732,-115.165773,15,1200 W Cheyenne Ave North Las Vegas NV US
6371393200,2017-11-02 16:02,https://lasvegas.craigslist.org/apa/d/highly-desired-community-in/6371393200.html,*Highly Desired Community in Fantastic Central Location!!,855,HIDDEN COVE,1,700,1,,,,
6371378274,2017-11-02 16:01,https://lasvegas.craigslist.org/apa/d/wow-only-849-three-bedrooms/6371378274.html,🦃🦃Wow Only $849 Three Bedrooms Apt Here @ Orchard Club Apt,849,,3,1148,2,36.148000,-115.040400,22,1220 Tree Line Dr Las Vegas NV US
6371391943,2017-11-02 16:01,https://lasvegas.craigslist.org/apa/d/last-available-furnished/6371391943.html,Last Available- Furnished Studio Only $159/WK- Move In Today!!!,159,1525 E. Fremont,1,500,1,36.164201,-115.128960,10,1525 E. Fremont Las Vegas NV US
6371357419,2017-11-02 16:01,https://lasvegas.craigslist.org/apa/d/minutes-from-the-district/6371357419.html,Minutes from The District!!,1100,Henderson,2,1035,2,36.038400,-115.085700,22,1895 N Green Valley Henderson NV US
