pid,dt,url,title,price,neighb,beds,sqft,baths,lat,lng,accuracy,address
6371312853,2017-11-02 16:55,https://lawrence.craigslist.org/apa/d/100-off-december-rent/6371312853.html,$100 off December rent!!!,780,Aberdeen Apartments,2,1000,2,38.941053,-95.306590,5,2300 w wakarusa dr lawrence KS US
6371308924,2017-11-02 16:52,https://lawrence.craigslist.org/apa/d/100-off-december-rent/6371308924.html,$100 off December rent!,650,Aberdeen Apartments,1,770,1,38.941603,-95.304465,5,2300 w wakarusa dr lawrence KS US
6332967465,2017-11-02 16:43,https://lawrence.craigslist.org/apa/d/where-luxury-meets/6332967465.html,~Where Luxury meets Affordability~Move in Ready~  November Rent Free,899,Lawrence,2,800,1,38.970070,-95.293629,5,4641 W 6th St Lawrence KS US
6371284445,2017-11-02 16:33,https://lawrence.craigslist.org/apa/d/no-rent-until-2018-on-2br/6371284445.html,NO RENT until 2018 on 2BR Townhouse!!!,880,2500W 6th St,2,1024,1.5,38.970400,-95.276900,22,2500 Lawrence KS US
6371277485,2017-11-02 16:28,https://lawrence.craigslist.org/apa/d/no-rent-until-2018-on-2br/6371277485.html,NO RENT until 2018 on  2BR Apartment!!!,603,2500 W 6th St,2,600,1,38.970400,-95.276900,22,2500 Lawrence KS US
6369348969,2017-11-02 16:07,https://lawrence.craigslist.org/apa/d/winter-is-coming-and-so-is-1/6369348969.html,Winter Is Coming... And So Is A 1 Bedroom Plus Den!,620,Lawrence,1,725,1,38.979729,-95.256143,5,mount hope court at second street lawrence KS US
6371243218,2017-11-02 16:03,https://lawrence.craigslist.org/apa/d/remodeled-4-bed-2-bath-avail/6371243218.html,"Remodeled 4 Bed 2 Bath Avail NOV! Hardwood Flooring, Pool",1250,No App Fee & Deposit Specials ==> Holiday Apartments,4,1250,2,38.979679,-95.255971,7,211 Mount Hope Court lawrence KS US
6371225891,2017-11-02 16:03,https://lawrence.craigslist.org/apa/d/utilities-and-internet/6371225891.html,⇦ UTILITIES AND INTERNET INCLUDED ♥ PET FRIENDLY ⇨,795,Eddingham Place,2,0,1,38.941219,-95.253117,5,Eddingham Dr. at 24th St. Lawrence KS US
6371231299,2017-11-02 16:02,https://lawrence.craigslist.org/apa/d/room-for-rent-all-inclusive/6371231299.html,★★ ROOM FOR RENT ♥♥ ALL INCLUSIVE ★★,475,Eddingham Place,1,0,1,38.941203,-95.253010,5,Eddingham Dr. at 24th St. Lawrence KS US
6371241682,2017-11-02 16:02,https://lawrence.craigslist.org/apa/d/updated-3-bed-2-bath-den/6371241682.html,UPDATED 3 BED 2 BATH + DEN Apartment,1250,Holiday Apartments,3,1250,2,38.979161,-95.255649,7,Mount Hope Court at 2nd St Lawrence KS US
