pid,dt,url,title,price,neighb,beds,sqft,baths,lat,lng,accuracy,address
6371315923,2017-11-02 16:58,https://lawton.craigslist.org/apa/d/fall-in-great-specials-at/6371315923.html,Fall In Great Specials At Sheridan Square!!!,565,Lawton,2,828,2,34.613926,-98.423595,7,402 NW Sheridan RD Lawton OK US
6371315522,2017-11-02 16:57,https://lawton.craigslist.org/apa/d/pre-lease-your-next-studio/6371315522.html,Pre-Lease Your Next Studio Today!!!,465,Lawton,0,440,1,34.613873,-98.423488,7,402 NW Sheridan RD Lawton OK US
6371315116,2017-11-02 16:57,https://lawton.craigslist.org/apa/d/great-saving-at-sheridan/6371315116.html,Great Saving At Sheridan Square!!!,625,Lawton,2,828,2,34.614055,-98.422366,10,402 NW Sheridan Rd Lawton OK US
6371294194,2017-11-02 16:41,https://lawton.craigslist.org/apa/d/only-one-furnished-bedroom/6371294194.html,ONLY ONE FURNISHED BEDROOM LEFT,700,Lawton,1,676,1,34.617900,-98.455200,22,"2202 S.W B Ave Lawton, OK US"
6371293313,2017-11-02 16:40,https://lawton.craigslist.org/apa/d/new-low-price-for-1-bedrooms/6371293313.html,NEW LOW PRICE FOR 1 BEDROOMS,600,Lawton,1,676,1,34.617900,-98.455200,22,"2202 S.W B Ave Lawton, OK US"
6371292443,2017-11-02 16:40,https://lawton.craigslist.org/apa/d/free-rent-special-wont-last/6371292443.html,FREE RENT SPECIAL WON'T LAST LONG!,825,Lawton,3,1233,2,34.617900,-98.455200,22,"2202 S.W B Ave Lawton, OK US"
6371288201,2017-11-02 16:36,https://lawton.craigslist.org/apa/d/come-stop-look-and-lease-today/6371288201.html,COME STOP LOOK AND LEASE TODAY!,499,Lawton,1,565,1,34.606151,-98.346739,10,315 SE Warwick Way Lawton OK US
6371286789,2017-11-02 16:35,https://lawton.craigslist.org/apa/d/499-month-with-first-full/6371286789.html,"$499 a month, with First Full Month Free",499,Lawton,1,565,1,34.606151,-98.346739,10,315 SE Warwick Way Lawton OK US
6371285859,2017-11-02 16:34,https://lawton.craigslist.org/apa/d/first-full-month-freehurry-in/6371285859.html,FIRST FULL MONTH FREE!!HURRY IN,570,Lawton,2,783,1.5,34.606151,-98.346739,10,315 SE Warwick Way Lawton OK US
6371285173,2017-11-02 16:34,https://lawton.craigslist.org/apa/d/ready-set-move-your-apartment/6371285173.html,"READY, SET, MOVE!  Your apartment home is waiting!",149,North Lawton,0,0,,34.633993,-98.439011,22,38th Street at Rogers Lane Lawton OK US
6371272642,2017-11-02 16:25,https://lawton.craigslist.org/apa/d/save-big-by-moving-in-this/6371272642.html,Save BIG By Moving In This Month Or By Pre-Leasing!,720,Willow Park Apartments,2,0,2,34.621555,-98.481089,20,6701 Northwest Maple Drive Lawton OK US
6371263472,2017-11-02 16:18,https://lawton.craigslist.org/apa/d/2003-sw-ave-sagebrush/6371263472.html,2003 SW B AVE SAGEBRUSH PROPERTIES LLC,450,LAWTON,2,900,1,34.606348,-98.417898,10,2003 SW B LAWTON OK US
6357438705,2017-11-02 16:16,https://lawton.craigslist.org/apa/d/2001-sw-sagebrush-properties/6357438705.html,2001 SW B SAGEBRUSH PROPERTIES,500,2001 SW B,1,600,1,34.606348,-98.417868,10,2001 SW B Lawton OK US
6364329030,2017-11-02 16:16,https://lawton.craigslist.org/apa/d/sagebrush-apartments-0ne/6364329030.html,SAGEBRUSH APARTMENTS 0NE BEDROOM,450,20TH B,1,660,1,34.607473,-98.417875,10,108 SW 20TH LAWTON OK US
6371249752,2017-11-02 16:14,https://lawton.craigslist.org/apa/d/no-deposit-or-app-fee/6371249752.html,No deposit or app fee !!!!!!,400,Lawton,1,800,1,34.617900,-98.455200,22,1102 lawton OK US
6371253698,2017-11-02 16:11,https://lawton.craigslist.org/apa/d/experience-the-victoria/6371253698.html,Experience the Victoria Square Lifestyle. 1Bdrm/$525 All Bills Paid!!,149,North Lawton,0,0,,34.633908,-98.438985,22,38th Street at Rogers Lane Lawton OK US
6365394844,2017-11-02 16:04,https://lawton.craigslist.org/apa/d/second-chance-3-bdrm-amazing/6365394844.html,☽ Second Chance! 3 Bdrm Amazing Inexpensive Spacey House!!!! ☽,400,lawton,3,0,2,34.560700,-98.288119,22,
6365392933,2017-11-02 16:04,https://lawton.craigslist.org/apa/d/3-bed-room-house-aval-for-en/6365392933.html,▬ 3 Bed Room House Aval. for ȑenŧ! ▬,400,lawton,3,0,2,34.560700,-98.288119,22,
