pid,dt,url,title,price,neighb,beds,sqft,baths,lat,lng,accuracy,address
6371229890,2017-11-02 17:00,https://lexington.craigslist.org/apa/d/you-cant-beat-these-deals/6371229890.html,YOU CAN'T BEAT THESE DEALS!!!,833,,2,986,2,37.974154,-84.496423,10,3751 Appian Way Lexington KY US
6371229684,2017-11-02 17:00,https://lexington.craigslist.org/apa/d/zoom-on-over-to-the-met-today/6371229684.html,ZOOM ON OVER TO THE MET TODAY!!!,833,,2,986,2,37.974154,-84.496423,10,3751 APPIAN WAY LEXINGTON KY US
6358023404,2017-11-02 16:59,https://lexington.craigslist.org/apa/d/new-luxury-home-gourmet/6358023404.html,╳╳ New Luxury ★ Home ★ Gourmet Kitchen - OPEN HOUSE,399,,0,0,,,,,
6358023446,2017-11-02 16:59,https://lexington.craigslist.org/apa/d/new-luxury-home-gourmet/6358023446.html,╳╳ New Luxury ★ Home ★ Gourmet Kitchen - OPEN HOUSE,399,,0,0,,,,,
6371237317,2017-11-02 16:59,https://lexington.craigslist.org/apa/d/something-special-for/6371237317.html,Something special for everyone at the Wellington,799,,0,0,,38.001000,-84.528200,22,3312 Keithshire Way Lexington KY US
6371229963,2017-11-02 16:59,https://lexington.craigslist.org/apa/d/you-will-fall-in-love-with/6371229963.html,YOU WILL FALL IN LOVE WITH YOUR NEW HOME!,683,,1,708,1,37.974154,-84.496423,10,3751 APPIAN WAY LEXINGTON KY US
6371229796,2017-11-02 16:58,https://lexington.craigslist.org/apa/d/pet-friendly-and-great-prices/6371229796.html,PET FRIENDLY AND GREAT PRICES!!!,683,,1,708,1,37.974154,-84.496423,10,3751 APPIAN WAY LEXINGTON KY US
6371210349,2017-11-02 16:53,https://lexington.craigslist.org/apa/d/great-deals-one/6371210349.html,"~~Great DEALS, ONE BEDROOM $579 2 BEDROOM $704, NO APP FEE OR DEPOSIT",704,LEXINGTON,2,0,0,37.976682,-84.510415,10,3745 Camelot Drive Lexington KY US
6371208903,2017-11-02 16:47,https://lexington.craigslist.org/apa/d/nothing-sweeter-1-bedroom/6371208903.html,Nothing Sweeter! 1 bedroom only $683.00,,Lexington,0,0,,37.974154,-84.496423,10,3751 Appian Way Lexington KY US
6371209195,2017-11-02 16:46,https://lexington.craigslist.org/apa/d/the-metropolitan-is-where-you/6371209195.html,The Metropolitan is where you want to be! ---- $683.00,,Lexington,0,0,,37.974154,-84.496423,10,3751 Appian Way Lexington KY US
6371209073,2017-11-02 16:46,https://lexington.craigslist.org/apa/d/83300-two-bedroom-two-bath/6371209073.html,$833.00 TWO BEDROOM TWO BATH!,,,0,0,,37.974154,-84.496423,10,3751 Appian Way Lexington KY US
6371208430,2017-11-02 16:44,https://lexington.craigslist.org/apa/d/only/6371208430.html,ONLY $683.00 !!,,,0,0,,37.974154,-84.496423,10,3751 Appian Way Lexington KY US
6371215834,2017-11-02 16:44,https://lexington.craigslist.org/apa/d/granite-coutertops-custom/6371215834.html,"Granite Coutertops, Custom Tile and MORE!",799,,0,0,,37.984900,-84.481600,22,
6371200091,2017-11-02 16:42,https://lexington.craigslist.org/apa/d/save-200-on-reduced-fees-sign/6371200091.html,Save $200 on Reduced Fees! Sign Today!,564,,4,0,4.5,38.042187,-84.512614,10,524 Angliana Ave Lexington KY US
6371210686,2017-11-02 16:40,https://lexington.craigslist.org/apa/d/rake-in-the-fall-savings/6371210686.html,Rake in the Fall Savings!,799,,0,0,,37.984900,-84.481600,22,
6371209800,2017-11-02 16:39,https://lexington.craigslist.org/apa/d/spacious-modern-living/6371209800.html,Spacious Modern Living!,799,,0,0,,37.984900,-84.481600,22,
6371209002,2017-11-02 16:39,https://lexington.craigslist.org/apa/d/the-metropolitan-is-where-you/6371209002.html,The Metropolitan is where you want to be! ---- $683.00,,,0,0,,37.974154,-84.496423,10,3751 Appian Way Lexington KY US
6371203136,2017-11-02 16:35,https://lexington.craigslist.org/apa/d/one-bedroom-apt-close-to-uk/6371203136.html,One Bedroom Apt close to UK & Downtown,630,360 S Upper St,1,550,1,38.043914,-84.502791,5,South Upper at Maxwell Lexington KY US
6371202218,2017-11-02 16:34,https://lexington.craigslist.org/apa/d/falling-leavesfalling-prices/6371202218.html,FALLING LEAVES...FALLING PRICES! THEY'RE BOTH HAPPENING AT THE MET!,683,,1,708,1,37.974154,-84.496423,10,3751 APPIAN WAY LEXINGTON KY US
6371201993,2017-11-02 16:34,https://lexington.craigslist.org/apa/d/make-the-move-to-the-met-today/6371201993.html,MAKE THE MOVE TO THE MET TODAY!!!,683,,1,708,1,37.974154,-84.496423,10,3751 APPIAN WAY LEXINGTON KY US
6371201510,2017-11-02 16:34,https://lexington.craigslist.org/apa/d/heart-your-home/6371201510.html,HEART YOUR HOME!!!,833,,2,986,2,37.974154,-84.496423,10,3751 APPIAN WAY LEXINGTON KY US
6371201368,2017-11-02 16:34,https://lexington.craigslist.org/apa/d/deals-deals-deals/6371201368.html,DEALS! DEALS! DEALS!,683,,1,708,1,37.974154,-84.496423,10,3751 APPIAN WAY LEXINGTON KY US
6371201197,2017-11-02 16:33,https://lexington.craigslist.org/apa/d/suns-out-deals-out/6371201197.html,"SUNS OUT, DEALS OUT!!!!",833,,2,986,2,37.974154,-84.496423,10,3751 APPIAN WAY LEXINGTON KY US
6371108615,2017-11-02 16:32,https://lexington.craigslist.org/apa/d/1-bd-lexington-435-upgraded/6371108615.html,1 BD LEXINGTON $435! UPGRADED FLOORING - IN UNIT W/D!,435,Lexington KY 40502,1,0,1,,,,
6371197522,2017-11-02 16:31,https://lexington.craigslist.org/apa/d/location-location-location/6371197522.html,"Location, Location, Location! The Wellington!",799,,0,0,,38.001000,-84.528200,22,3312 Keithshire Way Lexington KY US
6371194661,2017-11-02 16:29,https://lexington.craigslist.org/apa/d/were-thankful-youre-stopping/6371194661.html,We're thankful you're stopping by!,715,Brandywine,2,1000,2,37.964024,-84.475493,10,1550 Trent Blvd Lexington KY US
6352759113,2017-11-02 16:29,https://lexington.craigslist.org/apa/d/great-down-town-location/6352759113.html,Great down town location,900,E High,3,0,2,38.039378,-84.493835,20,E High Lexington KY US
6371193957,2017-11-02 16:29,https://lexington.craigslist.org/apa/d/central-park-apartments/6371193957.html,Central Park Apartments @ Woodland Park $699 - Month Free Option,699,Lexington - 630 Central Avenue,1,375,1,38.035765,-84.487917,10,630 Central Avenue Lexington KY US
6371193217,2017-11-02 16:28,https://lexington.craigslist.org/apa/d/come-leaseoff-rent-99-dep-on/6371193217.html,Come Lease B-4 11/19 $500 Off Rent $99 Dep. On This Great 1 Bdrm!!!,882,Hamburg,1,824,1,38.026628,-84.422679,5,2365 Sir Barton Way Lexington KY US
6371170655,2017-11-02 16:19,https://lexington.craigslist.org/apa/d/we-are-pet-friendly/6371170655.html,We are Pet Friendly!,799,,0,0,,38.001000,-84.528200,22,3312 Keithshire Way Lexington KY US
6371167537,2017-11-02 16:18,https://lexington.craigslist.org/apa/d/november-special-half-off/6371167537.html,NOVEMBER SPECIAL***** HALF OFF YOUR 1st MONTH,700,Berea KY,2,1100,1.5,37.590805,-84.299684,5,brooklyn blvd at MENELAUS RD BEREA KY US
6371176499,2017-11-02 16:17,https://lexington.craigslist.org/apa/d/why-wait/6371176499.html,Why Wait?,799,,0,0,,38.001000,-84.528200,22,3312 Keithshire Way Lexington KY US
6371175636,2017-11-02 16:16,https://lexington.craigslist.org/apa/d/we-want-you-here/6371175636.html,We Want You Here!,799,,0,0,,37.992378,-84.519280,10,3200 Loch Ness Drive Lexington KY US
6344846654,2017-11-02 16:14,https://lexington.craigslist.org/apa/d/2-bed-1-bath-house/6344846654.html,"2-Bed, 1-Bath House!",525,Danville,2,0,1,37.635153,-84.771743,10,714 S. 2nd St. Danville KY US
6344843115,2017-11-02 16:14,https://lexington.craigslist.org/apa/d/2-bed-1-bath-apartment/6344843115.html,"2-Bed, 1-Bath Apartment!",495,Danville,2,0,1,,,,
6371172368,2017-11-02 16:14,https://lexington.craigslist.org/apa/d/outdoor-jacuzzi-beautifully/6371172368.html,"Outdoor jacuzzi, Beautifully landscaped with walking paths, Dishwasher",800,"3050 Kirklevington Dr, Lexington, KY 40517",2,900,1,37.988886,-84.497708,5,3050 Kirklevington DrÂ  Lexington KY US
6344832846,2017-11-02 16:14,https://lexington.craigslist.org/apa/d/3-bed-1-bath-house/6344832846.html,"3-Bed, 1-Bath House!",600,Danville,3,0,1,37.646500,-84.774700,22,245 Randolph Hill Danville KY US
6371167261,2017-11-02 16:10,https://lexington.craigslist.org/apa/d/breath-of-fresh-air/6371167261.html,A Breath of Fresh Air!,799,,0,0,,37.992378,-84.519280,10,3200 Loch Ness Drive Lexington KY US
6340996467,2017-11-02 16:08,https://lexington.craigslist.org/apa/d/fabulous-downtown-victorian/6340996467.html,Fabulous downtown victorian,650,415 merino,1,600,1,38.048494,-84.507006,15,Merino at Maxwell Lexington KY US
6340996467,2017-11-02 16:08,https://lexington.craigslist.org/apa/d/fabulous-downtown-victorian/6340996467.html,Fabulous downtown victorian,650,415 merino,1,600,1,38.048494,-84.507006,15,Merino at Maxwell Lexington KY US
6371152345,2017-11-02 16:08,https://lexington.craigslist.org/apa/d/everyone-is-falling-for-the/6371152345.html,Everyone is FALLING for The Vue!,,Lexington,1,600,1,38.025732,-84.542992,5,2070 Garden Springs Drive Lexington KY US
6371157610,2017-11-02 16:03,https://lexington.craigslist.org/apa/d/pets-welcome-no-pet-deposit/6371157610.html,Pets Welcome! No Pet Deposit!,,Lexington,2,825,1,38.025783,-84.543014,5,2070 Garden Springs Drive Lexington KY US
