pid,dt,url,title,price,neighb,beds,sqft,baths,lat,lng,accuracy,address
6352749702,2017-11-02 16:49,https://lincoln.craigslist.org/apa/d/are-you-looking-for-solid/6352749702.html,Are you looking for a solid home for rent??,704,NorthWest Lincoln,2,857,1,40.844445,-96.696284,10,1800 Knox Lincoln NE US
6371301498,2017-11-02 16:46,https://lincoln.craigslist.org/apa/d/unl-downtown/6371301498.html,UNL/DOWNTOWN,1250,1345 n 24th,4,1400,2,,,,
6361673988,2017-11-02 16:37,https://lincoln.craigslist.org/apa/d/glamorous-new-home/6361673988.html,Glamorous NEW HOME!!,724,1840 Knox,2,857,1,40.844497,-96.695172,10,1840 Knox  NE US
6371289293,2017-11-02 16:37,https://lincoln.craigslist.org/apa/d/super-nice-1br-lr-bath/6371289293.html,Super nice 1BR LR bath kitchen rents for $650,650,21st & E,1,0,1,40.803610,-96.690679,15,21st at E str Lincoln NE US
6368238902,2017-11-02 16:36,https://lincoln.craigslist.org/apa/d/furnished-studio-at-packard/6368238902.html,Furnished studio at Packard House (1617 F)!,520,16th and F,0,405,1,40.804844,-96.697412,5,16 Lincoln NE US
6368245058,2017-11-02 16:36,https://lincoln.craigslist.org/apa/d/smoke-free-east-campus-1/6368245058.html,SMOKE FREE East Campus 1 bedroom!,480,3241 Holdrege,1,720,1,40.827880,-96.673368,5,Holdrege at 32 Lincoln NE US
6350538646,2017-11-02 16:36,https://lincoln.craigslist.org/apa/d/1-bedroom-loft-at-25th/6350538646.html,1 bedroom loft at 25th & J - Capitol View!,630,2515 J,1,630,2,40.807751,-96.684515,5,25 Lincoln NE US
6350540110,2017-11-02 16:36,https://lincoln.craigslist.org/apa/d/1-bedroom-at-capitol-view/6350540110.html,1 Bedroom at Capitol View,520,25th and J Streets,1,600,1,40.807906,-96.684483,5,J at 25 Lincoln NE US
6371280718,2017-11-02 16:31,https://lincoln.craigslist.org/apa/d/2-bedroom-detached-garage-and/6371280718.html,2 Bedroom w/ detached garage and hookups in So. Lincoln!,680,2450 So. Canterbury Lane,2,850,1,40.756067,-96.685342,5,2450 Lincoln NE US
6342024664,2017-11-02 16:28,https://lincoln.craigslist.org/apa/d/now-showing-set-up-your-tour/6342024664.html,"Now Showing, Set Up Your Tour Before Its Gone!",1050,4401 S 27th St,2,1455,1.5,40.769568,-96.683025,10,4401 S 27th St Lincoln NE US
6350875210,2017-11-02 16:25,https://lincoln.craigslist.org/apa/d/quick-move-in-today-with-new/6350875210.html,Quick Move In Today With New Special That Saves You Over $700,815,4401 S 27th St,2,998,1.5,40.769568,-96.683025,10,4401 S 27th St Lincoln NE US
6371269553,2017-11-02 16:22,https://lincoln.craigslist.org/apa/d/3bd-2b-apartment-ready-now/6371269553.html,"3BD/2B Apartment ready NOW!  Come see it ASAP, $600 off 1st month!!",1255,Pine Lake Heights,3,1596,2,40.739714,-96.667564,5,S 38th St at Pine Lake Rd Lincoln NE US
6371258122,2017-11-02 16:14,https://lincoln.craigslist.org/apa/d/now-available-2-bedroom-d/6371258122.html,NOW Available!! 2 Bedroom / W/D Included / Pet-Friendly!,1189,8220 Cheney Ridge Rd.,2,1036,2,40.750963,-96.608598,5,Cheney Ridge Rd. at 84th St. Lincoln NE US
6371257578,2017-11-02 16:14,https://lincoln.craigslist.org/apa/d/beautiful-1bd-1b-villa/6371257578.html,"Beautiful 1BD/1B Villa, waiting for you to move in!! W/D included!",935,Ridge Pointe Villas,1,690,1,40.737698,-96.664860,5,S 40th st at Eagle ridge rd Lincoln NE US
6358893721,2017-11-02 16:12,https://lincoln.craigslist.org/apa/d/second-floor-beautiful-views/6358893721.html,"Second Floor, Beautiful Views From Your Private Patio",860,4401 S 27th St,2,998,1.5,40.769568,-96.683025,10,4401 S 27th St Lincoln NE US
6371247707,2017-11-02 16:11,https://lincoln.craigslist.org/apa/d/2-bedroom-1-bathroom/6371247707.html,2 Bedroom 1 Bathroom Apartment - $650,650,Lincoln,2,0,1,40.837321,-96.671362,5,Huntington Ave Lincoln NE US
6368613361,2017-11-02 16:11,https://lincoln.craigslist.org/apa/d/remodeled-town-home-with-free/6368613361.html,Remodeled Town home With Free Cable & Over $975 in Savings!,1075,4401 S 27th St,2,1455,1.5,40.769568,-96.683025,10,4401 S 27th St Lincoln NE US
6371253633,2017-11-02 16:11,https://lincoln.craigslist.org/apa/d/garage-available-close-to/6371253633.html,"Garage Available, Close to Shopping, Fitness Center",910,"701 Lakeside Dr., Lincoln, NE 68528",2,1144,2,40.819227,-96.750874,5,701 Lakeside Dr. Lincoln NE US
6371243498,2017-11-02 16:03,https://lincoln.craigslist.org/apa/d/newly-rehabbed-free-cable/6371243498.html,Newly Rehabbed! FREE CABLE! Dogs Welcome! Open Concept w/Breakfast Bar,695,Trenridge Gardens,1,750,1,40.819737,-96.638618,5,vine at cotner Lincoln NE US
