pid,dt,url,title,price,neighb,beds,sqft,baths,lat,lng,accuracy,address
6371318965,2017-11-02 17:00,https://littlerock.craigslist.org/apa/d/3-br-apartment-available-make/6371318965.html,3 BR Apartment Available! Make Our Community Your New Home,888,"Maumelle, AR",3,1239,2,34.878214,-92.391689,5,1500 Union Court Maumelle AR US
6371318361,2017-11-02 17:00,https://littlerock.craigslist.org/apa/d/availablebedroom-house-off/6371318361.html,Available 11-15-2017   3 Bedroom House off Mississippi  7801 Harmon,1200,7801 Harmon,3,0,2,34.766636,-92.360593,10,7801 Harmon Little Rock AR US
6371316469,2017-11-02 16:58,https://littlerock.craigslist.org/apa/d/this-unit-could-be-yours-today/6371316469.html,THIS UNIT COULD BE YOURS TODAY!!,641,,1,808,1,,,,
6371314882,2017-11-02 16:57,https://littlerock.craigslist.org/apa/d/avail-now-3br-15-ba-single/6371314882.html,AVAIL NOW - 3BR /1.5 BA Single Family House - 11412 Ashwood,850,11412 Ashwood,3,0,1.5,34.751012,-92.401505,20,Ashwood at Birchwood Little Rock AR US
6371313216,2017-11-02 16:56,https://littlerock.craigslist.org/apa/d/2br-apartment-available-new/6371313216.html,2BR Apartment Available! New Management. New Experience. New Home.,724,Maumelle,2,900,2,34.877876,-92.391689,5,1500 Union Court Maumelle AR US
6371313014,2017-11-02 16:55,https://littlerock.craigslist.org/apa/d/townhouse-you-should-see/6371313014.html,Townhouse you should see!!!,815,West Little Rock,2,1008,1.5,34.768268,-92.387209,5,Breckenridge Dr at Rodney Parham Little Rock AR US
6371310440,2017-11-02 16:53,https://littlerock.craigslist.org/apa/d/2-bedrooms-2-full-bath/6371310440.html,2  bedrooms 2 full bath available for rent,620,Pine Bluff,0,0,,34.189700,-92.044800,0,
6371310120,2017-11-02 16:53,https://littlerock.craigslist.org/apa/d/2-bedrooms-2-full-bath/6371310120.html,2  bedrooms 2 full bath available for rent,620,Pine Bluff,0,0,,34.189700,-92.044800,0,
6371309734,2017-11-02 16:53,https://littlerock.craigslist.org/apa/d/2-bedrooms-2-full-bath/6371309734.html,2  bedrooms 2 full bath available for rent,620,Pine Bluff,0,0,,34.189700,-92.044800,0,
6371309276,2017-11-02 16:53,https://littlerock.craigslist.org/apa/d/2-bedrooms-2-full-bath/6371309276.html,2  bedrooms 2 full bath available for rent,620,Pine Bluff,0,0,,34.189700,-92.044800,0,
6371308989,2017-11-02 16:52,https://littlerock.craigslist.org/apa/d/2-bedrooms-2-full-bath/6371308989.html,2  bedrooms 2 full bath available for rent,620,Pine Bluff,0,0,,34.189700,-92.044800,0,
6371304730,2017-11-02 16:49,https://littlerock.craigslist.org/apa/d/beautiful-day-at-the-berkley/6371304730.html,BEAUTIFUL DAY AT THE BERKLEY! COME CHECK OUT OUR SPECIALS!,595,Little Rock,1,725,1,34.767435,-92.395840,10,1601 N Shackleford Little Rock AR US
6346997273,2017-11-02 16:46,https://littlerock.craigslist.org/apa/d/adorable-home-3-bedrooms-35/6346997273.html,"Adorable Home, 3 Bedrooms, 3.5 bathrooms, Rent, Laundry, Great",1017,Newark,5,1215,1.5,,,,
6371301043,2017-11-02 16:46,https://littlerock.craigslist.org/apa/d/24-hour-emergency-maintenance/6371301043.html,"24 hour emergency maintenance, Courtesy officer, Online rent payments,",440,Pine Bluff,1,400,1,34.198897,-92.042817,5,2401 West 31ST Street Pine Bluff AR US
6371292744,2017-11-02 16:40,https://littlerock.craigslist.org/apa/d/2-bedrooms-2-full-bath/6371292744.html,2  bedrooms 2 full bath available for rent,620,Pine Bluff,0,0,,34.189700,-92.044800,0,
6371292450,2017-11-02 16:40,https://littlerock.craigslist.org/apa/d/2-bedrooms-2-full-bath/6371292450.html,2  bedrooms 2 full bath available for rent,620,Pine Bluff,0,0,,34.189700,-92.044800,0,
6371292097,2017-11-02 16:39,https://littlerock.craigslist.org/apa/d/2-bedrooms-2-full-bath/6371292097.html,2  bedrooms 2 full bath available for rent,620,Pine Bluff,0,0,,34.189700,-92.044800,0,
6371291788,2017-11-02 16:39,https://littlerock.craigslist.org/apa/d/2-bedrooms-2-full-bath/6371291788.html,2  bedrooms 2 full bath available for rent,620,Pine Bluff,0,0,,34.189700,-92.044800,0,
6371291487,2017-11-02 16:39,https://littlerock.craigslist.org/apa/d/2-bedrooms-2-full-bath/6371291487.html,2  bedrooms 2 full bath available for rent,620,Pine Bluff,0,0,,34.189700,-92.044800,0,
6371250999,2017-11-02 16:35,https://littlerock.craigslist.org/apa/d/rental-easy-approval/6371250999.html,RENTAL - EASY APPROVAL,750,,3,1200,2,34.772100,-92.356500,22,
6371283517,2017-11-02 16:33,https://littlerock.craigslist.org/apa/d/newly-remodeled-kramer-school/6371283517.html,"Newly remodeled Kramer School apt, ALL UTILITIES PAID",950,Downtown Rivermarket/Quapaw Quarter,1,750,1,34.691098,-92.239323,7,
6340687652,2017-11-02 16:30,https://littlerock.craigslist.org/apa/d/sec8-okay-house-with-electric/6340687652.html,Sec8 okay House with Electric Stove and Dish Washer,470,little rock House Rent Appartment,3,1540,2,34.772100,-92.356500,22,
6371266590,2017-11-02 16:29,https://littlerock.craigslist.org/apa/d/beautifully-restored-colonial/6371266590.html,Beautifully Restored Colonial Revival House in Historic District,2500,downtown/SOMA,4,3400,4,34.735723,-92.279084,5,1400 Arch St Little Rock AR US
6371265859,2017-11-02 16:29,https://littlerock.craigslist.org/apa/d/beautiful-two-bedroom-1-and/6371265859.html,"Beautiful Two bedroom, 1 and a half bath at Lofts at SOMA",1295,SOMA/downtown Little Rock,2,1500,1.5,34.734277,-92.271359,5,1401 Scott Street Little Rock AR US
6371252430,2017-11-02 16:10,https://littlerock.craigslist.org/apa/d/2-bedrooms-2-full-bath/6371252430.html,2  bedrooms 2 full bath available for rent,620,Pine Bluff,0,0,,34.189700,-92.044800,0,
6371251780,2017-11-02 16:09,https://littlerock.craigslist.org/apa/d/2-bedrooms-2-full-bath/6371251780.html,2  bedrooms 2 full bath available for rent,620,Pine Bluff,0,0,,34.189700,-92.044800,0,
6371251466,2017-11-02 16:09,https://littlerock.craigslist.org/apa/d/2-bedrooms-2-full-bath/6371251466.html,2  bedrooms 2 full bath available for rent,620,Pine Bluff,0,0,,34.189700,-92.044800,0,
6371251098,2017-11-02 16:09,https://littlerock.craigslist.org/apa/d/2-bedrooms-2-full-bath/6371251098.html,2  bedrooms 2 full bath available for rent,620,Pine Bluff,0,0,,34.189700,-92.044800,0,
6371250850,2017-11-02 16:09,https://littlerock.craigslist.org/apa/d/2-bedrooms-2-full-bath/6371250850.html,2  bedrooms 2 full bath available for rent,620,Pine Bluff,0,0,,34.189700,-92.044800,0,
