pid,dt,url,title,price,neighb,beds,sqft,baths,lat,lng,accuracy,address
6371220991,2017-11-02 16:53,https://longisland.craigslist.org/apa/d/apartment-for-rent/6371220991.html,Apartment for Rent,980,Miller Place,2,0,1,40.940490,-72.984817,5,
6371201128,2017-11-02 16:42,https://longisland.craigslist.org/apa/d/2-bedroom-for-rent/6371201128.html,2 Bedroom for Rent,1900,Hempstead,0,0,,40.704900,-73.617600,22,
6371214075,2017-11-02 16:42,https://longisland.craigslist.org/apa/d/wrap-around-balcony-wood/6371214075.html,Wrap-Around Balcony & Wood-Burning Fireplace in 2BR/2.5BA Townhome,2621,"Coram, NY",2,1406,2.5,40.885000,-73.006900,22,Avalon Pines Drive at Pine Road Coram NY US
6371206782,2017-11-02 16:37,https://longisland.craigslist.org/apa/d/farmingdale-apartment-for-rent/6371206782.html,Farmingdale Apartment for rent,1475,Farmingdale,1,0,1,40.730918,-73.471561,0,
6344000250,2017-11-02 16:35,https://longisland.craigslist.org/apa/d/attention-landlords/6344000250.html,*** ATTENTION LANDLORDS! ***,1,LONG ISLAND,1,0,1,40.711700,-73.300700,22,
6371182766,2017-11-02 16:30,https://longisland.craigslist.org/apa/d/east-atlantic-beach-winter/6371182766.html,"East Atlantic Beach Winter Rental! Lower Unit, Fully Furnished. Offeri",1000,"East Atlantic Beach, NY",2,0,1,40.587700,-73.659500,22,
6367463876,2017-11-02 16:28,https://longisland.craigslist.org/apa/d/cozy-apartment-for-rent/6367463876.html,Cozy apartment for rent,1100,sound beach,1,450,1,40.961195,-72.964762,7,
6371191600,2017-11-02 16:27,https://longisland.craigslist.org/apa/d/1-bedroom-apartment-1100/6371191600.html,1 Bedroom Apartment $1100,1100,Lake Grove,1,0,1,40.856700,-73.116800,22,
6371190104,2017-11-02 16:26,https://longisland.craigslist.org/apa/d/1br-1ba-apt-access-to/6371190104.html,1BR/1BA Apt. w/ Access to a Conference Room & Heated Swimming Pool,226,"Coram, Ny",1,1006,1,40.885000,-73.006900,22,Avalon Pines Drive at Pine Road Coram NY US
6365945739,2017-11-02 16:25,https://longisland.craigslist.org/apa/d/private-owner-currently-2-6/6365945739.html,PRIVATE OWNER CURRENTLY 2-6 BEDROOMS AVAIL IN NORTHUMBERLAND COUNTY,595,PETS OK-GARAGE-LRG YARD-FREE RENT,6,0,2,,,,
6349411416,2017-11-02 16:23,https://longisland.craigslist.org/apa/d/3-bedroom-2-bath-washer-dryer/6349411416.html,3 bedroom 2 bath w/ washer dryer,2800,Bellmore,3,0,2,40.687537,-73.539906,22,
6341107139,2017-11-02 16:23,https://longisland.craigslist.org/apa/d/3-bedroombath-townhouse-style/6341107139.html,3 bedroom 1 1/2 bath townhouse style apartment,2450,seaford,3,0,1.5,40.660060,-73.491991,22,
6337633101,2017-11-02 16:22,https://longisland.craigslist.org/apa/d/2-bedroom-main-level-apartment/6337633101.html,2 BEDROOM MAIN LEVEL APARTMENT,1950,Centereach,2,0,1,40.870500,-73.082200,22,
6371178903,2017-11-02 16:18,https://longisland.craigslist.org/apa/d/feel-right-at-home-at-avalon/6371178903.html,Feel right at home at Avalon Court in Melville !,2806,Melville,2,1293,1,40.761886,-73.414271,5,republic road at new highway melville NY US
6346156268,2017-11-02 16:12,https://longisland.craigslist.org/apa/d/incredible-5br-colonial-home/6346156268.html,Incredible 5br Colonial Home w/ Mother Daughter Unit,4000,Brookhaven,5,0,3.5,,,,
6353929989,2017-11-02 16:10,https://longisland.craigslist.org/apa/d/mint2nd-flr-of-hi-ranch/6353929989.html,"Mint,2nd Flr of Hi-Ranch, Updated EIK&Bth,W/D,Heat,Cable,WiFi Incl",2500,Amity Harbor,3,0,1,40.667490,-73.398092,15,Anita at wilson Amityville NY US
6371123056,2017-11-02 16:07,https://longisland.craigslist.org/apa/d/huntington-rentals-available/6371123056.html,Huntington Rentals Available,1800,Huntington,0,0,,40.867600,-73.410200,22,
6371162941,2017-11-02 16:07,https://longisland.craigslist.org/apa/d/multiple-rentals-available/6371162941.html,Multiple Rentals Available Now In New Hyde Park And Floral Park,1550,New Hyde Park/ Floral Park,2,0,1,,,,
6371154690,2017-11-02 16:01,https://longisland.craigslist.org/apa/d/1-br-apartment-1100/6371154690.html,1 Br Apartment $1100,1100,Wheatley Heights,1,0,1,40.752300,-73.376100,22,
