pid,dt,url,title,price,neighb,beds,sqft,baths,lat,lng,accuracy,address
6371231278,2017-11-02 17:00,https://louisville.craigslist.org/apa/d/pre-leasing-specials-available/6371231278.html,Pre-Leasing Specials Available!!!,819,Louisville,2,740,1,38.215714,-85.631655,10,2612 Whitehall Terrace Louisville KY US
6371235015,2017-11-02 16:57,https://louisville.craigslist.org/apa/d/3-bedroom-1-bath-townhome/6371235015.html,3 Bedroom 1 Bath Townhome,927,South/East,3,1031,1,38.159300,-85.778000,22,
6371231631,2017-11-02 16:55,https://louisville.craigslist.org/apa/d/two-bedroom-washer-dryer/6371231631.html,Two Bedroom w/ Washer & Dryer!!!,819,Louisville,2,740,1,38.215714,-85.631655,10,2612 Whitehall Terrace Louisville KY US
6371231165,2017-11-02 16:54,https://louisville.craigslist.org/apa/d/the-vue-at-3rd-apartments/6371231165.html,The Vue at 3rd - Apartments - Beautiful Roof Top,799,Downtown Louisville-1 Block from 4th Street LIVE!,1,0,1,38.250700,-85.747600,22,
6371230389,2017-11-02 16:54,https://louisville.craigslist.org/apa/d/highlands-seneca-gardens/6371230389.html,"Highlands, Seneca Gardens",1295,2533 Broadmeade,2,1500,1,38.222200,-85.688500,22,
6371230377,2017-11-02 16:54,https://louisville.craigslist.org/apa/d/move-in-today-get-great-deal/6371230377.html,MOVE IN TODAY! GET A GREAT DEAL- CALL TODAY!,819,Louisville,2,740,1,38.215714,-85.631655,10,2612 Whitehall Terrace Louisville KY US
6371230289,2017-11-02 16:54,https://louisville.craigslist.org/apa/d/austin-park-apartments/6371230289.html,Austin Park Apartments- Entertain in your new apartment home!,730,Fairdale,0,0,,38.108700,-85.754900,22,
6371228097,2017-11-02 16:52,https://louisville.craigslist.org/apa/d/2-bed-1-bath-townhome/6371228097.html,2 Bed 1 Bath Townhome,687,South/East,2,850,1,38.159300,-85.778000,22,
6367358999,2017-11-02 16:50,https://louisville.craigslist.org/apa/d/love-where-you-live-1-bedroom/6367358999.html,Love Where You Live - 1 bedroom,595,Old Louisville,1,0,1,38.225448,-85.760321,10,
6362230667,2017-11-02 16:50,https://louisville.craigslist.org/apa/d/cozy-one-bedroom-apartment-in/6362230667.html,Cozy One Bedroom Apartment in Crescent Hill,669,Crescent Hill,1,490,1,38.254010,-85.697857,10,
6367357697,2017-11-02 16:50,https://louisville.craigslist.org/apa/d/start-your-new-year-off/6367357697.html,Start your new year off right...STUDIO apartment!,610,Germantown,0,452,1,38.219471,-85.728319,10,
6331602566,2017-11-02 16:49,https://louisville.craigslist.org/apa/d/two-bedroom-on-frankfort-ave/6331602566.html,Two Bedroom on Frankfort Ave,759,Crescent Hill,2,0,1,38.255837,-85.713711,10,1870 frankfort ave louisville KY US
6371224084,2017-11-02 16:49,https://louisville.craigslist.org/apa/d/limited-time-only-call-today/6371224084.html,LIMITED TIME ONLY!!!! CALL TODAY TO SAVE!!!!!,929,Heatherstone Apartment Homes,2,925,1.5,38.198010,-85.635413,10,6408 Six Mile Lane Louisville KY US
6359435711,2017-11-02 16:49,https://louisville.craigslist.org/apa/d/right-around-the-corner-near/6359435711.html,"Right Around the Corner, Near Everywhere You Want to Be.",799,1870 Frankfort Ave,2,0,1,38.255837,-85.713711,10,1870 Frankfort Ave Louisville KY US
6351542261,2017-11-02 16:49,https://louisville.craigslist.org/apa/d/d-hook-ups-walking-distance/6351542261.html,W/D HOOK-UPS * WALKING DISTANCE TO U OF L * RENOVATED,824,Old Louisville,2,611,1,38.222761,-85.759101,10,1720 s 2nd st louisville KY US
6342328015,2017-11-02 16:48,https://louisville.craigslist.org/apa/d/stop-looking-love-where-you/6342328015.html,~STOP LOOKING & LOVE WHERE YOU LIVE IN THIS HUGE 3 BEDROOM HOME!!!~,839,Eleven Oaks,3,1092,1,38.138100,-85.695300,22,5546 Indian Oaks Circle Louisville KY US
6339479577,2017-11-02 16:48,https://louisville.craigslist.org/apa/d/welcome-to-your-home-sweet/6339479577.html,~WELCOME TO YOUR HOME SWEET HOME IN THIS LOVELY 2 BEDROOM!~,764,Eleven Oaks,2,944,1,38.138100,-85.695300,22,5546 Indian Oaks Circle Louisville KY US
6367353114,2017-11-02 16:47,https://louisville.craigslist.org/apa/d/enjoy-hassle-free-living-in/6367353114.html,ENJOY HASSLE FREE LIVING IN YOUR BEAUTIFUL SPACIOUS APARTMENT!,847,FERN VALLEY RD/I-65,2,1106,2,38.159863,-85.716864,10,500 Bermuda Lane Louisville KY US
6350129939,2017-11-02 16:47,https://louisville.craigslist.org/apa/d/dont-miss-out-on-this-amazing/6350129939.html,DON'T MISS OUT ON THIS AMAZING FIRST FLOOR UPDATED 2 BEDROOM!,800,FERN VALLEY RD/I-65,2,992,1,38.159863,-85.716864,10,500 Bermuda Lane Louisville KY US
6349734055,2017-11-02 16:47,https://louisville.craigslist.org/apa/d/tired-of-looking-at-scary/6349734055.html,TIRED OF LOOKING AT SCARY PLACES- CHECK US OUT-VERY CLEAN AND UPDATED!,805,FERN VALLEY RD/I-65,2,992,1,38.159863,-85.716864,10,500 Bermuda Lane Louisville KY US
6340941562,2017-11-02 16:47,https://louisville.craigslist.org/apa/d/only-1-left-dont-miss-out/6340941562.html,ONLY 1 LEFT-DON'T MISS OUT-STOP BY TODAY!,701,FERN VALLEY RD/I-65,1,812,1,38.159863,-85.716864,10,500 Bermuda Lane Louisville KY US
6351530337,2017-11-02 16:47,https://louisville.craigslist.org/apa/d/available-now-spacious-1/6351530337.html,AVAILABLE NOW SPACIOUS 1 BEDROOM!!,706,FERN VALLEY RD/I-65,1,812,1,38.159863,-85.716864,10,500 Bermuda Lane Louisville KY US
6371220565,2017-11-02 16:47,https://louisville.craigslist.org/apa/d/start-the-new-year-off-right/6371220565.html,Start The New Year Off Right In This One Bedroom!!! Available 12/29,1282,Prospect,1,849,1,38.327114,-85.573883,5,Civic Way Prospect KY US
6358033689,2017-11-02 16:47,https://louisville.craigslist.org/apa/d/amazing-2-br-apt-home-waiting/6358033689.html,Amazing 2 BR Apt home waiting for you this Fall,767,Buechel Bank,2,851,1,38.189000,-85.654000,22,Buechel Bank at Bardstown Rd Louisville KY US
6351538882,2017-11-02 16:47,https://louisville.craigslist.org/apa/d/stay-calm-fantastic-2-bedroom/6351538882.html,!!STAY CALM!! Fantastic  2 Bedroom 1 Bathroom Coming Available,757,Hikes/Buechel,2,851,1,38.186018,-85.648360,10,2041 Shady Grove Way Louisville KY US
6351537897,2017-11-02 16:46,https://louisville.craigslist.org/apa/d/beautiful-1-br-apt-coming/6351537897.html,Beautiful 1 BR apt coming open with Stainless Steel appliances!,695,Buechel Bank Rd,1,638,1,38.180542,-85.648438,20,Buechel Bank rd at Bardstown rd Louisville KY US
6350126924,2017-11-02 16:46,https://louisville.craigslist.org/apa/d/beautiful-1-br-with-stainless/6350126924.html,Beautiful 1 BR with stainless steel appliances is waiting for YOU!,690,Buechel Bank,1,638,1,38.180542,-85.648438,20,Buechel Bank Rd at Bardstown Rd Louisville KY US
6368640533,2017-11-02 16:46,https://louisville.craigslist.org/apa/d/ready-in-november-beautiful/6368640533.html,Ready in November - Beautiful One Bedroom w/ tons of Closets!,606,Iroquois Green Apartments,1,600,1,38.173305,-85.794020,20,Lawson Lane at Manslick Louisville KY US
6368642321,2017-11-02 16:46,https://louisville.craigslist.org/apa/d/ready-in-december/6368642321.html,Ready in December!,610,Maple Run Apartments,2,700,1,38.159525,-85.762717,10,
6371215452,2017-11-02 16:43,https://louisville.craigslist.org/apa/d/we-dropped-the-prices-just/6371215452.html,We Dropped The Prices Just For You! Call TODAY To Save!,829,Heatherstone Apartment Homes,1,800,1,38.198010,-85.635413,10,6408 Six Mile Lane Louisville KY US
6371214168,2017-11-02 16:42,https://louisville.craigslist.org/apa/d/fall-into-these-amazing-deals/6371214168.html,FALL into these AMAZING deals before it's too late!!!,929,Heatherstone Apartment Homes,2,925,1.5,38.198010,-85.635413,10,6408 Six Mile Lane Louisville KY US
6371187744,2017-11-02 16:41,https://louisville.craigslist.org/apa/d/echelon-middletown-invites/6371187744.html,Echelon @ Middletown invites you to visit our Pumpkin Patch of Saving!,975,400 Echelon Way,1,757,1,38.265100,-85.558200,22,400 Echelon Way Louisville KY US
6366690619,2017-11-02 16:38,https://louisville.craigslist.org/apa/d/come-home-to-king-solomon/6366690619.html,**COME HOME TO KING SOLOMON**,665,,2,700,1,38.290522,-85.727914,10,
6371203637,2017-11-02 16:35,https://louisville.craigslist.org/apa/d/its-the-perfect-time-to-lease/6371203637.html,It's the PERFECT time to lease your PERFECT home!,,Middletown,0,0,,38.265100,-85.558200,22,201 Heritage Hill Tr. Louisville KY US
6371197480,2017-11-02 16:31,https://louisville.craigslist.org/apa/d/we-squash-the-competition/6371197480.html,WE SQUASH THE COMPETITION!,,Middletown,0,0,,38.265100,-85.558200,22,201 Heritage Hill Tr. Louisville KY US
6371174505,2017-11-02 16:28,https://louisville.craigslist.org/apa/d/your-3-bedroom-is-ready-at/6371174505.html,Your 3 Bedroom is ready at Echelon @ Middletown!!!PUMPKINS R TOO!,1635,400 Echelon Way,3,1376,2,38.265100,-85.558200,22,400 Echelon Way Louisville KY US
6371193159,2017-11-02 16:28,https://louisville.craigslist.org/apa/d/short-term-leases-furnished/6371193159.html,SHORT TERM LEASES: Furnished/unfurnished available!,,Middletown,0,0,,38.265100,-85.558200,22,201 Heritage Hill Tr. Louisville KY US
6342020693,2017-11-02 16:26,https://louisville.craigslist.org/apa/d/the-lux-townhomes/6342020693.html,The Lux Townhomes,724,,2,0,1,38.183900,-85.710600,22,
6371172747,2017-11-02 16:21,https://louisville.craigslist.org/apa/d/renovated-bathrooms/6371172747.html,"Renovated Bathrooms, Dishwasher, Garage",920,"2050 Stony Brook Dr , Louisville, KY 40220",1,763,1,38.215310,-85.601683,5,2050 Stony Brook DrÂ  Louisville KY US
6371177661,2017-11-02 16:17,https://louisville.craigslist.org/apa/d/3br-great-location/6371177661.html,3BR GREAT LOCATION,1019,Bashford Manor Lane,3,1400,2,38.200081,-85.669822,5,Bashford Manor Lane at Bardstown Road Louisville KY US
6371175874,2017-11-02 16:16,https://louisville.craigslist.org/apa/d/echelon-at-middletown-see/6371175874.html,"Echelon at Middletown  - See what everyones ""barking"" about!!!",1099,400 Echelon Way,1,757,1,38.265100,-85.558200,22,400 Echelon Way Louisville KY US
6371173350,2017-11-02 16:14,https://louisville.craigslist.org/apa/d/on-site-management-fireplace/6371173350.html,"On-Site Management, Fireplace, On-Site Maintenance",1249,"203 Breckinridge Square, Louisville, KY 40220",3,1550,2,38.224744,-85.637611,5,203 Breckinridge SquareÂ  Louisville KY US
6371172799,2017-11-02 16:14,https://louisville.craigslist.org/apa/d/pumpkin-patch-pickings-at/6371172799.html,PUMPKIN PATCH PICKINGS at Echelon @ Middletown call for details!,1599,400 Echelon Way,2,1299,2,38.265100,-85.558200,22,400 Echelon Way Louisville KY US
6371172583,2017-11-02 16:14,https://louisville.craigslist.org/apa/d/spectacular-prices-beautiful/6371172583.html,Spectacular Prices! Beautiful Views! Hurry in to lease today!,896,Springhurst,2,1035,2,38.304500,-85.581500,22,11000 Indian Legends Drive Louisville KY US
6371167650,2017-11-02 16:10,https://louisville.craigslist.org/apa/d/townhouse-available/6371167650.html,Townhouse available immediately! SAVE $1000 DOLLARS,925,LOUISVILLE,2,0,1.5,38.131300,-85.575400,22,
6371166801,2017-11-02 16:10,https://louisville.craigslist.org/apa/d/1st-floor-one-bedroom/6371166801.html,1ST FLOOR ONE BEDROOM AVAILABLE FOR IMMEDIATE MOVE IN,725,Louisville,1,0,1,38.131300,-85.575400,22,
6371166216,2017-11-02 16:09,https://louisville.craigslist.org/apa/d/3-r-apartment-available/6371166216.html,3 B/R apartment available immediately!,1060,LOUISVILLE,3,0,2,38.131300,-85.575400,22,5312 Poindexter Dr Louisville KY US
6371165908,2017-11-02 16:09,https://louisville.craigslist.org/apa/d/pet-friendlysave-money-today/6371165908.html,Pet Friendly.......SAVE MONEY TODAY!!!!,925,Louisville,2,0,1.5,38.131300,-85.575400,22,
6371165526,2017-11-02 16:09,https://louisville.craigslist.org/apa/d/immediate-occupancy-99-deposit/6371165526.html,Immediate Occupancy!!!  $99 Deposit,1010,Louisville,3,0,2,38.131300,-85.575400,22,
6371163097,2017-11-02 16:07,https://louisville.craigslist.org/apa/d/free-gas-heat-cooking/6371163097.html,"FREE Gas Heat & Cooking, Abundant Closet Space, Picnic Area",734,Mount Vernon,2,930,1,38.138100,-85.695300,22,6733 Carribean Lane Louisville KY US
6371156340,2017-11-02 16:02,https://louisville.craigslist.org/apa/d/spacious-floor-plans/6371156340.html,Spacious Floor Plans,619,Jeffersonville,1,643,1,38.316632,-85.705285,10,
6371145573,2017-11-02 16:02,https://louisville.craigslist.org/apa/d/newly-renovated-1-month-free/6371145573.html,"Newly Renovated, 1 Month Free, Clubhouse",1115,"Louisville, KY",2,1105,2,38.246937,-85.756544,5,657 South 3rd StÂ  Louisville KY US
