pid,dt,url,title,price,neighb,beds,sqft,baths,lat,lng,accuracy,address
6371316222,2017-11-02 16:58,https://lubbock.craigslist.org/apa/d/new-you-new-home-find-your/6371316222.html,"New You, New Home, find your new home before 2018 starts! $199 move in",727,preserve at prairie pointe,1,774,1,33.519610,-101.861737,10,8217 Avenue U Lubbock TX US
6371307151,2017-11-02 16:51,https://lubbock.craigslist.org/apa/d/come-get-cozy-in-your-new/6371307151.html,COME GET COZY IN YOUR NEW APARTMENT!! LEASE TODAY!!!,599,,0,0,,33.547273,-101.927358,10,5202 Bangor Ave Lubbock TX US
6371301738,2017-11-02 16:47,https://lubbock.craigslist.org/apa/d/1br-starting-at-699-come-home/6371301738.html,1BR starting at $699!! Come home to Anatole at City View!,699,,0,681,1,33.556108,-101.949681,20,4510 Ironton Ave Lubbock TX US
6371292694,2017-11-02 16:40,https://lubbock.craigslist.org/apa/d/sq-central-lubbock/6371292694.html,3-2-2 2000+ SQ central Lubbock,1375,3813 52nd St,3,2000,2,33.546048,-101.898081,0,
6371263831,2017-11-02 16:26,https://lubbock.craigslist.org/apa/d/move-in-lovely-home-3-bed-2/6371263831.html,/+MOVE IN A LOVELY HOME 3 BED-2 BATH [[CALL NOW]+++++,415,,3,1200,2,33.515900,-101.934400,22,
6371264475,2017-11-02 16:25,https://lubbock.craigslist.org/apa/d/move-in-lovely-home-3-bed-2/6371264475.html,/+MOVE IN A LOVELY HOME 3 BED-2 BATH [[CALL NOW]+++++,415,,3,1200,2,33.515900,-101.934400,22,
6371264233,2017-11-02 16:19,https://lubbock.craigslist.org/apa/d/move-in-lovely-home-3-bed-2/6371264233.html,/+MOVE IN A LOVELY HOME 3 BED-2 BATH [[CALL NOW]+++++,415,,3,1200,2,33.515900,-101.934400,22,
6371261016,2017-11-02 16:16,https://lubbock.craigslist.org/apa/d/look-lease-love-the-home/6371261016.html,"Look, Lease, Love the Home You're In!!!",550,502 Slide,1,0,1,33.592400,-101.936700,22,
6371237348,2017-11-02 16:14,https://lubbock.craigslist.org/apa/d/no-app-fee-with-toy-for-toys/6371237348.html,NO APP FEE with toy for Toys for Tots!!! Cozy 1 Bedroom Apartments!,539,,1,625,1,33.592637,-101.881649,5,
6371256979,2017-11-02 16:13,https://lubbock.craigslist.org/apa/d/whatttt-move-in-special/6371256979.html,WHATTTT?!?! Move in special!!,529,,1,625,1,33.592284,-101.882221,15,4th at Flint Lubbock TX US
6368490794,2017-11-02 16:13,https://lubbock.craigslist.org/apa/d/fully-upgraded-2-bedroom/6368490794.html,Fully Upgraded 2 Bedroom Spacious Home,555,3125 Walnut St.,3,1200,2,33.586500,-101.860600,22,3125 Walnut St. lubbock TX US
6371234049,2017-11-02 16:10,https://lubbock.craigslist.org/apa/d/1-2-off-1st-month-rent-3-bdrm/6371234049.html,**1/2 OFF 1ST MONTH RENT **3 Bdrm 2.5 bath**New Rent Prices***,1095,Lubbock,3,1818,2.5,33.537782,-101.887507,15,Indiana at 62nd Lubbock TX US
6371241613,2017-11-02 16:02,https://lubbock.craigslist.org/apa/d/1-2-off-1st-month-rent-3-bdrm/6371241613.html,**1/2 OFF 1ST MONTH RENT **3 Bdrm 2.5 bath**New Rent Prices***,995,Lubbock,3,1655,2.5,33.537836,-101.887507,5,Indiana at 62nd Lubbock TX US
