pid,dt,url,title,price,neighb,beds,sqft,baths,lat,lng,accuracy,address
6362071472,2017-11-02 16:33,https://lynchburg.craigslist.org/apa/d/timberlake-2br-2ba-next-month/6362071472.html,Timberlake- 2BR/2BA- Next Month- LARGE Walk-In Closets- Kendall Square,880,Lynchburg,2,1216,2,37.355099,-79.226127,10,209 Old Graves Mill Rd Lynchburg VA US
6350200791,2017-11-02 16:33,https://lynchburg.craigslist.org/apa/d/great-deal-on-great-apartment/6350200791.html,Great Deal on a Great Apartment! Available Now!,795,,3,1120,2,37.394389,-79.213129,10,220 McConville Rd. Lynchburg VA US
6358957273,2017-11-02 16:33,https://lynchburg.craigslist.org/apa/d/perfectly-located-off/6358957273.html,Perfectly Located off Timberlake- GREAT Home for Rent- LARGE Garage,940,Old Graves Mill Rd,3,1300,1,37.355181,-79.226176,10,212 Old Graves Mill Rd Lynchburg VA US
6371186835,2017-11-02 16:24,https://lynchburg.craigslist.org/apa/d/just-in-time-for-thanksgiving/6371186835.html,Just In Time For Thanksgiving! Great 2 Bedroom 2 Bath Apartment!,760,,2,1028,2,37.440655,-79.174952,10,18 W Princeton Circle Lynchburg VA US
6371173503,2017-11-02 16:15,https://lynchburg.craigslist.org/apa/d/volleyball-court-central-air/6371173503.html,"Volleyball Court, Central Air & Air Conditioning, Pet Friendly",950,"725 Mill Stream Lane, Lynchburg, VA 24502",3,1044,2,37.377070,-79.207007,5,725 Mill Stream Lane Lynchburg VA US
6371156236,2017-11-02 16:02,https://lynchburg.craigslist.org/apa/d/nice-bedford-county-home-just/6371156236.html,Nice Bedford County Home just in time for Holidays,1050,1091 Connie Drive,3,0,2.5,37.437600,-79.205000,22,1091 Connie Drive Lynchburg VA US
