pid,dt,url,title,price,neighb,beds,sqft,baths,lat,lng,accuracy,address
6352778164,2017-11-02 17:00,https://madison.craigslist.org/apa/d/large-amazing-home-on-the/6352778164.html,"**Large, Amazing Home on the Hill for Rent**  9 Prairie Hill Court",3795,Madison,5,6294,4,43.044225,-89.528897,5,9 Prairie Hill Court Madison WI US
6341071360,2017-11-02 17:00,https://madison.craigslist.org/apa/d/nice-home-short-term/6341071360.html,**Nice Home Short Term Available!!**  4931 Tonyawatha Trail,2695,Monona,3,1818,3,43.066866,-89.344640,5,4931 Tonyawatha Trail Monona WI US
6371316323,2017-11-02 16:58,https://madison.craigslist.org/apa/d/heat-included-and-free/6371316323.html,Heat Included and Free Offstreet Parking Near St. Marys Hospital,1140,918 S. Brooks St.,2,800,1,43.056620,-89.400848,7,
6348421118,2017-11-02 16:56,https://madison.craigslist.org/apa/d/excellent-studio-available/6348421118.html,Excellent Studio Available Now! All New Flooring! West Side!,850,,0,465,1,43.010732,-89.501377,22,Pinelake Drive at Pima Drive Madison WI US
6368478070,2017-11-02 16:55,https://madison.craigslist.org/apa/d/no-fee-real-2-bedroom-great/6368478070.html,NO FEE REAL 2 bedroom GREAT East Village location,3095,East 10th Street,2,800,1,40.728381,-73.983564,5,East 10th Street at 1st Avenue New York WI US
6371309951,2017-11-02 16:53,https://madison.craigslist.org/apa/d/willy-street-two-bedroom-with/6371309951.html,Willy Street Two Bedroom With New Kitchen,1190,1201 Williamson Street,2,800,1,43.083229,-89.363995,15,
6352763658,2017-11-02 16:52,https://madison.craigslist.org/apa/d/west-side-beautiful-home-for/6352763658.html,**West Side Beautiful Home for Rent!!**  13 Horseshoe Bend,2595,Madison,4,3741,2.5,43.073000,-89.452800,22,13 Horseshoe Bend Madison WI US
6352754646,2017-11-02 16:52,https://madison.craigslist.org/apa/d/wonderful-middleton-home-for/6352754646.html,**Wonderful Middleton Home for Rent**  6918 Maywood,1695,Middleton,3,1300,1,43.100294,-89.500488,10,6918 Maywood Middleton WI US
6371306833,2017-11-02 16:51,https://madison.craigslist.org/apa/d/just-off-gorham-st-4-bedroom/6371306833.html,Just off Gorham St. 4 bedroom/$2300,2300,Carroll St.,4,1600,1,43.074781,-89.391696,5,
6371303901,2017-11-02 16:48,https://madison.craigslist.org/apa/d/franklin-street-flat-with/6371303901.html,Franklin Street Flat With Heat Included,1250,12 N. Franklin Street,2,800,1,43.078042,-89.380066,0,
6339061556,2017-11-02 16:47,https://madison.craigslist.org/apa/d/nice-location-condo-for-rent/6339061556.html,**Nice Location Condo for Rent**  825 N. Gammon,1025,Madison,2,930,0,43.079719,-89.501646,5,825 N. Gammon Road Madison WI US
6334386196,2017-11-02 16:47,https://madison.craigslist.org/apa/d/excellent-downtown-madison/6334386196.html,**Excellent Downtown Madison Home for Rent!!**  1316 Chandler Street,1995,Madison,4,1570,2,43.064224,-89.407492,10,1316 Chandler St Madison WI US
6371302162,2017-11-02 16:47,https://madison.craigslist.org/apa/d/spacious-home-large-garage/6371302162.html,**Spacious Home w/Large Garage for Rent**  609 Worthington Way,2550,Waunakee,4,2690,3.5,43.198362,-89.458310,10,609 Worthington Way Waunakee WI US
6371301918,2017-11-02 16:47,https://madison.craigslist.org/apa/d/great-2-bedroom-located-next/6371301918.html,2018-19 Great 2 Bedroom Located Next to the Capitol!,1115,203 N Hamilton Street #2F,2,0,1,43.077612,-89.384081,15,N Hamilton St at N Webster St Madison WI US
6335539223,2017-11-02 16:46,https://madison.craigslist.org/apa/d/first-month-of-rent-free-new/6335539223.html,FIRST MONTH OF RENT FREE! NEW FLOORING/FIXTURES -1 bedroom-$880,880,East Madison,1,685,1,43.095493,-89.363473,10,1818 Fordem Ave. Madison WI US
6350284384,2017-11-02 16:46,https://madison.craigslist.org/apa/d/one-month-of-rent-free-one/6350284384.html,ONE MONTH OF RENT FREE! ONE BEDROOM WITH NEW FLOORING/FIXTURES,880,eAST MADISON,0,0,,43.120500,-89.352300,22,FORDEM AVE. MADISON WI US
6368525141,2017-11-02 16:46,https://madison.craigslist.org/apa/d/yahara-landing-apartments/6368525141.html,Yahara Landing Apartments beautiful 2 bed/2 bath ONE MONTH FREE!,1145,,2,1092,2,43.120500,-89.352300,22,1818 Fordem ave Madison WI US
6371299101,2017-11-02 16:45,https://madison.craigslist.org/apa/d/lots-of-room-for-you-and-fido/6371299101.html,Lots of Room For You and Fido,1250,830 E. Johnson St.,2,1020,1,43.083880,-89.377266,0,
6348247926,2017-11-02 16:44,https://madison.craigslist.org/apa/d/flat-with-nice-floors-and/6348247926.html,Flat With Nice Floors and Large Dining Room,1270,426 W. Washington Avenue,2,1025,1,43.070753,-89.389980,0,
6348240594,2017-11-02 16:44,https://madison.craigslist.org/apa/d/newer-wood-floors-on-west/6348240594.html,Newer Wood Floors On West Washington Ave.,1280,418 W. Washington Avenue,2,870,1,43.071161,-89.389765,7,
6371295090,2017-11-02 16:42,https://madison.craigslist.org/apa/d/three-story-loft-available/6371295090.html,Three Story Loft Available Now!! $2000 Signing Bonus,1750,"Madison, WI",1,1300,1,43.080334,-89.383817,10,427 E Gorham St. Madison WI US
6371294631,2017-11-02 16:41,https://madison.craigslist.org/apa/d/500-off-your-first-month/6371294631.html,$500 OFF your first month! STUDIOS Great Downtown Location,740,"Madison, WI",0,300,1,43.075780,-89.396000,10,633 Langdon Street Madison WI US
6352623572,2017-11-02 16:41,https://madison.craigslist.org/apa/d/nice-remodeled-home-in-great/6352623572.html,"**Nice, Remodeled Home in Great Location for Rent**  3801 Margaret St.",1595,Madison,3,1231,2,43.089420,-89.320758,10,3801 Margaret St. Madison WI US
6371294378,2017-11-02 16:41,https://madison.craigslist.org/apa/d/500-off-your-first-month/6371294378.html,$500 OFF your first month! STUDIOS Great Downtown Location,740,"Madison, WI",0,300,1,43.075780,-89.396000,10,633 Langdon Street Madison WI US
6352613583,2017-11-02 16:41,https://madison.craigslist.org/apa/d/amazing-downtown-condo-for/6352613583.html,**Amazing Downtown Condo for Rent**  333 W. Mifflin Street,2595,Madison,2,1581,2,43.073046,-89.388806,10,333 W. Mifflin Street Madison WI US
6352565893,2017-11-02 16:41,https://madison.craigslist.org/apa/d/very-nice-west-side-house-for/6352565893.html,"**Very Nice, West Side House for Rent in Great Area*  1213 Jasmine Dr.",2395,Madison,4,2803,2.5,43.040712,-89.515378,5,1213 Jasmine Dr. Madison WI US
6371293981,2017-11-02 16:41,https://madison.craigslist.org/apa/d/one-bedroom-apartment/6371293981.html,One Bedroom Apartment Available August 2018! Great Downtown Location,960,"Madison, WI",1,650,1,43.075780,-89.396000,10,633 Langdon Street Madison WI US
6371293801,2017-11-02 16:41,https://madison.craigslist.org/apa/d/one-bedroom-near-uw-campus/6371293801.html,One Bedroom Near UW Campus/State St/Lake Mendota Available Aug 15th,990,"Madison, WI",1,650,1,43.075780,-89.396000,10,633 Langdon Street Madison WI US
6338832102,2017-11-02 16:40,https://madison.craigslist.org/apa/d/must-see-beautiful-remodeled/6338832102.html,"*MUST SEE* Beautiful, Remodeled Four Bedroom  Home - Available Today!",2395,Madison West,4,0,2,43.059591,-89.444633,5,4111 Paunack Avenue Madison WI US
6332963124,2017-11-02 16:40,https://madison.craigslist.org/apa/d/two-bedroom-two-bathroom-two/6332963124.html,"Two Bedroom, Two Bathroom - Two Car Garage - Available Today",949,Madison West,2,0,2,43.019741,-89.511173,5,2970 Cimarron Trail Madison WI US
6347201029,2017-11-02 16:40,https://madison.craigslist.org/apa/d/two-bedroom-washer-dryer-in/6347201029.html,Two Bedroom - Washer/Dryer in Apartment - Verona Schools,879,Madison West,2,0,1,43.025263,-89.463558,5,2367 Chalet Gardens Road Madison WI US
6351023429,2017-11-02 16:40,https://madison.craigslist.org/apa/d/three-bedroom-home-fenced-in/6351023429.html,Three Bedroom Home - Fenced-in Yard - Available Today,1599,Madison East,3,0,1,43.092538,-89.317904,5,3905 Hynek Road Madison WI US
6332311309,2017-11-02 16:40,https://madison.craigslist.org/apa/d/two-bedroom-one-bath-close-to/6332311309.html,"Two Bedroom, One Bath - Close to UW Hospital/Campus - Available Today!",999,Madison Near West,2,0,1,43.072838,-89.432445,5,2605 University Avenue Madison WI US
6361794567,2017-11-02 16:40,https://madison.craigslist.org/apa/d/must-see-two-bedroom-one-bath/6361794567.html,"*MUST SEE * Two Bedroom, One Bath Home - Available December 1st",1495,Madison West,2,0,1,43.054073,-89.448094,10,556 Chatham Terrace Madison WI US
6371291844,2017-11-02 16:39,https://madison.craigslist.org/apa/d/beautiful-swan-creek/6371291844.html,BEAUTIFUL SWAN CREEK NEIGHBORHOOD,1100,,0,0,,,,,
6371291697,2017-11-02 16:39,https://madison.craigslist.org/apa/d/large-open-floorplan-with/6371291697.html,Large Open Floorplan With Remodeled Kitchen on E. Johnson St.,1300,736 E. Johnson St.,2,800,1,43.082649,-89.379026,22,
6362149676,2017-11-02 16:39,https://madison.craigslist.org/apa/d/wonderful-home-in-heart-of/6362149676.html,**Wonderful Home in Heart of Middleton for Rent**  6917 Maywood,2195,Middleton,3,1500,2.5,43.099855,-89.500594,5,6917 Maywood Midleton WI US
6367435055,2017-11-02 16:38,https://madison.craigslist.org/apa/d/very-nice-home-large-yard-for/6367435055.html,**Very Nice Home w/Large Yard for Rent**  2428 Hwy. MM,1595,Oregon,2,1275,2,42.985563,-89.370260,5,2428 Highway MM Oregon WI US
6361047311,2017-11-02 16:38,https://madison.craigslist.org/apa/d/amazing-waunakee-home-for/6361047311.html,**Amazing Waunakee Home for Rent**  2102 Foggy Mountain Pass,3495,Waunakee,3,4218,2.5,43.169943,-89.435706,7,2102 Foggy Mountain Pass Waunakee WI US
6361031834,2017-11-02 16:38,https://madison.craigslist.org/apa/d/wonderful-downtown-townhome/6361031834.html,**Wonderful Downtown Townhome for Rent!!**   42 S. Henry Street,2795,Madison,2,1843,2.5,43.072257,-89.386641,10,42 S. Henry Street Madison WI US
6371289821,2017-11-02 16:38,https://madison.craigslist.org/apa/d/watertown-2-br-15-ba-townhouse/6371289821.html,Watertown 2 BR 1.5 BA Townhouse,815,Sunnyfield,2,1205,1.5,43.198114,-88.735821,7,
6366775069,2017-11-02 16:36,https://madison.craigslist.org/apa/d/uw-madison-camp-randall/6366775069.html,UW Madison Camp Randall/Engineering Campus- Fall 2018-2019,3995,107 Lathrop St.,6,3200,3,43.068982,-89.414871,5,lathrop at Van Hise Madison WI US
6371285883,2017-11-02 16:35,https://madison.craigslist.org/apa/d/just-off-state-st-4-bedroom/6371285883.html,Just off State St. 4 bedroom $2300,2300,Madison,4,1600,1,43.073026,-89.388542,5,
6371284899,2017-11-02 16:34,https://madison.craigslist.org/apa/d/huge-living-room-and-porch/6371284899.html,Huge Living Room and Porch Overlooking Beach,1360,410 N. Butler Street,2,650,0,43.079593,-89.385238,5,N. Butler St. at E. Gorham St. Madison WI US
6363253625,2017-11-02 16:26,https://madison.craigslist.org/apa/d/live-in-the-heart-of/6363253625.html,Live in the Heart of Fitchburg! 2 Bedroom Available Now!,1285,Fitchburg,2,1200,2,43.017639,-89.431586,5,Chapel Valley Rd at Triverton Pike Dr Fitchburg WI US
6348395756,2017-11-02 16:26,https://madison.craigslist.org/apa/d/huge-2-bedroom-loft-available/6348395756.html,Huge 2 Bedroom Loft - Available Now - Near Epic,1195,Verona,2,1180,2,42.988851,-89.553819,15,Jenna Drive at Westridge Parkway Verona WI US
6371273383,2017-11-02 16:25,https://madison.craigslist.org/apa/d/studio-apartment-in-luxury/6371273383.html,Studio Apartment in Luxury Complex Near Token Creek Park (#TP1103),900,East Madison/Sun Prairie,0,546,1,43.186905,-89.322453,5,6203 Williamsburg Way DeForest WI US
6351519527,2017-11-02 16:25,https://madison.craigslist.org/apa/d/spacious-and-open-2-bedroom/6351519527.html,Spacious and Open 2 Bedroom Located in the Heart of Fitchburg.,1195,Fitchburg,2,1200,2,43.037200,-89.397100,22,Triverton Pike Dr. at Chapel Valley Rd Fitchburg WI US
6353864172,2017-11-02 16:25,https://madison.craigslist.org/apa/d/contemporary-with-amazing/6353864172.html,Contemporary with Amazing Amenities on Far West Side - 1Bed+Den,1200,10202 Rustling Birch Rd.,1,1007,1,43.056221,-89.565010,5,Rustling Birch Rd. at Mineral Point Rd. Verona WI US
6342358865,2017-11-02 16:25,https://madison.craigslist.org/apa/d/1bdden-9-month-sublet-in/6342358865.html,1BD+Den ~ 9 Month Sublet in Contemporary Apartment Community,1100,10202 Rustling Birch Rd.,1,1117,1,43.058855,-89.563422,5,Rustling Birch Rd. at Mineral Point Rd. Verona WI US
6369904559,2017-11-02 16:22,https://madison.craigslist.org/apa/d/cute-1bed-vaulted-ceilings/6369904559.html,*CUTE 1Bed w/ Vaulted Ceilings* Heat is Included!!Great Location!*,769,Sun Prairie,1,700,1,43.178667,-89.248916,10,2009 Wyoming Ave Sun Prairie WI US
6371252055,2017-11-02 16:21,https://madison.craigslist.org/apa/d/large-two-bedroom-near-ellas/6371252055.html,Large Two Bedroom Near Ella's Deli,700,501 Oak St.,2,600,1,43.105130,-89.343067,10,"501 Oak ST Madison, WI US"
6366943450,2017-11-02 16:20,https://madison.craigslist.org/apa/d/spacious-corner-apartment/6366943450.html,Spacious Corner Apartment! - Flexible Start Date,1400,Madison,1,808,1,43.066176,-89.390924,5,640 West Wilson Madison WI US
6371264964,2017-11-02 16:19,https://madison.craigslist.org/apa/d/large-industrial-style-two/6371264964.html,Large Industrial Style Two Bedroom,1380,1447 Williamson St.,2,650,1,43.086848,-89.359247,7,
6350015259,2017-11-02 16:14,https://madison.craigslist.org/apa/d/free-rent-til-2018-townhouse/6350015259.html,"Free rent 'til 2018 Townhouse w/ laundry& private basement, pets ok",1100,South Central Madison,2,0,1.5,43.037764,-89.400730,5,2451 Fiedler Lane Madison WI US
6371258126,2017-11-02 16:14,https://madison.craigslist.org/apa/d/free-laundry-free-garage/6371258126.html,Free Laundry & Free Garage Parking,1420,821 E. Gorham St.,2,1120,1,43.084405,-89.377663,0,
6350021475,2017-11-02 16:13,https://madison.craigslist.org/apa/d/avail-nov-dec-jan-6-12-month/6350021475.html,"Avail Nov/Dec/Jan: 6-12 month lease options, renovated units available",675,3 miles from Downtown,1,730,1,43.038674,-89.390581,7,620 W badger rd Madison WI US
6332653793,2017-11-02 16:12,https://madison.craigslist.org/apa/d/free-rent-untilst-floor-free/6332653793.html,"Free rent until 2018! 1st floor, free parking, pet friendly, avail Now",900,South Central Madison,3,0,1,43.037372,-89.400065,5,1024 Fiedler Lane Madison WI US
6340489771,2017-11-02 16:12,https://madison.craigslist.org/apa/d/live-in-madisons-most-unique/6340489771.html,Live in Madison's most unique Neighborood - The Arboretum!,1150,Arboretum,3,0,1,43.044486,-89.411481,10,2013 Catlin Place Madison WI US
6371233879,2017-11-02 16:09,https://madison.craigslist.org/apa/d/1-bedroom-apartment/6371233879.html,1 bedroom apartment,560,Mazomanie,1,0,1,43.184700,-89.763600,22,
6361762519,2017-11-02 16:09,https://madison.craigslist.org/apa/d/two-bedroom-den-apartment-at/6361762519.html,Two Bedroom + Den Apartment at The Embassy Available 8/17/18,2200,The Embassy,2,810,2,43.072869,-89.394336,5,505 University Avenue Madison WI US
6361735177,2017-11-02 16:09,https://madison.craigslist.org/apa/d/two-bedroom-penthouse-at-the/6361735177.html,Two Bedroom Penthouse at The Embassy Available 8/17/18,1700,The Embassy,2,840,1,43.072854,-89.394400,5,505 University Avenue Madison WI US
6341854321,2017-11-02 16:08,https://madison.craigslist.org/apa/d/one-bedroom-apartment-at-the/6341854321.html,One Bedroom Apartment at The Embassy,950,505 University Avenue,1,456,1,43.072963,-89.394228,5,505 University Avenue Madison WI US
6351711455,2017-11-02 16:08,https://madison.craigslist.org/apa/d/two-bedroom-apartment-at-the/6351711455.html,Two Bedroom Apartment at The Embassy Available 1/1/2018,1600,The Embassy,2,820,1,43.072869,-89.394336,5,505 University Avenue Madison WI US
6348794430,2017-11-02 16:08,https://madison.craigslist.org/apa/d/one-bedroom-apartment-at-the/6348794430.html,One Bedroom Apartment at The Embassy (Available Immediately!),800,505 University Avenue,1,456,1,43.072979,-89.394314,5,505 University Avenue Madison WI US
6371249841,2017-11-02 16:08,https://madison.craigslist.org/apa/d/move-in-2017-dont-pay/6371249841.html,MOVE IN 2017 DON'T PAY UNTIL 2018 3 BEDROOM,900,1024 #1,3,0,1,43.037200,-89.397100,22,
6351136133,2017-11-02 16:07,https://madison.craigslist.org/apa/d/incredibly-spacious-loft/6351136133.html,Incredibly Spacious Loft Available Now! Great Layout - West Madison!,1040,,1,950,1,43.014153,-89.500390,22,Mader Drive at Maple Grove Madison WI US
6368615235,2017-11-02 16:06,https://madison.craigslist.org/apa/d/so-many-awesome-amenities/6368615235.html,So Many Awesome Amenities - Luxury Apartment,886,Madison,2,850,1,43.083935,-89.311915,20,4713 Cottage Grove Road Madison WI US
6368617737,2017-11-02 16:06,https://madison.craigslist.org/apa/d/affordable-apartments-here/6368617737.html,Affordable Apartments Here! - Make Us Your New Residence!,886,Madison,2,850,1,43.083935,-89.311915,20,4713 Cottage Grove Road Madison WI US
6371246778,2017-11-02 16:06,https://madison.craigslist.org/apa/d/beachside-living-with-big/6371246778.html,Beachside Living With a Big Kitchen,1475,152 E. Gorham Street,2,900,0,43.079557,-89.384896,0,
6368481487,2017-11-02 16:06,https://madison.craigslist.org/apa/d/what-are-you-waiting-for-live/6368481487.html,What Are You Waiting For? - Live at our luxury community!,886,Madison,2,850,1,43.083935,-89.311915,20,4713 Cottage Grove Road Madison WI US
6368480060,2017-11-02 16:05,https://madison.craigslist.org/apa/d/near-great-dining-shopping/6368480060.html,Near Great Dining & Shopping! - Call Today! Large Apt Available,886,Madison,2,850,1,43.083935,-89.311915,20,4713 Cottage Grove Road Madison WI US
6371245554,2017-11-02 16:05,https://madison.craigslist.org/apa/d/move-in-2017-and-dont-pay/6371245554.html,MOVE IN 2017 AND DON'T PAY UNTIL 2018,875,1118 #4,2,0,1,43.037200,-89.397100,22,
6368673999,2017-11-02 16:02,https://madison.craigslist.org/apa/d/incredible-1-bedroom-loft/6368673999.html,Incredible 1 Bedroom Loft Available Now! Brand New Appliances!,970,,1,770,1,43.012944,-89.500755,22,East Pass at Maple Grove Madison WI US
6371241235,2017-11-02 16:02,https://madison.craigslist.org/apa/d/many-updates-charming-40s/6371241235.html,Many Updates --Charming 40's Cape Cod Style House on 1/2 acre lot,1450,East Madison,3,1400,1,43.112936,-89.331486,5,e washington ave at wright st madison WI US
6371239898,2017-11-02 16:01,https://madison.craigslist.org/apa/d/500-off-luxury-apt-short/6371239898.html,"$500 off - luxury Apt, short months lease - Greenbriar Village",1004,,1,780,1,43.063465,-89.517413,10,221 S high Point Rd Madison WI US
