pid,dt,url,title,price,neighb,beds,sqft,baths,lat,lng,accuracy,address
6371235521,2017-11-02 16:58,https://maine.craigslist.org/apa/d/furnished-winter-sanctuary-in/6371235521.html,Furnished Winter Sanctuary in Old Port w off-street parking,1100,pleasant street,1,750,1,43.654815,-70.257131,0,
6371227512,2017-11-02 16:52,https://maine.craigslist.org/apa/d/litchfield-house-for-rent/6371227512.html,Litchfield House for Rent,3500,"Litchfield, ME",5,0,3,44.163400,-69.958100,22,
6371227013,2017-11-02 16:52,https://maine.craigslist.org/apa/d/3-bdrm-2-bath-winter-house/6371227013.html,3 Bdrm/ 2 Bath Winter house rental near Willard Beach,2100,South Portland,3,1400,2,43.631800,-70.270900,22,BayView Avenue at Pillsbury Street South Portland ME US
6371222098,2017-11-02 16:48,https://maine.craigslist.org/apa/d/thomaston-1-bedroom/6371222098.html,Thomaston 1 bedroom,800,Thomaston,1,0,0,44.081266,-69.190221,5,
6371191285,2017-11-02 16:45,https://maine.craigslist.org/apa/d/newly-renovated-2-bedroom-one/6371191285.html,"Newly renovated 2 bedroom, one block from beach in Old Orchard Beach",1300,Walnut street Old Orchard Beach,2,0,1,43.521259,-70.370639,20,Walnut at Miliken Old orchard beach ME US
6371216887,2017-11-02 16:44,https://maine.craigslist.org/apa/d/small-3-bedroom-2-blocks-from/6371216887.html,Small 3 bedroom 2 blocks from downtown on Limerock St.,1200,"Rockland , Limerock St",3,0,1.5,44.105353,-69.117050,5,
6371208443,2017-11-02 16:38,https://maine.craigslist.org/apa/d/studio-apartment/6371208443.html,Studio Apartment,760,Sanford,0,0,1,43.438836,-70.777016,5,
6371197900,2017-11-02 16:31,https://maine.craigslist.org/apa/d/newly-renovated-1-bedroom/6371197900.html,"Newly renovated 1 bedroom apartment, one block from the beach",1100,Walnut street,1,0,1,43.521259,-70.370639,20,Walnut at Miliken Old orchard beach ME US
6371196679,2017-11-02 16:30,https://maine.craigslist.org/apa/d/east-end-gem-steps-from-the/6371196679.html,East End Gem! Steps from the Eastern Prom. Updated kitchen + laundry!,1200,Portland - East End,2,0,1,43.669641,-70.248348,10,20 Melbourne Portland ME US
6355062847,2017-11-02 16:29,https://maine.craigslist.org/apa/d/charming-3-bedroom-penthouse/6355062847.html,Charming 3 Bedroom Penthouse Apartment / GARDINER,1150,Brunswick Ave,3,1500,1,44.225997,-69.776466,5,Brunswick Avenue at Washington Avenue Gardiner ME US
6371180371,2017-11-02 16:28,https://maine.craigslist.org/apa/d/winter-rental-blue-hill/6371180371.html,Winter Rental Blue Hill,650,Blue Hill,1,0,1,,,,
6371193286,2017-11-02 16:28,https://maine.craigslist.org/apa/d/stunning-newly-renovated/6371193286.html,Stunning Newly Renovated Downtown Portland Condo for Rent!,2200,Exchange Street,2,0,1,43.656757,-70.253878,5,10 Exchange Street Portland ME US
6371190051,2017-11-02 16:26,https://maine.craigslist.org/apa/d/beautiful-modern-2br-storage/6371190051.html,"Beautiful Modern 2br w/Storage, Close to Downtown, Pet Friendly!",1449,Portland,2,915,1,43.655875,-70.279055,15,Park Avenue at Gilman Street Portland ME US
6371142944,2017-11-02 16:12,https://maine.craigslist.org/apa/d/clean-quiet-studio-near-park/6371142944.html,"Clean, Quiet Studio Near Park!",600,Bangor,0,0,1,44.805615,-68.786644,10,468 Union St. Bangor ME US
6343630517,2017-11-02 16:05,https://maine.craigslist.org/apa/d/bangor-downtown-bangor/6343630517.html,Bangor:  Downtown Bangor: Executive-style Studio Apt.,1150,88 Hammond Street,1,730,1,44.801525,-68.772912,5,Hammond Street at North High Street Bangor ME US
