pid,dt,url,title,price,neighb,beds,sqft,baths,lat,lng,accuracy,address
6371176426,2017-11-02 16:29,https://martinsburg.craigslist.org/apa/d/oven-leasing-now-stylish/6371176426.html,"Oven, Leasing Now, Stylish Features",1459,Charles Town,3,1136,2,,,,
6371164107,2017-11-02 16:08,https://martinsburg.craigslist.org/apa/d/shepherdstown-1-bedroom/6371164107.html,"Shepherdstown , 1 bedroom Studio, Traveling Professionals",750,1585 Gardners Lane Shepherdstown WV,1,300,1,39.401803,-77.814389,5,1585 Gardners Farm SHEPHERDSTOWN WV US
6371157792,2017-11-02 16:03,https://martinsburg.craigslist.org/apa/d/shepherdstown-studio-apartment/6371157792.html,Shepherdstown Studio Apartment,695,1585 Gardner Lane,1,300,1,39.401979,-77.815913,5,1585 Gardners Farm SHEPHERDSTOWN WV US
6371156199,2017-11-02 16:02,https://martinsburg.craigslist.org/apa/d/shepherdstown-1-bed-room/6371156199.html,"Shepherdstown ,1 Bed Room Apartment",750,1585 Gardners Lane Shepherdstown WV,1,300,1,39.401552,-77.813815,5,1585 Gardners Farm SHEPHERDSTOWN WV US
