pid,dt,url,title,price,neighb,beds,sqft,baths,lat,lng,accuracy,address
6371437594,2017-11-02 16:51,https://medford.craigslist.org/apa/d/3482-torri-ln-white-city-or/6371437594.html,"3482 Torri Ln, White City, OR 97503",900,"White City, OR",3,1152,2,42.590338,-122.927456,22,
6371431106,2017-11-02 16:36,https://medford.craigslist.org/apa/d/cute-remodeled-cottage-in/6371431106.html,"Cute, Remodeled Cottage in West Medford!",1250,1044 W 11th St,2,0,1,42.320121,-122.885299,5,
6354542579,2017-11-02 16:36,https://medford.craigslist.org/apa/d/country-rv-space-and-growsite/6354542579.html,country rv space and growsite,4000,illinois valley,0,0,,42.134800,-123.627200,22,
6371425222,2017-11-02 16:31,https://medford.craigslist.org/apa/d/2-bed-cottage-and-fishing-on/6371425222.html,"2 bed Cottage, and Fishing on the ROGUE RIVER",895,Gold Hill Area (north,2,850,1,42.427717,-123.110948,5,"454 Rogue River Hwy, Cabin#2 gold hill OR US"
6371408590,2017-11-02 16:16,https://medford.craigslist.org/apa/d/great-home-on-quiet-street/6371408590.html,"great home on quiet street, walking distance to downtown Talent",1650,Talent Oregon,3,1620,2,42.237026,-122.790758,15,601 W Rapp Rd Talent OR US
6371404072,2017-11-02 16:12,https://medford.craigslist.org/apa/d/3-bed-2-bath-east-medford-cul/6371404072.html,3 bed/ 2 bath / East Medford Cul-de-sac / Fenced Yard,1575,Medford,3,1258,2,42.352918,-122.850153,15,Stillwater Ct. at Perri Pl Medford OR US
6351727724,2017-11-02 16:08,https://medford.craigslist.org/apa/d/large-jacksonville-home/6351727724.html,Large Jacksonville Home Located in Private Setting,2550,Jacksonville,3,2541,2.5,42.181300,-123.024100,22,
