pid,dt,url,title,price,neighb,beds,sqft,baths,lat,lng,accuracy,address
6371317070,2017-11-02 16:59,https://memphis.craigslist.org/apa/d/air-conditioner-contemporary/6371317070.html,"Air Conditioner, Contemporary Kitchen Cabinets, Landscaped Courtyards",915,Southwind,1,679,1,35.031824,-89.793835,5,8037 Waterford CircleÂ  Memphis TN US
6371313803,2017-11-02 16:56,https://memphis.craigslist.org/apa/d/its-wonderful-life-at-the/6371313803.html,"It's a wonderful life at The Charleston Apartments! 3 Bed, 2 Bath, 133",1310,Cordova,3,1337,2,35.200324,-89.724483,5,2870 Gosling Circle West Cordova TN US
6336324748,2017-11-02 16:56,https://memphis.craigslist.org/apa/d/walk-to-highland-strip-2/6336324748.html,Walk to Highland Strip! - 2 Bedroom Townhouse!,650,686 Hobbs,2,1050,1.5,35.113537,-89.947042,5,Hobbs Dr at Spottswood Memphis TN US
6353773475,2017-11-02 16:54,https://memphis.craigslist.org/apa/d/walk-to-overton-square-2/6353773475.html,WALK TO OVERTON SQUARE!  2 BEDROOM DUPLEX,900,67 N COX,2,0,1,35.138072,-89.987469,5,Cox at Court Memphis TN US
6368454233,2017-11-02 16:54,https://memphis.craigslist.org/apa/d/garage-parking-fireplace-pool/6368454233.html,"Garage parking, Fireplace, Pool",850,"8920 Walnut Grove Road, Cordova, TN 38018",1,855,1,35.155600,-89.776200,5,8920 Walnut Grove Road Cordova TN US
6368557814,2017-11-02 16:53,https://memphis.craigslist.org/apa/d/washer-dryer-intrusion-alarm/6368557814.html,"Washer/Dryer, Intrusion alarm, Fitness Center",1260,"8920 Walnut Grove Road, Cordova, TN 38018",3,1380,2,35.155600,-89.776200,5,8920 Walnut Grove Road Cordova TN US
6371310306,2017-11-02 16:53,https://memphis.craigslist.org/apa/d/recycling-9-foot-ceilings/6371310306.html,"Recycling, 9-foot ceilings, Furnished",1165,"3769 Skipping Stone Trace, Memphis, TN 38125",1,1095,1,35.045584,-89.791051,5,3769 Skipping Stone Trace Memphis TN US
6371308509,2017-11-02 16:52,https://memphis.craigslist.org/apa/d/sundeck-air-conditioner/6371308509.html,"Sundeck, Air Conditioner, Resident Clubhouse",1295,Southwind,3,1421,2,35.031683,-89.794521,5,8037 Waterford CircleÂ  Memphis TN US
6371305627,2017-11-02 16:50,https://memphis.craigslist.org/apa/d/welcome-to-your-new-home-2/6371305627.html,WELCOME TO YOUR NEW HOME!!!! 2 BEDROOMS NOW AVAILABLE!!!!!!!!!!!!!!!!!,450,"MEMPHIS, TN",2,700,1,35.077315,-90.038566,15,641 SOUTHERN AVE MEMPHIS TN US
6371305003,2017-11-02 16:49,https://memphis.craigslist.org/apa/d/wardrobe-room-man-cave-check/6371305003.html,Wardrobe Room?? Man Cave?? - Check Out This Floor Plan,1175,"225 Arbor Commons Circle, Memphis, TN 38120",2,940,1,35.124994,-89.852324,5,225 Arbor Commons Circle Memphis TN US
6371303059,2017-11-02 16:48,https://memphis.craigslist.org/apa/d/2-bedrooms-now-available/6371303059.html,2 BEDROOMS NOW AVAILABLE!!!!!!!!!!!!!!!!!!!!!!!!!!!!!!!!!!!!!!!!!!!!!!,450,"MEMPHIS,TN",2,700,1,35.077315,-90.038566,15,641 SOUTHERN AVE MEMPHIS TN US
6371300479,2017-11-02 16:46,https://memphis.craigslist.org/apa/d/2-bedrooms-now-available11/6371300479.html,2 BEDROOMS NOW AVAILABLE!!!!!!!!!!!!!!!!!!!!!!!!!!!!!!!11,450,"MEMPHIS, TN",2,700,1,35.077315,-90.038566,15,641 SOUTHERN AVE. MEMPHIS TN US
6359009865,2017-11-02 16:38,https://memphis.craigslist.org/apa/d/two-bedroom-half-and-half/6359009865.html,** TWO BEDROOM ** HALF AND HALF SPECIAL!!,715,BRENTWOOD PLACE,2,1040,2,35.175668,-89.871597,5,1835 Sycamore View Road Memphis TN US
6362968362,2017-11-02 16:37,https://memphis.craigslist.org/apa/d/half-off-nov-dec-rent/6362968362.html,*** HALF OFF NOV/DEC Rent! Brentwood Place Apartments !,715,Brentwood Place,2,1040,0,35.175773,-89.871297,5,1835 Sycamore View Road Memphis TN US
6371270701,2017-11-02 16:30,https://memphis.craigslist.org/apa/d/great-place-to-live/6371270701.html,Great place to live,625,,1,0,1,35.073574,-89.919491,10,2715 CHERRY RD Memphis TN US
6371278188,2017-11-02 16:29,https://memphis.craigslist.org/apa/d/come-view-our-property/6371278188.html,COME & VIEW OUR PROPERTY!!!!,585,5001 Airways Blivd,2,950,1.5,35.030300,-90.012300,22,
6371230965,2017-11-02 16:25,https://memphis.craigslist.org/apa/d/upscale-living-prime-location/6371230965.html,Upscale living. Prime location. Visit The Orleans at Walnut Grove toda,1149,Near Wolfchase Mall,2,1018,2,35.155600,-89.776200,22,317 Royal Chartres Square East Cordova TN US
6332328567,2017-11-02 16:25,https://memphis.craigslist.org/apa/d/3-bedroom-1-bath-townhome/6332328567.html,3 BEDROOM 1 BATH TOWNHOME !!!,595,,3,1120,1,35.051915,-89.941579,10,3716 WINCHESTER RD memphis TN US
6352792431,2017-11-02 16:25,https://memphis.craigslist.org/apa/d/3-bedroom-1-bath-townhome/6352792431.html,3 BEDROOM 1 BATH TOWNHOME !!!,595,,3,1120,1,35.051915,-89.941579,10,3716 WINCHESTER RD memphis TN US
6371272247,2017-11-02 16:24,https://memphis.craigslist.org/apa/d/1291-goodbar-6/6371272247.html,1291 Goodbar #6,850,Midtown,2,0,1,35.133400,-90.004600,22,
6352798115,2017-11-02 16:24,https://memphis.craigslist.org/apa/d/3-bedroom-1-bath-townhome/6352798115.html,3 BEDROOM 1 BATH TOWNHOME !!!,595,,3,1120,1,35.051915,-89.941579,10,3716 WINCHESTER RD memphis TN US
6352794769,2017-11-02 16:23,https://memphis.craigslist.org/apa/d/3-bedroom-1-bath-townhome/6352794769.html,3 BEDROOM 1 BATH TOWNHOME !!!,595,,3,1120,1,35.051915,-89.941579,10,3716 WINCHESTER RD memphis TN US
6352881166,2017-11-02 16:22,https://memphis.craigslist.org/apa/d/come-an-apply-today-3-bedroom/6352881166.html,COME AN APPLY TODAY 3 BEDROOM I BATH !!!!,595,,3,1120,1,35.051915,-89.941579,10,3716 WINCHESTER RD memphis TN US
6352883538,2017-11-02 16:22,https://memphis.craigslist.org/apa/d/come-an-apply-today-3-bedroom/6352883538.html,COME AN APPLY TODAY 3 BEDROOM I BATH !!!!,595,,3,1120,1,35.051915,-89.941579,10,3716 WINCHESTER RD memphis TN US
6343238702,2017-11-02 16:22,https://memphis.craigslist.org/apa/d/3-bedroombath-frayser-dr/6343238702.html,3 bedroom 1 1/2 bath. frayser dr,700,Frayser dr,3,0,1.5,35.216066,-90.040397,0,
6371257671,2017-11-02 16:22,https://memphis.craigslist.org/apa/d/call-amber-todaymove-in/6371257671.html,CALL AMBER TODAY!!! $299.00 MOVE IN SPECIAL!!!,525,UNIVERSITY GARDENS MANOR,1,615,1,35.165007,-89.988993,10,2059 NORTH CABANA CIRCLE MEMPHIS TN US
6354259275,2017-11-02 16:22,https://memphis.craigslist.org/apa/d/2-bedroom-1-bath-home/6354259275.html,2 bedroom 1 bath home,650,3225 Carrington,2,0,1,35.106467,-89.954923,10,3225 Carrington Memphis TN US
6354194748,2017-11-02 16:21,https://memphis.craigslist.org/apa/d/2-bedroom-home/6354194748.html,2 bedroom home,650,3742 Deerwood CV,2,0,1,35.095641,-89.938568,20,Deerwood Cv. at Robinhood Memphis TN US
6352885365,2017-11-02 16:21,https://memphis.craigslist.org/apa/d/come-an-apply-today-3-bedroom/6352885365.html,COME AN APPLY TODAY 3 BEDROOM I BATH !!!!,595,,3,1120,1,35.051915,-89.941579,10,3716 WINCHESTER RD memphis TN US
6342633381,2017-11-02 16:21,https://memphis.craigslist.org/apa/d/3-bed-2-bath-on-whitehill-in/6342633381.html,3 bed 2 bath on Whitehill in Bartlett TN,1200,3707 Whitehill,3,1800,2,35.223479,-89.863228,20,Whitehill Bartlett TN US
6352877835,2017-11-02 16:21,https://memphis.craigslist.org/apa/d/3-bedroom-1-bath-townhome/6352877835.html,3 BEDROOM 1 BATH TOWNHOME !!!,595,,3,1120,1,35.051915,-89.941579,10,3716 WINCHESTER RD memphis TN US
6352900231,2017-11-02 16:20,https://memphis.craigslist.org/apa/d/3-bedroom-1-bath-townhome/6352900231.html,3 BEDROOM 1 BATH TOWNHOME !!!,595,,3,1120,1,35.051915,-89.941579,10,3716 WINCHESTER RD memphis TN US
6352897469,2017-11-02 16:19,https://memphis.craigslist.org/apa/d/3-bedroom-1-bath-townhome/6352897469.html,3 BEDROOM 1 BATH TOWNHOME !!!,595,,3,1120,1,35.051915,-89.941579,10,3716 WINCHESTER RD memphis TN US
6352895134,2017-11-02 16:18,https://memphis.craigslist.org/apa/d/3-bedroom-1-bath-townhome/6352895134.html,3 BEDROOM 1 BATH TOWNHOME !!!,595,,3,1120,1,35.051915,-89.941579,10,3716 WINCHESTER RD memphis TN US
6332292631,2017-11-02 16:18,https://memphis.craigslist.org/apa/d/come-see-us-today/6332292631.html,COME SEE US TODAY!!!!!,595,,3,1120,1,35.051915,-89.941579,10,3716 Winchester rd memphis TN US
6332318505,2017-11-02 16:17,https://memphis.craigslist.org/apa/d/come-an-apply-today-3-bedroom/6332318505.html,COME AN APPLY TODAY 3 BEDROOM I BATH !!!!,595,,3,1120,1,35.051915,-89.941579,10,3716 WINCHESTER RD memphis TN US
6332290184,2017-11-02 16:16,https://memphis.craigslist.org/apa/d/3-bedroom-1-bath-townhome/6332290184.html,3 BEDROOM 1 BATH TOWNHOME !!!,299,,3,1120,1,35.051915,-89.941579,10,3716 WINCHESTER RD memphis TN US
6371255194,2017-11-02 16:12,https://memphis.craigslist.org/apa/d/1655-parktown-place/6371255194.html,1655 Parktown Place,1095,Midtown,2,0,1.5,35.133400,-90.004600,22,
6371254007,2017-11-02 16:11,https://memphis.craigslist.org/apa/d/1-6-bedroom-townhomes/6371254007.html,1-6 Bedroom Townhomes!!!!,595,,3,0,1,35.051915,-89.941579,10,3716 WINCHESTER RD memphis TN US
6360387826,2017-11-02 16:10,https://memphis.craigslist.org/apa/d/3br-beautiful-home-lease-this/6360387826.html,3br Beautiful Home /Lease this Fully Updated House,600,1102 S 46th St,3,1500,2,33.752500,-84.388800,22,1102 S 46th St Memphis TN US
6371248312,2017-11-02 16:07,https://memphis.craigslist.org/apa/d/great-space-great-place-here/6371248312.html,GREAT SPACE! GREAT PLACE! HERE AT UNIVERSITY GARDENS MANOR,525,MIDTOWN,2,774,1,35.165007,-89.988993,10,2059 NORTH CABANA CIRCLE MEMPHIS` TN US
6368612411,2017-11-02 16:02,https://memphis.craigslist.org/apa/d/try-thompson-courtspecial/6368612411.html,Try Thompson Court! 250.00 Special Today,495,Castalia,2,0,1,35.115826,-89.994679,20,Castalia at DUNN and Airways Memphis TN US
6331575836,2017-11-02 16:02,https://memphis.craigslist.org/apa/d/come-make-your-home-here-at/6331575836.html,COME MAKE YOUR HOME HERE AT THE BRIDGES AT GERMANTOWN!!,1599,Germantown,3,1353,2,35.113776,-89.812294,10,7491 Wyndhurst Place Germantown TN US
