pid,dt,url,title,price,neighb,beds,sqft,baths,lat,lng,accuracy,address
6371308634,2017-11-02 17:00,https://milwaukee.craigslist.org/apa/d/spend-the-holidays-with/6371308634.html,Spend the holidays with relaxing lake views!! 1 bedroom available now!,750,"9220 N 75th Street #101, Milwaukee, WI 53223",1,672,1,43.186605,-88.003178,5,9220 N 75th StreetÂ  Milwaukee WI US
6371318456,2017-11-02 17:00,https://milwaukee.craigslist.org/apa/d/remodeled-spacious-3-br-upr/6371318456.html,"Remodeled, Spacious 3 Br Upr at Great Washington Heights Location",950,1437 N. 49th St. - Washington Heights,3,1250,1,43.049447,-87.974911,5,1437 N. 49th St. at W. Vliet St. Milwaukee WI US
6371318136,2017-11-02 17:00,https://milwaukee.craigslist.org/apa/d/updated-2-br-flats-water/6371318136.html,Updated 2 Br Flats - !WATER & PARKING INCLUDED!,725,3885 N. Humboldt Blvd. - Riverwest,2,1000,1,43.088087,-87.899036,7,3885 N. Humboldt Blvd. Milwaukee WI US
6371317651,2017-11-02 16:59,https://milwaukee.craigslist.org/apa/d/updated-2-br-flats-heat-water/6371317651.html,"Updated 2 Br Flats w/ HEAT, WATER and PARKING INCLUDED!",750,1160 E. Singer Cr.,2,950,1,43.084420,-87.894616,5,1160 E. Singer Cr. Milwaukee WI US
6371299558,2017-11-02 16:54,https://milwaukee.craigslist.org/apa/d/this-is-beautiful-fully/6371299558.html,<<<<<<<This is a beautiful fully renovated 3bd/1ba<<,1050,milwaukee,3,940,1,42.981268,-87.969847,22,
6362137182,2017-11-02 16:53,https://milwaukee.craigslist.org/apa/d/artesa-apartments-mequon/6362137182.html,Artesa Apartments Mequon Luxury Living At It's Finest!,2400,11130 N Buntrock,2,1500,2,43.235900,-87.981200,22,
6355453583,2017-11-02 16:53,https://milwaukee.craigslist.org/apa/d/wauwatosa-1-br-near-village/6355453583.html,"Wauwatosa, 1 br near Village, new kit & bath & 7' deep walk-in closet",940,1248 N 68th st,1,800,1,43.046213,-87.997287,15,68th at State Wauwatosa WI US
6362163501,2017-11-02 16:53,https://milwaukee.craigslist.org/apa/d/artesa-apartments-mequon/6362163501.html,Artesa Apartments Mequon Luxury Living At It's Finest!,1450,11130 N Buntrock,1,0,1,43.235900,-87.981200,22,
6362167085,2017-11-02 16:53,https://milwaukee.craigslist.org/apa/d/artesa-apartments-mequon/6362167085.html,Artesa Apartments Mequon Luxury Living At It's Finest!,1475,11130 N Buntrock,0,0,,43.235900,-87.981200,22,
6362172039,2017-11-02 16:53,https://milwaukee.craigslist.org/apa/d/artesa-apartments-mequon/6362172039.html,Artesa Apartments Mequon Luxury Living At It's Finest!,1500,11130 N Buntrock,1,0,1,43.235900,-87.981200,22,
6362174331,2017-11-02 16:52,https://milwaukee.craigslist.org/apa/d/artesa-apartments-mequon/6362174331.html,Artesa Apartments Mequon Luxury Living At It's Finest!,1675,11130 N Buntrock,1,0,1,43.235900,-87.981200,22,
6362182294,2017-11-02 16:52,https://milwaukee.craigslist.org/apa/d/artesa-apartments-mequon/6362182294.html,Artesa Apartments Mequon Luxury Living At It's Finest!,1850,11130 N Buntrock,1,0,1,43.235900,-87.981200,22,
6362188496,2017-11-02 16:52,https://milwaukee.craigslist.org/apa/d/artesa-apartments-mequon/6362188496.html,Artesa Apartments Mequon Luxury Living At It's Finest!,1825,11130 N Buntrock,1,0,1,43.235900,-87.981200,22,
6362196305,2017-11-02 16:52,https://milwaukee.craigslist.org/apa/d/artesa-apartments-mequon/6362196305.html,Artesa Apartments Mequon Luxury Living At It's Finest!,2550,11130 N Buntrock,2,0,2,43.235900,-87.981200,22,
6371308706,2017-11-02 16:52,https://milwaukee.craigslist.org/apa/d/last-one-bedroom-available/6371308706.html,Last one bedroom available IMMEDIATELY! $200 off this month rent!,740,"9220 N 75th Street #101, Milwaukee, WI 53223",1,672,1,43.186605,-88.003178,5,9220 N 75th StreetÂ  Milwaukee WI US
6362202815,2017-11-02 16:52,https://milwaukee.craigslist.org/apa/d/artesa-apartments-mequon/6362202815.html,Artesa Apartments Mequon Luxury Living At It's Finest!,2450,11130 N Buntrock,2,0,2,43.235900,-87.981200,22,
6362214642,2017-11-02 16:52,https://milwaukee.craigslist.org/apa/d/artesa-apartments-mequon/6362214642.html,Artesa Apartments Mequon Luxury Living At It's Finest!,2400,11130 N Buntrock,2,0,2,43.235900,-87.981200,22,
6362218338,2017-11-02 16:52,https://milwaukee.craigslist.org/apa/d/artesa-apartments-mequon/6362218338.html,Artesa Apartments Mequon Luxury Living At It's Finest!,1825,11130 N Buntrock,1,0,1,43.235900,-87.981200,22,
6362219842,2017-11-02 16:52,https://milwaukee.craigslist.org/apa/d/artesa-apartments-mequon/6362219842.html,Artesa Apartments Mequon Luxury Living At It's Finest!,2575,11130 N Buntrock,2,0,2,43.235900,-87.981200,22,
6362225941,2017-11-02 16:52,https://milwaukee.craigslist.org/apa/d/artesa-apartments-mequon/6362225941.html,Artesa Apartments Mequon Luxury Living At It's Finest!,2600,11130 N Buntrock,2,0,2,43.235900,-87.981200,22,
6362238553,2017-11-02 16:52,https://milwaukee.craigslist.org/apa/d/artesa-apartments-mequon/6362238553.html,Artesa Apartments Mequon Luxury Living At It's Finest!,3375,11130 N Buntrock,3,0,3,43.235900,-87.981200,22,
6363037796,2017-11-02 16:52,https://milwaukee.craigslist.org/apa/d/bayview-luxury-apartments/6363037796.html,Bayview LUXURY Apartments! Live at VUE!,900,2202 S. Kinnickinnic,0,398,,42.988015,-87.883483,20,2202 s kinnickinnic Milwaukee WI US
6363052658,2017-11-02 16:51,https://milwaukee.craigslist.org/apa/d/bayview-luxury-apartments/6363052658.html,Bayview LUXURY Apartments! Live at VUE!,1160,2202 S. Kinnickinnic,0,485,,42.975100,-87.894700,22,s kinnickinnic Milwaukee WI US
6363060389,2017-11-02 16:51,https://milwaukee.craigslist.org/apa/d/bayview-luxury-apartments/6363060389.html,Bayview LUXURY Apartments! Live at VUE!,1200,2202 S. Kinnickinnic,0,522,,42.988015,-87.883483,20,s. kinnickinnic Milwaukee WI US
6363065855,2017-11-02 16:51,https://milwaukee.craigslist.org/apa/d/bayview-luxury-apartments/6363065855.html,Bayview LUXURY Apartments! Live at VUE!,1515,2202 S. Kinnickinnic,0,640,,42.988015,-87.883483,20,s. kinnickinnic Milwaukee WI US
6363072791,2017-11-02 16:51,https://milwaukee.craigslist.org/apa/d/bayview-luxury-apartments/6363072791.html,Bayview LUXURY Apartments! Live at VUE!,1515,2202 S. Kinnickinnic,0,640,,42.988015,-87.883483,20,s. kinnickinnic Milwaukee WI US
6363078444,2017-11-02 16:51,https://milwaukee.craigslist.org/apa/d/bayview-luxury-apartments/6363078444.html,Bayview LUXURY Apartments! Live at VUE!,1475,2202 S. Kinnickinnic,0,674,,42.975100,-87.894700,22,
6363084401,2017-11-02 16:51,https://milwaukee.craigslist.org/apa/d/bayview-luxury-apartments/6363084401.html,Bayview LUXURY Apartments! Live at VUE!,1395,2202 S. Kinnickinnic,0,677,,42.988015,-87.883483,20,s. kinnickinnic Milwaukee WI US
6363090048,2017-11-02 16:51,https://milwaukee.craigslist.org/apa/d/bayview-luxury-apartments/6363090048.html,Bayview LUXURY Apartments! Live at VUE!,1475,2202 S. Kinnickinnic,0,678,,42.988015,-87.883483,20,s. kinnickinnic Milwaukee WI US
6363095091,2017-11-02 16:51,https://milwaukee.craigslist.org/apa/d/bayview-luxury-apartments/6363095091.html,Bayview LUXURY Apartments! Live at VUE!,1475,2202 S. Kinnickinnic,0,693,,42.988015,-87.883483,20,s kinnickinnic Milwaukee WI US
6363113829,2017-11-02 16:51,https://milwaukee.craigslist.org/apa/d/bayview-luxury-apartments/6363113829.html,Bayview LUXURY Apartments! Live at VUE!,1590,2202 S. Kinnickinnic,0,728,,42.988015,-87.883483,20,s. kinnickinnic Milwaukee WI US
6371306162,2017-11-02 16:50,https://milwaukee.craigslist.org/apa/d/wauwatosa-2-br-15-ba-near/6371306162.html,"Wauwatosa 2 br, 1.5 BA, near Village, new kit & bathrooms",1150,1250N 68th #208,2,940,1.5,43.046213,-87.997287,15,n 68th at state wauwatosa WI US
6363130084,2017-11-02 16:50,https://milwaukee.craigslist.org/apa/d/bayview-luxury-apartments/6363130084.html,Bayview LUXURY Apartments! Live at VUE!,1590,2202 S. Kinnickinnic,0,728,,42.988015,-87.883483,20,s kinnickinnic Milwaukee WI US
6371305431,2017-11-02 16:50,https://milwaukee.craigslist.org/apa/d/house-for-rent-own-4br3bth/6371305431.html,House for rent/own 4BR3+bth,1250,Cdrbrg/Grafton,4,2800,3.5,43.344030,-87.971736,20,Butternut at fieldstone Cedarburg WI US
6363130337,2017-11-02 16:49,https://milwaukee.craigslist.org/apa/d/bayview-luxury-apartments/6363130337.html,Bayview LUXURY Apartments! Live at VUE!,1550,2202 S. Kinnickinnic,0,743,,42.975100,-87.894700,22,s. kinnickinnic Milwaukee WI US
6363133425,2017-11-02 16:49,https://milwaukee.craigslist.org/apa/d/bayview-luxury-apartments/6363133425.html,Bayview LUXURY Apartments! Live at VUE!,1530,2202 S. Kinnickinnic,0,756,,42.988015,-87.883483,20,s. kinnickinnic Milwaukee WI US
6363153181,2017-11-02 16:49,https://milwaukee.craigslist.org/apa/d/bayview-luxury-apartments/6363153181.html,Bayview LUXURY Apartments! Live at VUE!,1490,2202 S. Kinnickinnic,0,774,,42.988015,-87.883483,20,s. kinnickinnic Milwaukee WI US
6363156784,2017-11-02 16:49,https://milwaukee.craigslist.org/apa/d/bayview-luxury-apartments/6363156784.html,Bayview LUXURY Apartments! Live at VUE!,1465,2202 S. Kinnickinnic,0,781,,42.988015,-87.883483,20,s. kinnickinnic Milwaukee WI US
6363159269,2017-11-02 16:49,https://milwaukee.craigslist.org/apa/d/bayview-luxury-apartments/6363159269.html,Bayview LUXURY Apartments! Live at VUE!,1380,2202 S. Kinnickinnic,0,784,,42.988015,-87.883483,20,s. kinnickinnic Milwaukee WI US
6363164888,2017-11-02 16:49,https://milwaukee.craigslist.org/apa/d/bayview-luxury-apartments/6363164888.html,Bayview LUXURY Apartments! Live at VUE!,1475,2202 S. Kinnickinnic,0,785,,42.988015,-87.883483,20,s. kinnickinnic Milwaukee WI US
6363167963,2017-11-02 16:49,https://milwaukee.craigslist.org/apa/d/bayview-luxury-apartments/6363167963.html,Bayview LUXURY Apartments! Live at VUE!,1515,2202 S. Kinnickinnic,0,789,,42.988015,-87.883483,20,s. kinnickinnic Milwaukee WI US
6363203154,2017-11-02 16:49,https://milwaukee.craigslist.org/apa/d/bayview-luxury-apartments/6363203154.html,Bayview LUXURY Apartments! Live at VUE!,1450,2202 S. Kinnickinnic,0,801,,42.988015,-87.883483,20,s. kinnickinnic Milwaukee WI US
6361956176,2017-11-02 16:48,https://milwaukee.craigslist.org/apa/d/eastside-studio-apartment/6361956176.html,Eastside Studio Apartment - Available Now!,1180,1857 E. Kenilworth,0,561,,43.050600,-87.896800,22,
6361969150,2017-11-02 16:48,https://milwaukee.craigslist.org/apa/d/eastside-studio-apartment/6361969150.html,Eastside Studio Apartment- Available Now!,1150,1857 E. Kenilworth,0,561,,43.050600,-87.896800,22,
6361981395,2017-11-02 16:48,https://milwaukee.craigslist.org/apa/d/eastside-studio-apartment/6361981395.html,Eastside Studio Apartment- Available Now!,1200,1857 E. Kenilworth,0,561,,43.050600,-87.896800,22,
6362003291,2017-11-02 16:48,https://milwaukee.craigslist.org/apa/d/eastside-one-bedroom-balcony/6362003291.html,Eastside One Bedroom w/ Balcony Apartment- Available Now!,1450,1857 E. Kenilworth,1,849,1,43.050600,-87.896800,22,
6362011991,2017-11-02 16:48,https://milwaukee.craigslist.org/apa/d/eastside-studio-apartment/6362011991.html,Eastside Studio Apartment- Available Now!,1015,1857 E. Kenilworth,0,561,,43.050600,-87.896800,22,
6362020249,2017-11-02 16:48,https://milwaukee.craigslist.org/apa/d/eastside-one-bedroom-balcony/6362020249.html,Eastside One Bedroom w/ Balcony Apartment- Available Now!,1475,1857 E. Kenilworth,1,849,1,43.050600,-87.896800,22,
6362038098,2017-11-02 16:48,https://milwaukee.craigslist.org/apa/d/eastside-one-bedroom/6362038098.html,Eastside One Bedroom Apartment- Available 10/31!,1250,1857 E. Kenilworth,0,696,,43.050600,-87.896800,22,
6362094930,2017-11-02 16:48,https://milwaukee.craigslist.org/apa/d/eastside-one-bedroom/6362094930.html,Eastside One Bedroom Apartment- Available 12/17!,1175,1857 E. Kenilworth,1,692,1,43.050600,-87.896800,22,
6362075600,2017-11-02 16:48,https://milwaukee.craigslist.org/apa/d/eastside-one-bedroom/6362075600.html,Eastside One Bedroom Apartment- Available 11/18!,1200,1857 E. Kenilworth,1,696,1,43.050600,-87.896800,22,
6362064376,2017-11-02 16:47,https://milwaukee.craigslist.org/apa/d/eastside-studio-apartment/6362064376.html,Eastside Studio Apartment- Available 11/18!,1150,1857 E. Kenilworth,0,531,,43.050600,-87.896800,22,
6362054004,2017-11-02 16:47,https://milwaukee.craigslist.org/apa/d/eastside-studio-apartment/6362054004.html,Eastside Studio Apartment- Available 10/31!,1150,1857 E. Kenilworth,0,561,,43.050600,-87.896800,22,
6362045604,2017-11-02 16:47,https://milwaukee.craigslist.org/apa/d/eastside-one-bedroom-balcony/6362045604.html,Eastside One Bedroom w/ Balcony Apartment- Available 10/31!,1250,1857 E. Kenilworth,0,692,,43.050600,-87.896800,22,
6371289186,2017-11-02 16:47,https://milwaukee.craigslist.org/apa/d/beautiful-spacious-3-bedroom/6371289186.html,BEAUTIFUL & SPACIOUS 3 BEDROOM & 1.5 BATHROOM W/ BACKYARD FENCED!!!,800,"Milwaukee, WI",3,1179,1.5,43.068500,-87.971500,22,
6371300749,2017-11-02 16:46,https://milwaukee.craigslist.org/apa/d/duplex-in-washington-heights/6371300749.html,Duplex in Washington Heights with remodeled Bathroom,800,N 57th St/ Washington Blvd,2,1200,1,43.052912,-87.984186,15,N 57th St at W Washington Blvd Milwaukee WI US
6371285293,2017-11-02 16:42,https://milwaukee.craigslist.org/apa/d/3-bedroom/6371285293.html,3 bedroom,775,32ND & BURNHAM,3,0,1,43.006000,-87.942900,22,Burnham Milwaukee WI US
6371295391,2017-11-02 16:42,https://milwaukee.craigslist.org/apa/d/beautiful-okauchee-lake-house/6371295391.html,BEAUTIFUL OKAUCHEE LAKE HOUSE | Caretaker Needed,1900,Okauchee Lake,0,2011,,43.112337,-88.441637,22,N51W34982 Wisconsin Ave Okauchee WI US
6371294229,2017-11-02 16:41,https://milwaukee.craigslist.org/apa/d/updated-one-bedroom-downtown/6371294229.html,Updated One Bedroom Downtown Waukesha Free Heat Stainless Appliances,990,Waukesha,1,753,1,43.013660,-88.228475,10,100 Corrina Blvd Waukesha WI US
6371292309,2017-11-02 16:39,https://milwaukee.craigslist.org/apa/d/2-bedroom-with-nature-view/6371292309.html,2 Bedroom with a Nature View!,975,Hales Corners,2,964,1,42.935853,-88.065217,5,Kurtz Rd at Janesville Rd Hales Corners WI US
6371291961,2017-11-02 16:39,https://milwaukee.craigslist.org/apa/d/2-bedroom-upper-grand-avenue/6371291961.html,"2 Bedroom Upper, Grand Avenue",625,Menomonee Falls,2,0,1,43.160200,-88.112800,22,W166 N9108 Grand Avenue Menomonee Falls WI US
6371290911,2017-11-02 16:38,https://milwaukee.craigslist.org/apa/d/2b-1bath-in-historic-brewers/6371290911.html,2B 1Bath In Historic Brewers Hill,1375,Historic Brewers Hill,0,0,,43.054387,-87.908102,5,N Hubbard St Milwaukee WI US
6352825155,2017-11-02 16:37,https://milwaukee.craigslist.org/apa/d/danbury-rent-special-close-to/6352825155.html,Danbury-Rent Special-Close to Metro Mart,750,Shorewood 4428 N Oakland,1,1,1,43.082000,-87.889500,0,
6352823890,2017-11-02 16:35,https://milwaukee.craigslist.org/apa/d/shepard-3-bdr-2-bath-parking/6352823890.html,Shepard-3 Bdr/ 2 Bath/Parking/Private Entrance,3295,Milwaukee-Shepard & Hampshire,3,2250,0,43.082000,-87.889500,0,
6371260292,2017-11-02 16:35,https://milwaukee.craigslist.org/apa/d/kitchen-island-outdoor-heated/6371260292.html,"Kitchen Island, Outdoor Heated Pool, Pet Friendly, Fitness Center",881,,2,990,1,43.159400,-88.032700,22,
6371284724,2017-11-02 16:34,https://milwaukee.craigslist.org/apa/d/eastside-apartment-near/6371284724.html,Eastside Apartment Near Downer Ave,965,2556 N. Murray Ave,2,875,1,43.065188,-87.885303,5,north murray ave Milwaukee WI US
6344394704,2017-11-02 16:33,https://milwaukee.craigslist.org/apa/d/briarwood-apts-rent-special/6344394704.html,Briarwood Apts-Rent Special-HWF/Dining Rm/Close to UWM,795,Eastside-2631 N Cramer,1,803,1,43.082000,-87.889500,0,
6371274605,2017-11-02 16:33,https://milwaukee.craigslist.org/apa/d/two-nice-apartments-in-one/6371274605.html,Two Nice Apartments - In One Nice House -Duplex,700,,3,0,2,43.075300,-87.934700,22,23rd at Clark milw WI US
6371283764,2017-11-02 16:33,https://milwaukee.craigslist.org/apa/d/1br-heat-c-appls-parking-ares/6371283764.html,"1BR W/ HEAT, A/C, APPLS, PARKING!!!  [ARES] FG",645,SW-MILWAUKEE,1,700,1,42.968930,-88.000696,10,"7030 W. Forest Home, Greenfield WI US"
6371258545,2017-11-02 16:32,https://milwaukee.craigslist.org/apa/d/gorgeous-2-br-1-bath/6371258545.html,Gorgeous 2 BR 1 BATH Apartment for Rent,700,,0,0,,43.086282,-87.939586,10,"3815U N 22nd Street , Milwaukee, WI 53208 Milwaukee WI US"
6343733418,2017-11-02 16:32,https://milwaukee.craigslist.org/apa/d/wilshire-rent-special-close/6343733418.html,Wilshire-Rent Special-Close to Metro Mart/On Bus Line,750,Eastside-4442 N Oakland Avenue,1,650,0,,,,
6343561119,2017-11-02 16:30,https://milwaukee.craigslist.org/apa/d/shorewood-manor-dining-room/6343561119.html,Shorewood Manor-Dining Room/Storage/Walk in Closets 1st Month Free,850,Shorewood-4001 N Prospect Ave,1,565,0,43.082000,-87.889500,0,
6371248608,2017-11-02 16:29,https://milwaukee.craigslist.org/apa/d/2-bedroom-apartment/6371248608.html,2 Bedroom Apartment W/ Appliances (6236 W. Kaul),625,,2,0,1,43.127910,-87.988738,10,6236 W. Kaul ave Milwaukee WI US
6343718435,2017-11-02 16:28,https://milwaukee.craigslist.org/apa/d/ashford-ct-rent-special/6343718435.html,Ashford Ct-Rent Special-Parking/Dishwasher/Storage,950,512 E Henry Clay,2,718,0,43.082000,-87.889500,0,
6371277048,2017-11-02 16:28,https://milwaukee.craigslist.org/apa/d/2-bedroom-with-huge-kitchen/6371277048.html,2 Bedroom with Huge Kitchen!,1081,Hales Corners,2,1206,1,42.935802,-88.065252,5,Kurtz Rd at Janesville Rd Hales Corners WI US
6334358820,2017-11-02 16:22,https://milwaukee.craigslist.org/apa/d/windsor-ct-rent-special-close/6334358820.html,Windsor Ct-Rent Special-Close to Lake*Dining Room*Balcony,995,East Side 1006 E State,1,820,1,43.050600,-87.896800,0,
6334357995,2017-11-02 16:22,https://milwaukee.craigslist.org/apa/d/park-lane-rent-special-close/6334357995.html,Park Lane -Rent Special- Close to Lake*City View available,1595,1930  Prospect Ave,2,990,1,43.055513,-87.888284,15,Prospect at Irving Milwaukee WI US
6334357358,2017-11-02 16:21,https://milwaukee.craigslist.org/apa/d/webster-rent-special-fire/6334357358.html,Webster-Rent Special-Fire Place*Porch*Storage,1295,Eastside-2521 N Downer Ave,3,850,1,43.062412,-87.878384,0,
6334356032,2017-11-02 16:21,https://milwaukee.craigslist.org/apa/d/marneau-walk-to-jazz-in-the/6334356032.html,Marneau-Walk to Jazz in the Park/Close to Metro Mart 1st Month Free,725,East Side - 1129 N. Marshall,0,535,1,43.039013,-87.900484,20,Marshall at Junuea Milwaukee WI US
6371264355,2017-11-02 16:19,https://milwaukee.craigslist.org/apa/d/drake-rent-special-hwf-dining/6371264355.html,Drake-Rent Special-HWF/Dining Rm/Walk to Whole Foods,875,Eastside-1915 Prospect,1,732,1,43.050600,-87.896800,0,
6361837141,2017-11-02 16:16,https://milwaukee.craigslist.org/apa/d/fantastic-house-for-family/6361837141.html,A fantastic house FOR A FAMILY,,milwmilw,0,0,,,,,
6334355105,2017-11-02 16:15,https://milwaukee.craigslist.org/apa/d/plaza-apartments-rent-special/6334355105.html,Plaza Apartments-Rent Special-All Utilities Included,675,East Side-1007 N. Cass St,0,0,1,43.043813,-87.902284,15,State at Cass Milwaukee WI US
6361842095,2017-11-02 16:15,https://milwaukee.craigslist.org/apa/d/brick-built-house-with-3/6361842095.html,BRICK-B`U`ILT HOUSE with 3 bedrooms,,milwaukee,0,0,,,,,
6343655468,2017-11-02 16:14,https://milwaukee.craigslist.org/apa/d/claridge-hall-city-view/6343655468.html,Claridge Hall-City View/Elevator/Window A/C,650,Eastside-802 E State,1,300,0,43.043813,-87.902284,0,
6347205426,2017-11-02 16:14,https://milwaukee.craigslist.org/apa/d/spacious-2-bed-2-bath/6347205426.html,Spacious 2 Bed 2 Bath Available NOW! Free Month!,1595,Menomonee Falls,2,1157,2,43.160200,-88.112800,22,n91w16028 Junction Way menomonee falls WI US
6371255722,2017-11-02 16:12,https://milwaukee.craigslist.org/apa/d/shorewood-1-bedroom-heat/6371255722.html,"Shorewood 1 Bedroom, HEAT INCLUDED, PARKING Available! HWD Floor",825,,1,0,1,,,,
6371254450,2017-11-02 16:11,https://milwaukee.craigslist.org/apa/d/river-view-1-bedroom/6371254450.html,River View 1 Bedroom Available NOW!,1286,,1,712,1,43.050013,-87.907484,10,1551 N. Water St Milwaukee WI US
6343679121,2017-11-02 16:11,https://milwaukee.craigslist.org/apa/d/inbusch-rent-special-close-to/6343679121.html,Inbusch-Rent Special Close to Lake/Walk to Jazz in the Park,795,Eastside-1135 N Cass St,0,320,,43.041313,-87.901984,0,
6361834381,2017-11-02 16:11,https://milwaukee.craigslist.org/apa/d/appointed-house-for-leas/6361834381.html,appointed HOUSE FOR LEAS,,wauke,0,0,,,,,
6352769837,2017-11-02 16:10,https://milwaukee.craigslist.org/apa/d/van-buren-rent-special-walk/6352769837.html,Van Buren-Rent Special-Walk to Jazz in the Park*Metro Mart,550,1104 N Van Buren St,0,255,1,43.045613,-87.903784,15,Van Buren at Juneau Milwaukee WI US
6371237248,2017-11-02 16:10,https://milwaukee.craigslist.org/apa/d/bay-view-luxury-apartments/6371237248.html,Bay View Luxury Apartments!,1189,,0,0,1,,,,
6371251747,2017-11-02 16:09,https://milwaukee.craigslist.org/apa/d/2911-6th-street-3-bedroom/6371251747.html,2911 N 6th Street - 3 Bedroom Upper,550,North,3,0,1,43.071475,-87.918475,10,2911 N 6th Street Milwaukee WI US
6371224005,2017-11-02 16:09,https://milwaukee.craigslist.org/apa/d/1818-shorewood-blvd-mil/6371224005.html,1818 E Shorewood Blvd Mil. Beautiful Condo for Rent $300 off 1st Month,1600,,2,1170,2,43.082000,-87.889500,22,
6352768584,2017-11-02 16:08,https://milwaukee.craigslist.org/apa/d/st-clair-rent-special-east/6352768584.html,St. Clair-Rent Special-East Side Close to Lake/Heat Included,575,Eastside-921 N Marshall Street,0,320,,43.042713,-87.900884,15,Marshall at Kilbourn Milwaukee WI US
6371249762,2017-11-02 16:08,https://milwaukee.craigslist.org/apa/d/the-shoreham-rent-special-hwf/6371249762.html,The Shoreham-Rent Special-HWF/Storage/Picnic Tables,1095,Eastside-1127 N Cass St,1,695,1,,,,
6352713395,2017-11-02 16:06,https://milwaukee.craigslist.org/apa/d/marshall-hall-rent-special/6352713395.html,Marshall Hall-Rent Special-Close to Lake*Metro Mart*Utilities Included,725,Eastside-1104 N Marshall,0,275,1,43.045613,-87.901184,15,Marshall at Juneau Milwaukee WI US
6371246159,2017-11-02 16:05,https://milwaukee.craigslist.org/apa/d/make-the-empire-your-new-home/6371246159.html,"Make The Empire Your New Home! Heat Included, Great Area! Call Today!",735,,1,0,1,,,,
6371243858,2017-11-02 16:04,https://milwaukee.craigslist.org/apa/d/1bd-downtown-apt-hot-tub/6371243858.html,"1BD Downtown Apt - Hot Tub, Sauna, Steam Room, Pool Table, Conv. Store",1190,720 N. Old World Third St.,1,633,1,43.040300,-87.915400,22,720 N. Old World Third St. Milwaukee WI US
6352706022,2017-11-02 16:02,https://milwaukee.craigslist.org/apa/d/devonshire-rent-special-close/6352706022.html,Devonshire-Rent Special-Close to Lake*Brady Street,895,East Side - 1504 N. Prospect Ave.,1,625,1,43.058613,-87.885384,20,Prospect at Lake Bluff Milwaukee WI US
