pid,dt,url,title,price,neighb,beds,sqft,baths,lat,lng,accuracy,address
6371318119,2017-11-02 17:00,https://minneapolis.craigslist.org/hnp/apa/d/custom-cabinetry-recycling/6371318119.html,"Custom Cabinetry, Recycling Center, On-Site Management",1876,Maple Grove,2,1330,2,45.128400,-93.458900,5,11851 Central Park Way Maple Grove MN US
6371316118,2017-11-02 16:58,https://minneapolis.craigslist.org/ank/apa/d/simply-gorgeous-view/6371316118.html,Simply Gorgeous View!!,1449,Fridley,3,0,2,45.095000,-93.239600,22,111 83rd Ave NE Minneapolis MN US
6371314507,2017-11-02 16:57,https://minneapolis.craigslist.org/ank/apa/d/on-site-maintenance-air/6371314507.html,"On-Site Maintenance, Air Conditioner, Clubhouse",1035,"1770 121st Ave NW, Coon Rapids, MN 55448",1,811,1,45.190103,-93.310733,5,1770 121st Ave NWÂ  Coon Rapids MN US
6371305421,2017-11-02 16:56,https://minneapolis.craigslist.org/hnp/apa/d/2-bedroom-den-3-bathrooms/6371305421.html,2 Bedroom W/Den - 3 Bathrooms - Maple Grove,1795,8110 Oakview Lane,0,1664,3,45.102002,-93.437605,5,8110 Oakview Lane N Maple Grove MN US
6371312365,2017-11-02 16:55,https://minneapolis.craigslist.org/ank/apa/d/2-bed-1-bath-patio-balcony/6371312365.html,"2 Bed 1 Bath - Patio/Balcony, Carpeting",1295,"1770 121st Ave NW, Coon Rapids, MN 55448",2,1079,1,45.190103,-93.310733,5,1770 121st Ave NWÂ  Coon Rapids MN US
6371294155,2017-11-02 16:54,https://minneapolis.craigslist.org/hnp/apa/d/warm-up-with-you-first-month/6371294155.html,Warm up with you first month free! Call for details,1030,Richfield,1,720,1,44.865211,-93.302310,10,7617 knox ave s Richfield MN US
6346087762,2017-11-02 16:54,https://minneapolis.craigslist.org/hnp/apa/d/lake-calhoun-view-right-out/6346087762.html,"Lake Calhoun View, right out your front door",2100,"3009 Knox Av S, Uptown",3,1800,2.5,44.948231,-93.304674,10,3009 Knox Av S Minneapolis MN US
6371309323,2017-11-02 16:53,https://minneapolis.craigslist.org/hnp/apa/d/great-view-on-this-downtown/6371309323.html,GREAT VIEW ON THIS DOWNTOWN ALCOVE - ON PROMOTION - CALL NOW,1580,Downtown,1,579,1,44.983500,-93.268300,5,", , 55401 Minneapolis / st paul MN US"
6371306935,2017-11-02 16:51,https://minneapolis.craigslist.org/hnp/apa/d/enjoy-the-woods-view-from/6371306935.html,Enjoy the woods view from your over sized balcony! 24 hr. fitness,1528,"6426 City West Parkway , Eden Prairie, MN 55344",2,1048,2,44.857400,-93.437600,5,6426 City West ParkwayÂ  Eden Prairie MN US
6371300532,2017-11-02 16:46,https://minneapolis.craigslist.org/ram/apa/d/available-now-professionally/6371300532.html,"Available Now, Professionally Managed, 24 Hour Fitness Center",1265,"1 block North of Lake Owasso, Shoreview",2,1150,1,45.046695,-93.123496,10,577 Harriet Avenue Shoreview MN US
6371288291,2017-11-02 16:45,https://minneapolis.craigslist.org/hnp/apa/d/one-bedroom-plus-den-prime/6371288291.html,"One Bedroom Plus Den, Prime Location",1595,Minneapolis,1,810,1,44.959823,-93.299699,10,2315 Irving Ave S Minneapolis MN US
6371296780,2017-11-02 16:43,https://minneapolis.craigslist.org/hnp/apa/d/beautiful-modern-1-bedroom/6371296780.html,Beautiful Modern 1 Bedroom Apartment on the Top Floor!,1565,St. Louis Park,1,715,1,44.940271,-93.329366,10,3920 Excelsior blvd  MN US
6371292588,2017-11-02 16:40,https://minneapolis.craigslist.org/dak/apa/d/eye-popping-1500-move-in/6371292588.html,"Eye-Popping $1,500 MOVE-IN BONUS!* Call & Inquire Today!",939,Prior Lake,1,800,1,44.717891,-93.416920,10,5119 Gateway ST SE Prior Lake MN US
6366846827,2017-11-02 16:39,https://minneapolis.craigslist.org/hnp/apa/d/fully-furnished-condo/6366846827.html,Fully Furnished Condo w Utilities Included Starting November 10th,925,Downtown Minneapolis,0,500,1,44.974404,-93.266363,10,431 7th ST S at 4th Ave S Minneapolis MN US
6371290735,2017-11-02 16:38,https://minneapolis.craigslist.org/wsh/apa/d/lower-level-of-home-650-for/6371290735.html,lower level of home $650 for all,650,Hudson,1,1000,1,44.970506,-92.647018,5,
6371318119,2017-11-02 17:00,https://minneapolis.craigslist.org/hnp/apa/d/custom-cabinetry-recycling/6371318119.html,"Custom Cabinetry, Recycling Center, On-Site Management",1876,Maple Grove,2,1330,2,45.128400,-93.458900,5,11851 Central Park Way Maple Grove MN US
6371316118,2017-11-02 16:58,https://minneapolis.craigslist.org/ank/apa/d/simply-gorgeous-view/6371316118.html,Simply Gorgeous View!!,1449,Fridley,3,0,2,45.095000,-93.239600,22,111 83rd Ave NE Minneapolis MN US
6371314507,2017-11-02 16:57,https://minneapolis.craigslist.org/ank/apa/d/on-site-maintenance-air/6371314507.html,"On-Site Maintenance, Air Conditioner, Clubhouse",1035,"1770 121st Ave NW, Coon Rapids, MN 55448",1,811,1,45.190103,-93.310733,5,1770 121st Ave NWÂ  Coon Rapids MN US
6371305421,2017-11-02 16:56,https://minneapolis.craigslist.org/hnp/apa/d/2-bedroom-den-3-bathrooms/6371305421.html,2 Bedroom W/Den - 3 Bathrooms - Maple Grove,1795,8110 Oakview Lane,2,1664,3,45.102002,-93.437605,5,8110 Oakview Lane N Maple Grove MN US
6371312365,2017-11-02 16:55,https://minneapolis.craigslist.org/ank/apa/d/2-bed-1-bath-patio-balcony/6371312365.html,"2 Bed 1 Bath - Patio/Balcony, Carpeting",1295,"1770 121st Ave NW, Coon Rapids, MN 55448",2,1079,1,45.190103,-93.310733,5,1770 121st Ave NWÂ  Coon Rapids MN US
6371294155,2017-11-02 16:54,https://minneapolis.craigslist.org/hnp/apa/d/warm-up-with-you-first-month/6371294155.html,Warm up with you first month free! Call for details,1030,Richfield,1,720,1,44.865211,-93.302310,10,7617 knox ave s Richfield MN US
6346087762,2017-11-02 16:54,https://minneapolis.craigslist.org/hnp/apa/d/lake-calhoun-view-right-out/6346087762.html,"Lake Calhoun View, right out your front door",2100,"3009 Knox Av S, Uptown",3,1800,2.5,44.948231,-93.304674,10,3009 Knox Av S Minneapolis MN US
6371309323,2017-11-02 16:53,https://minneapolis.craigslist.org/hnp/apa/d/great-view-on-this-downtown/6371309323.html,GREAT VIEW ON THIS DOWNTOWN ALCOVE - ON PROMOTION - CALL NOW,1580,Downtown,1,579,1,44.983500,-93.268300,5,", , 55401 Minneapolis / st paul MN US"
6371306935,2017-11-02 16:51,https://minneapolis.craigslist.org/hnp/apa/d/enjoy-the-woods-view-from/6371306935.html,Enjoy the woods view from your over sized balcony! 24 hr. fitness,1528,"6426 City West Parkway , Eden Prairie, MN 55344",2,1048,2,44.857400,-93.437600,5,6426 City West ParkwayÂ  Eden Prairie MN US
6371300532,2017-11-02 16:46,https://minneapolis.craigslist.org/ram/apa/d/available-now-professionally/6371300532.html,"Available Now, Professionally Managed, 24 Hour Fitness Center",1265,"1 block North of Lake Owasso, Shoreview",2,1150,1,45.046695,-93.123496,10,577 Harriet Avenue Shoreview MN US
6371288291,2017-11-02 16:45,https://minneapolis.craigslist.org/hnp/apa/d/one-bedroom-plus-den-prime/6371288291.html,"One Bedroom Plus Den, Prime Location",1595,Minneapolis,1,810,1,44.959823,-93.299699,10,2315 Irving Ave S Minneapolis MN US
6371296780,2017-11-02 16:43,https://minneapolis.craigslist.org/hnp/apa/d/beautiful-modern-1-bedroom/6371296780.html,Beautiful Modern 1 Bedroom Apartment on the Top Floor!,1565,St. Louis Park,1,715,1,44.940271,-93.329366,10,3920 Excelsior blvd  MN US
6371292588,2017-11-02 16:40,https://minneapolis.craigslist.org/dak/apa/d/eye-popping-1500-move-in/6371292588.html,"Eye-Popping $1,500 MOVE-IN BONUS!* Call & Inquire Today!",939,Prior Lake,1,800,1,44.717891,-93.416920,10,5119 Gateway ST SE Prior Lake MN US
6366846827,2017-11-02 16:39,https://minneapolis.craigslist.org/hnp/apa/d/fully-furnished-condo/6366846827.html,Fully Furnished Condo w Utilities Included Starting November 10th,925,Downtown Minneapolis,0,500,1,44.974404,-93.266363,10,431 7th ST S at 4th Ave S Minneapolis MN US
6371290735,2017-11-02 16:38,https://minneapolis.craigslist.org/wsh/apa/d/lower-level-of-home-650-for/6371290735.html,lower level of home $650 for all,650,Hudson,1,1000,1,44.970506,-92.647018,5,
6371288968,2017-11-02 16:37,https://minneapolis.craigslist.org/hnp/apa/d/spacious-top-floor-2-bedroom/6371288968.html,Spacious Top Floor 2-bedroom Duplex in Fantastic Calhoun Location!,1750,2915 Glenhurst Ave,2,1115,1,44.949614,-93.337269,5,"2915 Glenhurst Ave S Saint louis Park, mn, 55416 MN US"
6371287056,2017-11-02 16:35,https://minneapolis.craigslist.org/hnp/apa/d/my-favorite-corner-in-uptown/6371287056.html,My Favorite Corner in Uptown -Blocks to Calhoun-3611 Bryant Ave,925,uptown,1,0,1,44.935762,-93.286114,5,
6363486641,2017-11-02 16:34,https://minneapolis.craigslist.org/ank/apa/d/brilliant-fresh-flooring/6363486641.html,Brilliant Fresh Flooring Spacious Layout,995,OWNER FINANCING,0,1350,,,,,
6362126948,2017-11-02 16:34,https://minneapolis.craigslist.org/hnp/apa/d/beautifully-updated-spacious/6362126948.html,Beautifully Updated Spacious Bright Walk to Lake Calhoun  Lake Harriet,1210,Uptown,1,715,1,44.937813,-93.290577,5,Bryant Avenue South at W 36th Street Minneapolis MN US
6362091050,2017-11-02 16:33,https://minneapolis.craigslist.org/hnp/apa/d/newly-updated-walk-to-lake/6362091050.html,NEWLY UPDATED Walk to Lake Calhoun or Lake Harriet,1210,Uptown,1,715,1,44.937858,-93.290598,5,Bryant Ave South at West 36th Street Minneapolis MN US
6362095482,2017-11-02 16:33,https://minneapolis.craigslist.org/hnp/apa/d/beautifully-updated-spacious/6362095482.html,Beautifully Updated Spacious Bright Walk to Lake Calhoun  Lake Harriet,1210,Uptown,1,715,1,44.937813,-93.290577,5,Bryant Avenue South at W 36th Street Minneapolis MN US
6335281964,2017-11-02 16:33,https://minneapolis.craigslist.org/hnp/apa/d/beautifully-updated-studio/6335281964.html,"Beautifully Updated, Studio Plus! Walk to Lake Calhoun or Lake Harriet",1060,Uptown,0,500,1,44.937874,-93.290555,5,Bryant Ave South at West 36th Street Minneapolis MN US
6335266025,2017-11-02 16:33,https://minneapolis.craigslist.org/hnp/apa/d/beautifully-updated-studio/6335266025.html,"Beautifully Updated, Studio Plus! Walk to Lake Calhoun or Lake Harriet",1060,Uptown,0,500,1,44.937874,-93.290555,5,Bryant Ave South at West 36th Street Minneapolis MN US
6335264511,2017-11-02 16:33,https://minneapolis.craigslist.org/hnp/apa/d/beautifully-updated-spacious/6335264511.html,Beautifully Updated Spacious Bright Walk to Lake Calhoun  Lake Harriet,1150,Uptown,1,625,1,44.937813,-93.290577,5,Bryant Avenue South at W 36th Street Minneapolis MN US
6368699120,2017-11-02 16:32,https://minneapolis.craigslist.org/hnp/apa/d/1ba-1br-for-rent-in-uptown/6368699120.html,1Ba/1Br for rent in Uptown,1600,1211 Lagoon Avenue,1,839,1,44.949170,-93.294573,10,1211 Lagoon Avenue Minneapolis MN US
6371281309,2017-11-02 16:31,https://minneapolis.craigslist.org/hnp/apa/d/come-heat-up-in-your-new-home/6371281309.html,Come heat up in your new home! Walk to MOA,1005,Bloomington,1,755,1,44.848385,-93.244314,5,E 86th Bloomington MN US
6371279976,2017-11-02 16:30,https://minneapolis.craigslist.org/hnp/apa/d/wonderful-classic-hardwood/6371279976.html,Wonderful -Classic Hardwood- Wedge/Uptown -Smoke free!--2222 Harriet,925,Uptown Wedge next to Coop,1,0,1,44.959818,-93.285599,7,
6349752455,2017-11-02 16:29,https://minneapolis.craigslist.org/dak/apa/d/3-bedrm-available-now/6349752455.html,3 bedrm available NOW,1125,Faribault,3,970,1,44.294500,-93.281800,0,
6371277306,2017-11-02 16:28,https://minneapolis.craigslist.org/hnp/apa/d/wonderful-classic-hardwood-10/6371277306.html,Wonderful -Classic Hardwood- 10/1-Smoke free! --2310 Harriet,925,Uptown Wedge next to Coop,1,0,1,44.959089,-93.285427,5,
6371252262,2017-11-02 16:28,https://minneapolis.craigslist.org/hnp/apa/d/completely-renovated-3br/6371252262.html,Completely Renovated 3BR Duplex in West Richfield,2250,66th St & James Ave,3,2300,2,44.883774,-93.301327,5,66th St at James Ave Richfield MN US
6371276528,2017-11-02 16:28,https://minneapolis.craigslist.org/hnp/apa/d/we-have-deal-you-dont-want-to/6371276528.html,we Have A Deal You Dont Want To Miss On Your Next Two Bedroom Home,1235,Minnetonka,0,1071,,44.953479,-93.420762,10,"11050 Cedar Hills Blvd Minnetonka,MN MN US"
6358218258,2017-11-02 16:27,https://minneapolis.craigslist.org/hnp/apa/d/1-bed-den-downtown-views/6358218258.html,1 Bed + Den - Downtown Views! - Available NOW!,1905,,1,0,1,44.986778,-93.270460,5,
6371275331,2017-11-02 16:27,https://minneapolis.craigslist.org/hnp/apa/d/calhoun-lakes-area-near-the/6371275331.html,Calhoun/Lakes area near the Greenway Trail 2 bedroom for rent!,3200,3116 W Lake Street,2,2007,2,44.949700,-93.337300,22,3116 W Lake Street Minneapolis MN US
6371274763,2017-11-02 16:26,https://minneapolis.craigslist.org/hnp/apa/d/beautiful-carlyle-12th-floor/6371274763.html,Beautiful Carlyle 12th floor 2 bedroom!,3950,100 3rd Ave S,2,1352,2,44.981960,-93.262444,10,100 3rd Ave S Minneapolis MN US
6357298733,2017-11-02 16:26,https://minneapolis.craigslist.org/hnp/apa/d/move-in-today/6357298733.html,MOVE IN TODAY,600,,3,1200,2,45.119400,-93.343100,22,
6371274460,2017-11-02 16:26,https://minneapolis.craigslist.org/hnp/apa/d/2-bedroom-apartment-across/6371274460.html,2 Bedroom apartment across the street from Normandale college!!,1320,9801 Harrison Rd Bloomington,0,950,,44.826665,-93.332726,10,
6371274137,2017-11-02 16:26,https://minneapolis.craigslist.org/hnp/apa/d/terrific-hardwood-floored/6371274137.html,Terrific Hardwood Floored unit in Northeast- 1118 Lowry NE,900,NE Minneapolis,1,0,1,45.019200,-93.240100,0,
6371273055,2017-11-02 16:25,https://minneapolis.craigslist.org/hnp/apa/d/studio-life-close-to-the/6371273055.html,Studio life... close to the lightrail... great price,920,Bloomington,0,525,1,44.848445,-93.244143,5,E 86th Bloomington MN US
6360746841,2017-11-02 16:23,https://minneapolis.craigslist.org/hnp/apa/d/we-are-worth-second-look/6360746841.html,We Are Worth A Second Look!,1235,Minnetonka,2,1071,2,44.953479,-93.420762,10,11050 Cedar Hills Blvd Minnetonka MN US
6352916235,2017-11-02 16:23,https://minneapolis.craigslist.org/hnp/apa/d/no-application-fee-and-one/6352916235.html,No Application fee and one free parking available,1395,3540 Hennepin Avenue,1,700,1,44.938776,-93.298384,10,3540 Hennepin Avenue Minneapolis MN US
6371268390,2017-11-02 16:22,https://minneapolis.craigslist.org/hnp/apa/d/nice-shiny-wood-floored-dogs/6371268390.html,Nice Shiny Wood Floored-- DOGS OK!  Super Home-Eat Street-1910 1st,865,1910 1st Ave,1,0,1,44.967300,-93.282800,0,
6341638042,2017-11-02 16:21,https://minneapolis.craigslist.org/hnp/apa/d/never-pay-heating-bill-again/6341638042.html,Never pay a heating bill again!,995,,1,708,1,44.953479,-93.420762,10,11050 cedar hills blvd minnetonka MN US
6352815222,2017-11-02 16:20,https://minneapolis.craigslist.org/hnp/apa/d/stunning-sunset-views/6352815222.html,Stunning Sunset Views,4995,Medina,3,2000,2,45.023917,-93.649693,5,
6371249469,2017-11-02 16:20,https://minneapolis.craigslist.org/hnp/apa/d/2br-1ba-loft-also-offers/6371249469.html,"2BR, 1BA loft also offers exposed brick walls available for rent",1850,1701 Madison Street,2,930,1,45.005154,-93.253735,10,1701 Madison Street Minneapolis MN US
6371264732,2017-11-02 16:19,https://minneapolis.craigslist.org/hnp/apa/d/this-2-bed-unit-is-located-in/6371264732.html,This 2 bed unit is located in the same building as Trader Joe's,1695,4525 Park Commons Drive,2,1041,1,44.934893,-93.337855,10,4525 Park Commons Drive Minneapolis MN US
6368676679,2017-11-02 16:18,https://minneapolis.craigslist.org/wsh/apa/d/riverview-2-bedroom-15-bath/6368676679.html,"Riverview, 2 bedroom, 1.5 bath with upgrades",1900,Stillwater,2,0,1.5,45.061400,-92.847400,0,
6371262933,2017-11-02 16:18,https://minneapolis.craigslist.org/ram/apa/d/great-view-of-historic-summit/6371262933.html,Great View Of Historic Summit Ave!,775,"Saint Paul, Grand Avenue, MacGrove",0,700,1,44.940228,-93.156606,5,1335 Grand saint paul MN US
6348174940,2017-11-02 16:17,https://minneapolis.craigslist.org/hnp/apa/d/no-application-fee-and-one/6348174940.html,No Application fee and one free parking available,1995,1926 Pleasant Avenue,2,1290,2,44.963481,-93.283296,10,1926 Pleasant Avenue Minneapolis MN US
6352842761,2017-11-02 16:16,https://minneapolis.craigslist.org/hnp/apa/d/1-bedroom-available-at-lumen/6352842761.html,1 bedroom available at Lumen on Lagoon in Uptown,1600,1211 Lagoon Avenue,1,839,1,44.949170,-93.294573,10,1211 Lagoon Avenue Minneapolis MN US
6371261224,2017-11-02 16:16,https://minneapolis.craigslist.org/hnp/apa/d/1-bedroom-in-heart-of-uptown/6371261224.html,1 Bedroom in Heart of Uptown,1060,"Uptown, Minneapolis",1,630,1,44.949635,-93.295731,10,2825 Fremont Ave S Minneapolis MN US
6371251515,2017-11-02 16:16,https://minneapolis.craigslist.org/hnp/apa/d/north-loop-loft-for-fall-and/6371251515.html,North Loop loft for fall and winter,1500,,0,650,1,44.983052,-93.272220,5,
6371260845,2017-11-02 16:16,https://minneapolis.craigslist.org/hnp/apa/d/2-bedroom-look-and-lease/6371260845.html,2 Bedroom Look and Lease Special Going On Now!!!,1235,Minnetonka,2,1071,2,44.952800,-93.437200,22,11050 Cedar Hills Blvd Minnetonka MN US
6371240186,2017-11-02 16:16,https://minneapolis.craigslist.org/ank/apa/d/contemporary-design-energy/6371240186.html,"Contemporary Design, Energy Efficient, Stainless Steel Appliances",1775,Blaine,2,1063,2,45.142622,-93.240888,10,9436 Ulysses St. NE Blaine MN US
6371260603,2017-11-02 16:16,https://minneapolis.craigslist.org/wsh/apa/d/dishwasher-bike-racks-package/6371260603.html,"Dishwasher, Bike Racks, Package Receiving",1507,"220 Lake Street North, Forest Lake, MN 55025",2,1025,1,45.281466,-92.984457,5,220 Lake Street NorthÂ  Forest Lake MN US
6371260263,2017-11-02 16:16,https://minneapolis.craigslist.org/ram/apa/d/studio-908-grand-ave-garden/6371260263.html,Studio // 908 Grand Ave//Garden Level//DEC - JAN,770,ST PAUL -- Crocus/Ramsey Hill/Summit Hill,0,325,1,44.939929,-93.138506,22,Grand Avenue at Milton Street Saint Paul MN US
6371258807,2017-11-02 16:15,https://minneapolis.craigslist.org/hnp/apa/d/top-floor-penthouse/6371258807.html,TOP FLOOR PENTHOUSE!!,2650,,3,0,2,44.887188,-93.323261,10,6400 Barrie Road Edina MN US
6371256899,2017-11-02 16:13,https://minneapolis.craigslist.org/hnp/apa/d/2-bdrm-in-slp-24-7-gym/6371256899.html,"2 Bdrm in SLP! 24/7-Gym, Balcony, Pet Friendly! LEASE NOW! #363",1706,St Louis Park,2,1110,2,44.937463,-93.377094,5,7450 Hwy 7 St Louis Park MN US
6360733189,2017-11-02 16:12,https://minneapolis.craigslist.org/hnp/apa/d/last-minute-chance-for/6360733189.html,Last Minute Chance For Peaceful Living,1235,Minnetonka,2,1071,2,44.953479,-93.420762,10,11050 Cedar Hills Blvd Minnetonka MN US
6352928609,2017-11-02 16:12,https://minneapolis.craigslist.org/hnp/apa/d/2-level-2-bed-den-is-now/6352928609.html,"2 level, 2 bed + den is now available at Winslow House",2950,100 2nd Street,2,1645,2,44.983774,-93.269107,10,100 2nd Street Minneapolis MN US
6335004369,2017-11-02 16:12,https://minneapolis.craigslist.org/hnp/apa/d/snuggle-in-for-winter-in-your/6335004369.html,Snuggle In For Winter In Your New 1br Apartment,995,"Minnetonka, MN",1,708,1,44.953479,-93.420762,10,11050 Cedar Hills Blvd Minnetonka MN US
6360710477,2017-11-02 16:12,https://minneapolis.craigslist.org/hnp/apa/d/look-no-furtheryoure-home/6360710477.html,Look No Further....You're Home!,1235,Minnetonka,2,1071,2,44.952800,-93.437200,22,Hopkins crossroads at Cedar Lake Blvd Minnetonka MN US
6357936231,2017-11-02 16:12,https://minneapolis.craigslist.org/hnp/apa/d/who-knew-home-could-be-so/6357936231.html,Who Knew Home Could Be So Peaceful?,1235,Minnetonka,2,1071,2,44.953479,-93.420762,10,11050 Cedar Hills Blvd Minnetonka MN US
6335979176,2017-11-02 16:12,https://minneapolis.craigslist.org/ram/apa/d/top-floor-2br-2bath-apt/6335979176.html,"TOP FLOOR 2br, 2bath apt. Available Dec. 30th - Luxury You Can Afford.",820,"Saint Anthony, MN",2,1190,2,45.037088,-93.223586,5,38th Avenue Northeast at Stinson Road St. Anthony MN US
6357871930,2017-11-02 16:12,https://minneapolis.craigslist.org/hnp/apa/d/come-spend-the-holidays-at/6357871930.html,Come Spend The Holidays At Cedar Hills,1235,Minnetonka,2,981,2,44.952800,-93.437200,22,11050 Cedar Hills Blvd Cedar Lake Road MN US
6341633672,2017-11-02 16:11,https://minneapolis.craigslist.org/hnp/apa/d/hate-shoveling-snow-move-in/6341633672.html,Hate shoveling snow? Move in here and never shovel again!,1235,,2,1071,2,44.954154,-93.417778,5,11050 cedar hills blvd minnetonka MN US
6371253914,2017-11-02 16:11,https://minneapolis.craigslist.org/dak/apa/d/renovated-studio-plus/6371253914.html,Renovated - Studio Plus Apartment - 1st Floor - Available: 11/15/2017,799,Apple Valley,0,500,1,44.764605,-93.214921,10,7433 128th Street West at Germane Avenue Apple Valley MN US
6367107018,2017-11-02 16:11,https://minneapolis.craigslist.org/hnp/apa/d/2-bedroom-look-and-lease/6367107018.html,2 Bedroom Look and Lease Specials Happening Now!,1235,,2,1071,2,44.953532,-93.419473,5,11050 cedar hills blvd minnetonka MN US
6371241151,2017-11-02 16:11,https://minneapolis.craigslist.org/wsh/apa/d/snap-fitness-membership/6371241151.html,"Snap Fitness Membership Included, BBQ/Picnic Area, Fitness Center",1260,"220 Lake Street North, Forest Lake, MN 55025",1,773,1,45.281466,-92.984457,5,220 Lake Street NorthÂ  Forest Lake MN US
6371253088,2017-11-02 16:10,https://minneapolis.craigslist.org/hnp/apa/d/only-one-1-br-left-virginia/6371253088.html,ONLY ONE 1 BR LEFT @ Virginia Court Apts- REMODELED- Available JANUARY,925,"St. Louis Park, MN",1,700,1,44.955000,-93.382900,22,Virginia Avenue South at W. 30 1/2 Street St. Louis Park MN US
6371252478,2017-11-02 16:10,https://minneapolis.craigslist.org/dak/apa/d/air-conditioning-intercom/6371252478.html,"Air Conditioning, Intercom Entrances, Cable Accessible",885,"South metro, close to the airport and downtown Minneapolis",1,750,1,44.784734,-93.248125,5,2009 East 121st Street Burnsville MN US
6371244185,2017-11-02 16:10,https://minneapolis.craigslist.org/dak/apa/d/spacious-one-bedroom/6371244185.html,Spacious One Bedroom available at White Pines!,950,Shakopee,1,850,1,44.792961,-93.506815,10,1324 Eagle Creek Blvd Shakopee MN US
6371252208,2017-11-02 16:10,https://minneapolis.craigslist.org/csw/apa/d/barbeque-area-fully-equipped/6371252208.html,"Barbeque area, Fully equipped European-style kitchen, Fitness Center",1415,Minneapolis/ Chaska,2,1015,2,44.840335,-93.594048,10,3456 lake shore drive Chaska MN US
6371252044,2017-11-02 16:10,https://minneapolis.craigslist.org/hnp/apa/d/2bed-2bath-in-uptown-two/6371252044.html,2bed/2bath in Uptown.  Two Parking Stalls Available! FREE PARKING,2312,Uptown Minneapolis,2,1020,2,44.951241,-93.290631,10,2841 Bryant Ave S. Minneapolis MN US
6371236479,2017-11-02 16:09,https://minneapolis.craigslist.org/hnp/apa/d/2-bedrooms-1-bathroom-loft/6371236479.html,"2 bedrooms, 1 bathroom loft available for rent in the NL",2000,748 N 3rd Street,2,1000,1,44.983500,-93.268300,22,748 N 3rd Street Minneapolis MN US
6371251335,2017-11-02 16:09,https://minneapolis.craigslist.org/hnp/apa/d/th-available-for-rent-in/6371251335.html,TH available for rent in Uptown!,3300,1201 28th Street,2,1605,3,44.951298,-93.293152,10,1201 28th Street 55408 MN US
6371251148,2017-11-02 16:09,https://minneapolis.craigslist.org/hnp/apa/d/downtown-penthouse-level/6371251148.html,Downtown Penthouse Level Apartment | Available 11/3,1635,Near US Bank Stadium,1,647,1,44.978233,-93.269257,10,101 South 5th Street at Marquette Minneapolis MN US
6371250900,2017-11-02 16:09,https://minneapolis.craigslist.org/ram/apa/d/894-grand-avenue-934-grand/6371250900.html,"894 Grand Avenue & 934 Grand Avenue, Hardwood Floors,  DEC - JAN",950,"ST PAUL, Crocus/Summit Hill, Mitchell Hamline",1,650,1,44.939937,-93.138088,0,Grand Avenue at Milton Street Saint Paul MN US
6371250533,2017-11-02 16:08,https://minneapolis.craigslist.org/hnp/apa/d/no-application-fee/6371250533.html,No Application fee!!!,1495,48 Groveland Terrace,1,745,1,44.967980,-93.290134,10,48 Groveland Terrace Minneapolis MN US
6371250425,2017-11-02 16:08,https://minneapolis.craigslist.org/hnp/apa/d/amazing-two-bedroom/6371250425.html,AMAZING TWO BEDROOM!,2495,Uptown Minneapolis,2,1095,2,44.950542,-93.295707,10,2838 Fremont Avenue South Minneapolis MN US
6371249987,2017-11-02 16:08,https://minneapolis.craigslist.org/hnp/apa/d/renovated-1-bedroom-in-seward/6371249987.html,Renovated 1-bedroom in Seward for 12/1 (or potentially earlier),800,Minneapolis,1,0,0,44.963883,-93.242502,10,911 21st Ave S Minneapolis MN US
6371249854,2017-11-02 16:08,https://minneapolis.craigslist.org/hnp/apa/d/2-bedroom-available-for-rent/6371249854.html,2 bedroom available for rent at Lumen on Lagoon in Uptown,1995,1211 Lagoon Avenue,2,1060,2,44.949170,-93.294573,10,1211 Lagoon Avenue Minneapolis MN US
6371249685,2017-11-02 16:08,https://minneapolis.craigslist.org/hnp/apa/d/remodeled-1-br-available-in/6371249685.html,*** REMODELED 1 BR- Available In JANUARY - Virginia Court Apts******,925,"St. Louis Park, MN",1,700,1,44.955000,-93.382900,22,Virginia Avenue South at W. 30 1/2 Street St. Louis Park MN US
6371249595,2017-11-02 16:08,https://minneapolis.craigslist.org/hnp/apa/d/call-today-to-get-2-months/6371249595.html,Call today to get 2 months FREE RENT on this downtown MPLS apartment!,1415,Soo Line Building,0,603,1,44.978233,-93.269257,10,101 S 5th St at Marquette Ave Minneapolis MN US
6371248516,2017-11-02 16:07,https://minneapolis.craigslist.org/hnp/apa/d/dont-miss-out-on-this-special/6371248516.html,Don't miss out on this special! 2 months FREE! Call now.,1540,Near US Bank Plaza,1,700,1,44.978233,-93.269257,10,101 S 5th St at Marquette Ave Minneapolis MN US
6371248262,2017-11-02 16:07,https://minneapolis.craigslist.org/dak/apa/d/renovated-1-bedroom-apartment/6371248262.html,Renovated - 1 Bedroom Apartment - 2nd Floor - Available:  11/15/2017,875,Apple Valley,1,700,1,44.764605,-93.214921,10,7433 128th Street at Germane Avenue Apple Valley MN US
6371247469,2017-11-02 16:06,https://minneapolis.craigslist.org/dak/apa/d/get-on-the-wait-list-for-the/6371247469.html,Get on the wait list for the 2 BR at Westgate Townhomes,,New Prague,2,957,1,44.544863,-93.587632,10,600 First Street NW New Prague MN US
6370040496,2017-11-02 16:05,https://minneapolis.craigslist.org/hnp/apa/d/half-month-free-on-12-month/6370040496.html,Half Month free on a 12 Month Lease !,1430,Golden Valley,2,1120,1.5,44.989782,-93.365057,5,Douglas Drive North at Golden Valley Road Golden Valley MN US
6371245670,2017-11-02 16:05,https://minneapolis.craigslist.org/hnp/apa/d/celebrate-the-holidays-in/6371245670.html,Celebrate The Holidays in Your New Home**,1275,Golden Valley,2,1120,1.5,44.989782,-93.365057,5,Douglas Drive North at Golden Valley Road Golden Valley MN US
6371245440,2017-11-02 16:05,https://minneapolis.craigslist.org/dak/apa/d/first-floor-two-bedroom/6371245440.html,"First Floor, Two Bedroom Apartment at White Pines!",1035,Shakopee,2,950,1,44.792961,-93.506815,10,1324 Eagle Creek Blvd Shakopee MN US
6371244857,2017-11-02 16:04,https://minneapolis.craigslist.org/dak/apa/d/great-community-great/6371244857.html,"Great Community, Great Apartment at White Pines!",1035,Shakopee,2,950,1,44.792961,-93.506815,10,1324 Eagle Creek Blvd Shakopee MN US
6371244281,2017-11-02 16:04,https://minneapolis.craigslist.org/hnp/apa/d/nov-5beautiful-2-bedroom-with/6371244281.html,"Nov. 5****Beautiful 2 bedroom, with walk out screened in porch",1375,Golden Valley,2,1120,1.5,44.989509,-93.366408,5,Douglas Drive North at Golden Valley Road Golden Valley MN US
6365641785,2017-11-02 16:04,https://minneapolis.craigslist.org/wsh/apa/d/1-bedroom-basement-for-rent/6365641785.html,1 Bedroom Basement for Rent,900,"Beldenville, WI",1,0,1,,,,
6371243449,2017-11-02 16:03,https://minneapolis.craigslist.org/dak/apa/d/updated-great-amenities-great/6371243449.html,Updated! Great Amenities! Great Location! Amazing Apartment!,1035,Shakopee,2,950,1,44.792961,-93.506815,10,1324 Eagle Creek Blvd Shakopee MN US
6358241750,2017-11-02 16:03,https://minneapolis.craigslist.org/dak/apa/d/belle-plaine-how-to-own-with/6358241750.html,Belle plaine how to own with seller financing,1699,Belle plaine,4,2100,3,44.613900,-93.760400,22,
6371242294,2017-11-02 16:02,https://minneapolis.craigslist.org/hnp/apa/d/no-application-fee-and-one/6371242294.html,No Application fee and one free parking available,1995,1926 Pleasant Avenue,2,1290,2,44.963481,-93.283296,10,1926 Pleasant Avenue Minneapolis MN US
6371242128,2017-11-02 16:02,https://minneapolis.craigslist.org/ram/apa/d/590-holly-ave-december/6371242128.html,590 Holly Ave/ DECEMBER / Hardwood Floors / 1BR,960,St Paul -- Crocus/Ramsey Hill -- Mitchell Hamline,1,530,1,44.943301,-93.125192,22,Holly Avenue at Dale Street Saint Paul MN US
6371241719,2017-11-02 16:02,https://minneapolis.craigslist.org/hnp/apa/d/beautiful-12th-floor-2br-2ba/6371241719.html,"Beautiful 12th floor 2BR, 2BA Emerson floor plan available for lease a",3950,100 3rd Avenue,2,1352,2,44.983738,-93.253517,10,100 3rd Avenue Minneapolis MN US
6371240285,2017-11-02 16:01,https://minneapolis.craigslist.org/hnp/apa/d/great-community-large/6371240285.html,"Great Community! Large Apartment Homes! Special, 1/2 month free!",1395,Golden Valley / Minneapolis,2,1145,2,44.994016,-93.360143,5,1370 Douglas Dr Golden Valley MN US
