pid,dt,url,title,price,neighb,beds,sqft,baths,lat,lng,accuracy,address
6371380075,2017-11-02 16:51,https://missoula.craigslist.org/apa/d/affordable-living-great/6371380075.html,Affordable Living! Great Downtown Location,400,147 W. Main Street - 275,0,0,1,46.871368,-113.995391,10,147 W. Main Street - 275 Missoula MT US
6371363989,2017-11-02 16:37,https://missoula.craigslist.org/apa/d/newly-remolded-2-bedroom-unit/6371363989.html,Newly Remolded 2 Bedroom Unit,795,2075 Cooper Street - 622,2,0,1,46.878392,-114.021131,10,2075 Cooper Street - 622 Missoula MT US
6371358610,2017-11-02 16:33,https://missoula.craigslist.org/apa/d/affordable-living-great/6371358610.html,Affordable Living! Great Downtown Location,275,147 W. Main Street - 369,0,0,,46.871368,-113.995391,10,147 W. Main Street - 369 Missoula MT US
6371340724,2017-11-02 16:18,https://missoula.craigslist.org/apa/d/two-bedroom-with-storage-and/6371340724.html,Two Bedroom with STORAGE and CARPORT,860,Missoula,2,840,1,46.911327,-114.057070,10,4200 Expressway Missoula MT US
6371319576,2017-11-02 16:01,https://missoula.craigslist.org/apa/d/1201-cleveland-st-unit-no/6371319576.html,1201 Cleveland St. Unit B- NO APPLICATION FEE!,745,1201 Cleveland St.,0,750,1,46.857199,-114.016452,5,1201 Cleveland Missoula MT US
