pid,dt,url,title,price,neighb,beds,sqft,baths,lat,lng,accuracy,address
6371308745,2017-11-02 16:52,https://mobile.craigslist.org/apa/d/free-applications-at-oak/6371308745.html,FREE APPLICATIONS at Oak Garden Apartments,640,325 Garden Ln.,2,968,1,30.761063,-88.074839,10,325 Garden Ln. Chickasaw AL US
6371301510,2017-11-02 16:46,https://mobile.craigslist.org/apa/d/did-you-say-townhome-2/6371301510.html,Did You Say Townhome? 2 bedroom 1.5 bath only $799!!,695,,1,850,1,30.622255,-88.155670,5,
6371284467,2017-11-02 16:42,https://mobile.craigslist.org/apa/d/why-rent-hotel-room-when-you/6371284467.html,WHY RENT A HOTEL ROOM WHEN YOU CAN HAVE YOUR OWN PLACE,185,"VANCLEAVE, MS",1,0,1,,,,
6371197630,2017-11-02 16:27,https://mobile.craigslist.org/apa/d/beautiful-rental-available/6371197630.html,BEAUTIFUL RENTAL AVAILABLE,700,,3,1300,2,30.634100,-88.084600,22,
6371274262,2017-11-02 16:26,https://mobile.craigslist.org/apa/d/3-2-new-house/6371274262.html,3/2 new house,950,Grand Bay,3,0,2,30.477934,-88.339128,5,
6371272328,2017-11-02 16:24,https://mobile.craigslist.org/apa/d/pathways-apartments-the/6371272328.html,Pathways Apartments - The Epicenter of Luxury and Convenience,744,,2,910,1,30.679259,-88.103313,5,
6364870614,2017-11-02 16:22,https://mobile.craigslist.org/apa/d/gorgeous-2bed-1bath-now-only/6364870614.html,"Gorgeous 2bed/1bath NOW ONLY $739! Rate Is NEVER This Low, ACT NOW",739,Arlington Park,2,917,1,30.661122,-88.207257,15,7070 GRELOT RD Mobile AL US
6350210788,2017-11-02 16:22,https://mobile.craigslist.org/apa/d/come-check-us-out-2-bedroom/6350210788.html,Come check us out! 2 bedroom move in ready! Rent specials happening!,685,Mobile,2,720,1,30.596127,-88.176764,10,4850 General Rd Mobile AL US
6364764339,2017-11-02 16:21,https://mobile.craigslist.org/apa/d/gorgeous-1bed-1bath-now-only/6364764339.html,"Gorgeous 1bed/1bath NOW ONLY $712! Rate Is NEVER This Low, ACT NOW",712,Arlington Park,1,1250,1,30.661122,-88.207257,15,7070 GRELOT RD Mobile AL US
6371230910,2017-11-02 16:19,https://mobile.craigslist.org/apa/d/all-points-north-of-mobile/6371230910.html,All Points North of Mobile - Call Us Today!,685,Saraland,1,829,1,30.827518,-88.078079,7,1200 Grande Oak Blvd Saraland AL US
6364685607,2017-11-02 16:19,https://mobile.craigslist.org/apa/d/gorgeous-2bed-2bath-now-only/6364685607.html,"Gorgeous 2bed/2bath NOW ONLY $857! Rate Is NEVER This Low, ACT NOW",857,Arlington Park,2,1250,2,30.661122,-88.207257,15,7070 GRELOT RD Mobile AL US
6363695038,2017-11-02 16:18,https://mobile.craigslist.org/apa/d/gorgeous-3bed-2bath-now-only/6363695038.html,"Gorgeous 3bed/2bath NOW ONLY $876! Rate Is NEVER This Low, ACT NOW",876,Arlington Park,3,1324,2,30.661122,-88.207257,15,7070 GRELOT RD Mobile AL US
6358890318,2017-11-02 16:10,https://mobile.craigslist.org/apa/d/beautiful-home-huge-options/6358890318.html,Beautiful Home Huge Options available!,658,1102 S 46th St. Mobile,3,1257,2,30.688800,-88.045300,22,1102 S 46th St Mobile AL US
