pid,dt,url,title,price,neighb,beds,sqft,baths,lat,lng,accuracy,address
6371436752,2017-11-02 16:42,https://modesto.craigslist.org/apa/d/charming-3-2-home-for-rent/6371436752.html,Charming 3/2 home for rent,1450,Modesto,3,1200,2,37.681292,-120.999673,10,504 Hamden Lane Modesto CA US
6371433872,2017-11-02 16:39,https://modesto.craigslist.org/apa/d/4204-hallmark-way-2-story/6371433872.html,"4204 Hallmark Way - 2-story w/loft, pool w/Pool Service",1895,"Modesto, CA",3,1980,2.5,37.698593,-120.987732,5,4204 Hallmark Way Modesto CA US
6355400980,2017-11-02 16:38,https://modesto.craigslist.org/apa/d/charming-3-2-single-story/6355400980.html,"Charming 3/2 single story, hardwood floors, great neighborhood",1600,Modesto,3,1676,2,37.680452,-120.982168,10,2808 Sheffield Lane Modesto CA US
6358936120,2017-11-02 16:07,https://modesto.craigslist.org/apa/d/open-plan-2x125-in-modesto/6358936120.html,"Open plan 2x1.25 in N. Modesto, granite, laundry, quiet",1490,North Modesto,2,978,1.5,37.680815,-121.046484,5,2821 Lou Ann Drive Modesto CA US
6359817376,2017-11-02 16:06,https://modesto.craigslist.org/apa/d/upgraded-2x2-granite-in-unit/6359817376.html,"**Upgraded 2x2 granite, in-unit laundry, garage in gated N. Modesto**",1635,North Modesto,2,1080,2,37.680950,-121.046569,5,Lou Ann at Rumble Modesto CA US
