pid,dt,url,title,price,neighb,beds,sqft,baths,lat,lng,accuracy,address
6334094472,2017-11-02 16:39,https://mohave.craigslist.org/apa/d/12-bedroom-apts-move-in-low/6334094472.html,1+2 Bedroom apts move-in low as $900,600800,bullhead city,2,0,1,35.171500,-114.538600,0,
6371414170,2017-11-02 16:21,https://mohave.craigslist.org/apa/d/2-covered-parking-spaces-at/6371414170.html,2 COVERED PARKING SPACES AT NO CHARGE!,819,,3,1320,2,35.115150,-114.602251,20,RAMAR at GOLDRUSH BULLHEAD CITY AZ US
6368671011,2017-11-02 16:14,https://mohave.craigslist.org/apa/d/stone-ridge-apartments-stop/6368671011.html,Stone Ridge Apartments--Stop by today!,685,Bullhead City,1,670,1,35.183696,-114.532345,10,3396 Sun River Rd Bullhead City AZ US
6364412435,2017-11-02 16:10,https://mohave.craigslist.org/apa/d/are-you-searching-home/6364412435.html,ARE YOU SEARCHING? HOME AVAILABLE***,500,,3,1000,2,,,,
6371298525,2017-11-02 16:07,https://mohave.craigslist.org/apa/d/do-you-need-income-proof/6371298525.html,DO YOU NEED INCOME PROOF SUPER EASY,700,mohave,2,800,2,,,,
6371367849,2017-11-02 16:02,https://mohave.craigslist.org/apa/d/1br-1ba-condo-for-rent/6371367849.html,"1br, 1ba condo for rent, Lakeshore Village",950,,1,672,1,34.466600,-114.339756,5,
