pid,dt,url,title,price,neighb,beds,sqft,baths,lat,lng,accuracy,address
6371311958,2017-11-02 16:55,https://monroe.craigslist.org/apa/d/for-rent-2-bedroom-2-bath/6371311958.html,FOR RENT - 2 bedroom/ 2 bath mobile home!,595,West Monroe,2,1040,2,32.492466,-92.182085,10,121 Candy Queen Lane West Monroe LA US
6371308784,2017-11-02 16:52,https://monroe.craigslist.org/apa/d/575-2b-1bath-home-for-rent/6371308784.html,$575-2b-1bath home for rent,575,322 smith street,2,1000,1,32.484723,-92.159151,10,322 smith street west monroe LA US
6371307455,2017-11-02 16:51,https://monroe.craigslist.org/apa/d/for-rent-3-bedroom-2-bath/6371307455.html,FOR RENT - 3 bedroom/ 2 bath mobile home in West Monroe!,595,West Monroe,3,0,2,32.495105,-92.180856,10,1315 New Natchitoches Road West Monroe LA US
6371303870,2017-11-02 16:48,https://monroe.craigslist.org/apa/d/for-rent-2-bedroom-1-bath/6371303870.html,FOR RENT - 2 bedroom/ 1 bath mobile home!,750,West Monroe,2,1886,1,32.490829,-92.182154,10,128 Sugar Baby Lane West Monroe LA US
6371300830,2017-11-02 16:46,https://monroe.craigslist.org/apa/d/for-rent-2-bedroom-1-bath/6371300830.html,FOR RENT - 2 bedroom/ 1 bath home in West Monroe!,600,West Monroe,2,960,1,32.523268,-92.140585,10,2207 Liberty Street West Monroe LA US
6371297634,2017-11-02 16:43,https://monroe.craigslist.org/apa/d/for-rent-3-bedroom-2-bath/6371297634.html,FOR RENT - 3 bedroom/ 2 bath home in Monroe!,795,Monroe,3,0,2,32.528673,-92.039340,10,316 Pecan Drive Monroe LA US
6371286536,2017-11-02 16:35,https://monroe.craigslist.org/apa/d/for-rent-3-bedroom-2-bath/6371286536.html,FOR RENT - 3 bedroom/ 2 bath mobile home in West Monroe!,725,West monroe,3,0,2,32.517530,-92.237911,10,7990 Cypress Street Lot 3 West Monroe LA US
6371260416,2017-11-02 16:16,https://monroe.craigslist.org/apa/d/spend-your-winter-by-the-fire/6371260416.html,Spend Your Winter By The Fire,815,West Monroe,2,0,1.5,32.531700,-92.176000,22,
6371257629,2017-11-02 16:14,https://monroe.craigslist.org/apa/d/executive-home-for-lease/6371257629.html,Executive Home For Lease,1650,3713 Tilford Cr.,4,2100,2,32.557466,-92.101629,7,
6371255118,2017-11-02 16:12,https://monroe.craigslist.org/apa/d/apartment-living-goalmodern/6371255118.html,Apartment Living Goal:Modern Living   Available Now!,815,,2,0,1.5,32.531700,-92.176000,22,
6371251785,2017-11-02 16:09,https://monroe.craigslist.org/apa/d/close-to-ulm-and-delta/6371251785.html,CLOSE TO ULM AND DELTA!  $815-$829,815,,2,0,1.5,32.531700,-92.176000,22,
6371247862,2017-11-02 16:06,https://monroe.craigslist.org/apa/d/immediate-rent-out/6371247862.html,Immediate Rent Out,815,,2,838,1.5,32.531700,-92.176000,22,
6371244708,2017-11-02 16:04,https://monroe.craigslist.org/apa/d/come-relax-by-the-fire/6371244708.html,Come Relax By the Fire- Immediate Rent Out,829,,2,0,1.5,32.531700,-92.176000,22,
6371240652,2017-11-02 16:01,https://monroe.craigslist.org/apa/d/come-home-to-shadow-creek/6371240652.html,Come Home To Shadow Creek     READY NOW!!,829,West Monroe,2,952,1.5,32.531700,-92.176000,22,
