pid,dt,url,title,price,neighb,beds,sqft,baths,lat,lng,accuracy,address
6371316162,2017-11-02 16:58,https://montgomery.craigslist.org/apa/d/get-approved-at-garden-grove/6371316162.html,Get Approved at Garden Grove Apartments starting at $495,495,,1,681,1,32.312900,-86.242100,22,
6371311474,2017-11-02 16:54,https://montgomery.craigslist.org/apa/d/no-rent-till-november-1st-at/6371311474.html,No Rent Till November 1st at Garden Grove Apartments starting at $495,495,,1,681,1,32.312900,-86.242100,22,
6371302206,2017-11-02 16:47,https://montgomery.craigslist.org/apa/d/start-living-with-us/6371302206.html,START LIVING WITH US!!!,725,Anthos @ Belmont,2,900,2,32.337400,-86.271500,22,
6371287550,2017-11-02 16:36,https://montgomery.craigslist.org/apa/d/9-foot-ceilings-washer-and/6371287550.html,"9 foot ceilings, Washer and Dryer Provided, Car care center",985,"280 New Haven Boulevard, Montgomery, AL 36117",1,928,1,32.375259,-86.156885,5,280 New Haven Boulevard Montgomery AL US
6332704634,2017-11-02 16:34,https://montgomery.craigslist.org/apa/d/rv-for-rent/6332704634.html,RV For Rent!,165,Prattville,0,0,,,,,
6332801692,2017-11-02 16:34,https://montgomery.craigslist.org/apa/d/peaceful-quiet-living-move-in/6332801692.html,Peaceful Quiet Living! Move in Today!,225,Prattville,0,0,,,,,
6371282371,2017-11-02 16:32,https://montgomery.craigslist.org/apa/d/we-have-great-rates-that-cant/6371282371.html,We have great rates that can't be beat!!! $399 Moves you in!!!,825,1908 Briarwood Street,1,755,1,32.464190,-86.418105,20,1908 Briarwood Street Prattville AL US
6332794239,2017-11-02 16:32,https://montgomery.craigslist.org/apa/d/rooms-ready-to-go-225-week/6332794239.html,Rooms ready to go $225 week/ $725 month,225,Prattville,0,0,,,,,
6371281807,2017-11-02 16:32,https://montgomery.craigslist.org/apa/d/are-you-attending-awc-acsc/6371281807.html,Are you attending AWC / ACSC unaccompanied and need housing,725,Old Cloverdale,2,1200,1,32.346032,-86.298423,5,Lexington RD at Lebron RD Montgomery AL US
6332710955,2017-11-02 16:31,https://montgomery.craigslist.org/apa/d/2-bedroom-trailers-for-rent/6332710955.html,2 Bedroom Trailers for Rent!,200,Prattville,2,0,1,,,,
6332722318,2017-11-02 16:31,https://montgomery.craigslist.org/apa/d/2-bedroom-trailers-available/6332722318.html,2 Bedroom Trailers Available for Rent!,200,Prattville,0,0,,,,,
6354056173,2017-11-02 16:28,https://montgomery.craigslist.org/apa/d/two-bedroom-apartments/6354056173.html,Two Bedroom Apartments -- Perfect Location!!!,799,"Azalea Hill, Montgomery",2,1140,2,32.373600,-86.183300,22,5801 E. Shirley Lane Montgomery AL US
6354137696,2017-11-02 16:28,https://montgomery.craigslist.org/apa/d/studio-apartments-with-new/6354137696.html,Studio apartments with NEW CARPET AND NEW APPLIANCES !,549,"Azalea Hill, Montgomery",1,440,1,32.373600,-86.183300,22,5801 E SHIRLEY LN Montgomery AL US
6354085737,2017-11-02 16:27,https://montgomery.craigslist.org/apa/d/furnished-studio-apt/6354085737.html,"Furnished Studio Apt! Furniture, Utilities, & Housewares included!",799,"Azalea Hill, Montgomery",1,440,1,32.373600,-86.183300,22,5801 E. Shirley Lane Montgomery AL US
6354132052,2017-11-02 16:27,https://montgomery.craigslist.org/apa/d/two-bedroom-apartments/6354132052.html,Two Bedroom Apartments -Perfect for Roommates ! Washer/Dryer include,719,Azalea Hill,2,1140,2,32.373600,-86.183300,22,5801 E. Shirley Lane Montgomery AL US
6371273523,2017-11-02 16:25,https://montgomery.craigslist.org/apa/d/399-moves-you-in-today-dont/6371273523.html,$399 moves you in today!!! Don't miss out on this special!!!,875,1908 Briarwood Street,2,935,1,32.464190,-86.418105,20,1908 Briarwood Street Prattville AL US
6371272781,2017-11-02 16:25,https://montgomery.craigslist.org/apa/d/great-time-to-rent-at-legacy/6371272781.html,Great time to rent at Legacy @ Summerchase,980,Prattville,3,1157,2,32.464190,-86.418105,10,100 McQueen Smith Road South Prattville AL US
6368555459,2017-11-02 16:21,https://montgomery.craigslist.org/apa/d/fully-upgraded-2-bedroom/6368555459.html,Fully Upgraded 2 Bedroom Spacious Home,650,Montgomery,3,1300,2,32.373000,-86.308100,22,Irving St at 13th St montgomery AL US
6371259343,2017-11-02 16:15,https://montgomery.craigslist.org/apa/d/dont-fumble-at-chance-at/6371259343.html,Don't Fumble At A Chance At A Great Apartment!,815,Prattville,2,0,2,,,,
6371259190,2017-11-02 16:15,https://montgomery.craigslist.org/apa/d/dont-wait-start-your-new-life/6371259190.html,"Don't Wait, Start Your New Life Today!!",910,Prattville,3,0,2,,,,
6371259019,2017-11-02 16:15,https://montgomery.craigslist.org/apa/d/come-see-what-makes-us/6371259019.html,Come See What Makes Us Exceptional!,815,Prattville,2,0,2,,,,
6371258894,2017-11-02 16:15,https://montgomery.craigslist.org/apa/d/come-on-home/6371258894.html,Come On Home!!!,910,Prattville,3,0,2,,,,
6371258704,2017-11-02 16:14,https://montgomery.craigslist.org/apa/d/great-move-in-specials/6371258704.html,Great Move In Specials!!!!,499,,1,780,1,32.312100,-86.256466,10,3639 Woodley Road Montgomery AL US
6371258005,2017-11-02 16:14,https://montgomery.craigslist.org/apa/d/move-in-for-399-today-and/6371258005.html,Move in for $399 today and save here at Prattville at Highland Lakes!!,875,1908 Briarwood Street,2,935,1,32.464190,-86.418105,20,1908 Briarwood Street Prattville AL US
6368553671,2017-11-02 16:09,https://montgomery.craigslist.org/apa/d/fully-upgraded-2-bedroom/6368553671.html,Fully Upgraded 2 Bedroom Spacious Home,650,Montgomery,3,1300,2,32.373000,-86.308100,22,Irving St at 13th St montgomery AL US
6371241885,2017-11-02 16:02,https://montgomery.craigslist.org/apa/d/no-application-fee-at-garden/6371241885.html,No Application Fee At Garden Grove Apartments Starting At $495,495,,1,681,1,32.312900,-86.242100,22,
