pid,dt,url,title,price,neighb,beds,sqft,baths,lat,lng,accuracy,address
6371429530,2017-11-02 16:35,https://monterey.craigslist.org/apa/d/4-bedroom-home-in-marina/6371429530.html,4 Bedroom Home in Marina,3000,3124 Ocean Terrace,4,2360,2.5,36.679941,-121.788372,5,3124 Ocean Terrace Marina CA US
6371411148,2017-11-02 16:18,https://monterey.craigslist.org/apa/d/welcome-to-the-dunes-in/6371411148.html,Welcome to The Dunes in Monterey Bay brand new community$$$$$$$$$$$$$$,3195,Marina,3,2150,2.5,36.661637,-121.808553,5,2617 Bluewater Ct Marina CA US
6371400847,2017-11-02 16:09,https://monterey.craigslist.org/apa/d/pebble-beach-home-for-rent/6371400847.html,Pebble Beach Home For rent,3295,4026 Costado Place,3,1950,2,36.590700,-121.942000,22,4026 Costado Place Pebble Beach CA US
6371397831,2017-11-02 16:06,https://monterey.craigslist.org/apa/d/apartment-located-in-quiet/6371397831.html,Apartment Located In Quiet Apartment Complex - 456 Dela Vina Ave.,1800,"Monterey, CA",2,0,1,36.597407,-121.860867,5,456 Dela Vina Ave. Monterey CA US
6371392064,2017-11-02 16:01,https://monterey.craigslist.org/apa/d/renovated-downstairs-1/6371392064.html,"Renovated Downstairs 1 Bedroom, Apply Today, Move In Tomorrow",1820,Monterey,1,450,1,36.585246,-121.904262,10,57 Soledad Dr Monterey CA US
