pid,dt,url,title,price,neighb,beds,sqft,baths,lat,lng,accuracy,address
6353850941,2017-11-02 16:56,https://muskegon.craigslist.org/apa/d/tired-of-noisy-neighbors/6353850941.html,Tired of noisy neighbors?,342,Norton Shores Est.,3,1050,2,43.193868,-86.215296,22,
6371179206,2017-11-02 16:44,https://muskegon.craigslist.org/apa/d/apartment-maffett-750/6371179206.html,Apartment Maffett $750,750,,2,0,1,43.206648,-86.243326,10,2512 Maffett St Muskegon Heights MI US
6371175040,2017-11-02 16:25,https://muskegon.craigslist.org/apa/d/apartmento-maffett-750/6371175040.html,Apartmento Maffett $750,750,,2,0,1,43.206648,-86.243326,10,2512 Maffett St Muskegon Heights MI US
6371173013,2017-11-02 16:14,https://muskegon.craigslist.org/apa/d/2bedroom-2-bath-available-soon/6371173013.html,2bedroom 2 bath available soon!,1005,Shoreline landing,2,1072,2,43.196200,-86.273800,22,
6371161512,2017-11-02 16:06,https://muskegon.craigslist.org/apa/d/beautiful-lake-views-from/6371161512.html,Beautiful lake views from every home!,850,HIDDEN COVE,2,1215,2,43.196200,-86.273800,22,
6371153823,2017-11-02 16:01,https://muskegon.craigslist.org/apa/d/190-mason-2-bedroom-house/6371153823.html,"190 Mason, 2 bedroom house with basement",700,downtown Muskegon,2,1248,1,43.229430,-86.248512,5,190 Mason Muskegon MI US
