pid,dt,url,title,price,neighb,beds,sqft,baths,lat,lng,accuracy,address
6371233245,2017-11-02 16:56,https://myrtlebeach.craigslist.org/apa/d/billmbrc-1-bedroom-condo/6371233245.html,Bill@MBRC 1 bedroom condo Fairways River Oaks,700,Myrtle Beach,1,0,1,33.732665,-78.901480,5,river oaks dr myrtle Beach SC US
6371231161,2017-11-02 16:54,https://myrtlebeach.craigslist.org/apa/d/home-in-great-area-3-r-2-full/6371231161.html,"Home in Great area, 3 B/R 2 full Bath hardwood, tile & carpet floors",1310,Needlerush Ct.Myrtle Beach.SC,3,0,2,,,,
6333633063,2017-11-02 16:46,https://myrtlebeach.craigslist.org/apa/d/attention-veterans-you-can/6333633063.html,"Attention VETERANS :  You can BUY a home with ZERO down,, Don't rent",900,,3,0,2,,,,
6360608808,2017-11-02 16:46,https://myrtlebeach.craigslist.org/apa/d/pets-welcome/6360608808.html,Pets Welcome!,1050,,2,985,2,,,,
6340400867,2017-11-02 16:46,https://myrtlebeach.craigslist.org/apa/d/wow-these-rental-rates-are/6340400867.html,WOW!! These rental rates are crazy..  Instead BUY home for less per mo,900,,3,0,2,,,,
6371204621,2017-11-02 16:44,https://myrtlebeach.craigslist.org/apa/d/come-see-why-we-are-number-1/6371204621.html,Come See Why We ARE Number 1!!,945,Myrtle Beach,1,761,1,33.737700,-78.978700,22,101 Breakers Drive Myrtle Beach SC US
6371025058,2017-11-02 16:28,https://myrtlebeach.craigslist.org/apa/d/gorgeous-3-bdrm-2-bath-house/6371025058.html,☩ Gorgeous 3 bdrm/2 bath House. Patio! ☩,400,myrtlebeach,3,0,2,33.758700,-78.804400,22,
6371016766,2017-11-02 16:19,https://myrtlebeach.craigslist.org/apa/d/must-see-nice-3-4-bedroom/6371016766.html,■ ^must See^! Nice 3-4 Bedroom House for Ȑenŧ. Large Balcony!,400,myrtlebeach,3,0,2,33.758700,-78.804400,22,
