pid,dt,url,title,price,neighb,beds,sqft,baths,lat,lng,accuracy,address
6340241384,2017-11-02 17:00,https://nashville.craigslist.org/apa/d/large-2-br-2-bath-apt-for-rent/6340241384.html,Large 2 BR 2 Bath.. Apt. for rent,1200,Nashville,2,0,2,,,,
6371317244,2017-11-02 16:59,https://nashville.craigslist.org/apa/d/bring-in-the-new-year-with/6371317244.html,Bring In The New Year With A Renovated 2nd Floor Home,1278,Franklin,2,921,1.5,35.919461,-86.840645,10,700 Westminster Drive Franklin TN US
6371303190,2017-11-02 16:59,https://nashville.craigslist.org/apa/d/we-have-that-awesome-apt-you/6371303190.html,We have that awesome Apt you are looking for at a great price!,805,Columbia,3,0,1.5,,,,
6363534126,2017-11-02 16:58,https://nashville.craigslist.org/apa/d/moving-last-minute-get-into/6363534126.html,Moving Last Minute?  Get Into CITY EDGE FLATS,899,Murfreesboro,2,960,2,35.865768,-86.348732,10,2435 Willowbrook Drive Murfreesboro TN US
6362053487,2017-11-02 16:58,https://nashville.craigslist.org/apa/d/3-bedrooms-3-baths-3-walk-in/6362053487.html,3 Bedrooms - 3 Baths - 3 Walk In Closets - Pets Ok - Available Now!,1099,Murfreesboro,3,1221,3,35.865768,-86.348732,10,2435 Willowbrook Drive Murfreesboro TN US
6343112859,2017-11-02 16:57,https://nashville.craigslist.org/apa/d/1-bedroom-1-bath-come-and-get/6343112859.html,1 bedroom 1 Bath !! Come and get it !!!,795,Madison,1,638,1,,,,
6345047722,2017-11-02 16:57,https://nashville.craigslist.org/apa/d/reserve-today/6345047722.html,Reserve Today!,795,Madison,1,638,1,,,,
6345047102,2017-11-02 16:57,https://nashville.craigslist.org/apa/d/gotta-get-my-paws-on-these/6345047102.html,I gotta get my paws on these apartments!,795,madison,1,638,1,,,,
6345046218,2017-11-02 16:57,https://nashville.craigslist.org/apa/d/welcome-home-to-berkley-hills/6345046218.html,Welcome Home to Berkley Hills!,795,Madison,1,638,1,,,,
6345055174,2017-11-02 16:57,https://nashville.craigslist.org/apa/d/pre-leasing-1-and-2-bedrooms/6345055174.html,Pre-Leasing 1 and 2 Bedrooms,795,Madison,0,0,,,,,
6345059466,2017-11-02 16:57,https://nashville.craigslist.org/apa/d/dont-delay-lease-today/6345059466.html,Don't Delay! Lease Today!,795,Madison,1,638,1,,,,
6371297877,2017-11-02 16:57,https://nashville.craigslist.org/apa/d/just-listed-be-the-1st-to/6371297877.html,JUST LISTED! Be the 1st to enjoy this renovated townhome!,900,,2,638,1,35.833498,-86.381243,10,805 Bradyville Pike Murfreesboro TN US
6371313844,2017-11-02 16:56,https://nashville.craigslist.org/apa/d/wonder-where-to-find-nice/6371313844.html,Wonder Where to Find A Nice Place to Live,1307,101 SPADE LEAF BLVD,2,1260,2,36.297382,-86.614898,5,101 Spade Leaf Blvd Hendersonville TN US
6334361291,2017-11-02 16:55,https://nashville.craigslist.org/apa/d/specials-available-tour-today/6334361291.html,Specials Available!! Tour Today!!,1095,,1,814,1,35.910596,-86.837786,10,549 Southwinds Drive Franklin TN US
6371312206,2017-11-02 16:55,https://nashville.craigslist.org/apa/d/attention-2-bedroom-apartment/6371312206.html,ATTENTION!!! 2 Bedroom Apartment Available NOW @ British Woods!,1050,Nashville,2,1025,1.5,36.092039,-86.653593,10,264 British Woods Drive Nashville TN US
6371311135,2017-11-02 16:54,https://nashville.craigslist.org/apa/d/british-woods-is-conveniently/6371311135.html,***British Woods is Conveniently Located in Nashville***,1125,Nashville,2,1150,1.5,36.092039,-86.653593,10,264 British Woods Drive NASHVILLE TN US
6367103954,2017-11-02 16:53,https://nashville.craigslist.org/apa/d/123-bedrooms-4-rent-spa-and/6367103954.html,"-*-1,2,3 Bedrooms 4 Rent Spa and Fitness Fixing your Credit",450,,0,0,,,,,
6360459335,2017-11-02 16:52,https://nashville.craigslist.org/apa/d/move-into-your-new-2-bed-2/6360459335.html,Move into your new 2 bed 2 bath in Music Row and get GOOGLE FIBER!,1699,Nashville,2,1000,2,36.146771,-86.795104,10,1016 18th Ave S Nashville TN US
6371305622,2017-11-02 16:50,https://nashville.craigslist.org/apa/d/fitness-center-cable-ready/6371305622.html,"Fitness center, Cable Ready, Tennis Court",804,"300 Hickory Hollow Place, Antioch, TN 37013",1,624,1,36.059500,-86.659200,5,300 Hickory Hollow PlaceÂ  Antioch TN US
6352539546,2017-11-02 16:47,https://nashville.craigslist.org/apa/d/first-floor-one-bedroom-look/6352539546.html,FIRST FLOOR one BEDROOM! LOOK TODAY! AMAZING Specials!,1095,,1,814,1,35.910596,-86.837786,10,549 Southwinds Drive Franklin TN US
6371275111,2017-11-02 16:45,https://nashville.craigslist.org/apa/d/own-this-beautiful-new-home/6371275111.html,OWN this Beautiful New Home!,939,Nashville,3,1592,2.5,,,,
6371299379,2017-11-02 16:45,https://nashville.craigslist.org/apa/d/1-month-free-tour-today/6371299379.html,1 Month Free! Tour Today!,1490,"Franklin, TN",2,1146,2,35.972033,-86.836109,5,1116 Davenport BLVD Franklin TN US
6371290224,2017-11-02 16:44,https://nashville.craigslist.org/apa/d/1-bdrm-899-great-location/6371290224.html,1 Bdrm $899 Great Location// Nippers Corner,899,Southeast Nashville,1,0,1,36.074371,-86.731461,10,4960 Edmondson Pike Nashville TN US
6371297368,2017-11-02 16:43,https://nashville.craigslist.org/apa/d/3-bed-25-bath-townhome-in/6371297368.html,"3 bed, 2.5 bath townhome in Murfreesboro -- NOW!!",1225,Murfreesboro / Florence Village,3,1492,2.5,35.891553,-86.473528,5,4852 Laura Jeanne Blvd Murfreesboro TN US
6371296882,2017-11-02 16:43,https://nashville.craigslist.org/apa/d/majestic-executive-pool-house/6371296882.html,Majestic Executive Pool House - Resort Style Living,2950,"Hendersonville, TN",4,3531,4,36.275452,-86.597495,20,1049 Island Brook Hendersonville TN US
6371293932,2017-11-02 16:41,https://nashville.craigslist.org/apa/d/2-bedroombath-townhome-in/6371293932.html,2 Bedroom 2 1/2 bath Townhome in Antioch,1324,,2,1204,2.5,36.059500,-86.659200,22,Rivendell Trace at Hickory Park Dr Antioch TN US
6371281737,2017-11-02 16:40,https://nashville.craigslist.org/apa/d/maple-creek-apartments-1/6371281737.html,Maple Creek Apartments 1 Bedroom - ***NEW SPECIAL TODAY***,800,,1,588,1,36.115473,-86.721681,10,2706 Glenrose Ave Nashville TN US
6371293328,2017-11-02 16:40,https://nashville.craigslist.org/apa/d/garden-tubs-saltwater-pool/6371293328.html,"Garden tubs, Saltwater Pool & Sundeck, Al Fresco Dining and Grills",1250,Bellevue,1,778,1,,,,
6371292247,2017-11-02 16:39,https://nashville.craigslist.org/apa/d/fully-renovated-1-bedroom/6371292247.html,Fully Renovated 1-Bedroom with GRANITE Counter Tops!,950,"Murfreesboro, TN",1,499,1,35.863422,-86.467080,5,3920 Puckett Creek Crossing Murfreesboro TN US
6371291811,2017-11-02 16:39,https://nashville.craigslist.org/apa/d/get-ready-to-mingle-fun-and/6371291811.html,Get ready to mingle! Fun and lively community on Music Row!,1575,Edgehill,1,656,1,36.140873,-86.793387,5,1520 Horton Avenue Nashville TN US
6371291656,2017-11-02 16:39,https://nashville.craigslist.org/apa/d/save-200-on-first-months-rent/6371291656.html,SAVE $200 on First months rent if apply TODAY!!!!!,929,Gallatin,2,1020,1.5,36.379798,-86.464010,10,625 Green Wave Dr Gallatin TN US
6371282394,2017-11-02 16:38,https://nashville.craigslist.org/apa/d/hurry-in-snag-250-off-your/6371282394.html,Hurry in & Snag $250 Off YOUR 1st Month of Rent!,755,Madison,0,506,,36.260400,-86.704600,22,Randy at Old Hickory Madison TN US
6371289574,2017-11-02 16:37,https://nashville.craigslist.org/apa/d/one-month-free-1-bedroom-with/6371289574.html,One Month FREE - 1 Bedroom with Private Patio,1110,,1,706,1,36.073367,-86.940702,10,865 Bellevue Road Nashville TN US
6371288294,2017-11-02 16:36,https://nashville.craigslist.org/apa/d/falling-leaves-falling-prices/6371288294.html,"Falling leaves, falling prices! Get them both at The Overton!",1079,SOUTH EAST NASHVILLE,2,870,1,36.074371,-86.731461,10,4960 EDMONDSON PIKE NASHVILLE TN US
6371277232,2017-11-02 16:36,https://nashville.craigslist.org/apa/d/newly-renovated-great-location/6371277232.html,"Newly Renovated, Great Location",999,Southeast Nashville,2,0,1,36.074371,-86.731461,10,4960 Edmondson Pike Nashville TN US
6371285909,2017-11-02 16:35,https://nashville.craigslist.org/apa/d/weve-got-your-2-bd/6371285909.html,We've Got Your 2 Bd!,999,,2,0,1.5,36.137900,-86.741000,22,
6371285733,2017-11-02 16:34,https://nashville.craigslist.org/apa/d/moving-made-easy-3-bedroom/6371285733.html,Moving Made Easy 3 Bedroom Apartment Home!,968,"Hendersonville, TN",3,1024,2.5,36.305400,-86.607200,22,
6371267133,2017-11-02 16:33,https://nashville.craigslist.org/apa/d/your-home-away-from-home-in/6371267133.html,Your Home Away From Home in Brentwood - Free WiFi and Utilities,1349,Brentwood,1,0,1,36.033883,-86.780963,5,9020 Church Street East Brentwood TN US
6368348720,2017-11-02 16:31,https://nashville.craigslist.org/apa/d/old-hickory-2br-house-pets/6368348720.html,Old Hickory 2Br House Pets Welcome,850,,2,0,1,36.241600,-86.611700,22,
6352884887,2017-11-02 16:30,https://nashville.craigslist.org/apa/d/fairview-3br-2ba-pets-welcome/6352884887.html,Fairview 3Br 2Ba Pets Welcome,1395,,3,0,2,35.975500,-87.132100,22,
6348591840,2017-11-02 16:30,https://nashville.craigslist.org/apa/d/madison-3br-pets-ok/6348591840.html,Madison 3Br Pets OK,1150,,3,0,1,36.260400,-86.704600,22,
6371279433,2017-11-02 16:30,https://nashville.craigslist.org/apa/d/townhouselaundry/6371279433.html,*Townhouse*Laundry Included*Storage*Laundry*New Floors*New Lights*,1209,Spring Hill - Maury County,3,1290,2,35.745154,-86.900697,5,1050 Pinehurst Drive Spring Hill TN US
6351131733,2017-11-02 16:30,https://nashville.craigslist.org/apa/d/murfreesboro-3br-great/6351131733.html,Murfreesboro 3Br Great Location,900,,3,0,1,35.845600,-86.390300,22,
6359435163,2017-11-02 16:29,https://nashville.craigslist.org/apa/d/lebanon-2br-pets-friendly/6359435163.html,Lebanon 2Br Pets Friendly,1000,,2,0,1,36.209800,-86.302400,22,
6357696669,2017-11-02 16:29,https://nashville.craigslist.org/apa/d/goodlettsville-3br-2ba-pet/6357696669.html,Goodlettsville 3Br 2Ba Pet Friendly,1350,,3,0,2,36.341700,-86.721200,22,
6353716386,2017-11-02 16:29,https://nashville.craigslist.org/apa/d/inglewood-2br-2ba-pet-friendly/6353716386.html,Inglewood 2Br 2Ba Pet Friendly,1325,,2,0,2,36.212500,-86.725700,22,
6351724567,2017-11-02 16:29,https://nashville.craigslist.org/apa/d/newly-remodeled-apartment/6351724567.html,newly remodeled apartment close to nissan,900,420 McClary Road,2,980,1.5,35.965600,-86.504800,22,
6340300925,2017-11-02 16:27,https://nashville.craigslist.org/apa/d/get-up-tooff-november-rent/6340300925.html,"Get up to $650.00 off November Rent. Townhouse in Franklin ,TN",1299,,2,1000,1.5,35.887481,-86.958798,22,
6371271366,2017-11-02 16:24,https://nashville.craigslist.org/apa/d/found-out-how-to-get-your/6371271366.html,Found out how to get your first full month FREE!,1795,Murfreesboro,3,0,2,35.871000,-86.418100,22,
6371271069,2017-11-02 16:24,https://nashville.craigslist.org/apa/d/beautiful-2-br-private/6371271069.html,"Beautiful 2 Br.- Private Balcony, Walk-In Closet and Tons of Storage",1080,Murfreesboro,0,0,,35.816358,-86.444535,10,1650 Cason Lane Murfreesboro TN US
6362140832,2017-11-02 16:23,https://nashville.craigslist.org/apa/d/largest-floorplans-around/6362140832.html,"Largest floorplans around! Walk-in closet, granite and stainless",1249,West Nashville,2,960,1,36.136826,-86.883453,15,Charlotte at Summerly Nashville TN US
6371269395,2017-11-02 16:22,https://nashville.craigslist.org/apa/d/spacious-1-bedroom-on-move-in/6371269395.html,Spacious 1 bedroom on Move- In Special!,940,,1,0,1,,,,
6368360423,2017-11-02 16:22,https://nashville.craigslist.org/apa/d/move-in-now-get-lots-of/6368360423.html,"Move in Now, Get Lots of Savings for the Holidays!",1213,Bellevue,3,1550,2,36.066200,-86.963900,22,595 Hicks Road Nasville TN US
6368604065,2017-11-02 16:21,https://nashville.craigslist.org/apa/d/2-bed-2-bath-midtown-downtown/6368604065.html,2 Bed 2 Bath midtown / downtown ready NOW! Top Floor!!!,1699,Nashville,2,1000,2,36.146771,-86.795104,10,1016 18th Ave S Nashville TN US
6341768445,2017-11-02 16:20,https://nashville.craigslist.org/apa/d/300-off-your-1st-month/6341768445.html,$300 OFF Your 1st month! Renovated 2 Bedroom Ready NOW....,940,Glenrose Ave,2,804,1,36.115473,-86.721681,10,2706 Glenrose Avenue  TN US
6371263525,2017-11-02 16:18,https://nashville.craigslist.org/apa/d/high-end-energy-star/6371263525.html,"High End Energy Star Appliance Package, Gaming Area, Wood Blinds",1070,,2,1090,2,36.460000,-86.670500,22,126 Madeline Way White House TN US
6367277908,2017-11-02 16:18,https://nashville.craigslist.org/apa/d/3-bd-2-ba-large-det-garage/6367277908.html,"3 bd 2 ba, Large Det garage, Basement, Fenced Private* $ 1395",1395,Nashville,3,1450,2,36.106224,-86.740167,10,300 Morton Avenue Nashville TN US
6364562636,2017-11-02 16:17,https://nashville.craigslist.org/apa/d/goodletsville/6364562636.html,GOODLETSVILLE,1375,,0,1650,1,36.341700,-86.721200,22,
6371260380,2017-11-02 16:16,https://nashville.craigslist.org/apa/d/pendant-lighting-led-lighting/6371260380.html,"Pendant lighting, LED Lighting throughout, Pet Park, Cabanas",1095,Murfreesboro,1,848,1,35.848709,-86.446438,5,
6363464107,2017-11-02 16:15,https://nashville.craigslist.org/apa/d/new-build-townhouses-porter/6363464107.html,"New Build Townhouses: Porter Rd, Close to Jeni's, Rose Pepper...",2610,EAST,2,1506,2.5,36.185430,-86.731094,10,825 Porter Rd Nashville TN US
6338987695,2017-11-02 16:15,https://nashville.craigslist.org/apa/d/2-bed-townhouse-washer-dryer/6338987695.html,"2 Bed Townhouse, Washer/Dryer Included, Ready Nov. 15th!",2610,Porter Rd,2,1506,2.5,36.185430,-86.731094,10,825 Porter Rd Nashville TN US
6371259393,2017-11-02 16:15,https://nashville.craigslist.org/apa/d/1-in-customer-service-luxury/6371259393.html,#1 in Customer Service! Luxury West End Community! 1 & 2 bedrooms!,,2312 Elliston Place,0,0,,36.150400,-86.791600,22,
6358924854,2017-11-02 16:14,https://nashville.craigslist.org/apa/d/no-tricksjust-special/6358924854.html,No Tricks..Just A SPECIAL TREAT....NOVEMBER FREE!,2450,Green Hills,3,1512,2,36.106121,-86.820381,5,2215 Abbott Martin Road NASHVILLE TN US
6332872851,2017-11-02 16:14,https://nashville.craigslist.org/apa/d/call-village-green-hills/6332872851.html,CALL Village Green Hills Today! Ask About Our 3br/2ba Floor Plans,2450,Green Hills,3,1512,2,36.106225,-86.820424,5,2215 Abbott Martin Road NASHVILLE TN US
6371225439,2017-11-02 16:13,https://nashville.craigslist.org/apa/d/two-room-3-bathroom-ground/6371225439.html,Two Room 3 Bathroom Ground Floor 1670 sqft Apartment,500,Nashville,2,1600,3,36.154600,-86.860200,22,
6371255591,2017-11-02 16:12,https://nashville.craigslist.org/apa/d/great-deals-at-brookhaven/6371255591.html,GREAT DEALS AT BROOKHAVEN,829,Gallatin,1,813,1,36.379798,-86.464010,10,625 Green Wave Dr Gallatin TN US
6366810953,2017-11-02 16:12,https://nashville.craigslist.org/apa/d/cold-warm-up-in-new-apartment/6366810953.html,COLD? WARM UP IN NEW APARTMENT,855,South,2,950,1,36.059500,-86.659200,22,Bakertown Rd at Haywood Ln Antioch TN US
6371230206,2017-11-02 16:12,https://nashville.craigslist.org/apa/d/washer-and-dryer-included-in/6371230206.html,"Washer and Dryer Included in All Apartments, Designer Light Fixtures",1269,,2,1275,2,36.059500,-86.659200,22,3562 Pin Hook Road Antioch TN US
6371252867,2017-11-02 16:10,https://nashville.craigslist.org/apa/d/home-for-the-holidays-2/6371252867.html,Home for the holidays - 2 master bedrooms!!,1213,Hendersonville,2,1093,2,36.314572,-86.614151,5,
6371252882,2017-11-02 16:10,https://nashville.craigslist.org/apa/d/gardner-ground-second-floor/6371252882.html,Gardner - ground & second floor units available IMMEDIATELY!,890,Hendersonville,1,850,1,36.305467,-86.613973,10,1080 W. Main St. Hendersonville TN US
6368609653,2017-11-02 16:10,https://nashville.craigslist.org/apa/d/move-to-germantown-today/6368609653.html,Move to GERMANTOWN TODAY!,1199,Nashville,1,664,1,36.179556,-86.794058,10,1607 7th Ave N Nashville TN US
6371169631,2017-11-02 16:09,https://nashville.craigslist.org/apa/d/amazing-nice-one-bedroom/6371169631.html,AMAzing NIce ONE bedroom FULLY Furnished APARTment,900,Nashville,1,650,1,36.164285,-86.777723,20,Church Street Nashville TN US
6371232495,2017-11-02 16:08,https://nashville.craigslist.org/apa/d/1-br-1600-mon-in-heart-of/6371232495.html,"1 BR $1,600/mon in Heart of Midtown",1600,Nashville,1,663,1,36.152260,-86.803212,5,2110 Elliston Pl Nashville TN US
6371250335,2017-11-02 16:08,https://nashville.craigslist.org/apa/d/non-renovated-ground-floor/6371250335.html,"Non-renovated, ground floor loft",914,Hendersonville,1,800,1.5,36.305467,-86.613973,10,1080 W. Main St. Hendersonville TN US
6371249655,2017-11-02 16:08,https://nashville.craigslist.org/apa/d/first-second-third-floor-two/6371249655.html,"First, second & third floor two bedroom units available",1090,Hendersonville,2,1100,2,36.305467,-86.613973,10,1080 W. Main St. Hendersonville TN US
6371239276,2017-11-02 16:07,https://nashville.craigslist.org/apa/d/hurry-over-2-and-3-bedroom/6371239276.html,Hurry over - 2 and 3 bedroom apartments available,1183,Highway 70 and Sawyer Brown Rd,2,1280,2.5,36.086108,-86.936229,5,595 Hicks Rd Nashville TN US
6368309019,2017-11-02 16:07,https://nashville.craigslist.org/apa/d/2bed-1bath-back-unit-of/6368309019.html,2BED/1BATH - Back Unit of DUPLEX FOR RENT!,850,MADISON,2,715,1,36.260400,-86.704600,22,1026 Red Bud Terrace Madison TN US
6371248236,2017-11-02 16:07,https://nashville.craigslist.org/apa/d/perfect-location-250-off-your/6371248236.html,Perfect Location & $250 Off Your 1st Month!,699,Madison,1,600,1,36.260400,-86.704600,22,Kate St at Duling Ave Madison TN US
6371248246,2017-11-02 16:07,https://nashville.craigslist.org/apa/d/great-price-great-location/6371248246.html,"Great Price, Great Location",999,,2,0,1.5,36.137900,-86.741000,22,
6358810304,2017-11-02 16:06,https://nashville.craigslist.org/apa/d/this-one-has-it-with-all-the/6358810304.html,This One Has It!! With All The Bells And Whistles,775,Antioch,1,700,1,36.059500,-86.659200,22,433 Bakertown Road Antioch TN US
6358802609,2017-11-02 16:06,https://nashville.craigslist.org/apa/d/rarely-available-2-bedroom-2/6358802609.html,"Rarely Available 2 Bedroom, 2 Full Bath.  Is Your Lease Up?",925,Antioch,2,900,2,36.059500,-86.659200,22,433 Bakertown Road Antioch TN US
6371247256,2017-11-02 16:06,https://nashville.craigslist.org/apa/d/your-dream-1-bed-1-bath-is/6371247256.html,"Your dream 1 bed, 1 bath is closer than you think! Call now!",1435,Nashville,1,710,1,36.159674,-86.788570,10,210 11th Avenue North Nashville TN US
6368166478,2017-11-02 16:06,https://nashville.craigslist.org/apa/d/decorate-for-the-holidays-in/6368166478.html,Decorate for the holidays in your new apartment!,855,South,1,950,1,36.059500,-86.659200,22,Bakertown Rd at Haywood Ln Antioch TN US
6334135261,2017-11-02 16:06,https://nashville.craigslist.org/apa/d/country-style-living-atmonth/6334135261.html,Country Style Living at $775.00  A Month,775,Antioch,1,700,1,36.059500,-86.659200,22,433 Bakertown Road Antioch TN US
6334306912,2017-11-02 16:05,https://nashville.craigslist.org/apa/d/home-is-where-the-heart-is/6334306912.html,Home is Where The Heart Is,775,Antioch,1,700,1,36.059500,-86.659200,22,433 Bakertown Road Antioch TN US
6358093837,2017-11-02 16:05,https://nashville.craigslist.org/apa/d/plenty-of-room-for-roomate/6358093837.html,Plenty OF Room For A Roomate !!!,900,Antioch,2,900,2,36.059500,-86.659200,22,433 Bakertown Road Antioch TN US
6371246349,2017-11-02 16:05,https://nashville.craigslist.org/apa/d/lease-today-great-location/6371246349.html,"Lease Today, Great Location",1369,Madison,3,1341,2,36.269297,-86.724358,10,600 Heritage Dr Madison TN US
6371246235,2017-11-02 16:05,https://nashville.craigslist.org/apa/d/playground-contemporary/6371246235.html,"Playground, Contemporary Design, Come Look and Lease",1055,Madison,2,1190,1.5,36.269297,-86.724358,10,600 Heritage Dr Madison TN US
6371246094,2017-11-02 16:05,https://nashville.craigslist.org/apa/d/air-conditioner-now-available/6371246094.html,"Air Conditioner, Now Available, Contemporary Design",989,Madison,2,1075,1.5,36.269297,-86.724358,10,600 Heritage Dr Madison TN US
6367222194,2017-11-02 16:05,https://nashville.craigslist.org/apa/d/move-in-november/6367222194.html,MOVE IN NOVEMBER,855,South,2,950,1,36.059500,-86.659200,22,Bakertown Rd at Haywood Ln Antioch TN US
6371245698,2017-11-02 16:05,https://nashville.craigslist.org/apa/d/one-month-free-1-bedroom/6371245698.html,One Month FREE - 1 Bedroom,997,,1,655,1,36.073367,-86.940702,10,865 Bellevue Road Nashville TN US
6371244301,2017-11-02 16:04,https://nashville.craigslist.org/apa/d/long-awaited-3-br-coming-in/6371244301.html,___ >>>>  Long-Awaited 3 BR coming in JAN__Fully UPGRADED!,1350,Murfreesboro,3,1200,2,35.850758,-86.439067,20,John R. Rice Blvd at Old Fort Pkwy Murfreesboro TN US
6371243877,2017-11-02 16:04,https://nashville.craigslist.org/apa/d/199-moves-you-in-two-bedroom/6371243877.html,$199 MOVES YOU IN! Two Bedroom Apartment Special!,935,Hermitage,2,900,1,36.184800,-86.600200,22,
6371231958,2017-11-02 16:03,https://nashville.craigslist.org/apa/d/reduced-pricing-2-months-free/6371231958.html,"REDUCED PRICING, 2 Months FREE, one bedroom Downtown Nashville",1600,Nashville,1,638,1,36.152168,-86.803328,5,2110 Elliston Pl Nashville TN US
6371231958,2017-11-02 16:03,https://nashville.craigslist.org/apa/d/reduced-pricing-2-months-free/6371231958.html,"REDUCED PRICING, 2 Months FREE, one bedroom Downtown Nashville",1600,Nashville,1,638,1,36.152168,-86.803328,5,2110 Elliston Pl Nashville TN US
6371242621,2017-11-02 16:03,https://nashville.craigslist.org/apa/d/hurry-in-for-the-2-bedroom/6371242621.html,Hurry In For the 2 bedroom Special. Its A Touchdown,900,Antioch,2,900,2,36.059500,-86.659200,22,433 Bakertown Road Antioch TN US
6371232916,2017-11-02 16:02,https://nashville.craigslist.org/apa/d/2-months-free-2-bedroom/6371232916.html,2 MONTHS FREE - 2 Bedroom Apartment in Midtown Nashville,1899,Nashville,2,968,2,36.152243,-86.803315,5,2110 Elliston Pl Nashville TN US
6371240547,2017-11-02 16:01,https://nashville.craigslist.org/apa/d/we-welcome-your-furry-friends/6371240547.html,WE WELCOME YOUR FURRY FRIENDS!!,909,,2,850,1,36.057753,-86.738715,15,570 Mcmurray Dr Nashville TN US
6371209108,2017-11-02 16:01,https://nashville.craigslist.org/apa/d/distinctive-fresh-new-paint/6371209108.html,Distinctive Fresh new Paint Dual Sinks,970,NO BANK QUALIFYING,0,1790,,,,,
