pid,dt,url,title,price,neighb,beds,sqft,baths,lat,lng,accuracy,address
6371318659,2017-11-02 17:00,https://nd.craigslist.org/apa/d/walking-trails-indoor/6371318659.html,"Walking Trails, Indoor Playground, Snow Removal Service, Gas Stove",1170,Minot AFB,3,0,2,,,,
6371316931,2017-11-02 16:59,https://nd.craigslist.org/apa/d/furnished-apartment-home-in/6371316931.html,Furnished Apartment Home in a Welcoming Community! - Williston,995,Williston,2,0,2,48.183163,-103.639475,10,1100 42nd Street West Williston ND US
6371308748,2017-11-02 16:52,https://nd.craigslist.org/apa/d/call-for-showing-today/6371308748.html,"Call for a showing today, Spacious Floorplans, Close to Shopping",750,"1201 31st Ave SW, Minot, ND 58701",2,1040,2,48.202927,-101.309624,5,1201 31st Ave SW Minot ND US
6371307656,2017-11-02 16:51,https://nd.craigslist.org/apa/d/pet-friendly-handicapped/6371307656.html,"Pet Friendly, Handicapped Accessible, Garage Included",915,"1805 2nd Ave SW, Minot, ND 58701",2,1015,2,48.233874,-101.321640,5,1805 2nd Ave SW Minot ND US
6371306584,2017-11-02 16:50,https://nd.craigslist.org/apa/d/underground-heated-parking/6371306584.html,"Underground Heated Parking, Intercom Entrances, Cable Accessible",840,"3015 16th St SW, Minot, ND 58701",1,847,1,48.202212,-101.317616,5,3015 16th St SW Minot ND US
6371297637,2017-11-02 16:43,https://nd.craigslist.org/apa/d/microwave-large-closets/6371297637.html,"Microwave, Large closets, Dishwasher, Air conditioning (wall)",800,Williston,2,1010,2,48.166623,-103.644028,15,2415 24th AVE West at 26th St Williston ND US
6371288819,2017-11-02 16:41,https://nd.craigslist.org/apa/d/furnished-move-in-before-the/6371288819.html,FURNISHED!  Move-In Before the Holidays! - Williston,795,Williston,1,0,1,48.183163,-103.639475,10,1100 42nd Street West Williston ND US
6371293962,2017-11-02 16:41,https://nd.craigslist.org/apa/d/walkin-closet-large-deck-pet/6371293962.html,"Walkin closet, large deck, pet friendly",995,Williston,3,0,2,48.225700,-103.649000,22,26 th st E williston ND US
6371293388,2017-11-02 16:40,https://nd.craigslist.org/apa/d/need-cozy-furnished-home/6371293388.html,Need a Cozy FURNISHED Home Before the Holidays! - Williston,795,Williston,1,0,1,48.183163,-103.639475,10,1100 42nd Street West Williston ND US
6342189040,2017-11-02 16:37,https://nd.craigslist.org/apa/d/watford-city-with-free-room/6342189040.html,WATFORD CITY with FREE room cleaning 5,200,Watford City,1,200,1,47.734821,-103.277664,5,2043 125th Ave NW at Hwy 85 Watford City ND US
