pid,dt,url,title,price,neighb,beds,sqft,baths,lat,lng,accuracy,address
6360080347,2017-11-02 16:58,https://newhaven.craigslist.org/apa/d/rocky-hill-family-friendly-3/6360080347.html,Rocky Hill Family friendly 3 bed 2 bath !,725,New Haven   Kent,4,1503,2,41.791800,-72.718800,22,
6371235613,2017-11-02 16:58,https://newhaven.craigslist.org/apa/d/home-sweet-home/6371235613.html,Home Sweet Home,1500,Westville,2,0,2,,,,
6371228648,2017-11-02 16:53,https://newhaven.craigslist.org/apa/d/open-house-saturday-nov-4/6371228648.html,Open House Saturday Nov 4- Leasing Specials- apply to get your prize,1294,New Haven,0,433,1,41.305969,-72.927629,10,152 temple new haven CT US
6371152805,2017-11-02 16:49,https://newhaven.craigslist.org/apa/d/give-me-30-minutes-and-youll/6371152805.html,Give Me 30 Minutes And You'll Be Living In Your New Home!,1225,Broadmoor,1,800,1,,,,
6371222433,2017-11-02 16:48,https://newhaven.craigslist.org/apa/d/500-off-first-month-spacious/6371222433.html,$500 OFF FIRST MONTH!  Spacious 2BR/1.5 BA Townhouse with W/D Hook-Up,1200,547 Millville Ave.,2,1020,1.5,41.494763,-73.073415,10,547 Millville Ave. Naugatuck CT US
6371212398,2017-11-02 16:47,https://newhaven.craigslist.org/apa/d/short-term-leases-secured/6371212398.html,"Short Term Leases, Secured Intercom Entry, Pet Friendly, Dishwasher",1045,waterbury,1,680,1,41.552197,-73.004364,10,440 Meriden Road Waterbury CT US
6343042889,2017-11-02 16:43,https://newhaven.craigslist.org/apa/d/branford-sunny-and-spacious-2/6343042889.html,*Branford* Sunny and Spacious  2 Bedroom Apartment*,1250,Branford,2,800,1,41.280576,-72.828512,0,
6340330459,2017-11-02 16:41,https://newhaven.craigslist.org/apa/d/studios-for-rent/6340330459.html,Studios for rent,700,"Bridgeport, CT",1,0,1,,,,
6371210672,2017-11-02 16:40,https://newhaven.craigslist.org/apa/d/500-off-first-month-spacious/6371210672.html,$500 OFF FIRST MONTH!  Spacious 2BR/1.5 BA Townhouse with W/D Hook-Up,1200,,2,1020,1.5,41.494763,-73.073415,10,547 Millville Ave. Naugatuck CT US
6364194164,2017-11-02 16:39,https://newhaven.craigslist.org/apa/d/second-chance-3-bed-room/6364194164.html,♅ Second Chance! 3 Bed Room Amazing Inexpensive Cosy `home!! ♅,400,newhaven,3,0,2,41.365700,-72.927500,22,
6350082122,2017-11-02 16:38,https://newhaven.craigslist.org/apa/d/2-bedrooms-10-bath-868-sqft/6350082122.html,"2 bedrooms, 1.0 bath, 868 sqft • $1,325",1325,"89 Coleman Street #821 W Haven, CT 06516",2,868,1,41.280297,-72.965847,20,coleman street west haven CT US
6350123495,2017-11-02 16:38,https://newhaven.craigslist.org/apa/d/2nd-floor-2-bed-1-bath-apt/6350123495.html,"2nd floor, 2 Bed, 1 Bath Apt for $1075",1075,"382 Bond Street, BRIDGEPORT, CT",2,900,1,41.196396,-73.168755,20,Bond street bridgeport CT US
6361710873,2017-11-02 16:37,https://newhaven.craigslist.org/apa/d/two-bedroom-apartment-with/6361710873.html,~~ TWO BEDROOM APARTMENT WITH PLENTY OF STORAGE~*~~~~,1295,Meriden/Wallingford CT,2,1015,1,41.516887,-72.793589,10,164 Scott Street Meriden CT US
6368628204,2017-11-02 16:36,https://newhaven.craigslist.org/apa/d/split-level-apt-1-mile-from/6368628204.html,Split-Level Apt 1 Mile from Yale on the Quinnipiac River,1485,"New Haven, CT",2,1400,1,41.303103,-72.893214,5,1 Brewery Square New Haven CT US
6362884277,2017-11-02 16:33,https://newhaven.craigslist.org/apa/d/two-bedroom-apartment-with/6362884277.html,~~ TWO BEDROOM APARTMENT WITH DECK~~,1295,Meriden/Wallingford CT,2,1015,1,41.516887,-72.793589,10,164 Scott Street Meriden CT US
6361712216,2017-11-02 16:32,https://newhaven.craigslist.org/apa/d/two-bedroom-apartment-with/6361712216.html,~~TWO BEDROOM APARTMENT WITH DECK~~,1295,MERIDEN/WALLINGFORD CT,2,1015,1,41.516887,-72.793589,10,164 Scott Street Meriden CT US
6348733628,2017-11-02 16:32,https://newhaven.craigslist.org/apa/d/convenience-and-character-in/6348733628.html,CONVENIENCE AND CHARACTER IN THIS AMAZING 2BR,1375,"New Haven, CT",2,790,1,41.302974,-72.893171,5,1 Brewery Square New Haven CT US
6361714777,2017-11-02 16:32,https://newhaven.craigslist.org/apa/d/two-bedroom-apartment-with/6361714777.html,~~TWO BEDROOM APARTMENT WITH WASHER/DRYER~~,1295,Meriden/Wallingford CT,2,1015,1,41.516887,-72.793589,10,164 Scott Street Meriden CT US
6344573534,2017-11-02 16:31,https://newhaven.craigslist.org/apa/d/two-bedroom-apartment-with/6344573534.html,~~Two bedroom apartment with washer dryer~~,1275,Meriden/Wallingford CT,2,1015,1,41.516887,-72.793589,10,164 Scott Street Meriden CT US
6359382719,2017-11-02 16:31,https://newhaven.craigslist.org/apa/d/two-bedroom-apartment-with/6359382719.html,~~ TWO BEDROOM APARTMENT WITH PLENTY OF STORAGE ~~,1215,Meriden/Wallingford CT,2,1015,1,41.516887,-72.793589,10,164 SCOTT STREET MERIDEN CT US
6371196818,2017-11-02 16:30,https://newhaven.craigslist.org/apa/d/spinnaker-station/6371196818.html,Spinnaker Station,1600,Milford,1,700,1,41.217500,-73.054900,22,75 Railroad Avenue Milford CT US
6359358769,2017-11-02 16:30,https://newhaven.craigslist.org/apa/d/two-bedroom-apartment-with/6359358769.html,~~Two Bedroom Apartment with Deck~~,1215,Hartford CT,2,1015,1,41.516887,-72.793589,10,164 Scott Street Meriden CT US
6359390336,2017-11-02 16:30,https://newhaven.craigslist.org/apa/d/two-bedroom-apartment-with/6359390336.html,~~TWO BEDROOM APARTMENT WITH DECK AND PLENTY OF STORAGE~~,1215,HARTFORD CT,2,1015,1,41.516887,-72.793589,10,164 Scott Street Meriden CT US
6359356877,2017-11-02 16:30,https://newhaven.craigslist.org/apa/d/two-bedroom-apartment-with/6359356877.html,~~Two Bedroom Apartment with Deck~~,1215,Hartford CT,2,1015,1,41.516887,-72.793589,10,164 Scott Street Meriden CT US
6352814184,2017-11-02 16:29,https://newhaven.craigslist.org/apa/d/all-on-one-level-two-bedroom/6352814184.html,ALL ON ONE LEVEL/ TWO BEDROOM APARTMENT,1295,Meriden/Wallingford CT,2,1015,1,41.516887,-72.793589,10,164 Scott Street Meriden CT US
6353906567,2017-11-02 16:28,https://newhaven.craigslist.org/apa/d/one-bedroom-townhouse-with/6353906567.html,One bedroom Townhouse with large closet!!,1050,Meriden/Wallingford CT,1,775,1,41.516887,-72.793589,10,164 Scott Street Meriden CT US
6362890130,2017-11-02 16:28,https://newhaven.craigslist.org/apa/d/two-bedroom-apartment-with/6362890130.html,~~TWO BEDROOM APARTMENT WITH DECK~~,1215,MERIDEN/WALLINGFORD CT,2,1015,1,41.516887,-72.793589,10,164 Scott Street Meriden CT US
6371155498,2017-11-02 16:28,https://newhaven.craigslist.org/apa/d/newly-renovated-one-bedroom/6371155498.html,Newly Renovated One Bedroom **GREAT SPECIALS**,1693,"93 Richards Ave, Norwalk CT",1,850,1,41.093896,-73.450864,10,93 Richards Ave Norwalk CT US
6371192584,2017-11-02 16:28,https://newhaven.craigslist.org/apa/d/1-2-month-free-affordable/6371192584.html,1/2 Month Free!  Affordable Luxury Living in Park-like Setting,1100,"151 Andrew Ave, Naugatuck, CT",1,768,1,41.483782,-73.066503,10,151 Andrew Ave. Naugatuck CT US
6368631455,2017-11-02 16:27,https://newhaven.craigslist.org/apa/d/modern-spacious-light-2/6368631455.html,"Modern, Spacious, Light 2-Bedroom in Quiet Naugatuck Community",1200,"151 Andrew Ave, Naugatuck, CT",2,944,1,41.483782,-73.066503,10,151 Andrew Ave Naugatuck CT US
6354147353,2017-11-02 16:26,https://newhaven.craigslist.org/apa/d/ct-waterbury-home-for-rent/6354147353.html,CT Waterbury home for Rent with Option to Buy,1100,17 Clifton Ave.,4,1200,1,41.566261,-73.041691,15,Clifton Avenue at Chauncey St. Waterbury CT US
6371184481,2017-11-02 16:22,https://newhaven.craigslist.org/apa/d/affordable-luxury-living-in/6371184481.html,Affordable Luxury Living in Park-like Setting,1150,"151 Andrew Ave, Naugatuck, CT",1,768,1,41.483782,-73.066503,10,151 Andrew Ave. Naugatuck CT US
6352938570,2017-11-02 16:20,https://newhaven.craigslist.org/apa/d/unparalleled-views-and/6352938570.html,Unparalleled Views and Exceptional Style Apartment,1150,134 Washington Avenue #5,1,450,1,41.176989,-73.197167,15,Washington Ave. at Washington Terrace Bridgeport CT US
6350104978,2017-11-02 16:19,https://newhaven.craigslist.org/apa/d/single-family-house-in-west/6350104978.html,"SINGLE FAMILY HOUSE IN WEST HAVEN, CT!",1990,"60 Admiral Street West Haven, CT",5,1852,1,41.296497,-72.958147,20,Admiral street west haven CT US
6344846439,2017-11-02 16:18,https://newhaven.craigslist.org/apa/d/two-bedroom-apartmentwasher/6344846439.html,~~Two Bedroom Apartment~Washer Dryer~Deck~,1275,Meriden/Wallingford CT,2,1015,1,41.516887,-72.793589,10,164 Scott Street Meriden CT US
6352805518,2017-11-02 16:18,https://newhaven.craigslist.org/apa/d/two-bedroom-apartment-deck/6352805518.html,Two Bedroom Apartment/Deck/Washer Dryer,1295,Meriden/Wallingford CT,2,1015,1,41.516887,-72.793589,10,164 Scott Street Meriden CT US
6354184760,2017-11-02 16:17,https://newhaven.craigslist.org/apa/d/two-bedroom-large-bright/6354184760.html,TWO BEDROOM LARGE BRIGHT TOWNHOUSE,1695,Meriden/Wallingford CT,2,1441,2,41.516887,-72.793589,10,164 SCOTT STREET MERIDEN CT US
6353740186,2017-11-02 16:17,https://newhaven.craigslist.org/apa/d/one-bedroom-townhouse-large/6353740186.html,One Bedroom Townhouse/Large walk in Closet,1050,Meriden/Wallingford CT,1,775,1,41.516887,-72.793589,10,164 Scott Street Meriden CT US
6359384714,2017-11-02 16:16,https://newhaven.craigslist.org/apa/d/two-bedroom-apartment-with/6359384714.html,~~ TWO BEDROOM APARTMENT WITH PLENTY OF STORAGE~*~~~~,1215,Meriden/Wallingford CT,2,1015,1,41.516887,-72.793589,10,164 Scott Street Meriden CT US
6349925266,2017-11-02 16:15,https://newhaven.craigslist.org/apa/d/deck-large-rooms-washer-dryer/6349925266.html,DECK/LARGE ROOMS/WASHER DRYER/2 BEDROOMS,1295,Meriden/Wallingford CT,2,1015,1,41.516887,-72.793589,10,164 SCOTT STREET MERIDEN CT US
6344863798,2017-11-02 16:15,https://newhaven.craigslist.org/apa/d/2-bedroom-apartmentdeckwasher/6344863798.html,~2 Bedroom Apartment~Deck~Washer Dryer~,1295,Meriden/Wallingford CT,2,1015,1,41.516887,-72.793589,10,164 Scott Street Meriden CT US
6344545550,2017-11-02 16:15,https://newhaven.craigslist.org/apa/d/two-bedroom-apartment-with/6344545550.html,~~Two Bedroom Apartment with Deck~~,1275,Meriden/Wallingford CT,2,1015,1,41.516887,-72.793589,10,164 Scott Street Meriden CT US
6331751356,2017-11-02 16:12,https://newhaven.craigslist.org/apa/d/reside-in-the-country-at-this/6331751356.html,"RESIDE IN THE COUNTRY AT THIS SINGLE FAMILY HOME , YET MINUTES TO NEW",1995,HAVEN&YALE,3,0,2,41.441079,-73.002286,10,277 FAIRWOOD RD BETHANY CT US
6354082023,2017-11-02 16:10,https://newhaven.craigslist.org/apa/d/massive-2-bedroom-split-level/6354082023.html,Massive 2 bedroom Split Level with Exposed Brick and Arched Windows,1485,"New Haven, CT",2,1300,1,41.303135,-72.893246,5,1 Brewery Square New Haven CT US
6354345921,2017-11-02 16:06,https://newhaven.craigslist.org/apa/d/make-this-your-own-waterbury/6354345921.html,Make this your own! Waterbury Home for Lease,900,19 Clifton Ave,3,0,1,41.566293,-73.041701,15,Clifton Avenue at Chauncey St. Waterbury CT US
6359393391,2017-11-02 16:05,https://newhaven.craigslist.org/apa/d/two-bedroom-apartment-with/6359393391.html,~~Two Bedroom Apartment with Deck~~,1295,Meriden/Wallingford CT,2,1015,1,41.516887,-72.793589,10,164 Scott Street Meriden CT US
6371159825,2017-11-02 16:05,https://newhaven.craigslist.org/apa/d/uniquely-attractive-2br-apt/6371159825.html,Uniquely Attractive 2BR Apt in Historic Brewery Square now Open!,1375,"New Haven, CT",2,962,1,41.307200,-72.865400,0,
6352819833,2017-11-02 16:04,https://newhaven.craigslist.org/apa/d/all-on-one-level-two-bedroom/6352819833.html,~~ALL ON ONE LEVEL TWO BEDROOM APARTMENT~~,1295,Meriden/Wallingford CT,2,1015,1,41.516887,-72.793589,10,164 Scott Street Meriden CT US
6359380936,2017-11-02 16:03,https://newhaven.craigslist.org/apa/d/two-bedroom-apartment-with/6359380936.html,~~TWO BEDROOM APARTMENT WITH DECK~~,1215,Hartford CT,2,1015,1,41.516887,-72.793589,10,164 Scott Street Meriden CT US
6344531370,2017-11-02 16:03,https://newhaven.craigslist.org/apa/d/two-bedroom-apartment-with/6344531370.html,~~TWO BEDROOM APARTMENT WITH WASHER DRYER~~,1295,Meriden/Wallingford,2,1015,1,41.516887,-72.793589,10,164 SCOTT STREET MERIDEN CT US
6359383906,2017-11-02 16:02,https://newhaven.craigslist.org/apa/d/two-bedroom-apartment-with/6359383906.html,~~Two Bedroom Apartment with Deck~~,1215,Hartford CT,2,1015,1,41.516887,-72.793589,10,164 Scott Street Meriden CT US
6371155408,2017-11-02 16:02,https://newhaven.craigslist.org/apa/d/brand-new-2-3-bedroom/6371155408.html,BRAND NEW 2 & 3 Bedroom Apartments! Move In TODAY!,865,,3,1260,1.5,41.575400,-73.031800,22,
6371155012,2017-11-02 16:02,https://newhaven.craigslist.org/apa/d/place-to-call-home-updated-2/6371155012.html,A place to call home:  updated 2-bedroom apt in beautiful coastal town,1025,"53 Briarwood Lane, Branford, CT",2,900,1,41.266496,-72.837687,10,53 Briarwood Lane Branford CT US
6368568939,2017-11-02 16:01,https://newhaven.craigslist.org/apa/d/one-bedroom-flat-with-large/6368568939.html,~~ One Bedroom Flat with a Large Deck~~,1050,Meriden/Wallingford CT,1,725,1,41.516887,-72.793589,10,164 Scott Street Meriden CT US
6344855239,2017-11-02 16:01,https://newhaven.craigslist.org/apa/d/two-bedroom/6344855239.html,~Two Bedroom Apartment~Deck~Washer Dryer~,1295,Meriden/Wallingford CT,2,1015,1,41.516887,-72.793589,10,164 Scott Street Meriden CT US
