pid,dt,url,title,price,neighb,beds,sqft,baths,lat,lng,accuracy,address
6335462758,2017-11-02 17:00,https://newjersey.craigslist.org/apa/d/brevard-no-broker-fee-open/6335462758.html,Brevard No Broker Fee Open House Heat Elevator Laundry walk 2 JSQ Path,1525,JERSEY CITY 37 DUNCAN AVE,1,0,1,40.724429,-74.071508,10,37 DUNCAN AVE JERSEY CITY NJ US
6362886196,2017-11-02 16:59,https://newjersey.craigslist.org/apa/d/omgmust-see-to-believe/6362886196.html,***OMG**MUST SEE TO BELIEVE! BEAUTIFUL APT. THIS WONT LAST!!! CALL NOW,1675,,3,0,1,40.778131,-74.230015,10,361Park Ave Orange NJ US
6371225330,2017-11-02 16:58,https://newjersey.craigslist.org/apa/d/breakfast-bar-brand-new/6371225330.html,"Breakfast Bar, Brand new construction, 24 Hour Fitness Facility",1981,42 JFK Boulevard,1,716,1,40.666400,-74.119200,22,42 JFK Boulevard Bayonne NJ US
6351362272,2017-11-02 16:58,https://newjersey.craigslist.org/apa/d/omgmust-see-to-believe/6351362272.html,***OMG**MUST SEE TO BELIEVE! BEAUTIFUL APT. THIS WONT LAST!!! CALL NOW,1675,,3,0,1,40.778131,-74.230015,10,361Park Ave Orange NJ US
6371235222,2017-11-02 16:57,https://newjersey.craigslist.org/apa/d/2-bed-2-bath-jersey-city/6371235222.html,2 Bed 2 Bath Jersey City Waterfront Apt+Parking near Path/Light Rail!,3250,Paulus Hook,2,900,2,40.713154,-74.036402,10,39 Greene St Jersey City NJ US
6371224904,2017-11-02 16:57,https://newjersey.craigslist.org/apa/d/breakfast-bar-brand-new/6371224904.html,"Breakfast Bar, Brand new construction, 24 Hour Fitness Facility",1981,42 JFK Boulevard,1,716,1,40.666400,-74.119200,22,42 JFK Boulevard Bayonne NJ US
6371233491,2017-11-02 16:56,https://newjersey.craigslist.org/apa/d/large-2-bedroom-apartment-lr/6371233491.html,"Large 2 bedroom apartment LR, DR, yard Two blocks to Grove Path",3000,Downtown Jersey City NJ,2,0,1,40.719761,-74.048971,20,Mercer Street at Grove Street Jersey City NJ US
6371224558,2017-11-02 16:56,https://newjersey.craigslist.org/apa/d/high-speed-wired-and-wireless/6371224558.html,"High-speed wired and wireless internet access available, Balcony",2342,42 JFK Boulevard,2,1022,2,40.666400,-74.119200,22,42 JFK Boulevard Bayonne NJ US
6363161397,2017-11-02 16:55,https://newjersey.craigslist.org/apa/d/amazing-locationjust-2blocks/6363161397.html,AMAZING LOCATION!!JUST 2BLOCKS TO NYC TRAIN (NJ TRANSIT ORANGE STATION,875,"Orange, North jersy",0,0,1,40.778096,-74.227828,10,204 Cleveland St Orange NJ US
6333657045,2017-11-02 16:49,https://newjersey.craigslist.org/apa/d/heart-of-journal-square-heat/6333657045.html,Heart OF JOURNAL SQUARE Heat included no broker fee,1475,jersey city,0,0,,40.728045,-74.064066,10,225 ACADEMY JERSEY CITY NJ US
6371221787,2017-11-02 16:48,https://newjersey.craigslist.org/apa/d/no-fees-apartments-for-rent/6371221787.html,NO FEES!!! APARTMENTS FOR RENT IN YOUR AREA!!!,,,0,0,,40.930900,-74.155500,22,449 EAST 18TRH STREET PATERSON NJ US
6340400144,2017-11-02 16:47,https://newjersey.craigslist.org/apa/d/fully-furnished-lodge/6340400144.html,Fully Furnished Lodge,1399,Upper Freehold,1,0,1,40.139900,-74.465000,22,Monmouth Rd Cream Ridge NJ US
6371207229,2017-11-02 16:46,https://newjersey.craigslist.org/apa/d/1-bedroom-pet-wash-9ft/6371207229.html,"1 bedroom - Pet Wash, 9ft Ceilings, 24 hour Fitness Center",1675,"1555 Main St., Rahway, NJ 07065",1,773,1,40.607685,-74.273789,5,1555 Main St. Rahway NJ US
6365490099,2017-11-02 16:44,https://newjersey.craigslist.org/apa/d/renovated-1-bedroomfree/6365490099.html,==RENOVATED 1 BEDROOM==FREE PARKING==DISHWASHER==BALCONY===,1050,"Orange, NJ/Highland Avenue",1,0,1,40.766173,-74.243785,15,
6340692237,2017-11-02 16:44,https://newjersey.craigslist.org/apa/d/call-now-limited-time-2/6340692237.html,CALL NOW! LIMITED TIME! 2 Months Free! No Deposit! No Fee! CALL NOW***,1695,Hackensack,1,0,1,40.881539,-74.045877,10,100 State Street Hackensack NJ US
6342096616,2017-11-02 16:43,https://newjersey.craigslist.org/apa/d/2-bedroom-with-parking-and/6342096616.html,2 Bedroom with Parking and Heat Included for $1950!!,1950,Jersey City,2,0,1,,,,
6342104970,2017-11-02 16:43,https://newjersey.craigslist.org/apa/d/dont-miss-out-spacious-3/6342104970.html,Don't Miss Out - Spacious 3 Bedroom in Bergen Point Neighborhood,1600,Bayonne,3,0,1,,,,
6371214081,2017-11-02 16:42,https://newjersey.craigslist.org/apa/d/beautifully-landscaped/6371214081.html,beautifully landscaped complex with spacious apartments,1795,58 Berkshire Place,2,1000,1,40.889023,-74.060705,10,58 Berkshire Place Hackensack NJ US
6371213387,2017-11-02 16:42,https://newjersey.craigslist.org/apa/d/short-term-leases-now/6371213387.html,SHORT TERM LEASES NOW AVAILABLE!,1495,58 Berkshire Place,1,850,1,40.889023,-74.060705,10,58 Berkshire Place Hackensack NJ US
6356367890,2017-11-02 16:41,https://newjersey.craigslist.org/apa/d/1-bedroom-office-large-unit/6356367890.html,1 Bedroom w/ Office! LARGE UNIT! (NO FEE/NO DEP/FREE RENT),1860,West New York,1,0,1,40.786324,-74.008442,10,6035 Park Avenue West New York NJ US
6371212088,2017-11-02 16:41,https://newjersey.craigslist.org/apa/d/beautiful-community-with/6371212088.html,Beautiful Community with plenty of storage,1495,58 Berkshire Place,1,850,1,40.889023,-74.060705,10,58 Berkshire Place Hackensack NJ US
6371211426,2017-11-02 16:41,https://newjersey.craigslist.org/apa/d/great-specials-summit-manor/6371211426.html,Great Specials @Summit Manor!! Limited apartment units left!,1495,58 Berkshire Place,1,850,1,40.889023,-74.060705,10,58 Berkshire Place Hackensack NJ US
6368011540,2017-11-02 16:39,https://newjersey.craigslist.org/apa/d/stop-lking-and-start-living/6368011540.html,☆☆☆Stop L👀king and Start Living NO SECURITY DEPOSIT SP,1500,"East Orange, North jersey",3,0,1,40.755884,-74.197799,20,600 Main St East Orange NJ US
6352186046,2017-11-02 16:39,https://newjersey.craigslist.org/apa/d/amazing-locationjust-2blocks/6352186046.html,AMAZING LOCATION!!JUST 2BLOCKS TO NYC TRAIN (NJ TRANSIT ORANGE STATION,875,"Orange, North jersy",0,0,1,40.778096,-74.227828,10,204 Cleveland St Orange NJ US
6356374002,2017-11-02 16:39,https://newjersey.craigslist.org/apa/d/fall-blow-out-no-fee-2-months/6356374002.html,FALL BLOW OUT! **NO FEE/2 Months FREE/NO DEPOSIT** WONT LAST!,1695,Hackensack,1,0,1,40.881539,-74.045877,10,100 State street Hackensack NJ US
6340669272,2017-11-02 16:39,https://newjersey.craigslist.org/apa/d/live-here-homethree-bedroom/6340669272.html,Live Here & B @ Home..THREE Bedroom Apt Available NOW!!!,1375,East Orange,3,0,1,40.763485,-74.207655,10,307 William St. East Orange NJ US
6371208644,2017-11-02 16:39,https://newjersey.craigslist.org/apa/d/the-artisan-series-best-kept/6371208644.html,The Artisan Series Best Kept Secret 2B/2B Affordable!,3546,Up Town Hoboken,2,1200,2,,,,
6360309778,2017-11-02 16:38,https://newjersey.craigslist.org/apa/d/no-fee-steps-to-ny-waterway/6360309778.html,No Fee - Steps to NY Waterway Ferry/NJ Transit - Stunning Unit,2550,Weehawken,1,0,1,40.768100,-74.020800,22,
6360309998,2017-11-02 16:38,https://newjersey.craigslist.org/apa/d/no-fee-great-edgewater/6360309998.html,"✔ No Fee, Great Edgewater Community",2555,Edgewater,1,848,1,40.831700,-73.973800,22,
6360309881,2017-11-02 16:38,https://newjersey.craigslist.org/apa/d/stunning-full-service/6360309881.html,"✔ Stunning Full Service Community, No Broker Fee, Minutes to NYC",5650,Weehawken,3,1486,2,40.768100,-74.020800,22,
6360310143,2017-11-02 16:38,https://newjersey.craigslist.org/apa/d/no-broker-fee-only-1000/6360310143.html,No Broker Fee - Only $1000 Security Deposit - Minutes to Manhattan,2420,Weehawken,1,0,1,40.768100,-74.020800,22,
6361437307,2017-11-02 16:38,https://newjersey.craigslist.org/apa/d/no-fee-steps-to-ny-waterway/6361437307.html,No Fee - Steps to NY Waterway Ferry/NJ Transit - Stunning Unit,2550,Weehawken,1,0,1,40.768100,-74.020800,22,
6371206278,2017-11-02 16:37,https://newjersey.craigslist.org/apa/d/lovely-2-bedroom-ranch-home/6371206278.html,Lovely 2 Bedroom Ranch Home In Lake Hopatcong,1600,"Jefferson, Hopatcong, Roxbury",2,0,1,40.950600,-74.612900,22,4 Ledgewood Road Lake Hopatcong NJ US
6368007856,2017-11-02 16:37,https://newjersey.craigslist.org/apa/d/amazing-locationjust-2blocks/6368007856.html,AMAZING LOCATION!!JUST 2BLOCKS TO NYC TRAIN (NJ TRANSIT ORANGE STATION,875,"Orange, North jersy",0,0,1,40.778096,-74.227828,10,204 Cleveland St Orange NJ US
6366753059,2017-11-02 16:37,https://newjersey.craigslist.org/apa/d/no-broker-fee-jaw-dropping/6366753059.html,"✤✤No Broker Fee, Jaw-Dropping NYC Views, Spectacular Finishes!",3125,Edgewater,2,1060,2,40.831700,-73.973800,22,
6362885137,2017-11-02 16:37,https://newjersey.craigslist.org/apa/d/stop-lking-and-start-living/6362885137.html,☆☆☆Stop L👀king and Start Living *******,1500,"East Orange, North jersey",3,0,1,40.755884,-74.197799,20,600 Main St East Orange NJ US
6359454639,2017-11-02 16:36,https://newjersey.craigslist.org/apa/d/beutiful-apartments-with/6359454639.html,Beutiful Apartments With A Wonderful View To The Irvington  Park,900,165 augusta st,1,0,1,40.720805,-74.230244,10,165 augusta st irvington NJ US
6371203330,2017-11-02 16:35,https://newjersey.craigslist.org/apa/d/affordable-prices-all/6371203330.html,"Affordable Prices, All Utilities are Included",975,55 Glenwood Avenue,0,500,,40.771855,-74.218495,10,
6358782577,2017-11-02 16:35,https://newjersey.craigslist.org/apa/d/verona-east-linclon-apts/6358782577.html,VERONA/East Linclon Apts.  - December/January 1 Bedrooms - $1175,1175,"1 E. Lincoln St., Verona, NJ",1,0,1,,,,
6345743949,2017-11-02 16:34,https://newjersey.craigslist.org/apa/d/last-remaining-1-bed-no-fee/6345743949.html,Last Remaining 1 Bed! (NO FEE/2Mnths FREE/NO DEPOSIT) SHOWING TODAY!,1695,Hackensack,1,0,1,40.881539,-74.045877,10,100 State Street Hackensack NJ US
6351532461,2017-11-02 16:30,https://newjersey.craigslist.org/apa/d/amazing-locationjust-2blocks/6351532461.html,AMAZING LOCATION!!JUST 2BLOCKS TO NYC TRAIN (NJ TRANSIT ORANGE STATION,875,"Orange, North jersy",0,0,1,40.778096,-74.227828,10,204 Cleveland St Orange NJ US
6371196200,2017-11-02 16:30,https://newjersey.craigslist.org/apa/d/spacious-awesome-2-beds-1/6371196200.html,SPACIOUS & AWESOME 2 BEDS & 1 BATH & READY TO MOVE IN!!,850,"Caldwell, NJ",2,0,1,40.854500,-74.278900,22,
6371195626,2017-11-02 16:30,https://newjersey.craigslist.org/apa/d/lease-expire-in-january-lease/6371195626.html,Lease Expire in January? Lease a BRAND NEW TOWNHOME at Woodmont Cove!,2165,,2,1200,2.5,40.464000,-74.274200,22,244 John T. O'Leary Blvd South Amboy NJ US
6340648773,2017-11-02 16:29,https://newjersey.craigslist.org/apa/d/amazing-locationjust-2blocks/6340648773.html,AMAZING LOCATION!!JUST 2BLOCKS TO NYC TRAIN (NJ TRANSIT ORANGE STATION,1400,"Orange, North jersy",2,0,1,40.778096,-74.227828,10,204 Cleveland St Orange NJ US
6364192037,2017-11-02 16:29,https://newjersey.craigslist.org/apa/d/jersey-city-heightscoming-nov/6364192037.html,Jersey City Heights*COMING NOV 1*Very Unique Apartment*HUGE!,2300,Jersey City Heights,1,0,2,40.744678,-74.050250,20,Hutton Street at Summit Avenue Jersey City NJ US
6340666602,2017-11-02 16:28,https://newjersey.craigslist.org/apa/d/stopthis-could-be-your/6340666602.html,💥STOP!This Could be Your APARTMENT HOME💥,775,Irvington north jersey,0,0,1,40.732928,-74.220599,10,320 Eastern Pkwy Irvington NJ US
6364171808,2017-11-02 16:28,https://newjersey.craigslist.org/apa/d/hobokenneed-to-move-no/6364171808.html,"Hoboken*Need to move? NO PROBLEM*1,2,3 bedrooms",1,Hoboken,0,0,,40.744500,-74.032900,22,
6358015858,2017-11-02 16:28,https://newjersey.craigslist.org/apa/d/stop-lking-and-start-living/6358015858.html,☆☆☆Stop L👀king and Start Living *******,1500,"East Orange, North jersey",2,0,1,40.755884,-74.197799,20,600 Main St East Orange NJ US
6371179333,2017-11-02 16:27,https://newjersey.craigslist.org/apa/d/apartment-for-rent/6371179333.html,Apartment for rent,1200,Linden NJ,2,0,1,40.635400,-74.255600,22,
6352186547,2017-11-02 16:27,https://newjersey.craigslist.org/apa/d/omgmust-see-to-believe/6352186547.html,***OMG**MUST SEE TO BELIEVE! BEAUTIFUL APT. THIS WONT LAST!!! CALL NOW,1200,,1,0,1,40.778131,-74.230015,10,361Park Ave Orange NJ US
6345292215,2017-11-02 16:26,https://newjersey.craigslist.org/apa/d/hoboken2-bed-2/6345292215.html,Hoboken*2 bed 2 bath*parking*Downtown*Nov 1*Pets ok,2925,Hoboken,2,1100,2,40.744500,-74.032900,22,
6335513844,2017-11-02 16:25,https://newjersey.craigslist.org/apa/d/newark3-bedroomtra-section-8/6335513844.html,Newark*3 bedroom*TRA/Section 8 OK*NORTH NEWARK*Heat & Hot Water Includ,1300,Newark,3,0,1,40.761567,-74.177215,10,216 Bloomfield Ave Newark NJ US
6352847647,2017-11-02 16:25,https://newjersey.craigslist.org/apa/d/omgmust-see-to-believe/6352847647.html,***OMG**MUST SEE TO BELIEVE! BEAUTIFUL APT. THIS WONT LAST!!! CALL NOW,1200,,1,0,1,40.778131,-74.230015,10,361 Park Ave Orange NJ US
6334369972,2017-11-02 16:25,https://newjersey.craigslist.org/apa/d/brand-new-jc-luxury/6334369972.html,BRAND NEW J.C LUXURY 1BR+DEN*CITY VIEW*W/D*POOL*FREE MONTH*CALL TODAY!,2790,Jersey City (Downtown,2,880,1,40.722100,-74.046900,22,
6351020443,2017-11-02 16:25,https://newjersey.craigslist.org/apa/d/north-newark-large-3-bed-1/6351020443.html,North Newark. Large 3 bed 1 bath*TRA/Section 8 ok. Nice apt**NO FEE,1300,Newark,3,0,1,40.755950,-74.176295,20,Park Ave Newark NJ US
6334239686,2017-11-02 16:25,https://newjersey.craigslist.org/apa/d/no-feebrand-new-jc-luxury/6334239686.html,"""NO FEE""BRAND NEW J.C LUXURY JR.1*CITY VIEW*W/D*FREE MONTH*CALL TODAY.",2300,JERSEY CITY (Downtown,1,0,1,40.722100,-74.046900,22,
6361294759,2017-11-02 16:25,https://newjersey.craigslist.org/apa/d/no-fee-new-luxe-harrison-1brw/6361294759.html,"""NO FEE NEW LUXE! HARRISON 1BR*W/D*POOL*FREE MONTH**CALL TODAY",1900,HARRISON STATION/2 Block From Station,1,0,1,40.744500,-74.150800,22,
6371188221,2017-11-02 16:25,https://newjersey.craigslist.org/apa/d/townhome-brand-new-3-br-25/6371188221.html,TOWNHOME- BRAND NEW 3 BR. 2.5 BATH/DON'T LOOK PAST THIS GEM!,1500,ELKTON,3,1500,2.5,39.660327,-75.798686,20,1600 West Creek Village Dr Elkton NJ US
6334251278,2017-11-02 16:24,https://newjersey.craigslist.org/apa/d/no-feebrand-new-jc-luxury/6334251278.html,"""NO FEE""BRAND NEW J.C LUXURY JR.1*CITY VIEW*W/D*FREE MONTH*CALL TODAY.",2325,JERSEY CITY (Downtown,1,0,1,40.722100,-74.046900,22,
6334415921,2017-11-02 16:24,https://newjersey.craigslist.org/apa/d/no-feeluxe-jc2br-2btcity/6334415921.html,"""NO FEE""LUXE! J.C*2BR/2BT*CITY VIEW*POOL*W/D*FREE MONTH*CALL TODAY.",3825,Jersey City (Downtown,2,1158,2,40.722100,-74.046900,22,
6371187020,2017-11-02 16:24,https://newjersey.craigslist.org/apa/d/no-broker-fee-850-sq-ft-large/6371187020.html,NO BROKER FEE! ! 850 sq ft Large 1BR!,1495,"58 Berkshire Place, Hackensack, NJ",1,850,1,40.889023,-74.060705,10,58 Berkshire Place Hackensack NJ US
6339049698,2017-11-02 16:24,https://newjersey.craigslist.org/apa/d/private-owner-2-6-bedroom/6339049698.html,PRIVATE OWNER 2-6 BEDROOM UNITS AVAIL IN NORTHUMBERLAND COUNTY,595,PETS OK - GARAGES - LARGE YARDS,5,0,2,,,,
6334360088,2017-11-02 16:24,https://newjersey.craigslist.org/apa/d/brand-new-jc-luxury/6334360088.html,BRAND NEW J.C LUXURY 1BR+DEN*CITY VIEW*W/D*POOL*FREE MONTH*CALL TODAY!,3150,JERSEY CITY (Downtown,2,880,1,40.722100,-74.046900,22,
6371186477,2017-11-02 16:23,https://newjersey.craigslist.org/apa/d/short-term-leases-now/6371186477.html,SHORT TERM LEASES NOW AVAILABLE!,1495,58 Berkshire Place,1,850,1,40.889023,-74.060705,10,58 Berkshire Place Hackensack NJ US
6334385258,2017-11-02 16:23,https://newjersey.craigslist.org/apa/d/brand-new-jc-luxury/6334385258.html,BRAND NEW J.C LUXURY 1BR+DEN*CITY VIEW*W/D*POOL*FREE MONTH*CALL TODAY!,3135,Jersey City (Downtown,2,0,1,40.722100,-74.046900,22,
6334394981,2017-11-02 16:23,https://newjersey.craigslist.org/apa/d/brand-new-jc-luxury-2br/6334394981.html,BRAND NEW J.C LUXURY 2BR/2BT*CITY VIEW*W/D*POOL*FREE MONTH*CALL TODAY!,3900,Jersey City (Downtown,2,1085,2,40.722100,-74.046900,22,
6334404215,2017-11-02 16:23,https://newjersey.craigslist.org/apa/d/no-feeluxe-jc2br-2btcity/6334404215.html,"""NO FEE""LUXE! J.C*2BR/2BT*CITY VIEW*POOL*W/D*FREE MONTH*CALL TODAY.",3900,Jersey City (Downtown,0,1085,,40.722100,-74.046900,22,
6334335136,2017-11-02 16:23,https://newjersey.craigslist.org/apa/d/no-feeluxe-jersey-city1brcity/6334335136.html,"""NO FEE""LUXE! JERSEY CITY*1BR*CITY VIEW*BAL*W/D*FREE MONTH*CALL TODAY.",2790,JERSEY CITY (Downtown,1,835,1,40.722100,-74.046900,22,
6334317408,2017-11-02 16:23,https://newjersey.craigslist.org/apa/d/new-luxe-jersey-city-1brw-in/6334317408.html,"NEW LUXE JERSEY CITY 1BR*W/D IN UNIT*POOL*FREE RENT""CALL TODAY""",2600,Jersey CITY (Downtown,1,750,1,40.722100,-74.046900,22,
6358017107,2017-11-02 16:23,https://newjersey.craigslist.org/apa/d/stop-lking-and-start-living/6358017107.html,☆☆☆Stop L👀king and Start Living *******,1500,"East Orange, North jersey",3,0,1,40.755884,-74.197799,20,600 Main St East Orange NJ US
6368402673,2017-11-02 16:22,https://newjersey.craigslist.org/apa/d/new-management-renovated-1-br/6368402673.html,New Management-Renovated 1 BR Apt-Orange-Quiet Location-No FEE,1150,Orange*297 Lincoln Avenue,1,0,1,40.766468,-74.239394,10,297 Lincoln Ave Orange NJ US
6334275079,2017-11-02 16:22,https://newjersey.craigslist.org/apa/d/brand-new-jc-luxury-jr1city/6334275079.html,BRAND NEW J.C LUXURY JR.1*CITY VIEW*W/D*FREE MONTH*CALL TODAY.,2500,Jersey CITY (Downtown,1,0,1,40.722100,-74.046900,22,
6334347127,2017-11-02 16:22,https://newjersey.craigslist.org/apa/d/luxe-jersey-city1brcity/6334347127.html,LUXE! JERSEY CITY*1BR*CITY VIEW*BAL*W/D*POOL*FREE MONTH*CALL TODAY.,2790,JERSEY CITY (Downtown,0,0,,40.722100,-74.046900,22,
6360302914,2017-11-02 16:22,https://newjersey.craigslist.org/apa/d/beautiful-1-bedroom-come/6360302914.html,BEAUTIFUL  1 BEDROOM!! COME CHECK IT OUT!!READY FOR NOVEMBER 1ST,1050,Elizabeth NJ,1,0,1,40.664024,-74.226161,10,126 Dehart Place Elizabeth NJ US
6359740136,2017-11-02 16:21,https://newjersey.craigslist.org/apa/d/new-luxe-jersey-city-jr1condo/6359740136.html,NEW LUXE! JERSEY CITY JR.1*CONDO FINISHES*W/D*2 MONS FREE*CALL TODAY!,2395,JERSEY CITY/DOWNTOWN,1,0,1,40.722100,-74.046900,22,
6359752132,2017-11-02 16:21,https://newjersey.craigslist.org/apa/d/new-luxe-jersey-city/6359752132.html,NEW LUXE! JERSEY CITY 1BR+DEN*CONDO FINISHES*W/D*2MONS FREE*CALL TODAY,3075,JERSEY CITY/DOWNTOWN,2,0,1,40.722100,-74.046900,22,
6359761448,2017-11-02 16:21,https://newjersey.craigslist.org/apa/d/new-luxe-jersey-city-2bdcondo/6359761448.html,NEW LUXE! JERSEY CITY 2BD*CONDO FINISHES*W/D*FREE RENT*CALL TODAY!,3435,JERSEY CITY/DOWNTOWN,2,0,1,40.722100,-74.046900,22,
6359770816,2017-11-02 16:19,https://newjersey.craigslist.org/apa/d/new-luxe-jersey-city-2bd/6359770816.html,NEW LUXE! JERSEY CITY 2BD W/TERR*CONDO FINISHES*W/D*2 FM*CALL TODAY!,4200,JERSEY CITY/DOWNTOWN,2,0,2,40.722100,-74.046900,22,
6361305143,2017-11-02 16:18,https://newjersey.craigslist.org/apa/d/no-fee-new-luxe-harrison-2br/6361305143.html,"""NO FEE NEW LUXE! HARRISON 2BR/2BTH*W/D*POOL*FREE MONTH**CALL TODAY",2995,HARRISON STATION/2 Block From Station,2,0,2,40.744500,-74.150800,22,
6361300623,2017-11-02 16:18,https://newjersey.craigslist.org/apa/d/no-fee-new-luxe-harrison/6361300623.html,"""NO FEE NEW LUXE! HARRISON STUDIO*W/D*POOL*FREE MONTH**CALL TODAY",1850,HARRISON STATION/2 Block From Station,0,0,1,40.744500,-74.150800,22,
6367800487,2017-11-02 16:18,https://newjersey.craigslist.org/apa/d/no-feeluxe-jersey-city-1br/6367800487.html,"""NO FEE""LUXE JERSEY CITY 1BR + DEN*W/D*HIGH-FLOOR*2 MOS FREE*",3000,JERSEY CITY/DOWNTOWN,2,0,1,40.722100,-74.046900,22,
6371150955,2017-11-02 16:16,https://newjersey.craigslist.org/apa/d/perfect-4-nyc/6371150955.html,PERFECT 4 A NYC COMMUTER=RENOVATED 2 BEDROOM=BORDER OF SOUTH ORANGE=,1599,"South Harrison Street, East Orange=Iridium",2,0,1,40.760183,-74.227566,20,South Harrison Street East Orange NJ US
6368550265,2017-11-02 16:16,https://newjersey.craigslist.org/apa/d/only-4-units-left-no-security/6368550265.html,ONLY 4 UNITS LEFT!! NO SECURITY NEEDED!! HEAT INCLUDED!! MOVE IN 2DAY!,1099,NEWARK / WEST WARD / IRIDIUM,2,0,1,40.743644,-74.200062,10,308 South 11th Street at 13th Avenue Newark NJ US
6368551586,2017-11-02 16:16,https://newjersey.craigslist.org/apa/d/only-4-units-left-no-security/6368551586.html,ONLY 4 UNITS LEFT!! NO SECURITY NEEDED!! HEAT INCLUDED!! MOVE IN 2DAY!,1099,NEWARK / WEST WARD / IRIDIUM,2,0,1,40.743644,-74.200062,10,308 South 11th Street at 13th Avenue Newark NJ US
6368549726,2017-11-02 16:16,https://newjersey.craigslist.org/apa/d/only-4-units-left-no-security/6368549726.html,ONLY 4 UNITS LEFT!! NO SECURITY NEEDED!! HEAT INCLUDED!! MOVE IN 2DAY!,1099,NEWARK / WEST WARD / IRIDIUM,2,0,1,40.743644,-74.200062,10,308 South 11th Street at 13th Avenue Newark NJ US
6368550810,2017-11-02 16:16,https://newjersey.craigslist.org/apa/d/only-4-units-left-no-security/6368550810.html,ONLY 4 UNITS LEFT!! NO SECURITY NEEDED!! HEAT INCLUDED!! MOVE IN 2DAY!,1099,NEWARK / WEST WARD / IRIDIUM,2,0,1,40.743644,-74.200062,10,308 South 11th Street at 13th Avenue Newark NJ US
6371174853,2017-11-02 16:15,https://newjersey.craigslist.org/apa/d/beautifully-landscaped/6371174853.html,beautifully landscaped complex with spacious apartments!!,1495,"58 Berkshire Place, Hackensack, NJ",1,850,1,40.889023,-74.060705,10,58 Berkshire Place Hackensack NJ US
6371173510,2017-11-02 16:15,https://newjersey.craigslist.org/apa/d/enjoy-relaxed-atmosephere/6371173510.html,Enjoy a relaxed atmosephere with tons of closest space!!!!!,1995,45 Euclid Ave,2,942,1,40.896131,-74.041255,10,45 Euclid Ave Hackensack NJ US
6351345012,2017-11-02 16:14,https://newjersey.craigslist.org/apa/d/jersey-city-great-1bhk-walk-2/6351345012.html,Jersey City-Great  1Bhk   walk 2 PATH/Indian Market h+hw inc,1395,Jersey city/square,1,0,1,40.733767,-74.054175,10,384 baldwin Jersey City NJ US
6367013280,2017-11-02 16:14,https://newjersey.craigslist.org/apa/d/stunning-studio-ready-for/6367013280.html,STUNNING STUDIO READY FOR NOVEMBER 1 WITH HEAT AND HOT WATER INCLUDED!,825,325 CHERRY ST. Elizabeth NJ,0,0,1,40.668397,-74.221765,10,325 CHERRY ST ELIZABETH NJ US
6368323617,2017-11-02 16:14,https://newjersey.craigslist.org/apa/d/stunning-2-bedroom-with/6368323617.html,STUNNING 2 BEDROOM WITH STAINLESS STEEL APPLIANCES AND PARKING INC!!!,1525,59 CHERRY ST. ELIZABETH NJ,2,0,1,40.663358,-74.219917,10,
6367994327,2017-11-02 16:14,https://newjersey.craigslist.org/apa/d/beautiful-1-bedroom-come/6367994327.html,BEAUTIFUL  1 BEDROOM!! COME CHECK IT OUT!!READY FOR NOVEMBER 1ST,1050,Elizabeth NJ,1,0,1,40.664024,-74.226161,10,126 Dehart Place Elizabeth NJ US
6367991751,2017-11-02 16:13,https://newjersey.craigslist.org/apa/d/stunning-2-bedroom-with/6367991751.html,STUNNING 2 BEDROOM WITH STAINLESS STEEL APPLIANCES AND PARKING INC!!!,1525,59 CHERRY ST. ELIZABETH NJ,2,0,1,40.663358,-74.219917,10,
6360901335,2017-11-02 16:13,https://newjersey.craigslist.org/apa/d/jersey-city-heights-renovated/6360901335.html,Jersey City HEIGHTS-renovated Manhattan Ave h+hw inc,1425,Jersey City Heights,1,0,1,40.744714,-74.056265,10,169 Manhattan Jersey City NJ US
6371170365,2017-11-02 16:12,https://newjersey.craigslist.org/apa/d/elegant-city-living-two/6371170365.html,Elegant City Living! Two Bedroom / Two Bath,3646,Up Town Hoboken,2,1248,2,,,,
6371156520,2017-11-02 16:11,https://newjersey.craigslist.org/apa/d/free-month-of/6371156520.html,Free Month of Rent**Complimetary Shuttle to Hoboken Terminal**,3535,,2,930,2,40.744500,-74.032900,22,
6371157939,2017-11-02 16:09,https://newjersey.craigslist.org/apa/d/3-bedroom-1-bath-apartment/6371157939.html,3 bedroom 1 bath apartment for rent--near light rail station,1700,Bayonne,3,0,1,,,,
6366752942,2017-11-02 16:08,https://newjersey.craigslist.org/apa/d/no-broker-fee-steps-to-shops/6366752942.html,"No broker fee, steps to shops, markets and free shuttle to NY Waterway",2425,Weehawken,1,0,1,40.768100,-74.020800,22,
6371164126,2017-11-02 16:08,https://newjersey.craigslist.org/apa/d/1200-off-pro-rated-summit/6371164126.html,$1200 off pro-rated @Summit Manor!!!!,1795,58 Berkshire Place,2,1000,1,40.888200,-74.050300,22,58 Berkshire Place Hckensack NJ US
6371148304,2017-11-02 16:07,https://newjersey.craigslist.org/apa/d/1-bedroom-outdoor-courtyard/6371148304.html,"1 bedroom - Outdoor Courtyard, Elevators, Dishwasher",1675,"1555 Main St., Rahway, NJ 07065",1,773,1,40.607685,-74.273789,5,1555 Main St. Rahway NJ US
6371150099,2017-11-02 16:06,https://newjersey.craigslist.org/apa/d/1-bedroom-pet-wash-24-hour/6371150099.html,"1 bedroom - Pet Wash, 24 hour Fitness Center, Granite Countertops",1675,"1555 Main St., Rahway, NJ 07065",1,773,1,40.607685,-74.273789,5,1555 Main St. Rahway NJ US
