pid,dt,url,title,price,neighb,beds,sqft,baths,lat,lng,accuracy,address
6363620504,2017-11-02 16:55,https://newlondon.craigslist.org/apa/d/3-bedroom-1-bath/6363620504.html,3 bedroom 1 bath,1200,,3,900,1,41.185896,-73.181056,20,East Main Street at Artic Bridgeport CT US
6360698319,2017-11-02 16:55,https://newlondon.craigslist.org/apa/d/1-bedroom-apt-650-new-london/6360698319.html,1 Bedroom Apt $650 New London,650,NEW LONDON,1,600,1,41.358634,-72.104639,10,150 BROAD ST NEW LONDON CT US
6341938693,2017-11-02 16:54,https://newlondon.craigslist.org/apa/d/house-for-rent/6341938693.html,House for Rent,1650,Lebanon,3,1214,2,41.630764,-72.274073,10,450 Clubhouse Rd Lebanon CT US
6371202838,2017-11-02 16:35,https://newlondon.craigslist.org/apa/d/your-pet-will-love-living-at/6371202838.html,Your pet will love living at Meadow Ridge Apartments!,1095,Norwich,2,0,2,41.537100,-72.084900,22,
6371201082,2017-11-02 16:33,https://newlondon.craigslist.org/apa/d/its-the-perfect-time-to-get/6371201082.html,It's the perfect time to get fall cozy at VSL!,812,,1,430,1,41.328084,-72.107263,5,nob hill road at nautilus dr new london CT US
6350124787,2017-11-02 16:15,https://newlondon.craigslist.org/apa/d/save-the-date-for-this/6350124787.html,Save the date for this beautiful 2BR coming soon!,1025,"Norwich, CT",2,0,1,41.533753,-72.086644,10,166 Yantic Street Norwich CT US
6358004079,2017-11-02 16:02,https://newlondon.craigslist.org/apa/d/quiet-three-bedroom-townhouse/6358004079.html,@=QUIET THREE BEDROOM TOWNHOUSE AVAILABLE CALL+,415,Great?|?Locations?|?,3,1200,2,39.124000,-76.488000,22,
6358003606,2017-11-02 16:02,https://newlondon.craigslist.org/apa/d/quiet-three-bedroom-townhouse/6358003606.html,@=QUIET THREE BEDROOM TOWNHOUSE AVAILABLE CALL+,415,Great?|?Locations?|?,3,1200,2,39.124000,-76.488000,22,
6358003783,2017-11-02 16:02,https://newlondon.craigslist.org/apa/d/quiet-three-bedroom-townhouse/6358003783.html,@=QUIET THREE BEDROOM TOWNHOUSE AVAILABLE CALL+,415,Great?|?Locations?|?,3,1200,2,39.124000,-76.488000,22,
