pid,dt,url,title,price,neighb,beds,sqft,baths,lat,lng,accuracy,address
6371317142,2017-11-02 16:59,https://neworleans.craigslist.org/apa/d/central-location-in-harvey/6371317142.html,Central location in Harvey. Studio! Stop by for a tour!,760,Manhattan Blvd and Lapalco Blvd,0,480,1,29.881658,-90.044136,10,2700 Whitney Avenue Harvey LA US
6371315587,2017-11-02 16:58,https://neworleans.craigslist.org/apa/d/need-2bd-now-we-have-the/6371315587.html,Need a 2BD Now?? We have the perfect home for you!!,925,Metairie,0,728,,30.009800,-90.163000,22,3913 N I 10 Service Rd  LA US
6343869831,2017-11-02 16:54,https://neworleans.craigslist.org/apa/d/4932-perrier-half-double/6343869831.html,4932 Perrier - Half Double Uptown,1150,Robert & Prytania,1,700,1,,,,
6371310927,2017-11-02 16:54,https://neworleans.craigslist.org/apa/d/save-today-move-in-tomorrow/6371310927.html,"Save Today, Move In Tomorrow!!!",925,3913 N I-10 Service Road,2,0,2,29.997760,-90.163078,5,
6343869401,2017-11-02 16:54,https://neworleans.craigslist.org/apa/d/721-leontine-street/6343869401.html,721 Leontine Street,1050,Jefferson & Magazine,1,750,1,29.918685,-90.114098,0,
6343870131,2017-11-02 16:54,https://neworleans.craigslist.org/apa/d/4934-perrier-half-double/6343870131.html,4934 Perrier - Half Double Uptown,1150,Robert & Prytania,1,700,1,29.928900,-90.100500,0,
6343870579,2017-11-02 16:54,https://neworleans.craigslist.org/apa/d/723-leontine-st/6343870579.html,723 Leontine St.,1200,Jefferson/Magazine,1,900,1,29.918898,-90.113704,7,Jefferson at Magazine New Orleans LA US
6343871102,2017-11-02 16:53,https://neworleans.craigslist.org/apa/d/5332-laurel-st-leontine/6343871102.html,5332 Laurel St. @ Leontine,1450,Half Shotgun Near Jeff/Magazine,2,1000,1,29.918437,-90.113793,10,
6371308823,2017-11-02 16:52,https://neworleans.craigslist.org/apa/d/perfect-apartment-home-in-the/6371308823.html,Perfect Apartment Home in The Heart of Metairie,795,Metairie,0,0,,30.009800,-90.163000,22,3913 N I 10 Service Rd  LA US
6371303495,2017-11-02 16:48,https://neworleans.craigslist.org/apa/d/save-today-move-in-tomorrow/6371303495.html,"Save Today, Move In Tomorrow!!!",925,3913 N I-10 Service Road,2,0,2,29.997760,-90.163078,5,
6371296148,2017-11-02 16:42,https://neworleans.craigslist.org/apa/d/breath-of-fresh-air/6371296148.html,A breath of fresh air..,1195,Metairie,2,1092,1.5,,,,
6363156736,2017-11-02 16:41,https://neworleans.craigslist.org/apa/d/2br-2ba-with-fireplace/6363156736.html,2BR/2BA with Fireplace & stackable W/D!,865,1357 Lake Ave.,2,900,2,30.012943,-90.123573,15,
6363103181,2017-11-02 16:40,https://neworleans.craigslist.org/apa/d/tri-level-in-the-heart-of/6363103181.html,"Tri-Level in the Heart of Metairie, easy access to I-10!",970,4124 Rye St.,2,1100,2,30.002553,-90.176422,15,
6363121484,2017-11-02 16:40,https://neworleans.craigslist.org/apa/d/spacious-2br-1ba-apartment/6363121484.html,Spacious 2BR/1BA Apartment with Large Country Kitchen and w/d in unit!,865,Yale Street,2,900,1,30.006004,-90.181358,20,
6363087061,2017-11-02 16:40,https://neworleans.craigslist.org/apa/d/french-quarter-style/6363087061.html,"French Quarter Style Courtyard, 2BR/2BA with pool!",815,2509 Houma Blvd.,2,1050,2,29.997268,-90.178298,15,
6363098064,2017-11-02 16:40,https://neworleans.craigslist.org/apa/d/spacious-2br-1ba-large/6363098064.html,"Spacious 2BR/1BA, Large Country Kitchen!!",770,2304 Manson St.,2,900,1,29.995489,-90.174331,15,
6363068766,2017-11-02 16:39,https://neworleans.craigslist.org/apa/d/beautiful-3-br-2-bath-in/6363068766.html,Beautiful 3 BR/2 Bath in Lakeview Residential Neighborhood!,1199,6256 Bellaire Dr.,3,1450,2,30.005067,-90.121570,10,
6363075372,2017-11-02 16:39,https://neworleans.craigslist.org/apa/d/large-3-br-th-starting-at/6363075372.html,Large 3 BR TH Starting at $1254 Come Visit ASAP,1254,4039 Georgetown Dr.,3,1900,2.5,29.987100,-90.169500,22,
6371289739,2017-11-02 16:37,https://neworleans.craigslist.org/apa/d/weve-gone-crazy-offering-all/6371289739.html,😵WE'VE GONE CRAZY OFFERING ALL THESE DEALS😵,995,Metairie,2,0,1,,,,
6363506246,2017-11-02 16:37,https://neworleans.craigslist.org/apa/d/gorgeous-home-with-innovative/6363506246.html,Gorgeous HOME With Innovative Rental Program,555,4522 Springfield Ave,3,1200,2,29.974600,-90.085200,22,
6362202025,2017-11-02 16:37,https://neworleans.craigslist.org/apa/d/lincolnshire-marero/6362202025.html,LINCOLNSHIRE-MARERO LG.SINGLE2076WATERS DR.LAPLCO NR AMES/BARATARIA,1250,2 BLKS.FROM BETTY BLVD.&LAPALCO70072,4,1750,2,29.873552,-90.120728,5,WATERS DRIVE at BENEDICT MARRERO LA US
6371268535,2017-11-02 16:35,https://neworleans.craigslist.org/apa/d/lease-take-over-at-cottage/6371268535.html,Lease take over at cottage landing,560,Laffayette,0,0,,30.212605,-92.009361,5,
6371279789,2017-11-02 16:30,https://neworleans.craigslist.org/apa/d/know-when-you-have-found-home/6371279789.html,"Know when you have found ""home""",1004,Metairie,2,1092,1.5,,,,
6344585013,2017-11-02 16:30,https://neworleans.craigslist.org/apa/d/beautiful-spacious-2-bedroom/6344585013.html,Beautiful & Spacious 2 bedroom Townhome!,975,Metairie,2,1066,1.5,29.993374,-90.172048,5,W. Napoleon Ave. at Cleary Ave. Metairie LA US
6371279258,2017-11-02 16:30,https://neworleans.craigslist.org/apa/d/pet-friendly-on-base-housing/6371279258.html,Pet Friendly On-Base Housing! ☻,1350,Belle Chasse,3,1341,2.5,29.827913,-90.022211,20,303 Russell Ave Belle Chasse LA US
6345916428,2017-11-02 16:28,https://neworleans.craigslist.org/apa/d/lofts-lofts-lofts-850-oakmont/6345916428.html,"LOFTS, LOFTS & LOFTS $850!!!!!!! OAKMONT APARTMENTS",850,NEW ORLEANS,2,850,1,29.931330,-90.019843,10,
6340570096,2017-11-02 16:28,https://neworleans.craigslist.org/apa/d/great-location-and-great/6340570096.html,Great location and Great Prices!!!!,850,,2,850,1,29.937900,-90.033100,22,
6340940097,2017-11-02 16:28,https://neworleans.craigslist.org/apa/d/great-location-and-great/6340940097.html,Great location and Great Prices!!!!,760,,1,0,1,29.937900,-90.033100,22,
6340942748,2017-11-02 16:28,https://neworleans.craigslist.org/apa/d/great-location-and-great/6340942748.html,Great location and Great Prices!!!!,850,,2,0,1,29.937900,-90.033100,22,
6371273712,2017-11-02 16:25,https://neworleans.craigslist.org/apa/d/linen-closet-master-bath/6371273712.html,Linen closet master bath - Entry closet - Access gate,1044,Chalmette,2,950,2,29.946600,-89.961100,5,8149 W Saint Bernard Hwy Chalmette LA US
6368190781,2017-11-02 16:25,https://neworleans.craigslist.org/apa/d/clearview-apartment-easy/6368190781.html,CLEARVIEW APARTMENT!!! EASY APPROVAL!!! PETS WELCOME!!! POOL AREA!!!,935,"4201 BELVEDERE, METAIRIE",2,0,1.5,29.997268,-90.178298,20,4201 BELVEDERE METAIRIE LA US
6368343582,2017-11-02 16:25,https://neworleans.craigslist.org/apa/d/townhouse-available-now-easy/6368343582.html,TOWNHOUSE!!! AVAILABLE NOW!!! EASY APPROVAL!!! PETS WELCOME!!!,935,"4201 BELVEDERE, METAIRIE",2,0,1.5,29.997268,-90.178298,20,4201 BELVEDERE METAIRIE LA US
6371272278,2017-11-02 16:24,https://neworleans.craigslist.org/apa/d/spectacular-1st-floor-artist/6371272278.html,Spectacular 1st Floor Artist Suite!!! Secure Yours Today!,675,"4025 W. Napoleon Avenue, Metairie, LA",0,458,1,29.993467,-90.172069,5,W. Napoleon Ave. at Cleary Ave Metairie LA US
6371270163,2017-11-02 16:23,https://neworleans.craigslist.org/apa/d/historic-house-in-french/6371270163.html,Historic House in French Ouarters,1500,"1015 Esplanade Ave., New Orleans, LA",1,0,1,29.968600,-90.064600,22,1015 Esplanade New Orlanes LA US
6371270089,2017-11-02 16:23,https://neworleans.craigslist.org/apa/d/you-are-sure-to-love-it/6371270089.html,You are sure to love it!!,1050,Metairie,2,1092,1.5,,,,
6371269487,2017-11-02 16:22,https://neworleans.craigslist.org/apa/d/move-in-ready-washer-dryer/6371269487.html,Move-in Ready! Washer/dryer included! Nice gated complex! Pets welcome,895,"Grenta (Nice West bank Area), Wall Blvd",1,750,1,29.864076,-90.033200,10,3300 Wall blvd Gretna LA US
6371268345,2017-11-02 16:22,https://neworleans.craigslist.org/apa/d/amazing-apartment-alert-hurry/6371268345.html,Amazing apartment ALERT! Hurry in and grab it now...,795,Metairie,0,0,,30.009800,-90.163000,22,
6368571199,2017-11-02 16:17,https://neworleans.craigslist.org/apa/d/fully-upgraded-2-bedroom/6368571199.html,Fully Upgraded 2 Bedroom Spacious Home,620,New orleans,3,1150,2,29.961200,-89.996500,22,Irving St at 13th St New orleans LA US
6368572840,2017-11-02 16:17,https://neworleans.craigslist.org/apa/d/fully-upgraded-2-bedroom/6368572840.html,Fully Upgraded 2 Bedroom Spacious Home,620,New orleans,3,1150,2,29.961200,-89.996500,22,Irving St at 13th St New orleans LA US
6371255877,2017-11-02 16:12,https://neworleans.craigslist.org/apa/d/2br-1ba-1100sq-ft-90000/6371255877.html,2BR 1Ba 1100Sq Ft $900.00,900,Metairie,2,1100,1,29.984528,-90.148916,5,Metairie Ct. at Merairie Rd. Metairie LA US
6371255497,2017-11-02 16:12,https://neworleans.craigslist.org/apa/d/beautiful-renovated-metairie/6371255497.html,Beautiful Renovated Metairie Apartment for Rent,1200,Metairie,2,1000,1,30.010094,-90.182109,10,3811 Hudson Street Metairie LA US
6371253308,2017-11-02 16:11,https://neworleans.craigslist.org/apa/d/full-size-washer-dryer/6371253308.html,Full-size washer/dryer - Regular-sized pool - Divided sink,1084,Chalmette,2,950,2,29.955208,-89.983840,5,8120 W Judge Perez Dr Chalmette LA US
6371252619,2017-11-02 16:10,https://neworleans.craigslist.org/apa/d/2-bedrooms-metairie/6371252619.html,2 bedrooms metairie,800,625 Papworth ave. Metairie,2,900,1,29.997287,-90.126686,5,papworth at i 10 service rd Metairie LA US
6371249308,2017-11-02 16:08,https://neworleans.craigslist.org/apa/d/trendy-loft-in-the-warehouse/6371249308.html,TRENDY LOFT IN THE WAREHOUSE DISTRICT!!,1300,,1,565,1,29.943457,-90.068084,10,344 St. Joseph St. New Orleans LA US
6371249288,2017-11-02 16:08,https://neworleans.craigslist.org/apa/d/2br-1b-1100sq-ft-metairie/6371249288.html,2BR 1B 1100sq ft Metairie,900,35 Metairie Ct.,2,1100,1,29.984602,-90.149002,5,Metairie Ct. at Merairie Rd. Metairie LA US
6371247775,2017-11-02 16:06,https://neworleans.craigslist.org/apa/d/move-in-ready-must-see-today/6371247775.html,Move-in ready! Must see today! Nice Gated complex! Pets welcome!!!!!!!,1020,Grenta (Nice West bank Area,2,0,2,29.864076,-90.033200,10,3300 Wall blvd Gretna LA US
6366758582,2017-11-02 16:05,https://neworleans.craigslist.org/apa/d/brand-new-beautiful-2bd-1ba/6366758582.html,"BRAND NEW, beautiful 2bd/1ba home for rent in heart of Marrero",1150,"Marrero, LA",2,0,1,,,,
6371245884,2017-11-02 16:05,https://neworleans.craigslist.org/apa/d/roomate-opportunities4/6371245884.html,Roomate Opportunities...4-bedroom Available,1495,921 Pine St.,4,0,2,,,,
6371234107,2017-11-02 16:05,https://neworleans.craigslist.org/apa/d/beautiful-3-bedroom-home/6371234107.html,Beautiful 3 Bedroom Home,2795,"5820 Hurst Street,",3,0,2,,,,
6362621777,2017-11-02 16:03,https://neworleans.craigslist.org/apa/d/roommates-super-clean/6362621777.html,"Roommates! Super clean, Affordable! Near Canal/Carrollton",985,234 S Pierce upper,1,800,1,29.971740,-90.100937,5,S Pierce st at palmyra new orleans LA US
6371240666,2017-11-02 16:01,https://neworleans.craigslist.org/apa/d/look-no-further-3-bedroom/6371240666.html,Look No Further.. 3 Bedroom,2795,"5820 Hurst Street, Apt. C,",3,0,2,,,,
6371240317,2017-11-02 16:01,https://neworleans.craigslist.org/apa/d/1bdrm-1bath-with-granite/6371240317.html,1bdrm/1bath with GRANITE COUNTERTOPS!!!,777,Flowergate Apartments,1,630,1,30.007049,-90.197731,10,3400 Kent Ave. Metairie LA US
