pid,dt,url,title,price,neighb,beds,sqft,baths,lat,lng,accuracy,address
6371235755,2017-11-02 16:58,https://nh.craigslist.org/apa/d/two-months-free-rent-two/6371235755.html,TWO MONTHS FREE RENT ~ TWO BEDROOM APARTMENTS~,1385,Manchester,2,985,2,,,,
6358030660,2017-11-02 16:56,https://nh.craigslist.org/apa/d/rent-to-own-this-beautiful/6358030660.html,Rent to Own this Beautiful Lebanon Home in Kings Grant!,2200,"Lebanon, NH",5,2662,3.5,43.633249,-72.274053,5,15 Tuck Road Lebanon NH US
6371216317,2017-11-02 16:55,https://nh.craigslist.org/apa/d/warninghouse-for-rent/6371216317.html,Warning:House for rent,1700,Hillsboro,3,1700,2,,,,
6360420596,2017-11-02 16:50,https://nh.craigslist.org/apa/d/you-deserve-the-best-live-at/6360420596.html,You Deserve The Best! Live at Tara Heights!,1737,Nashua,2,1070,2,,,,
6371223698,2017-11-02 16:49,https://nh.craigslist.org/apa/d/rustic-unique-apartments-in/6371223698.html,Rustic & Unique Apartments in the Heart of Downtown Manchester **611**,1915,Manchester,2,1064,2,42.991157,-71.466978,10,300 Bedford St. Manchester NH US
6371215860,2017-11-02 16:44,https://nh.craigslist.org/apa/d/2-bedroom-in-select-apartment/6371215860.html,"2 bedroom - In select apartment homes, 24-Hour fitness center",1832,"38 Hawthorne Drive, Bedford, NH 03110",2,949,2,42.935853,-71.464606,5,38 Hawthorne Drive Bedford NH US
6357538544,2017-11-02 16:41,https://nh.craigslist.org/apa/d/2nd-months-rent-is-free-just/6357538544.html,"2nd MONTH""S RENT IS FREE!!!! just in time for the holidays!",695,"299 Concord St, Manchester NH",2,0,1,43.007300,-71.448200,22,
6371202536,2017-11-02 16:41,https://nh.craigslist.org/apa/d/large-3-bedroom-house/6371202536.html,Large 3 bedroom house!,1200,Franklin,3,1040,1,43.442600,-71.649100,22,7 Evans Court Franklin NH US
6371212583,2017-11-02 16:41,https://nh.craigslist.org/apa/d/2-bedroom-private-balcony/6371212583.html,"2 bedroom - Private balcony/patios with extra Storage, Plank flooring",1846,"38 Hawthorne Drive, Bedford, NH 03110",2,949,2,42.935853,-71.464606,5,38 Hawthorne Drive Bedford NH US
6357560334,2017-11-02 16:41,https://nh.craigslist.org/apa/d/roomy-3br/6357560334.html,ROOMY 3BR,950,"294 Dubuque St, Manchester NH",3,0,1,42.994400,-71.488400,22,
6371211927,2017-11-02 16:41,https://nh.craigslist.org/apa/d/mobile-home-in-town-heat/6371211927.html,Mobile Home - in town - heat included,875,LITTLETON,3,0,1,44.305301,-71.752739,5,Corey's Mobile Home Park at Washington Street Littleton NH US
6352878552,2017-11-02 16:41,https://nh.craigslist.org/apa/d/cheap-studio/6352878552.html,CHEAP STUDIO,595,"363 Pearl St, Manchester NH",1,0,1,43.007300,-71.448200,22,
6332347668,2017-11-02 16:40,https://nh.craigslist.org/apa/d/take-look-youll-love-it/6332347668.html,TAKE A LOOK -- YOU'LL LOVE IT!!,950,"629 AUBURN ST, MANCHESTER NH",2,0,1,42.965600,-71.449300,22,
6332351594,2017-11-02 16:40,https://nh.craigslist.org/apa/d/reduced-stunning-north-end/6332351594.html,"*REDUCED!* STUNNING, NORTH-END APT in a 2 FAMILY HOME",1395,"77 Appleton St, Manchester NH",2,899,1,43.007300,-71.448200,22,
6344706894,2017-11-02 16:39,https://nh.craigslist.org/apa/d/3-bedroom-heat-hw-incld/6344706894.html,3 BEDROOM w/ HEAT & HW incld!!,900,"5 Wheelock St, Manchester NH",3,0,1,42.994400,-71.488400,22,
6371203054,2017-11-02 16:35,https://nh.craigslist.org/apa/d/in-town-2-bedroom-heat/6371203054.html,"In Town - 2 bedroom, Heat included",900,LITTLETON,2,0,1,44.306653,-71.752567,5,Corey's Mobile Home Park at Union Street Littleton NH US
6371199857,2017-11-02 16:33,https://nh.craigslist.org/apa/d/1-bedroom-24-hour-fitness/6371199857.html,"1 bedroom - 24-Hour fitness center, On-site management staff, Mini blinds",1470,"38 Hawthorne Drive, Bedford, NH 03110",1,739,1,42.935853,-71.464606,5,38 Hawthorne Drive Bedford NH US
6371197712,2017-11-02 16:31,https://nh.craigslist.org/apa/d/1-bedroom-fully-applianced/6371197712.html,"1 bedroom - Fully applianced kitchens, River and wooded views",1846,"38 Hawthorne Drive, Bedford, NH 03110",1,739,1,42.935853,-71.464606,5,38 Hawthorne Drive Bedford NH US
6368634537,2017-11-02 16:26,https://nh.craigslist.org/apa/d/3rd-floor-3-bedroom-in/6368634537.html,"3rd Floor, 3 Bedroom in Historic Rimmon Heights",1100,"386 Rimmon St, W. Manchester",3,1294,1,42.992516,-71.478724,5,386 Rimmon St W. Manchester NH US
6371188523,2017-11-02 16:25,https://nh.craigslist.org/apa/d/largest-2-bedroom-floor-plan/6371188523.html,Largest 2 Bedroom Floor-plan Available NOW! Call TODAY!,1450,"Nashua, NH",2,925,1,42.707840,-71.444324,20,1 Silver Drive  NH US
6371187757,2017-11-02 16:24,https://nh.craigslist.org/apa/d/beautiful-kittery-studio-1-2/6371187757.html,Beautiful Kittery Studio- 1/2 mile to Portsmouth,1500,Kittery,1,800,1,43.098225,-70.761223,5,70 Love Lane Ext Kittery NH US
6371185463,2017-11-02 16:23,https://nh.craigslist.org/apa/d/town-home-style-apartments/6371185463.html,Town Home Style Apartments with Heat and Hot Water Included!,1100,"Dover, NH",2,0,0,43.188800,-70.886800,22,
6368552409,2017-11-02 16:13,https://nh.craigslist.org/apa/d/large-3-bedroom-townhouse/6368552409.html,Large 3 bedroom townhouse duplex in Pembroke on 1.3 Acres,1650,"133 Tina Dr. Pembroke, NH",3,1600,1.5,43.135830,-71.444789,10,133 Tina Drive Pembroke NH US
6368556470,2017-11-02 16:13,https://nh.craigslist.org/apa/d/3-bedroom-on-the-third-floor/6368556470.html,"3 Bedroom on the Third floor - undergoing renovation, ready 11/17",1250,"570 Dubuque St. W. Manchester, NH",3,1250,1,42.994400,-71.488400,22,570 Dubque St W. Manchester NH US
6368567191,2017-11-02 16:12,https://nh.craigslist.org/apa/d/2-bedroom-on-the-2nd-floor/6368567191.html,2 Bedroom on the 2nd Floor w/ Off-Street Parking in W. Manchester,900,"507 Montgomery St, W. Manchester, NH",3,710,1,42.994400,-71.488400,22,507 Montgomery Street W. Manchester NH US
6371149569,2017-11-02 16:11,https://nh.craigslist.org/apa/d/1-br-duplex-in-bridgton/6371149569.html,1 BR Duplex in Bridgton,850,Bridgton,1,800,1,44.052705,-70.705791,20,20 Depot St Bridgton NH US
6371165534,2017-11-02 16:09,https://nh.craigslist.org/apa/d/bike-racks-high-speed/6371165534.html,"Bike Racks, High Speed Internet, Views Available, On-Site Maintenance",1785,Lebanon,1,697,1,43.644700,-72.242800,22,6 Timberwood Drive Lebanon NH US
6371161639,2017-11-02 16:06,https://nh.craigslist.org/apa/d/detached-parking-garages-are/6371161639.html,Detached Parking Garages are Available,1341,"1 Newcastle Dr, Nashua, NH 03060",2,1000,1,42.709134,-71.448471,5,1 Newcastle Dr Nashua NH US
6371155686,2017-11-02 16:02,https://nh.craigslist.org/apa/d/lebanon-1st-floor-heated-2-br/6371155686.html,Lebanon 1st Floor Heated 2 BR Condo,895,20 Wolf Rd,2,0,1,43.658201,-72.248969,5,20 Wolf Rd Lebanon NH US
6371153711,2017-11-02 16:01,https://nh.craigslist.org/apa/d/1-bedroom-apartment-pet/6371153711.html,1 Bedroom Apartment ~ Pet Friendly ~ No Security Deposit Required!,999,"29 Capron Road, Milford NH",1,600,1,,,,
