pid,dt,url,title,price,neighb,beds,sqft,baths,lat,lng,accuracy,address
6343005680,2017-11-02 17:00,https://norfolk.craigslist.org/apa/d/great-single-family-home-in/6343005680.html,GREAT SINGLE FAMILY HOME IN HIGH DEMAND NEIGHBORHOOD,1380,"Malibu, Virginia Beach",3,1200,1,36.842420,-76.095459,10,329 Malibu Dr. Virginia Beach VA US
6371238241,2017-11-02 17:00,https://norfolk.craigslist.org/apa/d/feeling-pretty-la-la-la-la-la/6371238241.html,Feeling pretty? LA LA LA LA LA LA LA LA LAMINATE!!! @ Woodmere Trace,1035,6741 E Tanner' Creek Drive,2,1000,1,36.891400,-76.239600,22,
6371238014,2017-11-02 16:59,https://norfolk.craigslist.org/apa/d/professionally-managed/6371238014.html,"Professionally Managed, Controlled Access, Near Public Parks",,Newport News,2,1164,2,,,,
6371237885,2017-11-02 16:59,https://norfolk.craigslist.org/apa/d/make-holiday-plans-here-oak/6371237885.html,Make Holiday Plans Here @ Oak Lake !!!!!,1125,301 OAK LAKE WAY,2,1011,1,36.751051,-76.237198,10,301 OAK LAKE WAY CHESAPEAKE VA US
6332821053,2017-11-02 16:58,https://norfolk.craigslist.org/apa/d/huge-2br-onlysqft-price-just/6332821053.html,HUGE 2BR ONLY $930 - 1000 SQ.FT. - PRICE JUST REDUCED - HURRY!,930,"Town Center, Virginia Beach",2,1000,1,36.842019,-76.097983,10,3652 Malibu Palms Dr. Virginia Beach VA US
6371235587,2017-11-02 16:58,https://norfolk.craigslist.org/apa/d/la-calefaccin-central-el-aire/6371235587.html,"La calefacción Central y el aire acondicionado, la Lavadora y las conexiones m",820,near the Coast Guard base,1,760,1,36.880149,-76.375969,5,"4201 Cedar Lane, Suite 3 Portsmouth VA US"
6371235611,2017-11-02 16:58,https://norfolk.craigslist.org/apa/d/norfolk-bayview-1-bedroom-1/6371235611.html,"Norfolk-Bayview-1 Bedroom, 1 Bath Apartment- 1465 E. Bayview Blvd.",745,1465 E. Bayview Blvd,1,0,1,36.934932,-76.234199,10,
6371235203,2017-11-02 16:57,https://norfolk.craigslist.org/apa/d/norfolk-south-bayview-1/6371235203.html,"Norfolk-South Bayview 1 Bedroom, 1 Bath-7920 Bicounty Rd",640,7920 Bicounty Rd,1,0,1,36.920200,-76.216000,22,7920 Bicounty Rd Norfolk VA US
6371234596,2017-11-02 16:57,https://norfolk.craigslist.org/apa/d/norfolk-ghent-1-bedroom-1/6371234596.html,"Norfolk-Ghent-1 Bedroom, 1 Bath Apartment-1810 Core Ave",785,1810 Core Ave,1,0,1,36.869500,-76.294500,22,
6371234091,2017-11-02 16:57,https://norfolk.craigslist.org/apa/d/norfolk-meadowbrook-terrace-1/6371234091.html,"Norfolk-Meadowbrook Terrace- 1 Bedroom, 1 Bath -1524 Longdale Dr",775,1524 Longdale Dr,1,0,1,36.920200,-76.216000,22,
6368399267,2017-11-02 16:56,https://norfolk.craigslist.org/apa/d/pet-friendly-insulated/6368399267.html,"Pet Friendly, Insulated windows, Community laundry center",860,Wards Corner/Naval Station Norfolk,2,769,1,36.916043,-76.298853,5,7703 Major Avenue Norfolk VA US
6371232111,2017-11-02 16:55,https://norfolk.craigslist.org/apa/d/one-bedroom-apartment-only-759/6371232111.html,ONE BEDROOM APARTMENT ONLY $759!!!,759,NEWPORT NEWS,1,750,1,37.158821,-76.532645,10,401 Jester Court Newport News VA US
6371232128,2017-11-02 16:55,https://norfolk.craigslist.org/apa/d/unique-top-floor-1-bed-1bath/6371232128.html,Unique top floor 1 bed/1bath Available Soon with a balcony!!,1264,Norfolk,1,685,1,36.865261,-76.286012,10,111 east 18th street Norfolk VA US
6371232043,2017-11-02 16:55,https://norfolk.craigslist.org/apa/d/enjoy-the-the-views-from-our/6371232043.html,Enjoy the the Views from our 360 Sky Lounge! Schedule an appointment!!,1105,Norfolk,0,441,1,36.852528,-76.291090,10,229 W Bute Street Norfolk VA US
6371231729,2017-11-02 16:55,https://norfolk.craigslist.org/apa/d/come-see-what-we-can-offer/6371231729.html,COME SEE WHAT WE CAN OFFER YOU!!  BELMONT AT FREEMASON,1669,DOWNTOWN NORFOLK,2,1182,2,36.853532,-76.294317,10,260 W. YORK STREET NORFOLK VA US
6371230294,2017-11-02 16:54,https://norfolk.craigslist.org/apa/d/insulated-windows-income/6371230294.html,"Insulated windows, Income restrictions apply, Community laundry center",860,Wards Corner/Naval Station Norfolk,2,769,1,36.916043,-76.298853,5,7703 Major Avenue Norfolk VA US
6371229076,2017-11-02 16:53,https://norfolk.craigslist.org/apa/d/your-home-is-here-the-time-is/6371229076.html,Your Home is Here !!!! The Time is Now!!!!,1195,301 OAK LAKE WAY,0,1180,,36.751051,-76.237198,10,301 OAK LAKE WAY CHESAPEAKE VA US
6371228585,2017-11-02 16:53,https://norfolk.craigslist.org/apa/d/important-news-crown-point/6371228585.html,Important News! Crown Point Townhomes has LARGE FLOOR PLANS!!,1120,Norfolk,2,1209,1,36.857859,-76.219798,10,5371 Wyngate Drive Norfolk VA US
6359468064,2017-11-02 16:52,https://norfolk.craigslist.org/apa/d/beautiful-1-bdrm-in-ghent/6359468064.html,"Beautiful 1 bdrm in Ghent, hardwood floors, central heat & air",999,Norfolk,1,0,1,36.869072,-76.299371,10,911 Spotswood Ave Norfolk VA US
6371227644,2017-11-02 16:52,https://norfolk.craigslist.org/apa/d/visit-us-today-for-two/6371227644.html,Visit Us Today for a Two Bedroom with W/D and Large Kitchen Island!,1410,,2,1036,2,36.863831,-76.286742,10,1600 Granby St Norfolk VA US
6371226971,2017-11-02 16:51,https://norfolk.craigslist.org/apa/d/come-check-out-our-24-hour/6371226971.html,Come check out our 24 hour amenities! They are amazing! Call now!,1300,Norfolk,1,685,1,36.865261,-76.286012,10,111 east 18th street Norfolk VA US
6371226266,2017-11-02 16:51,https://norfolk.craigslist.org/apa/d/do-you-need-new-door-key-weve/6371226266.html,Do you need a new door key? We've got 2 at Patriots Crossing!!,818,"432 Manor Rd, #2",2,950,1,,,,
6371225972,2017-11-02 16:51,https://norfolk.craigslist.org/apa/d/1br-912sq-ft-immediate-move/6371225972.html,1BR 912sq Ft Immediate Move In Available! $500 OFF This Months Rent!,835,1101 Craftsman Dr. #103,1,912,1,,,,
6371224728,2017-11-02 16:50,https://norfolk.craigslist.org/apa/d/gorgeous-2-bedroom-1-condo-in/6371224728.html,GORGEOUS 2 BEDROOM/ 1 CONDO IN OLDE TOWNE!,895,Portsmouth,2,840,1.5,36.831837,-76.304899,10,981 Green Street Portsmouth VA US
6371223933,2017-11-02 16:49,https://norfolk.craigslist.org/apa/d/come-enjoy-the-beauty-of-the/6371223933.html,Come Enjoy The Beauty of The Season Here !!!!!!,1255,301 OAK LAKE WAY,2,1180,2,,,,
6371223172,2017-11-02 16:49,https://norfolk.craigslist.org/apa/d/hey-hey-get-free-rent-today/6371223172.html,Hey hey!  Get FREE RENT today AND a discounted YMCA membership!,1039,Great Bridge,2,950,1,36.707922,-76.236632,15,
6371222012,2017-11-02 16:48,https://norfolk.craigslist.org/apa/d/lease-wonderful-one-bedroom/6371222012.html,Lease a wonderful one bedroom apartment plus get FREE RENT!,949,Great Bridge,1,710,1,36.707922,-76.236632,15,
6371220969,2017-11-02 16:47,https://norfolk.craigslist.org/apa/d/dont-miss-out-on-free-rent/6371220969.html,Don't miss out on FREE RENT!,1079,Great Bridge,2,960,1.5,36.707922,-76.236632,15,
6350816429,2017-11-02 16:47,https://norfolk.craigslist.org/apa/d/3-bdrm-house-available-for/6350816429.html,▣ 3 Bdrm House!! Available_ for rent! ▣,400,norfolk,3,0,2,36.895900,-76.208500,22,
6371219317,2017-11-02 16:46,https://norfolk.craigslist.org/apa/d/norfolk-odu-area-1-bedroom-1/6371219317.html,"Norfolk-ODU Area-1 Bedroom, 1 Bath- 1049 W. 49th St",645,1049 W. 49th St,1,0,1,36.887790,-76.300115,0,1049 W. 49th St Norfolk VA US
6371219238,2017-11-02 16:46,https://norfolk.craigslist.org/apa/d/enjoy-your-private-patios/6371219238.html,"Enjoy your Private Patios, Zero security deposit options, Pets welcome",1163,"Suffolk, Virginia 23434",2,892,2,36.730400,-76.593100,5,1056 Centerbrooke Lane Suffolk VA US
6341561699,2017-11-02 16:45,https://norfolk.craigslist.org/apa/d/fall-freebies-today-on-3/6341561699.html,FALL FREEBIES TODAY ON 3 BEDROOM TOWNHOMES AT MEADOW VIEW,765,Newport News,3,997,1,36.998297,-76.424803,10,4801 Marshall Avenue Newport News VA US
6371218198,2017-11-02 16:45,https://norfolk.craigslist.org/apa/d/come-select-yours-today/6371218198.html,Come  Select Yours Today !!!!!,1190,301 OAK LAKE WAY,2,1180,2,36.751051,-76.237198,10,301 OAK LAKE WAY CHESAPEAKE VA US
6371218191,2017-11-02 16:45,https://norfolk.craigslist.org/apa/d/portsmouth-olde-towne-1/6371218191.html,"Portsmouth-Olde Towne-1 Bedroom, 1 Bath-327 Washington St",650,327 Washington Street,1,0,1,36.839286,-76.304070,0,
6371217228,2017-11-02 16:45,https://norfolk.craigslist.org/apa/d/portsmouth-parkview-1-bedroom/6371217228.html,"Portsmouth-Parkview- 1 Bedroom, 1 Bath Apartment-1019 Ann St",850,1019 Ann St,1,0,1,36.829800,-76.314600,22,
6335318886,2017-11-02 16:44,https://norfolk.craigslist.org/apa/d/19900-moves-you-in-3-bedroom/6335318886.html,$199.00 MOVES YOU IN A 3 BEDROOM TOWNHOMES AT MEADOW VIEW,765,Newport News,3,997,1,36.998297,-76.424803,10,4801 Marshall Ave. Newport News VA US
6371216642,2017-11-02 16:44,https://norfolk.craigslist.org/apa/d/all-your-space-needs-covered/6371216642.html,All your space needs covered! Walk in closets and more!,889,Virginia Beach,1,909,1,36.895231,-76.152700,10,1512 Kindly Lane Virginia Beach VA US
6371078332,2017-11-02 16:44,https://norfolk.craigslist.org/apa/d/private-3-bedroom-beachfront/6371078332.html,Private 3 Bedroom Beachfront Apartment,750,Norfolk,3,0,0,36.939149,-76.241760,22,
6368201911,2017-11-02 16:43,https://norfolk.craigslist.org/apa/d/move-in-today-huge-house/6368201911.html,MOVE IN TODAY!!!! HUGE HOUSE w/ porch-backyard,1150,Norfolk,3,0,1.5,36.916800,-76.287500,22,
6371214080,2017-11-02 16:42,https://norfolk.craigslist.org/apa/d/celebrate-your-new-apartment/6371214080.html,Celebrate Your New Apartment Home@ Oak Lake!!!!!,1190,301 OAK LAKE WAY,2,1180,2,36.751051,-76.237198,10,301 OAK LAKE WAY CHESAPEAKE VA US
6371213613,2017-11-02 16:42,https://norfolk.craigslist.org/apa/d/2-bedroom-apartment-available/6371213613.html,2 BEDROOM APARTMENT AVAILABLE SOON!!!!!! WATER INCLUDED!!!!!!!$700,700,CHESAPEAKE,2,720,1,36.797514,-76.278676,10,2624F HARVARD DR Chesapeake VA US
6371213096,2017-11-02 16:42,https://norfolk.craigslist.org/apa/d/2-bed-2-bath-sterling-manor/6371213096.html,2 bed/ 2 bath Sterling Manor Apartments,1699,"Williamsburg, VA",2,1264,2,37.273200,-76.732400,22,155 Sterling Manor Dr Williamsburg VA US
6371212890,2017-11-02 16:42,https://norfolk.craigslist.org/apa/d/rent-to-own-norfolk/6371212890.html,Rent-to-own Norfolk,895,Argonne Ave,3,0,1,36.735200,-76.238400,22,
6371075271,2017-11-02 16:41,https://norfolk.craigslist.org/apa/d/very-convenient-2-bedroom/6371075271.html,Very Convenient 2 Bedroom Apartment Available,625,Norfolk,2,0,0,36.915340,-76.274762,22,
6371192969,2017-11-02 16:41,https://norfolk.craigslist.org/apa/d/very-close-to-the-beach-and/6371192969.html,Very close to the beach and boardwalk,889,"3001 Reflections Way, Virginia Beach, VA 23452",1,680,1,36.831739,-76.073112,5,3001 Reflections Way Virginia Beach VA US
6371199972,2017-11-02 16:41,https://norfolk.craigslist.org/apa/d/feel-right-at-home-comfort/6371199972.html,Feel right at home! Comfort without breaking the bank!,830,Chesapeake,2,732,1,36.785541,-76.255280,10,"1921 ROBERT HALL BLVD. CHESAPEAKE, VA. VA US"
6371169168,2017-11-02 16:40,https://norfolk.craigslist.org/apa/d/downtown-portsmouth/6371169168.html,Downtown Portsmouth,900,Olde Towne,2,1000,1.5,,,,
6371209883,2017-11-02 16:39,https://norfolk.craigslist.org/apa/d/chase-arbor-has-full-sized/6371209883.html,☀ CHASE ARBOR HAS FULL SIZED WASHER AND DRYER!!,954,"1500 Chase Arbor Common, Virginia Beach, VA 23462",1,690,1,36.815784,-76.124841,5,1500 Chase Arbor Common Virginia Beach VA US
6371209480,2017-11-02 16:39,https://norfolk.craigslist.org/apa/d/fall-for-denbigh-village-ask/6371209480.html,FALL FOR DENBIGH VILLAGE! ASK ABOUT OUR AWESOME SPECIALS!,982,,1,915,1,37.130357,-76.532644,10,14353 Deloice Crescent Newport News VA US
6371209084,2017-11-02 16:39,https://norfolk.craigslist.org/apa/d/dont-miss-our-specials/6371209084.html,Don't miss our specials!,982,,1,915,1,37.130357,-76.532644,10,14353 Deloice Crescent Newport News VA US
6371208040,2017-11-02 16:38,https://norfolk.craigslist.org/apa/d/its-the-perfect-time-to-move/6371208040.html,Its The Perfect Time to Move Here !!!!,1190,301 OAK LAKE WAY,2,1180,2,36.751051,-76.237198,10,301 OAK LAKE WAY CHESAPEAKE VA US
6371205808,2017-11-02 16:37,https://norfolk.craigslist.org/apa/d/2-bedroom-townhome-available/6371205808.html,2 BEDROOM TOWNHOME  AVAILABLE NOW!!!!!! WATER INCLUDED!!!!!!!,650,CHESAPEAKE,2,740,1,36.810621,-76.246047,10,3093 FIRESIDE RD Chesapeake VA US
6371205671,2017-11-02 16:37,https://norfolk.craigslist.org/apa/d/2-3-4-bedroom-townhomes-at/6371205671.html,"2, 3 & 4 BEDROOM TOWNHOMES AT GENEVA SQUARE, AVAILABLE NOW!!!!!",985,CHESAPEAKE,3,961,1.5,36.774690,-76.330820,10,700 Geneva Ave Chesapeake VA US
6371192572,2017-11-02 16:36,https://norfolk.craigslist.org/apa/d/dual-master-bedroom-layouts/6371192572.html,"Dual-master bedroom layouts available, Bike Racks, Pantries",1435,Harbourview Area of North Suffolk,2,1052,2,36.854400,-76.466400,5,2019 Barclay Place Suffolk VA US
6371204374,2017-11-02 16:36,https://norfolk.craigslist.org/apa/d/chase-arbor-in-virginia-beach/6371204374.html,"֍ Chase Arbor in Virginia Beach, Bark park, Fully‐equipped kitchens",894,"1500 Chase Arbor Common, Virginia Beach, VA 23462",1,690,1,36.815784,-76.124841,5,1500 Chase Arbor Common Virginia Beach VA US
6332618376,2017-11-02 16:36,https://norfolk.craigslist.org/apa/d/two-bedroom-with-fireplace/6332618376.html,Two Bedroom with Fireplace & Outside Storage! REDUCED PRICE,1249,,2,1048,2,37.266972,-76.763290,10,3700 W. Steeplechase Way Williamsburg VA US
6371202701,2017-11-02 16:35,https://norfolk.craigslist.org/apa/d/stop-being-turkey/6371202701.html,Stop Being a Turkey !!!!,1255,301 OAK LAKE WAY,2,1180,2,36.751051,-76.237198,10,301 OAK LAKE WAY CHESAPEAKE VA US
6371189237,2017-11-02 16:34,https://norfolk.craigslist.org/apa/d/2bedroom-1-bath-apartment-on/6371189237.html,2BEDROOM 1 BATH APARTMENT ON GREAT SPECIAL!!!!,850,Norfolk,0,0,,36.858600,-76.268600,22,
6371200021,2017-11-02 16:33,https://norfolk.craigslist.org/apa/d/apartments-in-virginia-beach/6371200021.html,"❄ Apartments in Virginia Beach, Bocce ball court, Spacious floor plans",1439,"1500 Chase Arbor Common, Virginia Beach, VA 23462",3,1500,2,36.815784,-76.124841,5,1500 Chase Arbor Common Virginia Beach VA US
6371082267,2017-11-02 16:33,https://norfolk.craigslist.org/apa/d/spacious-3-bedroom-single/6371082267.html,Spacious 3 Bedroom Single - Unique Opportunity!,1000,Norfolk,3,0,0,36.856129,-76.278625,22,
6349995515,2017-11-02 16:31,https://norfolk.craigslist.org/apa/d/the-savings-are-increible-on/6349995515.html,THE SAVINGS ARE INCREIBLE ON THESE 1 BEDROOM/ 1 BATH,725,"Norfolk, VA",1,0,1,36.916800,-76.287500,22,
6371197345,2017-11-02 16:31,https://norfolk.craigslist.org/apa/d/were-here-waiting-for-you/6371197345.html,We're Here Waiting For You !!!!!,1255,301 OAK LAKE WAY,2,1180,2,36.751051,-76.237198,10,301 OAK LAKE WAY CHESAPEAKE VA US
6349638789,2017-11-02 16:30,https://norfolk.craigslist.org/apa/d/treat-yourself-to-this-great/6349638789.html,TREAT YOURSELF TO THIS GREAT DEAL 3 BEDROOM/2 BATH,1150,"Suffolk, VA",3,0,2,36.730400,-76.593100,22,
6333989822,2017-11-02 16:29,https://norfolk.craigslist.org/apa/d/ideal-apts-available-nov-dec/6333989822.html,IDEAL APTS. AVAILABLE NOV/DEC,880,Virginia Beach,1,850,1,36.841768,-76.098434,10,313 N Rosemont Rd. Virginia Beach VA US
6333772096,2017-11-02 16:29,https://norfolk.craigslist.org/apa/d/10-reasons-you-should-have/6333772096.html,10 REASONS YOU SHOULD HAVE MOVED HERE LAST TIME YOUR LEASE EXPIRED!!,930,"Town Center, VA",2,1000,1,36.841270,-76.098321,10,345 N Rosemont Rd. Virginia Beach VA US
6371085904,2017-11-02 16:28,https://norfolk.craigslist.org/apa/d/beautiful-4-bedroom-single/6371085904.html,Beautiful 4 Bedroom Single For Rent,1200,Bay View,4,0,0,36.936165,-76.240730,22,
6371192216,2017-11-02 16:27,https://norfolk.craigslist.org/apa/d/granite-countertops-stainless/6371192216.html,Granite Countertops | Stainless Steel Appliances | Apply Today!,1723,Norfolk,2,1093,2,36.865261,-76.286012,10,111 east 18th street Norfolk VA US
6371190948,2017-11-02 16:26,https://norfolk.craigslist.org/apa/d/custom-cabinets-countertops/6371190948.html,"Custom Cabinets & Countertops, ENERGY STAR appliances, Nature Trail",1325,"Hampton, Va",3,1150,2,37.049000,-76.400184,10,501 Marcella Road Hampton VA US
6371177647,2017-11-02 16:26,https://norfolk.craigslist.org/apa/d/rent-special-must-see-amazing/6371177647.html,RENT SPECIAL!!!!! MUST SEE!!!! AMAZING APARTMENT IN GHENT!!!,925,Norfolk,1,750,1,36.865357,-76.298100,10,750 W. Princess Anne Road Norfolk VA US
6371190610,2017-11-02 16:26,https://norfolk.craigslist.org/apa/d/these-apartments-are-going/6371190610.html,These Apartments Are Going Fast!!!!Come See Why!!!!,1025,301 OAK LAKE WAY,0,1011,,36.751051,-76.237198,10,301 OAK LAKE WAY CHESAPEAKE VA US
6371182626,2017-11-02 16:26,https://norfolk.craigslist.org/apa/d/free-cable-and-utilities-1/6371182626.html,Free Cable and Utilities! 1 Bedrooms Available!,715,Norfolk,1,0,1,36.912105,-76.269686,5,114 Cromwell Parkway Norfolk VA US
6371170455,2017-11-02 16:25,https://norfolk.craigslist.org/apa/d/pet-friendly-community-big-or/6371170455.html,Pet Friendly Community! Big or Small Paws|Call for more Details!,1366,Oceanfront,1,782,1,36.845220,-75.993049,10,1940 Pavilion Drive virginia beach VA US
6371189120,2017-11-02 16:25,https://norfolk.craigslist.org/apa/d/vehicle-vacuum-station-self/6371189120.html,"Vehicle Vacuum Station, Self Service Carwash, Business Center",1109,"356 S Chesire Ct, Virginia Beach, VA 23454",2,1200,1.5,36.845566,-76.029135,5,356 S Chesire Ct Virginia Beach VA US
6371188122,2017-11-02 16:25,https://norfolk.craigslist.org/apa/d/smart-innovative-living-in/6371188122.html,Smart & Innovative Living in the Heart of Downtown!,1280,"Norfolk, VA",1,531,1,36.852334,-76.290802,10,450 Boush Street Norfolk VA US
6371188049,2017-11-02 16:24,https://norfolk.craigslist.org/apa/d/move-in-special-at-aden-park/6371188049.html,Move in special at Aden Park ! $849 Two bedroom townehome,849,"5161 Weaver Dr, Virginia Beach, VA 23462",2,980,1,36.851082,-76.157976,5,5161 Weaver DrÂ  Virginia Beach VA US
6371187090,2017-11-02 16:24,https://norfolk.craigslist.org/apa/d/newly-renovated-apartments/6371187090.html,Newly Renovated Apartments. Immediate Move In!,730,Newport News,2,816,1,,,,
6340539523,2017-11-02 16:24,https://norfolk.craigslist.org/apa/d/move-in-special-awesome-3/6340539523.html,Move-in Special Awesome 3 Bedroom,1150,PORTSMOUTH,3,0,1,,,,
6344758048,2017-11-02 16:24,https://norfolk.craigslist.org/apa/d/1-bedroom-1bath-1000-moves/6344758048.html,"1 BEDROOM/1BATH  $1,000 MOVES YOU IN!!!!!",725,"Norfolk, VA",1,0,1,36.916800,-76.287500,22,
6371186625,2017-11-02 16:24,https://norfolk.craigslist.org/apa/d/stunning-renovated-1-bed-1/6371186625.html,"Stunning renovated 1 bed, 1 bath! Gorgeous floors, kitchens, & more",949,OceanFront,1,900,1,36.837618,-76.120083,10,"149 S Budding Ave, Virginia Beach VA US"
6371186484,2017-11-02 16:23,https://norfolk.craigslist.org/apa/d/chase-arbor-apartments-have/6371186484.html,CHASE ARBOR APARTMENTS HAVE GREAT SPECIALS FOR YOU!!!,929,"1500 Chase Arbor Common, Virginia Beach, VA 23462",1,810,1,36.815784,-76.124841,5,1500 Chase Arbor Common Virginia Beach VA US
6343118348,2017-11-02 16:23,https://norfolk.craigslist.org/apa/d/wavied-application-fee-1/6343118348.html,WAVIED APPLICATION FEE!!! 1 BEDROOM AVAILABLE NOW!!!,725,"Norfolk, VA",1,0,1,36.916800,-76.287500,22,
6340560676,2017-11-02 16:23,https://norfolk.craigslist.org/apa/d/easy-approval-3-bedroom/6340560676.html,EASY APPROVAL 3 BEDROOM SUFFOLK,1150,SUFFOLK,3,0,2,,,,
6371186010,2017-11-02 16:23,https://norfolk.craigslist.org/apa/d/norfolk-coleman-place-2/6371186010.html,"Norfolk-Coleman Place-2 Bedroom, 1 Bath Duplex-3745 S. Cape Henry Ave",745,3745 S. Cape Henry Ave,2,0,1,36.866894,-76.239715,10,3745 S. Cape Henry Ave Norfolk VA US
6371185567,2017-11-02 16:23,https://norfolk.craigslist.org/apa/d/apartments-in-virginia-beach/6371185567.html,"☀ Apartments in Virginia Beach, Fully‐equipped kitchens, Tennis cour",1200,"1500 Chase Arbor Common, Virginia Beach, VA 23462",2,1100,2,36.815784,-76.124841,5,1500 Chase Arbor Common Virginia Beach VA US
6371185342,2017-11-02 16:23,https://norfolk.craigslist.org/apa/d/one-bedroom-town-home-for/6371185342.html,ONE BEDROOM TOWN HOME FOR DECEMBER!!,889,Hilltop,1,840,1.5,36.846131,-76.033016,5,1997 Eastwood Villa Lane Virginia Beach VA US
6371185347,2017-11-02 16:23,https://norfolk.craigslist.org/apa/d/norfolk-kensington-2-bedroom/6371185347.html,"Norfolk- Kensington -2 Bedroom, 1 Bath Duplex-3700 Gosnold Ave",795,3700 Gosnold Ave,2,0,1,36.854600,-76.214300,22,
6371185283,2017-11-02 16:23,https://norfolk.craigslist.org/apa/d/cant-beat-our-deals-belmont/6371185283.html,CANT BEAT OUR DEALS!!! BELMONT AT FREEMASON!,1325,DOWNTOWN NORFOLK,1,722,1,36.853532,-76.294317,10,260 W. YORK STREET NORFOLK VA US
6371173420,2017-11-02 16:22,https://norfolk.craigslist.org/apa/d/renovated-3-bedroom-and-1/6371173420.html,RENOVATED 3 BEDROOM AND 1 BATH HOME FOR RENT!!!,1075,Portsmouth,3,900,1,36.797958,-76.359053,10,911 Duce Street Portsmouth VA US
6355089486,2017-11-02 16:22,https://norfolk.craigslist.org/apa/d/this-is-your-time-get-your/6355089486.html,THIS IS YOUR TIME!! GET YOUR NEW APARTMENT TODAY!,725,TIDEWATER,0,0,,36.858600,-76.268600,22,
6371184561,2017-11-02 16:22,https://norfolk.craigslist.org/apa/d/norfolk-lamberts-point-2/6371184561.html,"Norfolk-Lamberts Point -2 Bedroom, 1 Bath Duplex-1313 W. 39th St",675,1313 W. 39th St,2,0,1,36.885900,-76.300400,0,
6353908504,2017-11-02 16:22,https://norfolk.craigslist.org/apa/d/single-family-3-bedrooms/6353908504.html,single FAMILY 3 bedrooms!!!,1150,Portsmouth,0,0,,36.829800,-76.314600,22,
6371183798,2017-11-02 16:22,https://norfolk.craigslist.org/apa/d/norfolk-meadowbrook-2-bedroom/6371183798.html,"Norfolk-N. Meadowbrook-2 Bedroom, 1 Bath Apartment- 1482 Meads Rd",795,1482 Meads Rd,2,0,1,36.916800,-76.287500,22,
6371183609,2017-11-02 16:21,https://norfolk.craigslist.org/apa/d/apartments-in-virginia-beach/6371183609.html,"♥ Apartments in Virginia Beach, Spacious floor plans, Bocce ball court",929,"1500 Chase Arbor Common, Virginia Beach, VA 23462",1,810,1,36.815784,-76.124841,5,1500 Chase Arbor Common Virginia Beach VA US
6371183175,2017-11-02 16:21,https://norfolk.craigslist.org/apa/d/norfolk-norview-2-bedroom-1/6371183175.html,"Norfolk-Norview- 2 Bedroom, 1 Bath Apartment-1119 Hugo St",650,1119 Hugo St,2,0,1,36.891400,-76.239600,22,
6371182397,2017-11-02 16:21,https://norfolk.craigslist.org/apa/d/stop-by-today/6371182397.html,Stop By Today!!!!,1190,301 OAK LAKE WAY,2,1180,2,36.751051,-76.237198,10,301 OAK LAKE WAY CHESAPEAKE VA US
6340416998,2017-11-02 16:20,https://norfolk.craigslist.org/apa/d/move-in-this-week/6340416998.html,MOVE IN THIS WEEK!!!,850,ASHLAWN DR,2,0,1,,,,
6363923656,2017-11-02 16:19,https://norfolk.craigslist.org/apa/d/1-bedroom-1-bathroom/6363923656.html,1 BEDROOM 1 BATHROOM APARTMENT FOR RENT APPLY NOW FOR SPECIAL!!!!,725,"Norfolk, VA",1,0,1,36.916800,-76.287500,22,
6350010608,2017-11-02 16:19,https://norfolk.craigslist.org/apa/d/this-just-in-wont-last-2/6350010608.html,THIS JUST IN WON'T LAST!!! 2 BEDROOM/1 BATH,850,"Norfolk, VA",2,0,1,36.885900,-76.300400,22,
6349962188,2017-11-02 16:19,https://norfolk.craigslist.org/apa/d/fall-in-love-with-this-2/6349962188.html,FALL IN LOVE WITH THIS 2 BEDROOM/ 1 BATH AWESOME!!!!,850,"Norfolk, VA",2,0,1,36.885900,-76.300400,22,
6371179600,2017-11-02 16:19,https://norfolk.craigslist.org/apa/d/chase-arbor-apartments-has-an/6371179600.html,☆CHASE ARBOR APARTMENTS HAS AN AWESOME 24/7 FITNESS CENTER!!,969,"1500 Chase Arbor Common, Virginia Beach, VA 23462",1,690,1,36.815784,-76.124841,5,1500 Chase Arbor Common Virginia Beach VA US
6349773628,2017-11-02 16:19,https://norfolk.craigslist.org/apa/d/check-out-this-warm-and-cozy/6349773628.html,CHECK OUT THIS WARM AND COZY 1 BEDROOM/ 1 BATH,725,"Norfolk, VA",1,0,1,36.916800,-76.287500,22,
6348495897,2017-11-02 16:18,https://norfolk.craigslist.org/apa/d/1-bedroom-1-bathroom-limited/6348495897.html,1 BEDROOM 1 BATHROOM  *LIMITED TIME SPECIALS* CALL TODAY,725,"Norfolk, VA",1,0,1,36.916800,-76.287500,22,
6371179133,2017-11-02 16:18,https://norfolk.craigslist.org/apa/d/norfolk-odu-area-larchmont-2/6371179133.html,"Norfolk-ODU Area/Larchmont-2 bedroom, 1 Bath Apt-1305 Melrose Pkwy",1150,1305 Melrose Pkwy,2,0,1,36.885900,-76.300400,22,
6343154810,2017-11-02 16:18,https://norfolk.craigslist.org/apa/d/nice-1-bedroom-1-bathroom/6343154810.html,NICE 1 BEDROOM 1 BATHROOM APARTMENT FOR RENT!!!,725,"Norfolk, VA",1,0,1,36.916800,-76.287500,22,
6353891433,2017-11-02 16:18,https://norfolk.craigslist.org/apa/d/now-leasing-12-and-3-bedrooms/6353891433.html,"NOW LEASING 1,2, AND 3 BEDROOMS",725,"Norfolk, VA",3,0,2,36.916800,-76.287500,22,
6353530532,2017-11-02 16:18,https://norfolk.craigslist.org/apa/d/wonderful-savings-get-yours/6353530532.html,WONDERFUL SAVINGS!!!! GET YOURS NOW!,1150,Norfolk,0,0,,36.829800,-76.314600,22,Markham Portsmouth VA US
6371178000,2017-11-02 16:18,https://norfolk.craigslist.org/apa/d/norfolk-odu-area-2-bed-1-bath/6371178000.html,"Norfolk- ODU Area-2 Bed, 1 Bath Duplex-827 W. 48th St",745,827 W. 48th St,2,0,1,36.885900,-76.300400,0,
6367596976,2017-11-02 16:17,https://norfolk.craigslist.org/apa/d/no-credit-check-enjoy-the/6367596976.html,NO CREDIT CHECK ENJOY THE GOOD LIFE HERE!!,1175,RENT TO OWN,0,3825,,37.688600,-76.361600,22,
6371123648,2017-11-02 16:17,https://norfolk.craigslist.org/apa/d/3-bd-2bath-portsmouth-835/6371123648.html,3 BD/2Bath Portsmouth $835,835,Portsmouth VA,3,0,2,,,,
6371175872,2017-11-02 16:16,https://norfolk.craigslist.org/apa/d/these-apartments-are-going/6371175872.html,These Apartments Are Going Fast!!!!Come See Why!!!!,1195,301 OAK LAKE WAY,2,1180,2,36.751051,-76.237198,10,301 OAK LAKE WAY CHESAPEAKE VA US
6371175652,2017-11-02 16:16,https://norfolk.craigslist.org/apa/d/2-bedroom-1-bath-house-437/6371175652.html,"2 Bedroom, 1 Bath House - 437 Lenox Avenue",950,Norfolk,2,880,1,36.944077,-76.252298,10,437 Lenox Avenue Norfolk VA US
6371175302,2017-11-02 16:16,https://norfolk.craigslist.org/apa/d/laundry-facilities-study/6371175302.html,"Laundry facilities, Study rooms, Student lounge",895,"1400 Middle Street, Williamsburg, VA 23185",2,855,1,37.273200,-76.732400,5,1400 Middle Street Williamsburg VA US
6353899484,2017-11-02 16:15,https://norfolk.craigslist.org/apa/d/1-br-readay-for-move-in/6353899484.html,1 Br Readay for Move In!!!!,725,Norfolk,1,0,1,36.858600,-76.268600,22,ASHLAWN NORFOLK VA US
6371174615,2017-11-02 16:15,https://norfolk.craigslist.org/apa/d/two-bed-two-bath-move-today/6371174615.html,Two bed/Two bath MOVE TODAY and have FREE rent until January 1st!,1632,Oceanfront,2,1094,2,36.844735,-75.992281,5,Pavilion Drive at 19th Street Virginia Beach VA US
6355085581,2017-11-02 16:15,https://norfolk.craigslist.org/apa/d/1-2-and-3-bedrooms-available/6355085581.html,1 2 AND 3 BEDROOMS AVAILABLE,725,Norfolk,0,0,,36.858600,-76.268600,22,
6364239854,2017-11-02 16:15,https://norfolk.craigslist.org/apa/d/low-cost-3-4-bdrm-home-in-top/6364239854.html,◓ Low-cost 3-4 bdrm `home in top location. Nearby to School & Park!,400,norfolk,3,0,2,36.895900,-76.208500,22,
6349865793,2017-11-02 16:15,https://norfolk.craigslist.org/apa/d/what-treat-for-this-1-bedroom/6349865793.html,WHAT A TREAT FOR THIS 1 BEDROOM/ 1 BATH,725,"Norfolk, VA",1,0,1,36.916800,-76.287500,22,
6364633798,2017-11-02 16:15,https://norfolk.craigslist.org/apa/d/3-bedroom-15-bath-big-house/6364633798.html,3 BEDROOM 1.5 BATH BIG HOUSE FOR RENT!!,1150,Norfolk,0,0,,36.869500,-76.294500,22,
6371172619,2017-11-02 16:14,https://norfolk.craigslist.org/apa/d/24-hour-clubhouse-and-fitness/6371172619.html,24 Hour Clubhouse and Fitness Center| Tour Today!,1705,Oceanfront,2,1214,2,36.844701,-75.992260,5,19th Street at Pavilion Drive Virginia Beach VA US
6343190255,2017-11-02 16:14,https://norfolk.craigslist.org/apa/d/looking-for-1bedroom/6343190255.html,Looking for a 1bedroom apartment? Look no further!!!,725,"Norfolk, VA",1,0,1,36.916800,-76.287500,22,
6371172259,2017-11-02 16:14,https://norfolk.craigslist.org/apa/d/at-chase-arbor-you-get/6371172259.html,"AT CHASE ARBOR, YOU GET STAINLESS STEEL APPLIANCES & WASHER & DRYER!",1225,"1500 Chase Arbor Common, Virginia Beach, VA 23462",2,1100,2,36.815784,-76.124841,5,1500 Chase Arbor Common Virginia Beach VA US
6354147147,2017-11-02 16:14,https://norfolk.craigslist.org/apa/d/leasing-1-2-and-3-bedrooms/6354147147.html,"LEASING 1, 2, AND 3  BEDROOMS",725,HAMPTON ROADS,0,0,,36.858600,-76.268600,22,
6349566343,2017-11-02 16:13,https://norfolk.craigslist.org/apa/d/lovely-one-bedroom-cozy/6349566343.html,LOVELY ONE BEDROOM COZY APARTMENT,725,"Norfolk, VA",1,0,1,36.916800,-76.287500,22,
6371170133,2017-11-02 16:12,https://norfolk.craigslist.org/apa/d/beautiful-one-bedroom/6371170133.html,Beautiful One Bedroom    Available Now!,879,Virginia Beach,1,600,1,36.792240,-76.164270,10,1601 Hiawatha Drive Virginia Beach VA US
6371169561,2017-11-02 16:12,https://norfolk.craigslist.org/apa/d/beauty-passion-breathtaking/6371169561.html,"Beauty, Passion, Breathtaking Apartments.",1049,Oyster Point City Center,2,926,2,37.076800,-76.496700,5,550 Saint Michaels WayÂ  Newport News VA US
6371168858,2017-11-02 16:11,https://norfolk.craigslist.org/apa/d/move-this-november-and/6371168858.html,MOVE This November and Receive a Special| Call for Details!,1404,Oceanfront,1,755,1,36.844770,-75.992217,5,Pavilion Drive at 19th Street Virginia Beach VA US
6371167824,2017-11-02 16:10,https://norfolk.craigslist.org/apa/d/come-to-chase-arbor-today-we/6371167824.html,COME TO CHASE ARBOR TODAY! WE HAVE SO MUCH TO OFFER!,1074,"1500 Chase Arbor Common, Virginia Beach, VA 23462",2,960,1,36.815784,-76.124841,5,1500 Chase Arbor Common Virginia Beach VA US
6371167174,2017-11-02 16:10,https://norfolk.craigslist.org/apa/d/spacious-3-bed-2-bath-ranch/6371167174.html,SPACIOUS 3 BED 2 BATH RANCH W/ HUGE FENCED-IN BACKYARD!,1325,Chesapeake,3,1944,2,36.792621,-76.402672,10,4309 Airline Boulevard Chesapeake VA US
6371165743,2017-11-02 16:09,https://norfolk.craigslist.org/apa/d/enough-living-space-for-all/6371165743.html,"Enough living space for all your needs. 2 bed, 1 bath. Check us out!",813,Norfolk,2,775,1,36.916800,-76.287500,22,
6371148168,2017-11-02 16:09,https://norfolk.craigslist.org/apa/d/beautiful-scenery-and-beach/6371148168.html,Beautiful Scenery And Beach Living 🏡,840,2352 Windway Lane,1,560,1,,,,
6365837129,2017-11-02 16:09,https://norfolk.craigslist.org/apa/d/balcony-patio-package/6365837129.html,"Balcony/Patio, Package Services, Granite Countertops",1195,"Harbourview, Suffolk",1,849,1,36.854400,-76.466400,5,7190 Harbour Towne Parkway Suffolk VA US
6371164568,2017-11-02 16:08,https://norfolk.craigslist.org/apa/d/norfolk-odu-area-2-bedroom-1/6371164568.html,"Norfolk-ODU Area-2 Bedroom, 1 Bath Apartment- 1055 W. 48th St",745,1055 W. 48th St,2,0,1,36.887035,-76.301155,10,
6371164248,2017-11-02 16:08,https://norfolk.craigslist.org/apa/d/chase-arbor-apartments-has/6371164248.html,CHASE ARBOR APARTMENTS HAS SPACIOUS ROOMS AND WALK IN CLOSETS!!,974,"1500 Chase Arbor Common, Virginia Beach, VA 23462",1,810,1,36.815784,-76.124841,5,1500 Chase Arbor Common Virginia Beach VA US
6366767023,2017-11-02 16:07,https://norfolk.craigslist.org/apa/d/find-your-new-home-at-oakmont/6366767023.html,Find your new home at Oakmont North!!! Deposit starts at $99,780,Norfolk,2,700,1,36.891400,-76.239600,22,
6371163095,2017-11-02 16:07,https://norfolk.craigslist.org/apa/d/portsmouth-olde-towne-2/6371163095.html,"Portsmouth-Olde Towne- 2 Bedroom, 1 Bath Apartment-344 Court St",825,344 Court St,2,0,1,36.829800,-76.314600,22,
6371162425,2017-11-02 16:07,https://norfolk.craigslist.org/apa/d/norfolk-riverview-2-bedroom-1/6371162425.html,"Norfolk-Riverview-2 Bedroom, 1 Bath Apartment- 107 Delaware Ave",695,107 Delaware Ave,2,0,1,36.858600,-76.268600,22,
6371161873,2017-11-02 16:06,https://norfolk.craigslist.org/apa/d/2-bedroom-available-now/6371161873.html,2 Bedroom available now!!!!!,800,Churchland,2,920,1,36.872623,-76.400352,10,
6371160936,2017-11-02 16:06,https://norfolk.craigslist.org/apa/d/norfolk-titustown-2-bedroom-1/6371160936.html,"Norfolk- Titustown- 2 Bedroom, 1 Bath Apartment-7731 Diven St",725,7731 Diven St,2,0,1,36.916800,-76.287500,22,
6371160302,2017-11-02 16:05,https://norfolk.craigslist.org/apa/d/norfolk-villa-heights-2/6371160302.html,"Norfolk-Villa Heights-2 Bedroom, 1 Bath- 712 E. 26th St.",650,712 E. 26th St.,2,0,1,36.869500,-76.294500,0,
6371160168,2017-11-02 16:05,https://norfolk.craigslist.org/apa/d/dont-wait-prices-are/6371160168.html,DON'T WAIT - PRICES ARE FANTASTIC TODAY!,763,Hampton,2,858,1,37.060434,-76.364615,5,115 Tide Mill Lane Hampton VA US
6371159228,2017-11-02 16:04,https://norfolk.craigslist.org/apa/d/zero-security-deposit-options/6371159228.html,"Zero Security Deposit Options, Picnic areas, Patios",925,near the Coast Guard base,2,1125,1.5,36.880149,-76.375969,5,"4201 Cedar Lane, Suite 3 Portsmouth VA US"
6371159169,2017-11-02 16:04,https://norfolk.craigslist.org/apa/d/apply-today-move-incheck-out/6371159169.html,Apply Today! Move in 11/15/17! Check out our Facebook Page!,840,Virginia Beach,1,786,1,36.862667,-76.027800,10,1800 Colonial Arms Circle Virginia Beach VA US
6371116321,2017-11-02 16:04,https://norfolk.craigslist.org/apa/d/huge-living-area-only-925/6371116321.html,HUGE Living Area!!!! ONLY $925* Pets welcome Senior/Military Discount!,925,Virginia Beach,2,1025,1.5,36.812727,-76.209721,10,6309 Ardsley Square Virginia Beach VA US
6371158065,2017-11-02 16:04,https://norfolk.craigslist.org/apa/d/every-apartment-at-chase/6371158065.html,❄ EVERY APARTMENT AT CHASE ARBOR HAS BALCONY OR PATIO!!!,696,"1500 Chase Arbor Common, Virginia Beach, VA 23462",1,690,1,36.815784,-76.124841,5,1500 Chase Arbor Common Virginia Beach VA US
6371157479,2017-11-02 16:03,https://norfolk.craigslist.org/apa/d/ample-parking-zero-security/6371157479.html,"Ample Parking, Zero security deposit options, Clubhouse",895,"1027 Tivoli Crescent, Virginia Beach, VA 23453",1,720,1,36.804580,-76.089848,5,1027 Tivoli Crescent Virginia Beach VA US
6371156950,2017-11-02 16:03,https://norfolk.craigslist.org/apa/d/best-prices-best-location/6371156950.html,"BEST PRICES, BEST LOCATION! BELMONT AT FREEMASON",1315,NORFOLK,1,750,1,36.853532,-76.294317,10,260 W. YORK STREET NORFOLK VA US
6371156472,2017-11-02 16:03,https://norfolk.craigslist.org/apa/d/500-off-new-reno-at/6371156472.html,$500 Off! New Reno at Washington Square Apt's-ALL Utilities Included!,1319,121 W. Washington St.,2,817,2,36.728222,-76.583709,5,121 W. Washington St. Suffolk VA US
6371155185,2017-11-02 16:02,https://norfolk.craigslist.org/apa/d/fall-in-love-with-belmont-at/6371155185.html,Fall in Love with Belmont at City Center.  Rent and Save Today!,1070,900 Lakefront Commons,1,851,1,37.113200,-76.517900,22,900 Lakefront Commons Newport News VA US
6371154255,2017-11-02 16:01,https://norfolk.craigslist.org/apa/d/here-at-chase-arbor-we-have/6371154255.html,"☀ HERE AT CHASE ARBOR, WE HAVE THE BEST PRICE AND EXTRAS!!!!",974,"1500 Chase Arbor Common, Virginia Beach, VA 23462",1,810,1,36.815784,-76.124841,5,1500 Chase Arbor Common Virginia Beach VA US
6371137380,2017-11-02 16:01,https://norfolk.craigslist.org/apa/d/beautiful-3-bedroom-15-bath/6371137380.html,Beautiful 3 Bedroom 1.5 Bath home in Virginia Beach VA,1425,404 Ingram Road,3,1323,1.5,36.834800,-76.096100,22,
