pid,dt,url,title,price,neighb,beds,sqft,baths,lat,lng,accuracy,address
6371312502,2017-11-02 16:55,https://northmiss.craigslist.org/apa/d/awesome-remolded-2-bedroom-15/6371312502.html,Awesome remolded 2 Bedroom 1.5 bath,650,Greenville,2,939,1.5,33.376941,-91.058440,10,
6371312313,2017-11-02 16:55,https://northmiss.craigslist.org/apa/d/awesome-remolded-2-bedroom-15/6371312313.html,Awesome remolded 2 Bedroom 1.5 bath,650,Greenville,2,939,1.5,33.376941,-91.058440,10,
6371311988,2017-11-02 16:55,https://northmiss.craigslist.org/apa/d/awesome-remolded-2-bedroom-15/6371311988.html,Awesome remolded 2 Bedroom 1.5 bath,650,Greenville,2,939,1.5,33.376941,-91.058440,10,
6371311776,2017-11-02 16:54,https://northmiss.craigslist.org/apa/d/awesome-remolded-2-bedroom-15/6371311776.html,Awesome remolded 2 Bedroom 1.5 bath,650,Greenville,2,939,1.5,33.376941,-91.058440,10,
6371311552,2017-11-02 16:54,https://northmiss.craigslist.org/apa/d/awesome-remolded-2-bedroom-15/6371311552.html,Awesome remolded 2 Bedroom 1.5 bath,650,Greenville,2,939,1.5,33.376941,-91.058440,10,
6371304718,2017-11-02 16:49,https://northmiss.craigslist.org/apa/d/enjoy-living-at-legacy-at/6371304718.html,***ENJOY LIVING AT LEGACY AT CYPRESS LAKE**,729,Robinsonville,2,0,0,34.809300,-90.305200,22,11594 Old Hwy 61 N Robinsonville MS US
6371284868,2017-11-02 16:34,https://northmiss.craigslist.org/apa/d/enjoy-living-with-legacy-at/6371284868.html,***ENJOY LIVING WITH LEGACY AT RIVER POINTE**,829,Robinsonville,2,1250,2,34.809300,-90.305200,22,11594 Old Hwy 61 N Robinsonville MS US
6371106730,2017-11-02 16:28,https://northmiss.craigslist.org/apa/d/new-community3-bed-2bth-house/6371106730.html,New Community!!3 Bed 2bth House Perfectly Located,400,!!Comfortable!!Kitchen!!,3,1200,2,34.330800,-89.483500,22,
6337109521,2017-11-02 16:26,https://northmiss.craigslist.org/apa/d/2-bedroom-townhouse-walking/6337109521.html,2 bedroom townhouse walking distance to Oxford Square,1320,220 Elm Street,2,1100,1.5,34.371803,-89.521024,10,220 Elm Street Oxford MS US
6371269161,2017-11-02 16:22,https://northmiss.craigslist.org/apa/d/adorable-townhouse-walking/6371269161.html,Adorable townhouse walking distance to Oxford Square,1800,"1201 Ivy Rd., Oxford MS",3,1500,3,34.377635,-89.511393,10,1201 Ivy Road Oxford MS US
6371106674,2017-11-02 16:08,https://northmiss.craigslist.org/apa/d/new-community3-bed-2bth-house/6371106674.html,New Community!!3 Bed 2bth House Perfectly Located,400,!!Comfortable!!Kitchen!!,3,1200,2,34.330800,-89.483500,22,
6371106743,2017-11-02 16:03,https://northmiss.craigslist.org/apa/d/new-community3-bed-2bth-house/6371106743.html,New Community!!3 Bed 2bth House Perfectly Located,400,!!Comfortable!!Kitchen!!,3,1200,2,34.330800,-89.483500,22,
