pid,dt,url,title,price,neighb,beds,sqft,baths,lat,lng,accuracy,address
6371201273,2017-11-02 16:34,https://nwct.craigslist.org/apa/d/now-renting-brand-new-2-3/6371201273.html,Now Renting BRAND NEW 2 & 3 Bedroom Apt Homes! Move In TODAY!,865,,3,1300,1,41.575400,-73.031800,22,
6371179192,2017-11-02 16:18,https://nwct.craigslist.org/apa/d/blow-out-rates-only-500/6371179192.html,BLOW OUT RATES!! ONLY $500 SECURITY!!!,2255,"1425 Bedford Street, Stamford, CT 06905",3,1128,1,41.063206,-73.539922,5,1425 Bedford Street Stamford CT US
6371176873,2017-11-02 16:17,https://nwct.craigslist.org/apa/d/blow-out-rates-only-500/6371176873.html,BLOW OUT RATES!! ONLY $500 SECURITY!!!,1900,"1425 Bedford Street, Stamford, CT 06905",2,922,1,41.063206,-73.539922,5,1425 Bedford Street Stamford CT US
6371174518,2017-11-02 16:15,https://nwct.craigslist.org/apa/d/blow-out-rates-only-500/6371174518.html,BLOW OUT RATES!! ONLY $500 SECURITY!!!,1840,"1425 Bedford Street, Stamford, CT 06905",1,765,1,41.063206,-73.539922,5,1425 Bedford Street Stamford CT US
6371171701,2017-11-02 16:13,https://nwct.craigslist.org/apa/d/blow-out-rates-only-500/6371171701.html,BLOW OUT RATES!! ONLY $500 SECURITY!!!,1505,"1425 Bedford Street, Stamford, CT 06905",0,529,1,41.063206,-73.539922,5,1425 Bedford Street Stamford CT US
6371159545,2017-11-02 16:05,https://nwct.craigslist.org/apa/d/1-bdrm-apt-2nd-floor/6371159545.html,1 BDRM APT 2ND FLOOR,750,Winsted,1,0,1,41.922418,-73.060391,10,53 Park Place West Winsted CT US
