pid,dt,url,title,price,neighb,beds,sqft,baths,lat,lng,accuracy,address
6371194144,2017-11-02 16:58,https://ocala.craigslist.org/apa/d/second-bedroom-has-walkin/6371194144.html,Second bedroom has walkin closet and private bathroom,965,,4,0,3.5,,,,
6332306188,2017-11-02 16:50,https://ocala.craigslist.org/apa/d/shaded-rv-locations-in-family/6332306188.html,Shaded RV locations in family community with 24 hour laundry on-site!,345,Ocala,0,0,,29.289967,-82.112566,22,NE Jacksonville Rd at NE 95th St Anthony FL US
6350838398,2017-11-02 16:45,https://ocala.craigslist.org/apa/d/2-br-3-bogs-family-home/6350838398.html,"浴浴2 Br 3 Bogs Family home 浴浴Massive workplace 1200""",500,CENTRAL HEATING,0,1200,2,29.160500,-82.128800,22,
6350838483,2017-11-02 16:45,https://ocala.craigslist.org/apa/d/2-br-3-bogs-family-home/6350838483.html,"浴浴2 Br 3 Bogs Family home 浴浴Massive workplace 1200""",500,CENTRAL HEATING,3,1200,2,29.160500,-82.128800,22,
6350838470,2017-11-02 16:45,https://ocala.craigslist.org/apa/d/2-br-3-bogs-family-home/6350838470.html,"浴浴2 Br 3 Bogs Family home 浴浴Massive workplace 1200""",500,CENTRAL HEATING,3,1200,2,29.160500,-82.128800,22,
6371217446,2017-11-02 16:45,https://ocala.craigslist.org/apa/d/move-in-just-in-time-for/6371217446.html,Move in just in time for Holidays!,1174,,3,0,2,,,,
6371164153,2017-11-02 16:08,https://ocala.craigslist.org/apa/d/2-2-in-silver-downs-upstairs/6371164153.html,"2/2 in Silver Downs, Upstairs Unit, Water & Lawn Care Included (55)",650,,2,0,2,29.125300,-82.008600,22,458 Fairways Circle Ocala FL US
