pid,dt,url,title,price,neighb,beds,sqft,baths,lat,lng,accuracy,address
6343784964,2017-11-02 16:56,https://odessa.craigslist.org/apa/d/make-wildflower-your-perfect/6343784964.html,Make Wildflower your perfect new home!,1045,Wildflower,1,669,1,32.027122,-102.143783,10,4301 raleigh court MIDLAND TX US
6371304324,2017-11-02 16:54,https://odessa.craigslist.org/apa/d/two-bedroom-available-in/6371304324.html,TWO bedroom available in October!! $1735,1735,Mission Green,2,1140,2,31.918772,-102.279540,0,
6371306312,2017-11-02 16:50,https://odessa.craigslist.org/apa/d/our-community-is-little-slice/6371306312.html,Our Community is a Little Slice of Heaven!,1875,Le Mirage,2,1060,2,32.019900,-102.147600,22,
6371304693,2017-11-02 16:49,https://odessa.craigslist.org/apa/d/la-vida-ha-mejorado/6371304693.html,la vida ha mejorado,1530,Southgate,3,1064,2,31.857900,-102.352300,22,
6366781176,2017-11-02 16:40,https://odessa.craigslist.org/apa/d/g-a-of-home-fo-the-money/6366781176.html,A g/ɾ/e/a/t ∂ЄΑℓ OF HOME foɾ THE MONEY,,dedessddeses,0,0,,31.765200,-102.354300,22,
6371292918,2017-11-02 16:40,https://odessa.craigslist.org/apa/d/beautiful-2br-with-brand-new/6371292918.html,Beautiful 2BR with Brand New Carpet & Flooring! Hurry In Today!!,1395,"Midland, TX",2,845,1.5,32.019494,-102.126196,10,3329 W. Wadley Ave. Midland TX US
6371292004,2017-11-02 16:39,https://odessa.craigslist.org/apa/d/relax-in-your-beautiful-new/6371292004.html,Relax in your beautiful new home today!,1730,Midland,2,1461,2,32.006507,-102.125053,10,1907 Tarleton Street Midland TX US
6366783744,2017-11-02 16:39,https://odessa.craigslist.org/apa/d/ageataangementfothis-o-e/6366783744.html,A_gɾeat_aɾɾangement_foɾ_THIS H O M E,,$$@__________$$@,0,0,,31.765200,-102.354300,22,
6371291651,2017-11-02 16:39,https://odessa.craigslist.org/apa/d/townhouse-available-soon/6371291651.html,Townhouse Available Soon!,1035,The Bradford,1,757,1,32.012879,-102.148969,0,4715 W. Wadley Ave Midland TX US
6371123145,2017-11-02 16:36,https://odessa.craigslist.org/apa/d/second-chance-3-bdrm-charming/6371123145.html,☎ Second Chance! 3 Bdrm Charming Inexpensive Big House!!! ☎,400,odessa,3,0,2,31.765200,-102.354300,22,
6371282959,2017-11-02 16:32,https://odessa.craigslist.org/apa/d/fully-upgraded-one-bedroom-on/6371282959.html,Fully Upgraded One Bedroom on the First Floor!,1214,,1,710,1,32.019900,-102.147600,22,
6371282756,2017-11-02 16:32,https://odessa.craigslist.org/apa/d/stop-look-lease-at-andrews/6371282756.html,Stop! Look! Lease at Andrews Square West!!!,1135,Midland,1,892,1,32.001846,-102.136917,10,4400 Andrews Hwy Midland TX US
6371280178,2017-11-02 16:30,https://odessa.craigslist.org/apa/d/spacious-patio-or-balcony/6371280178.html,"Spacious Patio or Balcony, Cozy Wood Burning Brick Fireplace",1540,,2,1073,2.5,,,,
6371119232,2017-11-02 16:26,https://odessa.craigslist.org/apa/d/glorious-absolutely/6371119232.html,"◆ Glorious, absolutely reconstructed single family home for ȑeǹt",400,odessa,3,0,2,31.765200,-102.354300,22,
6371272646,2017-11-02 16:25,https://odessa.craigslist.org/apa/d/this-townhome-is-to-die-for/6371272646.html,This Townhome is to Die For!,1700,Midland,2,1186,2.5,32.004568,-102.138927,10,4534 Sinclair Avenue Midland TX US
6371267629,2017-11-02 16:21,https://odessa.craigslist.org/apa/d/your-new-home-awaits/6371267629.html,Your new home awaits,1175,,2,900,1.5,31.892628,-102.350988,10,3843Penbrook ave Odessa TX US
6371240704,2017-11-02 16:20,https://odessa.craigslist.org/apa/d/homes-available-for-rent/6371240704.html,Homes available for rent,1,Odessa,0,0,,,,,
6371265418,2017-11-02 16:19,https://odessa.craigslist.org/apa/d/refreshing-outdoor-pool/6371265418.html,"Refreshing Outdoor Pool, Laundry Center, Community Clubroom",1512,"2600 W Loop 250 N, Midland, TX 79705",2,900,1,32.037273,-102.117133,5,2600 W Loop 250 N Midland TX US
6371243665,2017-11-02 16:14,https://odessa.craigslist.org/apa/d/live-where-the-grass-is/6371243665.html,Live Where The Grass Is Greener,944,,1,566,0,31.902814,-102.342274,5,
6339077704,2017-11-02 16:14,https://odessa.craigslist.org/apa/d/discover-how-lease-option-can/6339077704.html,Discover how a Lease-Option can Work For You,690,1102 S 46th St,3,1185,2,31.889000,-102.354800,22,
6371126786,2017-11-02 16:13,https://odessa.craigslist.org/apa/d/beautiful-absolutely/6371126786.html,"◠ Beautiful, absolutely reconstructed single family `home for ȑen",400,odessa,3,0,2,31.765200,-102.354300,22,
