pid,dt,url,title,price,neighb,beds,sqft,baths,lat,lng,accuracy,address
6371382371,2017-11-02 16:53,https://ogden.craigslist.org/apa/d/huge-move-in-special-call-for/6371382371.html,HUGE MOVE IN SPECIAL! CALL FOR DETAILS!,1145,Ogden,2,1086,2,41.216416,-111.972033,10,357 27th Street Ogden UT US
6371379592,2017-11-02 16:51,https://ogden.craigslist.org/apa/d/cute-duplex-1br-basement-on/6371379592.html,Cute Duplex 1br. basement on Jefferson,495,1035 Jefferson,1,0,1,41.245289,-111.964674,5,1035 Jefferson Ogden UT US
6371348390,2017-11-02 16:24,https://ogden.craigslist.org/apa/d/two-bedroom-with-great/6371348390.html,Two Bedroom With Great Location,1064,"Riverdale, UT",2,830,1,41.171686,-112.017773,10,1551 West Riverdale Road Riverdale UT US
6371335344,2017-11-02 16:14,https://ogden.craigslist.org/apa/d/limited-availability-1/6371335344.html,"LIMITED AVAILABILITY!!  1 BEDROOM, GROUND LEVEL!!",740,OGDEN,1,750,1,41.249883,-111.954643,10,820 Monroe Blvd OGDEN UT US
6371282252,2017-11-02 16:01,https://ogden.craigslist.org/apa/d/an-elevated-living-experience/6371282252.html,An elevated living experience in West Haven! PLUS 1month free rent!,1145,"West Haven, Ogden, Roy",2,1083,2,41.205044,-112.019875,20,2112 West 3300 South West Haven UT US
