pid,dt,url,title,price,neighb,beds,sqft,baths,lat,lng,accuracy,address
6362357098,2017-11-02 16:56,https://okaloosa.craigslist.org/apa/d/available-12-15we-like-big/6362357098.html,Available 12/15+++We like big mutts!+++ $199.00 fee and low pet rent!,730,Fort Walton Beach,1,586,1,30.413228,-86.642157,10,5 Sandalwood Drive NW Fort Walton Beach FL US
6352978398,2017-11-02 16:55,https://okaloosa.craigslist.org/apa/d/availablesingle-story-one/6352978398.html,Available 12/15! Single Story one bedroom! Washer/dryer connections!,715,Fort Walton Beach,1,576,1,30.413228,-86.642157,10,5 Sandalwood Drive Fort Walton Beach FL US
6364260988,2017-11-02 16:33,https://okaloosa.craigslist.org/apa/d/efficiency-for-rent-south/6364260988.html,efficiency for rent south walton 331 and 98,800,santa rosa beach,0,0,1,30.391386,-86.187401,5,1678 j d miller rd santa rosa beach FL US
6371246463,2017-11-02 16:14,https://okaloosa.craigslist.org/apa/d/1350-3br-3-bedroom-2-full/6371246463.html,$1350 / 3br - :) 3 bedroom 2 full bath by Hurlburt- Ready for move in,1350,1502 Tommy Lane,3,1344,2,30.410636,-86.752934,10,1502 Tommy Lane Mary Esther FL US
6368454422,2017-11-02 16:14,https://okaloosa.craigslist.org/apa/d/2bdr-1ba-mobile-home-on-1-4/6368454422.html,2bdr./1ba. mobile home on 1/4 acre lot,750,gulf breeze,0,0,,30.408061,-86.987053,5,national ct. at pentagon st. gulf breeze FL US
