pid,dt,url,title,price,neighb,beds,sqft,baths,lat,lng,accuracy,address
6371299042,2017-11-02 17:00,https://oklahomacity.craigslist.org/apa/d/1-bed-1-bath-flat-half-off/6371299042.html,1 BED 1 BATH FLAT!! HALF OFF NOVEMBER RENT!!!,609,NORMAN,1,535,1,35.203767,-97.418304,10,1502 E LINDSEY ST Norman OK US
6371318496,2017-11-02 17:00,https://oklahomacity.craigslist.org/apa/d/dont-spend-your-life-waiting/6371318496.html,DON'T SPEND YOUR LIFE WAITING... GET MOVING!,859,BURNTWOOD,3,0,2,35.377163,-97.455148,10,3308 SE 89TH ST OKLAHOMA CITY OK US
6371318452,2017-11-02 17:00,https://oklahomacity.craigslist.org/apa/d/set-the-date-move-here-the/6371318452.html,Set the DATE move here @ the Springs of Moore...,605,804 NW 12th St,2,900,1,35.348473,-97.503855,5,804 NW 12th St. at JANEWAY MOORE OK US
6371315747,2017-11-02 16:58,https://oklahomacity.craigslist.org/apa/d/200-0ff-first-months-rent/6371315747.html,!!!!!200 0FF FIRST MONTHS RENT!!!!!!,675,,2,859,2,35.407200,-97.565516,10,5901 S May Ave. Oklahoma City OK US
6371315423,2017-11-02 16:57,https://oklahomacity.craigslist.org/apa/d/get-in-on-this-move-in-special/6371315423.html,GET IN ON THIS MOVE-IN SPECIAL!!,859,BURNTWOOD,3,0,2,35.377163,-97.455148,10,3308 SE 89TH ST OKLAHOMA CITY OK US
6371314372,2017-11-02 16:57,https://oklahomacity.craigslist.org/apa/d/efficient-apartments-near-uco/6371314372.html,Efficient Apartments near UCO ALL BILLS PAID (ELECTRICITY WIFI WATER),530,1300 E. Ayers Street,1,550,1,35.658653,-97.462854,10,1300 East Ayers Edmond OK US
6371313835,2017-11-02 16:56,https://oklahomacity.craigslist.org/apa/d/free-rent-rent-today-pay-no/6371313835.html,"FREE RENT - RENT TODAY, PAY NO RENT UNTIL DEC 1ST!",699,,2,1000,1,35.551055,-97.630319,15,Wilshire at Lyrewood Oklahoma City OK US
6371312711,2017-11-02 16:55,https://oklahomacity.craigslist.org/apa/d/3bed-2-bath-house-for-rent-in/6371312711.html,"3Bed, 2 Bath House for Rent in SE OKC",850,SE 46,3,1200,2,35.411000,-97.438800,22,
6371302172,2017-11-02 16:55,https://oklahomacity.craigslist.org/apa/d/ends-today-free-rent-your/6371302172.html,ENDS TODAY! FREE RENT! YOUR DEPOSIT WILL MOVE YOU IN! HURRY IN TODAY!,890,WESTLAKE,3,1152,2,35.483400,-97.629900,22,9717 N.W. 10th St. at N. Morgan Rd. Oklahoma City OK US
6368297572,2017-11-02 16:54,https://oklahomacity.craigslist.org/apa/d/youve-got-to-move-it-move/6368297572.html,"YOU'VE GOT TO MOVE IT, MOVE IT~RIGHT INTO YOUR NEW HOME @ WESTLAKE!",875,WESTLAKE,3,0,2,35.478758,-97.685774,10,9717 NW 10th St Yukon OK US
6357793519,2017-11-02 16:54,https://oklahomacity.craigslist.org/apa/d/eden-cove-apartments-and/6357793519.html,Eden Cove Apartments and Townhomes,469,,0,0,,35.460500,-97.397400,22,
6371311217,2017-11-02 16:54,https://oklahomacity.craigslist.org/apa/d/efficient-apartments-near-uco/6371311217.html,Efficient Apartments near UCO ALL BILLS PAID (ELECTRICITY WIFI WATER),530,1300 E. Ayers Street,1,550,1,35.658653,-97.462854,10,1300 East Ayers Edmond OK US
6368300415,2017-11-02 16:54,https://oklahomacity.craigslist.org/apa/d/race-into-your-new-home-here/6368300415.html,RACE INTO YOUR NEW HOME HERE @ WESTLAKE,875,WESTLAKE,3,0,2,35.478758,-97.685774,10,9717 NW 10th St Yukon OK US
6368305505,2017-11-02 16:54,https://oklahomacity.craigslist.org/apa/d/quit-losing-sleep-over/6368305505.html,QUIT LOSING SLEEP OVER FINDING A HOME..I HAVE THE PERFECT ONE FOR YOU!,875,WESTLAKE,3,0,2,35.478758,-97.685774,10,9717 NW 10th St Yukon OK US
6368330918,2017-11-02 16:54,https://oklahomacity.craigslist.org/apa/d/pop-on-over-to-westlake-for/6368330918.html,POP on over to Westlake for FREE RENT!,875,WESTLAKE,3,0,2,35.478758,-97.685774,10,9717 NW 10th St Yukon OK US
6368341342,2017-11-02 16:53,https://oklahomacity.craigslist.org/apa/d/dont-crash-burn-on-trying-to/6368341342.html,DON'T CRASH & BURN ON TRYING TO FIND A HOME...CALL US @ WESTLAKE!,875,WESTLAKE,3,0,2,35.478758,-97.685774,10,9717 NW 10th St Yukon OK US
6368344509,2017-11-02 16:53,https://oklahomacity.craigslist.org/apa/d/hey-ya-free-rent-and-99/6368344509.html,HEY YA!!! FREE RENT AND $99 DEPOSITS!,875,WESTLAKE,3,0,2,35.478758,-97.685774,10,9717 NW 10th St Yukon OK US
6371309936,2017-11-02 16:53,https://oklahomacity.craigslist.org/apa/d/fall-savings-no-app-admin-to/6371309936.html,Fall Savings No App/Admin to apply $0 dep w/ Approved credit..WOW!!,799,"3101 Northwest 150th Street, Oklahoma City, OK 73134",2,920,2,35.617400,-97.558300,5,3101 Northwest 150th Street Oklahoma City OK US
6368353946,2017-11-02 16:53,https://oklahomacity.craigslist.org/apa/d/no-tricksfree-rent-you-cant/6368353946.html,NO TRICKS...FREE RENT! YOU CAN'T SAY NO TO THIS TREAT!,875,WESTLAKE,3,0,2,35.478758,-97.685774,10,9717 NW 10th St Yukon OK US
6371309544,2017-11-02 16:53,https://oklahomacity.craigslist.org/apa/d/3-bedroomsbath-1-car-garage/6371309544.html,"3 bedrooms, 1 1/2 bath, 1 car garage, 970 sf.",850,SW OKC,3,970,1.5,35.403861,-97.542931,10,1437 sw 61st ST. Oklahoma City OK US
6368359227,2017-11-02 16:52,https://oklahomacity.craigslist.org/apa/d/were-so-excited-about-free/6368359227.html,WE'RE SO EXCITED ABOUT FREE RENT! SPECIAL ENDS TODAY!,875,westlake,3,0,2,35.478758,-97.685774,10,9717 NW 10th St Yukon OK US
6368350403,2017-11-02 16:52,https://oklahomacity.craigslist.org/apa/d/slam-dunk-into-your-new-home/6368350403.html,SLAM DUNK INTO YOUR  NEW HOME! As little as $99 DEPOSIT!,875,westlake,3,0,2,35.478758,-97.685774,10,9717 NW 10th St Yukon OK US
6371307273,2017-11-02 16:51,https://oklahomacity.craigslist.org/apa/d/house-for-rent-in-noble-ok/6371307273.html,"House for Rent in Noble, OK!!! $575/month 726 sqft. 2 bed/ 1 Bath",575,505 E Walnut,2,726,1,35.143503,-97.391599,5,505 E Walnut St. Noble OK US
6368374098,2017-11-02 16:51,https://oklahomacity.craigslist.org/apa/d/holy-cowfree-rent/6368374098.html,Holy Cow...FREE RENT!!!!,875,westlake,3,0,2,35.478758,-97.685774,10,9717 NW 10th St Yukon OK US
6344692240,2017-11-02 16:50,https://oklahomacity.craigslist.org/apa/d/eden-cove-apartments-and/6344692240.html,Eden Cove Apartments and Townhomes,469,,0,0,,35.460500,-97.397400,22,
6368396792,2017-11-02 16:50,https://oklahomacity.craigslist.org/apa/d/quit-losing-sleep-over/6368396792.html,QUIT LOSING SLEEP OVER FINDING A HOME..I HAVE THE PERFECT ONE FOR YOU!,875,WESTLAKE,3,0,2,35.478758,-97.685774,10,9717 NW 10th St Yukon OK US
6371305327,2017-11-02 16:49,https://oklahomacity.craigslist.org/apa/d/we-have-the-savings-if-you/6371305327.html,WE HAVE THE SAVINGS IF YOU HAVE THE TIME,810,NORMAN,3,1216,2,35.240366,-97.455211,10,800 LEXINGTON ST NORMAN OK US
6371291249,2017-11-02 16:49,https://oklahomacity.craigslist.org/apa/d/gorgeous-brand-new-home-in/6371291249.html,Gorgeous Brand New Home in The Village!!! (1712),1395,1712 Castle Street,3,1545,2,35.583500,-97.563800,22,1712 Castle Street OKC OK US
6343825963,2017-11-02 16:48,https://oklahomacity.craigslist.org/apa/d/eden-cove-apartments/6343825963.html,Eden Cove Apartments,469,,0,0,,35.460500,-97.397400,22,
6371296489,2017-11-02 16:48,https://oklahomacity.craigslist.org/apa/d/your-deposit-moves-you-in/6371296489.html,YOUR DEPOSIT MOVES YOU IN! FREE RENT UNTIL DECEMBER 1ST!,890,WESTLAKE,3,1152,2,35.483400,-97.629900,22,9717 N.W. 10th St. at N. Morgan Rd. Oklahoma City OK US
6371284562,2017-11-02 16:48,https://oklahomacity.craigslist.org/apa/d/home-sweet-home-2-bed-2-bath/6371284562.html,HOME SWEET HOME! 2 BED 2 BATH! NOVEMBER RENT HALF OFF!!!!,769,NORMAN,2,857,2,35.203767,-97.418304,10,1502 E LINDSEY ST Norman OK US
6371286208,2017-11-02 16:45,https://oklahomacity.craigslist.org/apa/d/free-rent-rent-today-pay-no/6371286208.html,"FREE RENT - RENT TODAY, PAY NO RENT UNTIL DEC 1ST!",974,,3,1600,2,35.551055,-97.630319,15,Wilshire at Lyrewood Oklahoma City OK US
6371275832,2017-11-02 16:44,https://oklahomacity.craigslist.org/apa/d/hurry-in-today-for-fall/6371275832.html,HURRY IN TODAY FOR FALL SPECIALS!!,749,Boardwalk Apartments,2,978,2,35.551349,-97.623309,10,6400 NW EXPRESSWAY OKLAHOMA CITY OK US
6371269585,2017-11-02 16:43,https://oklahomacity.craigslist.org/apa/d/1-2-off-the-rent/6371269585.html,1/2 OFF THE RENT!,599,Boardwalk Apartments,1,759,1,35.551349,-97.623309,10,6400 NW EXPRESSWAY OKLAHOMA CITY OK US
6371286511,2017-11-02 16:43,https://oklahomacity.craigslist.org/apa/d/your-deposit-moves-you-in/6371286511.html,YOUR DEPOSIT MOVES YOU IN! FREE RENT UNTIL DECEMBER 1ST! HURRY IN!,875,WESTLAKE,3,1152,2,35.483400,-97.629900,22,9717 N.W. 10th St. at N. Morgan Rd. Oklahoma City OK US
6371297369,2017-11-02 16:43,https://oklahomacity.craigslist.org/apa/d/2-bedroom-loft-renovated/6371297369.html,!!! 2 BEDROOM LOFT  RENOVATED! BEAUTIFULLY DONE!!!,900,,2,1100,2,35.570400,-97.525700,22,
6371278722,2017-11-02 16:43,https://oklahomacity.craigslist.org/apa/d/fall-specials-call-today/6371278722.html,FALL SPECIALS! - CALL TODAY!,799,Boardwalk Apartments,2,1022,2,35.551349,-97.623309,10,6400 NW EXPRESSWAY OKLAHOMA CITY OK US
6371296285,2017-11-02 16:42,https://oklahomacity.craigslist.org/apa/d/charming-2-bedroom-in-nw-okc/6371296285.html,Charming 2 bedroom in NW OKC,725,905 N. Tabor,2,795,1,35.487400,-97.574000,22,
6361108185,2017-11-02 16:42,https://oklahomacity.craigslist.org/apa/d/we-wont-rest-until-we-find/6361108185.html,WE WONT REST UNTIL WE FIND YOU A HOME,775,NORMAN,3,1216,2,35.240366,-97.455211,10,800 LEXINGTON ST NORMAN OK US
6368467266,2017-11-02 16:42,https://oklahomacity.craigslist.org/apa/d/break-away-from-apartment/6368467266.html,BREAK AWAY FROM APARTMENT LIVING,805,NORMAN,3,1216,2,35.240366,-97.455211,10,800 LEXINGTON ST NORMAN OK US
6342018350,2017-11-02 16:42,https://oklahomacity.craigslist.org/apa/d/600-move-in-something-to-be/6342018350.html,$600 move in - SOMETHING TO BE THANKFUL FOR! CHECK US OUT!!,725,Oklahoma,2,800,1,35.493156,-97.706820,20,6022 NW 23rd St  OK US
6368550274,2017-11-02 16:41,https://oklahomacity.craigslist.org/apa/d/pc-schools-2-bedroom-1-bath/6368550274.html,PC Schools - 2 bedroom 1 bath w/washer & dryer/$600 move in special,725,,2,800,1,35.483400,-97.629900,22,
6368551574,2017-11-02 16:41,https://oklahomacity.craigslist.org/apa/d/700-move-in-gated-community/6368551574.html,$700 move in - Gated Community/Washer/dryer/free internet/cable,835,,3,1200,2,35.483400,-97.629900,22,
6368589972,2017-11-02 16:41,https://oklahomacity.craigslist.org/apa/d/internet-cable-washer-dryer/6368589972.html,INTERNET CABLE WASHER DRYER GATED PC SCHOOLS/$700 move in special,835,,3,1200,2,35.483400,-97.629900,22,
6368591227,2017-11-02 16:41,https://oklahomacity.craigslist.org/apa/d/free-cable-internet-washer/6368591227.html,"FREE CABLE, INTERNET, WASHER, DRYER, GATED $700 move in",835,,3,1200,2,35.483400,-97.629900,22,
6371280783,2017-11-02 16:41,https://oklahomacity.craigslist.org/apa/d/free-rent-rent-today-pay-no/6371280783.html,"FREE RENT - RENT TODAY, PAY NO RENT UNTIL DEC 1ST!",949,,3,1455,2,35.551055,-97.630319,15,Wilshire at Lyrewood Oklahoma City OK US
6348502513,2017-11-02 16:41,https://oklahomacity.craigslist.org/apa/d/gated-washer-dryer-free/6348502513.html,GATED - WASHER/DRYER - FREE INTERNET/CABLE/$600 move in,725,,2,800,1,35.483400,-97.629900,22,
6368614379,2017-11-02 16:40,https://oklahomacity.craigslist.org/apa/d/internet-cable-washer-dryer/6368614379.html,INTERNET CABLE WASHER DRYER GATED PC SCHOOLS....$700 move in special,835,Oklahoma,3,1200,2,35.483400,-97.629900,22,
6371272517,2017-11-02 16:40,https://oklahomacity.craigslist.org/apa/d/2-bed-1-2-off-first-month/6371272517.html,2 bed - 1/2 OFF FIRST MONTH,699,Boardwalk Apartments,2,926,1.5,35.551349,-97.623309,10,6400 NW EXPRESSWAY OKLAHOMA CITY OK US
6371282744,2017-11-02 16:39,https://oklahomacity.craigslist.org/apa/d/fully-furnished-extended-stay/6371282744.html,FULLY FURNISHED EXTENDED STAY! OFF OF NW EXPWY,1450,Boardwalk Apartments,2,1022,2,35.551349,-97.623309,10,6400 NW EXPRESSWAY OKLAHOMA CITY OK US
6371287122,2017-11-02 16:35,https://oklahomacity.craigslist.org/apa/d/we-are-changing-western-oaks/6371287122.html,We are changing Western Oaks $199 Total Move In Save $450,650,7408 NW 22nd,2,826,1,35.492357,-97.643674,10,7408 nw 22nd at Rockwell Bethany OK US
6371269584,2017-11-02 16:35,https://oklahomacity.craigslist.org/apa/d/gorgeous-brand-new-home-in/6371269584.html,Gorgeous Brand New Home in The Village!!! (1716),1395,1716 Castle Street,3,1545,2,35.583500,-97.563800,22,1716 Castle Street OKC OK US
6343191062,2017-11-02 16:34,https://oklahomacity.craigslist.org/apa/d/storm-shltr-fans-storm-shltr/6343191062.html,"storm shltr, fans STORM SHLTR, 1.5 BA, 2CAR-GAR,NEAR I-40,TAFB, DWNTWN",850,"RENO & SUNNYLANE, SOONER",3,1100,1.5,35.464388,-97.430161,10,4708 CREST PL. Oklahoma City OK US
6368612637,2017-11-02 16:33,https://oklahomacity.craigslist.org/apa/d/1-bed-rooms-with-spacious/6368612637.html,1 Bed Rooms with Spacious Floor Plans!!!!!!,625,,1,700,1,35.536856,-97.601119,15,NW 63RD ST at Meridian Ave  OK US
6368613744,2017-11-02 16:33,https://oklahomacity.craigslist.org/apa/d/2-bed-1-bath-or-rent/6368613744.html,2 BED 1 BATH OR RENT !!!!!!!!,675,,2,900,1,35.536856,-97.601119,15,NW 63RD ST at Meridian Ave  OK US
6371282753,2017-11-02 16:32,https://oklahomacity.craigslist.org/apa/d/we-are-changing-western-oaks/6371282753.html,We are changing Western Oaks $199 Total Move In Save $450,550,7408 NW 22nd,1,600,1,35.492357,-97.643674,10,7408 nw 22nd at Rockwell Bethany OK US
6368615682,2017-11-02 16:32,https://oklahomacity.craigslist.org/apa/d/2-bed-2-bath-for-rent/6368615682.html,2 Bed 2 Bath FOR RENT !!!!!!!!!!!,710,,2,1000,2,35.536856,-97.601119,15,NW 63RD ST at Meridian Ave  OK US
6371262156,2017-11-02 16:31,https://oklahomacity.craigslist.org/apa/d/home-sweet-home-1-bedroom/6371262156.html,HOME SWEET HOME! 1 BEDROOM W/DRYER INSIDE! HALF OFF NOVEMBER RENT!!!,609,NORMAN,1,535,1,35.203767,-97.418304,10,1502 E LINDSEY ST Norman OK US
6371280048,2017-11-02 16:30,https://oklahomacity.craigslist.org/apa/d/200-0ff-first-months-rent/6371280048.html,!!!!!200 0FF FIRST MONTHS RENT!!!!!!,524,,1,607,1,35.407200,-97.565516,10,5901 S. May Ave. Oklahoma City OK US
6371277924,2017-11-02 16:29,https://oklahomacity.craigslist.org/apa/d/walk-to-ou-avail-now/6371277924.html,***Walk to OU!!  Avail Now...,850,703 Hardin Dr,3,1100,1,35.198255,-97.450919,5,hardin at chautauqua &amp; lindsey Norman OK US
6371275886,2017-11-02 16:27,https://oklahomacity.craigslist.org/apa/d/free-rent-rent-today-pay-no/6371275886.html,"FREE RENT - RENT TODAY, PAY NO RENT UNTIL DEC 1ST!",914,,3,1400,2,35.551055,-97.630319,15,Wilshire at Lyrewood Oklahoma City OK US
6371275499,2017-11-02 16:27,https://oklahomacity.craigslist.org/apa/d/200-0ff-first-months-rent/6371275499.html,!!!!!200 0FF FIRST MONTHS RENT!!!!!!,494,,1,527,1,35.407200,-97.565516,10,5901 S. May Ave Oklahoma City OK US
6371272094,2017-11-02 16:24,https://oklahomacity.craigslist.org/apa/d/wow-25-app-fee-25-admin-fee/6371272094.html,"WOW! $25 App Fee, $25 Admin Fee, $25 Deposit OAC, Lease Today!",948,Edmond,2,1080,2,35.638255,-97.470381,10,777 e 15th at rankin edmond OK US
6371214973,2017-11-02 16:24,https://oklahomacity.craigslist.org/apa/d/fully-furnished-corporate/6371214973.html,Fully Furnished Corporate/Extended Stay home All Bills Paid!!!!,1550,Midwest City,2,857,2,35.464124,-97.418906,10,6000 E Reno Ave Midwest City OK US
6371252930,2017-11-02 16:21,https://oklahomacity.craigslist.org/apa/d/dont-miss-this-crazy-deal-mgr/6371252930.html,DONT MISS THIS CRAZY DEAL!! MGR IS CRAZY!,839,MOORE SCHOOLS,3,0,2,35.377163,-97.455148,10,3308 SE 89TH OKC OK US
6371244554,2017-11-02 16:21,https://oklahomacity.craigslist.org/apa/d/come-see-us-today-we-can-save/6371244554.html,Come see us today!! We can save you money!,839,Moore schools,3,0,2,35.377163,-97.455148,10,3308 SE 89TH OKC OK US
6371266160,2017-11-02 16:20,https://oklahomacity.craigslist.org/apa/d/clean-and-bright-furnished-2/6371266160.html,"Clean and Bright, Furnished 2 Bedroom House in NW OKC",80,,2,1200,1.5,35.532790,-97.584398,10,3732 NW 60th at Portland Avenue Oklahoma City OK US
6340558437,2017-11-02 16:17,https://oklahomacity.craigslist.org/apa/d/efficient-apartments-near-uco/6340558437.html,Efficient Apartments near UCO ALL BILLS PAID (ELECTRICITY WIFI WATER),530,1300 E. Ayers Street,1,550,1,35.658653,-97.462854,10,1300 East Ayers Edmond OK US
6371238561,2017-11-02 16:17,https://oklahomacity.craigslist.org/apa/d/lonely-home-looking-for-you/6371238561.html,Lonely home looking for YOU!!!,839,moore schools,3,0,2,35.377163,-97.455148,10,3308 se 89th okc OK US
6371261132,2017-11-02 16:16,https://oklahomacity.craigslist.org/apa/d/zero-app-fee-zero-admin-fee/6371261132.html,"Zero App Fee, Zero Admin Fee and Zero Deposit with approved credit!!!!",699,"14140 BROADWAY EXT, EDMOND, OK 73013",2,822,2,35.623355,-97.486117,5,14140 BROADWAY EXT EDMOND OK US
6333496798,2017-11-02 16:16,https://oklahomacity.craigslist.org/apa/d/efficient-apartments-near-uco/6333496798.html,Efficient Apartments near UCO ALL BILLS PAID (ELECTRICITY WATER),530,1300 E. Ayers Street,1,550,1,35.658653,-97.462854,10,1300 East Ayers Edmond OK US
6371255781,2017-11-02 16:12,https://oklahomacity.craigslist.org/apa/d/only-one-left-1-bedroom-1/6371255781.html,ONLY ONE LEFT!  1 Bedroom/1 Bathroom.  Won't Last Long!,549,"1800 N Rockwell Ave, Bethany, OK 73008",1,673,1,35.487048,-97.637694,5,1800 N Rockwell Ave Bethany OK US
6371254936,2017-11-02 16:12,https://oklahomacity.craigslist.org/apa/d/remodeled-apartments/6371254936.html,Remodeled Apartments Available Now! Ask About a FREE Month!,729,Norman - One Mile South of Campus,1,650,1,35.184829,-97.452565,10,705 Ridgecrest Ct Norman OK US
6371254572,2017-11-02 16:11,https://oklahomacity.craigslist.org/apa/d/we-want-you-at-timberland/6371254572.html,We Want You At Timberland.,865,"Choctaw,Ok",3,1216,2,35.435143,-97.291717,10,13501 SE 29th street Choctaw OK US
6335565948,2017-11-02 16:11,https://oklahomacity.craigslist.org/apa/d/we-are-running-specials/6335565948.html,We are running specials!!!! Comfortable Studio!!!!! Call us today!,470,Oklahoma City,0,450,1,35.513558,-97.552217,10,4201 N Youngs Blvd Oklahoma City OK US
6371243476,2017-11-02 16:10,https://oklahomacity.craigslist.org/apa/d/beautifully-brand-new-pre/6371243476.html,"BEAUTIFULLY BRAND NEW, PRE-LEASE YOURS TODAY!",799,,2,975,2,35.517672,-97.547517,10,4517 N Pennsylvania Ave OKLAHOMA CITY OK US
6371251086,2017-11-02 16:09,https://oklahomacity.craigslist.org/apa/d/beautiful-single-family-house/6371251086.html,*** Beautiful Single Family House in N.W. Oklahoma City***,795,n.w. Oklahoma city,3,1100,1,35.499531,-97.575760,5,
6371238795,2017-11-02 16:07,https://oklahomacity.craigslist.org/apa/d/free-rent-rent-today-pay-no/6371238795.html,"FREE RENT - RENT TODAY, PAY NO RENT UNTIL DEC 1ST!",879,,3,1355,2,35.551055,-97.630319,15,Wilshire at Lyrewood Oklahoma City OK US
6341231650,2017-11-02 16:05,https://oklahomacity.craigslist.org/apa/d/efficient-apartments-near-uco/6341231650.html,Efficient Apartments near UCO ALL BILLS PAID (ELECTRICITY WIFI WATER),530,1300 E. Ayers Street,1,550,1,35.658653,-97.462854,10,1300 East Ayers Edmond OK US
6371228309,2017-11-02 16:03,https://oklahomacity.craigslist.org/apa/d/call-us-today-dont-miss-free/6371228309.html,Call us today!!! Dont miss Free RENT!!!,839,moore schools,3,0,2,35.377163,-97.455148,10,3308 se 89th okc OK US
6371243271,2017-11-02 16:03,https://oklahomacity.craigslist.org/apa/d/gobble-up-the-gift-of-free/6371243271.html,Gobble Up The Gift of Free Rent,599,,1,710,1,35.517672,-97.547517,10,4517 N Pennsylvania Ave OKLAHOMA CITY OK US
6371243209,2017-11-02 16:03,https://oklahomacity.craigslist.org/apa/d/stop-look-lease-2-and-3-beds/6371243209.html,"Stop, Look, Lease! 2 and 3 beds available!!!",619,,2,0,2,35.570400,-97.525700,22,
6371243043,2017-11-02 16:03,https://oklahomacity.craigslist.org/apa/d/fall-into-1-bedroom-savings/6371243043.html,"Fall into 1 Bedroom Savings, Get 2 month's Half Off",499,,1,710,1,35.517672,-97.547517,10,4517 N Pennsylvania Ave Oklahoma City OK US
6341846713,2017-11-02 16:01,https://oklahomacity.craigslist.org/apa/d/one-bedroom-apartment-near/6341846713.html,One Bedroom Apartment Near Lake Overholser,450,Bethany,1,0,1,35.512666,-97.653008,5,4102 N. Council Rd. Bethany OK US
