pid,dt,url,title,price,neighb,beds,sqft,baths,lat,lng,accuracy,address
6371319321,2017-11-02 17:00,https://omaha.craigslist.org/apa/d/you-are-going-to-love-these/6371319321.html,You are going to love these townhomes! Come in TODAY!,996,,2,1068,1.5,,,,
6371318689,2017-11-02 17:00,https://omaha.craigslist.org/apa/d/two-bedroom-low-price/6371318689.html,Two Bedroom! Low Price!,791,,1,753,1,41.168300,-96.209600,22,16889 Oakmont Dr. omaha NE US
6367863669,2017-11-02 16:58,https://omaha.craigslist.org/apa/d/professional-personexecutive/6367863669.html,professional person====executive house looking for renter,950,,6,6000,4,,,,
6371314666,2017-11-02 16:57,https://omaha.craigslist.org/apa/d/156-debra-ave/6371314666.html,156 Debra Ave,875,Plattsmouth,3,1400,1,40.999942,-95.893114,5,156 Debra Ave Plattsmouth NE US
6371304208,2017-11-02 16:57,https://omaha.craigslist.org/apa/d/come-see-our-amazing-3br-apt/6371304208.html,Come See Our AMAZING 3BR Apt. At RiverEast!,823,Council Bluffs,3,1200,2,41.221390,-95.894058,5,3201 Renner Drive Council Bluffs NE US
6371312565,2017-11-02 16:55,https://omaha.craigslist.org/apa/d/you-will-fall-in-love-with/6371312565.html,You will fall in love with this 2 Bedroom! Call today!,875,,2,988,1,41.241023,-96.028727,10,1875 S 75th st Omaha NE US
6371312209,2017-11-02 16:55,https://omaha.craigslist.org/apa/d/olde-towne-bellevue/6371312209.html,Olde Towne Bellevue,875,"2309 Washington, Bellevue 68005",3,1000,1,41.135425,-95.896434,15,Washington at 23rd Ave Bellevue NE US
6361542737,2017-11-02 16:54,https://omaha.craigslist.org/apa/d/2-bedroom-in-aksarben/6361542737.html,2 bedroom in Aksarben available soon! Call now and don't miss out!,875,,2,988,1,41.242175,-96.027632,5,1875 S 75th St Omaha NE US
6371310789,2017-11-02 16:54,https://omaha.craigslist.org/apa/d/your-new-home-is-waiting-for/6371310789.html,Your New Home Is Waiting For You!,850,City View,2,0,1,41.253136,-95.944743,10,604 s 22nd st omaha NE US
6371309861,2017-11-02 16:53,https://omaha.craigslist.org/apa/d/3-bedroom-available-soon-in/6371309861.html,3 bedroom available soon in Aksarben! Call today before it's gone!,1125,,3,1088,2,41.241023,-96.028727,10,1875 S 75th st Omaha NE US
6371308357,2017-11-02 16:52,https://omaha.craigslist.org/apa/d/save-500-for-the-holidays-250/6371308357.html,SAVE $500 for The Holidays!! $250 off November AND December!,870,District 66,2,1250,2,41.231238,-96.054137,5,2940 Paddock PlazaÂ  Omaha NE US
6371306324,2017-11-02 16:50,https://omaha.craigslist.org/apa/d/move-in-ready-2-bedroom-call/6371306324.html,MOVE IN READY 2 Bedroom!! Call Me ASAP!!,750,401 Chateau Drive,2,900,1.5,41.157227,-95.920874,10,401 Chateau Drive Bellevue NE US
6371305950,2017-11-02 16:50,https://omaha.craigslist.org/apa/d/amazing-views-no-matter-were/6371305950.html,Amazing Views No Matter Were You Look!,640,City View,1,0,1,41.253136,-95.944743,10,604 s 22nd st omaha NE US
6371305006,2017-11-02 16:49,https://omaha.craigslist.org/apa/d/rake-in-the-savings-free-rent/6371305006.html,Rake in the savings! Free rent all November!,665,Georgetowne Apartments,1,720,1,41.239293,-96.135818,5,2222 South 142nd CourtÂ  at Arbor Street Omaha NE US
6371304833,2017-11-02 16:49,https://omaha.craigslist.org/apa/d/fall-in-love-with-benson/6371304833.html,FALL IN LOVE WITH BENSON LIGHTS APARTMENTS!,1295,Benson,2,1031,2,41.264700,-95.963900,22,3030 Omaha NE US
6371300867,2017-11-02 16:46,https://omaha.craigslist.org/apa/d/controlled-access-buildings/6371300867.html,"☆ Controlled Access Buildings, Stunning Lake Views , Cozy Fireplaces",1310,"14707 F Street, Omaha, NE 68137",3,0,2,41.219558,-96.141915,5,14707 F Street Omaha NE US
6371297181,2017-11-02 16:43,https://omaha.craigslist.org/apa/d/bigger-really-is-better/6371297181.html,Bigger Really Is Better! Massive Studios Open Now!,560,City View,1,0,1,41.253136,-95.944743,10,604 s 22nd st omaha NE US
6371293935,2017-11-02 16:41,https://omaha.craigslist.org/apa/d/2-bed-1-bath-on-site/6371293935.html,"2 Bed 1 Bath - On-Site Management, Playground",769,"3022 1/2 North 97th St., Omaha, NE 68134",2,1000,1,41.294900,-96.054600,5,3022 1/2 North 97th St.Â  Omaha NE US
6371285944,2017-11-02 16:40,https://omaha.craigslist.org/apa/d/99-dollar-deposit/6371285944.html,99 DOLLAR DEPOSIT,725,10505 EVANS PLZ,2,0,2,,,,
6371293675,2017-11-02 16:40,https://omaha.craigslist.org/apa/d/move-in-before-the-cold/6371293675.html,Move in Before The Cold Weather Dose! 1 Bedrooms Ready Now!,670,city view,1,0,1,41.253136,-95.944743,10,604 s 22nd st omaha NE US
6371289057,2017-11-02 16:37,https://omaha.craigslist.org/apa/d/guest-house-and-monthly/6371289057.html,Guest house and monthly salary for the right girl,1,,3,0,1.5,,,,
6371281458,2017-11-02 16:31,https://omaha.craigslist.org/apa/d/14109-tregaron-ridge-ave/6371281458.html,14109-A Tregaron Ridge Ave,1350,Bellevue,2,1790,2.5,41.105096,-95.948120,5,14109-A Tregaron Ridge Ave Bellevue NE US
6371275317,2017-11-02 16:27,https://omaha.craigslist.org/apa/d/are-you-ready/6371275317.html,Are you READY????,875,11025 M Street,1,900,2,41.207500,-96.114700,22,
6353877945,2017-11-02 16:23,https://omaha.craigslist.org/apa/d/one-month-free-when-moved-in/6353877945.html,ONE MONTH FREE when Moved in by Oct. 31! Call Flatiron Today!,1049,Downtown/Creighton/UNMC/Old Market,1,625,1,41.259000,-95.940900,5,1722 St. Mary's Avenue Omaha NE US
6371265455,2017-11-02 16:19,https://omaha.craigslist.org/apa/d/2-bedroom-available-now/6371265455.html,2 Bedroom Available NOW!!,855,,2,900,2,41.261600,-95.825100,22,
6371260275,2017-11-02 16:16,https://omaha.craigslist.org/apa/d/two-bedroom-walk-out-patio/6371260275.html,Two Bedroom Walk Out Patio,729,Bellevue,2,875,1,41.145570,-95.912189,5,Buck Dr at Galvin Rd Bellevue NE US
6371223871,2017-11-02 16:12,https://omaha.craigslist.org/apa/d/1-bed-apt-475-all-utilities/6371223871.html,1 bed apt $475 all utilities included,475,Missouri Valley Ia,0,0,,41.564400,-95.891300,22,113 N 7th Missouri Valley Ia NE US
6371254758,2017-11-02 16:12,https://omaha.craigslist.org/apa/d/maple-view-apartments-99/6371254758.html,Maple View Apartments-  $99 Deposit and 1/2 off Novembers rent,747,3625 N 104th Avenue,2,850,1,41.294900,-96.054600,22,
6368261566,2017-11-02 16:10,https://omaha.craigslist.org/apa/d/washer-dryer-hookups/6368261566.html,"֍ Washer & Dryer Hookups, Controlled Access Entry",700,2716 S. 24th St Omaha NE,2,800,1,41.234138,-95.947030,10,2716 S 24th ST Omaha NE US
6368255729,2017-11-02 16:09,https://omaha.craigslist.org/apa/d/historic-building-washer/6368255729.html,"❄ Historic Building, Washer & Dryer Hookups 2 Months / OFF",700,4352 S. 39th Ave,2,900,1,41.216719,-95.971234,10,4352 S 39th St Omaha NE US
6371251526,2017-11-02 16:09,https://omaha.craigslist.org/apa/d/washer-dryer-hookups-historic/6371251526.html,"♥  Washer & Dryer Hookups, Historic Building",700,4352 S. 39th Ave,2,900,1,41.216719,-95.971234,10,4352 S 39th St Omaha NE US
6371249330,2017-11-02 16:08,https://omaha.craigslist.org/apa/d/move-in-ready-come-tour-today/6371249330.html,"Move in ready, Come tour today!",840,"Northwest Omaha, Elkhorn",1,807,1,41.288819,-96.189635,5,17551 Pinkney Plaza Omaha NE US
6371248742,2017-11-02 16:07,https://omaha.craigslist.org/apa/d/controlled-access-entry/6371248742.html,"☆ Controlled Access Entry, Washer & Dryer Hookups",700,2716 S. 24th St Omaha NE,2,800,1,41.234138,-95.947030,10,2716 S 24th ST Omaha NE US
6371247124,2017-11-02 16:06,https://omaha.craigslist.org/apa/d/special-open-until-600-pm/6371247124.html,Craigslist Special  - open until 6:00 PM - available November 8th,628,120th and Center,1,0,1,41.233500,-96.118800,0,
6371246214,2017-11-02 16:05,https://omaha.craigslist.org/apa/d/dont-miss-out-on-this/6371246214.html,Don't Miss Out On This Spacious Three Bedroom!,981,401 Chateau Drive,3,1050,2,41.157227,-95.920874,10,401 Chateau Drive Bellevue NE US
6371241677,2017-11-02 16:02,https://omaha.craigslist.org/apa/d/we-love-pets-get-half-off/6371241677.html,We love pets! Get HALF off NOVEMBER RENT NOW!,996,Omaha,2,1068,1.5,,,,
6367272377,2017-11-02 16:02,https://omaha.craigslist.org/apa/d/huge-two-bedroom-available/6367272377.html,☀ HUGE Two Bedroom Available With November Rent Waived! Call Us Today!,1195,Hillsborough,2,1267,2,41.284646,-96.121469,5,4804 North 133rd Plaza at 132nd Street Omaha NE US
6349646015,2017-11-02 16:02,https://omaha.craigslist.org/apa/d/two-never-lived-in-units-left/6349646015.html,"Two, Never Lived In Units Left! Come Take A Look At These Today!",1195,Hillsborough,2,1267,2,41.284646,-96.121469,5,4804 North 133rd Plaza at 132nd Street Omaha NE US
6359715243,2017-11-02 16:02,https://omaha.craigslist.org/apa/d/two-bedrooms-with-elevators/6359715243.html,"Two Bedrooms With Elevators, 24 Hour Fitness Center, Resident Events!",1195,Hillsborough,2,1267,2,41.284646,-96.121469,5,4804 North 133rd Plaza at 132nd Street Omaha NE US
6349236168,2017-11-02 16:01,https://omaha.craigslist.org/apa/d/free-rent-what-else-could-you/6349236168.html,FREE RENT! What Else Could You Ask For! We Have Units Available Today,1195,Hillsborough,2,1267,2,41.284646,-96.121469,5,4804 North 133rd Plaza at 132nd Street Omaha NE US
6332507189,2017-11-02 16:01,https://omaha.craigslist.org/apa/d/one-month-free-on-all-two/6332507189.html,One Month FREE On All Two Bedroom Units! Call While This Special Lasts,1195,Hillsborough,2,1267,2,41.284646,-96.121469,5,4804 North 133rd Plaza at 132nd Street Omaha NE US
6332507189,2017-11-02 16:01,https://omaha.craigslist.org/apa/d/one-month-free-on-all-two/6332507189.html,One Month FREE On All Two Bedroom Units! Call While This Special Lasts,1195,Hillsborough,2,1267,2,41.284646,-96.121469,5,4804 North 133rd Plaza at 132nd Street Omaha NE US
6357690404,2017-11-02 16:01,https://omaha.craigslist.org/apa/d/doggy-bark-park-elevator-and/6357690404.html,"♥ Doggy Bark Park, Elevator,  and NEW!",1350,"4804 North 133rd Plaza, Omaha, NE 68164",2,1267,2,41.284646,-96.121469,5,4804 North 133rd Plaza Omaha NE US
