pid,dt,url,title,price,neighb,beds,sqft,baths,lat,lng,accuracy,address
6371234496,2017-11-02 16:57,https://onslow.craigslist.org/apa/d/move-into-this-spacious-3/6371234496.html,Move into this spacious 3 Bedroom and save $300!,964,Arlington West,3,1378,2,34.774000,-77.378100,22,
6371230870,2017-11-02 16:54,https://onslow.craigslist.org/apa/d/move-into-our-1-bedroom/6371230870.html,Move into our 1 bedroom Corporate Suite and bring your suitcase!,1579,Arlington West,1,859,1,34.774000,-77.378100,22,
6371229591,2017-11-02 16:53,https://onslow.craigslist.org/apa/d/lease-our-gorgeous-2-bedroom/6371229591.html,Lease our gorgeous 2 Bedroom 2 Bathroom resort style apartment today!,874,Arlington West,2,1275,2,34.774000,-77.378100,22,
6371227877,2017-11-02 16:52,https://onslow.craigslist.org/apa/d/get-settled-into-this-3/6371227877.html,Get settled into this 3 Bedroom just in time for fall!,964,Arlington West,3,1378,2,34.774000,-77.378100,22,
6354824495,2017-11-02 16:46,https://onslow.craigslist.org/apa/d/topsail-cottage-apt-utilities/6354824495.html,Topsail Cottage Apt - Utilities Included,995,north topsail beach,1,800,1,34.467276,-77.474347,10,6703 13th Ave at Island Drive North Topsail Beach NC US
6371173556,2017-11-02 16:15,https://onslow.craigslist.org/apa/d/prices-have-fallen-two/6371173556.html,Prices Have FALLEN!!!! Two Bedroom One Bath!,561,"Jacksonville, NC",2,825,1,34.764463,-77.423285,10,318 Richlands Ave Jacksonville NC US
6362181789,2017-11-02 16:12,https://onslow.craigslist.org/apa/d/check-out-this-town-home/6362181789.html,Check out this Town Home!,895,Jacksonville,3,0,3,34.774000,-77.378100,22,278 Caldwell Loop Jacksonville NC US
6362236895,2017-11-02 16:12,https://onslow.craigslist.org/apa/d/pcsing-soon/6362236895.html,PCSing Soon?,750,Jacksonville,3,0,2,34.759262,-77.382083,10,300 Western Boulevard Jacksonville NC US
6368550968,2017-11-02 16:11,https://onslow.craigslist.org/apa/d/no-carpet-and-super-cute/6368550968.html,No Carpet and Super Cute!!,650,Jacksonville,2,0,2,34.737500,-77.462800,22,109 creekview drive Jacksonville NC US
6362211988,2017-11-02 16:11,https://onslow.craigslist.org/apa/d/almost-new-4-bedroom/6362211988.html,Almost New 4 Bedroom,1245,Hubert,4,0,2.5,34.699300,-77.207900,22,500 Riggs Road Hubert NC US
6350860845,2017-11-02 16:10,https://onslow.craigslist.org/apa/d/mainstream-out-with-the-old/6350860845.html,MAINSTREAM OUT with the OLD ~ IN with the NEW!!!!,945,No Bank Qualifying,0,1320,,39.143200,-84.521700,22,
