pid,dt,url,title,price,neighb,beds,sqft,baths,lat,lng,accuracy,address
6359043741,2017-11-02 16:42,https://orangecounty.craigslist.org/apa/d/1-month-free-rent-act-fast-22/6359043741.html,1 Month Free Rent!!! Act Fast!!! 2+2  Available NOW!!,1899,Garden Grove,2,925,2,33.780487,-117.932128,10,12575 Ninth St. Garden Grove CA US
6366993133,2017-11-02 16:42,https://orangecounty.craigslist.org/apa/d/32-available-11-1-lease-now/6366993133.html,3+2 Available 11/1!! Lease NOW!!,2456,Garden Grove- Emerald Ridge,3,1050,2,33.780211,-117.933353,10,"12575 9th street at Lamson &amp; 9th, College &amp; 8th Garden Grove CA US"
6360429081,2017-11-02 16:42,https://orangecounty.craigslist.org/apa/d/free-rent-take-possession-by/6360429081.html,FREE RENT!!! TAKE POSSESSION BY 11/4!!!! Spacious 2+2 ACT FAST!,1899,Garden Grove,2,925,2,33.780487,-117.932128,10,12575 Ninth Street Garden Grove CA US
6350271777,2017-11-02 16:42,https://orangecounty.craigslist.org/apa/d/bad-credit-want-free-rent-22/6350271777.html,Bad Credit?  Want Free Rent?? 2+2 Available NOW!!!,1899,Garden Grove,2,925,2,33.780487,-117.932128,10,12575 Ninth st. Garden Grove CA US
6371436838,2017-11-02 16:42,https://orangecounty.craigslist.org/apa/d/2-bed-2-bath-starting-from/6371436838.html,2 Bed/2 Bath - Starting from $2556,2556,"385 South Manchester Ave, Orange, CA 92868",2,978,2,33.786596,-117.892011,5,385 South Manchester Ave Orange CA US
6371436652,2017-11-02 16:41,https://orangecounty.craigslist.org/apa/d/top-floor-one-bedroom-within/6371436652.html,"Top Floor One Bedroom Within Walking Distance From Shops, Restaurants!",1550,,1,750,1,33.794656,-117.913196,5,
6371412991,2017-11-02 16:41,https://orangecounty.craigslist.org/apa/d/our-deals-are-scream/6371412991.html,Our deals are a scream,1450,Santa Ana,2,0,1,33.752939,-117.860971,10,810 N. Garfield St Santa Ana CA US
6371435629,2017-11-02 16:40,https://orangecounty.craigslist.org/apa/d/no-application-fees-apply-for/6371435629.html,NO APPLICATION FEES!!! Apply for FREE!,1401,Corona,0,0,,33.841900,-117.604300,22,
6371421532,2017-11-02 16:40,https://orangecounty.craigslist.org/apa/d/corner-unit-available-for-pre/6371421532.html,Corner Unit Available for Pre-Lease.  Best Rate Ever! Don't Miss This!,2448,,3,1281,2.5,33.886141,-117.966118,10,2341 Daphne Place Fullerton CA US
6371429346,2017-11-02 16:40,https://orangecounty.craigslist.org/apa/d/top-of-the-line-2-bedroom/6371429346.html,Top of the line 2 bedroom,2386,Fullerton,2,1048,2,33.873848,-117.920029,10,229 E Commonwealth Ave Fullerton CA US
6371434246,2017-11-02 16:39,https://orangecounty.craigslist.org/apa/d/deerfield-apartment-homes/6371434246.html,"Deerfield Apartment Homes, Laundry Facility On Site, Oversized Patios",1860,Irvine,1,750,1,33.693232,-117.797789,10,3 Bear Paw Irvine CA US
6371434068,2017-11-02 16:39,https://orangecounty.craigslist.org/apa/d/comfort-and-convenience/6371434068.html,"Comfort and Convenience, Mediterranean Paradise, Garden Patio",2120,Irvine,1,696,1,33.675805,-117.833650,10,100 Ambazar Irvine CA US
6371408554,2017-11-02 16:38,https://orangecounty.craigslist.org/apa/d/2-bedroom-with-2-bath-cypress/6371408554.html,2 bedroom with 2 bath Cypress Monterey Condo,2050,Cypress,2,947,2,33.817858,-118.031921,10,5769 Laguna Cypress CA US
6371432487,2017-11-02 16:38,https://orangecounty.craigslist.org/apa/d/visit-your-new-home-modern/6371432487.html,"Visit Your New Home, Modern Amenities, Resort Style Amenities",2515,Irvine,2,942,2,33.675805,-117.833650,10,100 Ambazar Irvine CA US
6371431335,2017-11-02 16:37,https://orangecounty.craigslist.org/apa/d/additional-rentable-storage/6371431335.html,"Additional rentable storage, Gourmet kitchens, Controlled access",2508,"Anaheim, CA",2,1276,2,33.801546,-117.888107,5,
6371431096,2017-11-02 16:36,https://orangecounty.craigslist.org/apa/d/call-today-for-amazing-prices/6371431096.html,Call Today For AMAZING Prices!!!,1695,"28032 Marguerite Parkway, Mission Viejo, CA 92692",1,650,1,33.554701,-117.668289,5,28032 Marguerite Parkway Mission Viejo CA US
6371430238,2017-11-02 16:36,https://orangecounty.craigslist.org/apa/d/1-bd-1-ba-contemporary/6371430238.html,"1 bd + 1 ba,  Contemporary kitchen,  Under-cabinet lighting",2185,"385 South Manchester Ave, Orange, CA 92868",1,802,1,33.786596,-117.892011,5,385 South Manchester Ave Orange CA US
6334309087,2017-11-02 16:35,https://orangecounty.craigslist.org/apa/d/move-into-quiet-gated-complex/6334309087.html,Move into a Quiet Gated Complex! Villa del Sol 1 bdrm on Special!!!,1320,Anaheim about a mile from Knotts,1,700,1,33.831915,-117.986042,10,2828 W. Lincoln Ave Anaheim CA US
6371405996,2017-11-02 16:34,https://orangecounty.craigslist.org/apa/d/look-no-further-everything-is/6371405996.html,Look no further-everything is brand new! Beautifully remodeled 2BR/2BA,3300,LAGUNA BEACH,2,1050,2,33.542900,-117.781300,22,222 ARCH ST. LAGUNA BEACH CA US
6371428306,2017-11-02 16:34,https://orangecounty.craigslist.org/apa/d/feel-at-home-in-this-2bed/6371428306.html,Feel At Home in this 2Bed/1.5Bath in Huntington Beach!!!,1925,6762 Warner Avenue,2,820,1.5,33.715117,-118.009958,10,6762 Warner Avenue Huntington Beach CA US
6371428215,2017-11-02 16:34,https://orangecounty.craigslist.org/apa/d/spectacular-upgrated-senior-1/6371428215.html,Spectacular Upgrated Senior 1 Bedrm 1 Bath Available Nov. 5th,1565,Garden Grove,1,525,1,33.785416,-118.028795,10,12200 Valley View Street Garden Grove CA US
6371411788,2017-11-02 16:34,https://orangecounty.craigslist.org/apa/d/our-fall-deal/6371411788.html,Our Fall Deal,2295,Huntington Beach,1,0,1.5,33.715552,-118.044395,10,16941 Hoskins Ln Huntington Beach CA US
6371427968,2017-11-02 16:33,https://orangecounty.craigslist.org/apa/d/application-fees-wavied-expire/6371427968.html,Application Fees WAVIED!!! (expire 11/06/2017),1396,Corona,0,0,,33.841900,-117.604300,22,
6371420159,2017-11-02 16:33,https://orangecounty.craigslist.org/apa/d/we-have-the-home-for-you-and/6371420159.html,We Have The Home For You And Your Furry Friend! Pets OK!,2050,Anaheim Hills,2,995,2,33.864151,-117.792664,5,5601 East Orangethorpe Ave.Â  Anaheim Hills CA US
6371418952,2017-11-02 16:33,https://orangecounty.craigslist.org/apa/d/the-coolest-studio-ever/6371418952.html,The coolest studio ever,1875,Fullerton,0,662,1,33.870114,-117.921407,10,229 E Commonwealth Ave Fullerton CA US
6371400586,2017-11-02 16:33,https://orangecounty.craigslist.org/apa/d/your-needs-are-unique/6371400586.html,Your Needs Are Unique,1275,Fullerton,1,0,1,33.860014,-117.937793,15,1100 W. Porter Ave Fullerton CA US
6371426970,2017-11-02 16:33,https://orangecounty.craigslist.org/apa/d/attached-garage-huge-balcony/6371426970.html,"Attached Garage, Huge Balcony, Hard Wood Flooring and More!!",1995,,1,778,1,33.658442,-117.686362,5,25421 Alta Loma Lake Forest CA US
6371396670,2017-11-02 16:32,https://orangecounty.craigslist.org/apa/d/look-no-further-everything-is/6371396670.html,Look no further-everything is brand new! Beautifully remodeled 2BR/2BA,3950,LAGUNA BEACH,2,975,2,33.524921,-117.766050,10,222 ARCH ST LAGUNA BEACH CA US
6371426007,2017-11-02 16:32,https://orangecounty.craigslist.org/apa/d/4bd-2ba-in-excellent/6371426007.html,4BD/2BA in excellent Huntington Beach neighborhood,3650,16121 Windemeir Lane,4,1650,2,33.726817,-118.010693,15,Windemeir at Lennox Huntington Beach CA US
6371404900,2017-11-02 16:31,https://orangecounty.craigslist.org/apa/d/look-no-further-everything-is/6371404900.html,Look no further-everything is brand new! Beautifully remodeled 2BR/2BA,3300,LAGUNA BEACH,2,1050,2,33.542900,-117.781300,22,222 ARCH ST. LAGUNA BEACH CA US
6371425673,2017-11-02 16:31,https://orangecounty.craigslist.org/apa/d/2-bedroom-balcony-view-of/6371425673.html,2 bedroom w balcony-view of park-laundry-55+ community w pool+spa!,1905,Ladera Ranch,2,757,1,33.564999,-117.633533,5,
6371425520,2017-11-02 16:31,https://orangecounty.craigslist.org/apa/d/thoughtfully-designed-for/6371425520.html,Thoughtfully designed for comfort and convenience!,2448,Fairview Park,2,1350,2.5,33.680100,-117.908500,22,
6371425129,2017-11-02 16:31,https://orangecounty.craigslist.org/apa/d/dealsdealsdealsunbeatable/6371425129.html,DEALS!DEALS!DEALS!UNBEATABLE DEALS HERE AT VILLA VIENTO IN TUSTIN,2060,TUSTIN,2,0,1,33.745917,-117.826188,10,345 West First Street Tustin CA US
6371424872,2017-11-02 16:31,https://orangecounty.craigslist.org/apa/d/key-west-house-availablefor/6371424872.html,Key West house available 03/2018 for displaced hurricane residents,1,Watson St.,5,2500,3.5,,,,
6371424670,2017-11-02 16:30,https://orangecounty.craigslist.org/apa/d/35000-off-immediate-move-in/6371424670.html,$350.00 Off Immediate Move In Beautiful Upstairs Apt With Open Concept,1605,Westminister,1,775,1,33.752400,-117.993900,22,14221 Edwards St Westminster Blvd CA US
6371424202,2017-11-02 16:30,https://orangecounty.craigslist.org/apa/d/fall-pecials-ave-you-money/6371424202.html,Fall $pecials $ave you MONEY!!,2022,"Orange, Santa Ana, Tustin, Costa Mesa, Anaheim",1,750,1,33.772049,-117.851694,7,1300 E. Fairhaven Ave Santa Ana CA US
6371418680,2017-11-02 16:30,https://orangecounty.craigslist.org/apa/d/apply-move-in-today/6371418680.html,APPLY & MOVE IN TODAY!!,1605,Laguna Hills,1,750,1,33.596969,-117.698751,10,25211 Stockport St. Laguna Hills CA US
6371414740,2017-11-02 16:29,https://orangecounty.craigslist.org/apa/d/take-advantage-of-this/6371414740.html,"Take Advantage of this Amazing Offer! 1 bed, 1 Bath!",1568,Santa Ana,1,631,1,33.744408,-117.925841,10,4200 W. First Street Santa Ana CA US
6371423044,2017-11-02 16:29,https://orangecounty.craigslist.org/apa/d/fantastic-weekend-special/6371423044.html,Fantastic Weekend Special! Beautiful 1 Bedroom Apt. Ready for you!!,1603,La Habra,1,600,1,33.928038,-117.959095,10,360 Idaho Street La Habra CA US
6371422656,2017-11-02 16:29,https://orangecounty.craigslist.org/apa/d/fantastic-weekend-special/6371422656.html,Fantastic Weekend Special! Beautiful 1 Bedroom Apt. Ready for you!!,1603,La Habra,1,600,1,33.928038,-117.959095,10,360 Idaho Street La Habra CA US
6371422576,2017-11-02 16:28,https://orangecounty.craigslist.org/apa/d/1-bed-1-bath-apt-large/6371422576.html,1 Bed 1 Bath Apt W/ Large Private Patio + $500 Off Move In Rent!!!,1675,Mission Viejo,1,700,1,33.614400,-117.643300,22,
6371394134,2017-11-02 16:28,https://orangecounty.craigslist.org/apa/d/look-no-further-everything-is/6371394134.html,Look no further-everything is brand new! Beautifully remodeled 2BR/2BA,3210,LAGUNA BEACH,2,925,1,33.524921,-117.766050,10,222 ARCH STREET LAGUNA BEACH CA US
6371421856,2017-11-02 16:28,https://orangecounty.craigslist.org/apa/d/large-kitchen-2x2-apartment/6371421856.html,Large Kitchen 2x2 Apartment at a GREAT price!,2278,Anaheim,2,1038,2,33.855448,-117.841290,10,3530 E. La Palma Avenue Anaheim CA US
6371421775,2017-11-02 16:28,https://orangecounty.craigslist.org/apa/d/move-in-specials-available-on/6371421775.html,Move In Specials Available On Selected One Bedroom Apartment!,1705,Ladera Ranch,1,658,1,33.555950,-117.643737,22,
6371421642,2017-11-02 16:28,https://orangecounty.craigslist.org/apa/d/application-fees-wavied-expire/6371421642.html,Application Fees WAVIED!!! (expire 11/06/2017),1520,Corona,0,0,,33.841900,-117.604300,22,
6371410427,2017-11-02 16:27,https://orangecounty.craigslist.org/apa/d/one-fine-place/6371410427.html,One fine place,1375,Westminster,1,0,1,33.758115,-118.008493,10,14071 Rondeau St Westminster CA US
6371411143,2017-11-02 16:27,https://orangecounty.craigslist.org/apa/d/youll-notice-when-you-come/6371411143.html,You'll Notice When You Come And Visit,3600,Irvine,2,0,2.5,33.660700,-117.826400,22,39 Waldorf Irvine CA US
6371407830,2017-11-02 16:27,https://orangecounty.craigslist.org/apa/d/look-no-further-everything-is/6371407830.html,Look no further-everything is brand new! Beautifully remodeled 2BR/2BA,3210,LAGUNA BEACH,2,925,1,33.524921,-117.766050,10,222 ARCH STREET LAGUNA BEACH CA US
6371413542,2017-11-02 16:26,https://orangecounty.craigslist.org/apa/d/lavish-living-minutes-to/6371413542.html,"Lavish Living, Minutes to Beaches, Easy Access to I5 and 405",1940,Irvine,1,724,1,33.691209,-117.759878,10,100 Grand Canal Irvine CA US
6343131198,2017-11-02 16:26,https://orangecounty.craigslist.org/apa/d/vibrant-gardens-and-hardwood/6343131198.html,Vibrant Gardens and Hardwood-style Floor on Special! Apt. 343!!!,1530,in Anaheim about a mile from Knotts,2,880,1,33.831915,-117.986042,10,2828 W. Lincoln Ave Anaheim CA US
6371419574,2017-11-02 16:26,https://orangecounty.craigslist.org/apa/d/brand-new-remodeled-cottage/6371419574.html,"Brand new remodeled ""Cottage-Style"" three bedroom apt w/gar, w&d!",2800,Orange,3,1080,2,33.812316,-117.852890,10,1491 N Glassell Street Orange CA US
6371418966,2017-11-02 16:25,https://orangecounty.craigslist.org/apa/d/asap-move-in-500-off-waive/6371418966.html,"ASAP MOVE IN = 500 Off, Waive Apps, ½ Off Deposit On Approved Credit!",2095,Dana Point / Laguna Beach,2,956,2,33.478336,-117.715853,10,23671 Mariner Drive Dana Point CA US
6371392958,2017-11-02 16:25,https://orangecounty.craigslist.org/apa/d/look-no-further-everything-is/6371392958.html,Look no further-everything is brand new! Beautifully remodeled 2BR/2BA,3300,LAGUNA BEACH,2,1050,2,33.542900,-117.781300,22,222 ARCH ST. LAGUNA BEACH CA US
6371401250,2017-11-02 16:24,https://orangecounty.craigslist.org/apa/d/heres-were-you-want-to-be/6371401250.html,Here's were you want to be,1345,Santa Ana,1,0,1,33.766398,-117.869789,10,2230 N. Broadway St Santa Ana CA US
6371409228,2017-11-02 16:24,https://orangecounty.craigslist.org/apa/d/brea-townhouse-style/6371409228.html,Brea Townhouse Style Apartments,1895,Brea,2,875,1.5,,,,
6371417630,2017-11-02 16:24,https://orangecounty.craigslist.org/apa/d/close-to-shopping-dining-and/6371417630.html,"Close to Shopping, Dining and Entertainment, Reserved Carport",1675,La Habra/Fullerton/Brea,1,925,1,33.914213,-117.932894,20,1301 Las Riendas Dr. La Habra CA US
6370068680,2017-11-02 16:24,https://orangecounty.craigslist.org/apa/d/brand-new-remodeled-cottage/6370068680.html,"Brand new remodeled ""Cottage-Style"" apt w/gar, w&d - $1000 OFF M-I",2250,Orange,2,1080,2,33.812316,-117.852890,10,1491 N Glassell Street Orange CA US
6371408577,2017-11-02 16:23,https://orangecounty.craigslist.org/apa/d/look-no-further-everything-is/6371408577.html,Look no further-everything is brand new! Beautifully remodeled 2BR/2BA,3300,LAGUNA BEACH,2,1050,2,33.542900,-117.781300,22,222 ARCH ST. LAGUNA BEACH CA US
6371409260,2017-11-02 16:22,https://orangecounty.craigslist.org/apa/d/look-no-further-everything-is/6371409260.html,Look no further-everything is brand new! Beautifully remodeled 2BR/2BA,4995,LAGUNA BEACH,2,925,1,33.524921,-117.766050,10,222 ARCH ST Laguna Beach CA US
6371410030,2017-11-02 16:22,https://orangecounty.craigslist.org/apa/d/move-in-specials-save-100/6371410030.html,MOVE IN SPECIALS SAVE $100 RENT FOR 6 MONTHS,1540,FULLERTON,1,800,1,33.892510,-117.879100,20,1942 N DEERPARK DRIVE FULLERTON CA US
6371415188,2017-11-02 16:22,https://orangecounty.craigslist.org/apa/d/application-fees-waived-exp/6371415188.html,Application fees WAIVED (exp. 11/06/17),1728,Corona,0,0,,33.841900,-117.604300,22,
6371415023,2017-11-02 16:22,https://orangecounty.craigslist.org/apa/d/two-bed-one-bath-ready-now/6371415023.html,Two Bed-One Bath Ready NOW! Discounts Available/MOVE IN SPECIALS!,1800,,2,0,1,33.731647,-117.825908,10,1201 se walnut tustin CA US
6371395338,2017-11-02 16:21,https://orangecounty.craigslist.org/apa/d/community-is-conveniently/6371395338.html,Community is conveniently close to the 5 and 91 Freeways,1705,Anaheim,2,0,1,33.842800,-117.954600,22,
6342046156,2017-11-02 16:21,https://orangecounty.craigslist.org/apa/d/2bed-1bathopen-house-sat-10/6342046156.html,*2bed 1bath*OPEN HOUSE SAT 10-3PM*READY TO MOVE IN*POOL*GYM*CALL US,1799,"Tustin, Santa Ana",2,900,1,33.765074,-117.834068,10,2010 Ponderosa St. Santa Ana CA US
6351521757,2017-11-02 16:21,https://orangecounty.craigslist.org/apa/d/large-775sq-ft/6351521757.html,*LARGE 775SQ FT 1BEDROOM*CENTRAL A/C*UPSTAIRS*GREAT SUNLIGHT*$300 OFF,1595,"Tustin, Santa Ana",1,775,1,33.765074,-117.834068,10,2010 Ponderosa St. Santa Ana CA US
6360489092,2017-11-02 16:21,https://orangecounty.craigslist.org/apa/d/large-1bed775sq-ft-2-closets/6360489092.html,*LARGE 1BED(775SQ FT) 2 CLOSETS IN BEDROOM*PATIO*DOWNSTAIRS*RENOVATED*,1625,"Tustin, Santa Ana",1,775,1,33.765188,-117.834084,10,2002 Ponderosa St. Orange CA US
6354030192,2017-11-02 16:21,https://orangecounty.craigslist.org/apa/d/large-1bedget-octobers-rent/6354030192.html,*LARGE 1BED*GET OCTOBERS RENT FREE*CENTRAL A/C*GYM*POOL*GATED ENTRY*,1595,"Tustin, Santa Ana",1,775,1,33.765074,-117.834068,10,2010 Ponderosa St. Santa Ana CA US
6332353786,2017-11-02 16:21,https://orangecounty.craigslist.org/apa/d/beautiful-1-bedroom-1-bath/6332353786.html,"Beautiful 1 Bedroom, 1 Bath $1399 with 12 month lease!",1399,"Fullerton, CA",1,563,1,33.888914,-117.883892,10,
6368285271,2017-11-02 16:21,https://orangecounty.craigslist.org/apa/d/large-1bednew/6368285271.html,*LARGE 1BED*NEW CARPET*RENOVATED*BY 55FREEWAY*POOL*GYM*!,1645,"Tustin, Santa Ana",1,775,1,33.765074,-117.834068,10,2010 Ponderosa St. Santa Ana CA US
6348426265,2017-11-02 16:20,https://orangecounty.craigslist.org/apa/d/large-2bed-1bathrenovated/6348426265.html,*LARGE 2BED 1BATH*RENOVATED & READY TO MOVE IN* $300 OFF*DEP ONLY $600,1795,"Tustin, Santa Ana",2,900,1,33.765074,-117.834068,10,2010 Ponderosa St.  CA US
6343219525,2017-11-02 16:20,https://orangecounty.craigslist.org/apa/d/large-2bed/6343219525.html,*LARGE 2BED 1BATH*UPSTAIRS*RENOVATED*NEW CARPET*RENOVATED*$300 OFF!,1799,"Tustin, Santa Ana",2,900,1,33.765074,-117.834068,10,2010 Ponderosa St.  CA US
6371411867,2017-11-02 16:19,https://orangecounty.craigslist.org/apa/d/outdoor-fireplaces-luxury/6371411867.html,"Outdoor Fireplaces, Luxury Living, Poolside Cabanas",2770,Costa Mesa,2,935,2,33.691797,-117.875311,10,400 Enclave Circle Costa Mesa CA US
6361935221,2017-11-02 16:19,https://orangecounty.craigslist.org/apa/d/large-1-bdrm-in-gated/6361935221.html,Large 1 bdrm in gated community,1650,Foothill Ranch,1,0,1,33.680943,-117.653146,5,Bake at Lake Forest Foothill Ranch CA US
6371411340,2017-11-02 16:18,https://orangecounty.craigslist.org/apa/d/fully-renovated-2-bedroom/6371411340.html,@@@ Fully Renovated 2 Bedroom Condo In Anaheim Hills,1950,Anaheim Hills,2,886,1,33.864928,-117.794123,5,E Willow Woods Ln at E Orangethorpe Ave Anaheim Hills CA US
6371411260,2017-11-02 16:18,https://orangecounty.craigslist.org/apa/d/beautiful-upgraded-one/6371411260.html,"BEAUTIFUL, UPGRADED ONE BEDROOM WITH PRIVATE PATIO AND GARAGE",1985,"COSTA MESA, CA",1,0,1,33.690808,-117.906681,20,BUCKINGHAM DR. at SOUTH COAST DR. COSTA MESA CA US
6371397665,2017-11-02 16:18,https://orangecounty.craigslist.org/apa/d/incredible-rate-with-13-month/6371397665.html,Incredible Rate with a 13 Month Lease! Final Corner Unit Available!,2448,,3,1281,2.5,33.886141,-117.966118,10,2341 Daphne Place Fullerton CA US
6359775377,2017-11-02 16:18,https://orangecounty.craigslist.org/apa/d/aliso-viejo-very-nice-family/6359775377.html,Aliso Viejo - Very Nice Family Home,3000,Aliso Viejo,3,1596,2.5,,,,
6371400929,2017-11-02 16:18,https://orangecounty.craigslist.org/apa/d/park-like-setting-beautiful/6371400929.html,Park like setting/Beautiful well kept complex,1350,Westminster,1,0,1,33.760005,-118.014794,10,13902 La Pat Place Westminster CA US
6371410757,2017-11-02 16:18,https://orangecounty.craigslist.org/apa/d/amazing-deal-weekend-special/6371410757.html,Amazing deal! Weekend Special! This deal will not last!,1775,San Clemente,1,632,1,33.458407,-117.575128,7,
6371410050,2017-11-02 16:17,https://orangecounty.craigslist.org/apa/d/sensational-studio-with/6371410050.html,SENSATIONAL STUDIO WITH DETACHED GARAGE,1745,COSTA MESA/NEWPORT BEACH/IRVINE,0,0,1,33.680100,-117.908500,22,SOUTH COAST DROVE at FAIRVIEW COSTA MESA CA US
6371409998,2017-11-02 16:17,https://orangecounty.craigslist.org/apa/d/need-place-that-is-pet/6371409998.html,Need a Place That Is Pet Friendly?? Bring Your Furry Animals Here!,1599,Fullerton,1,600,1,33.877168,-117.889223,5,2404 Nutwood Avenue Fullerton CA US
6371409947,2017-11-02 16:17,https://orangecounty.craigslist.org/apa/d/senior-housing-for-active/6371409947.html,Senior Housing for Active Seniors located next to shopping and dining!,1230,Hacienda Heights,1,560,1,34.021711,-117.992098,20,Gale Avenue at Seventh Avenue Hacienda Heights CA US
6371409725,2017-11-02 16:17,https://orangecounty.craigslist.org/apa/d/1-bed-1-bath-199-deposit-oac/6371409725.html,"1 Bed - 1 Bath, $199 Deposit oac $1000 off 1st Month's Rent!",1650,"31872 Joshua Drive, Rancho Santa Margarita, CA 92679",1,766,1,33.650900,-117.575600,5,31872 Joshua DriveÂ  Rancho Santa Margarita CA US
6371409696,2017-11-02 16:17,https://orangecounty.craigslist.org/apa/d/controlled-access-parking/6371409696.html,"Controlled access parking garage, Resident events, Conference Room",3638,Marina del Rey,2,1293,2,33.987566,-118.445907,10,3221 Carter Ave Marina del Rey CA US
6371351033,2017-11-02 16:16,https://orangecounty.craigslist.org/apa/d/luxurious-contemporary-2/6371351033.html,"A luxurious, contemporary 2 bedroom 2 bathroom condominium",2300,Anaheim,2,1095,2,33.803523,-117.891516,10,1801 Katella Av Anaheim CA US
6371395153,2017-11-02 16:15,https://orangecounty.craigslist.org/apa/d/located-in-laguna-village3/6371395153.html,"Located in Laguna Village,3 bedroom,2 bath,sleek & sophisticated~",5995,LAGUNA BEACH,3,1500,2,33.531107,-117.773659,10,247 CALLIOPE STREET Laguna Beach CA US
6371407367,2017-11-02 16:15,https://orangecounty.craigslist.org/apa/d/irvinejoshuanorthwood-irvine/6371407367.html,"[IrvineJoshua - 11/02/17] Northwood, Irvine 4+BR for Rent $3100-$7500",,"Northwood, Irvine",4,0,4,33.700900,-117.756400,22,
6371407168,2017-11-02 16:14,https://orangecounty.craigslist.org/apa/d/3-bedroom-2-bath-available/6371407168.html,3 Bedroom 2 Bath Available 11/02/17!!,2549,San Clemente,3,1337,2,33.456465,-117.577501,5,120 Calle Amistad San Clemente CA US
6371393410,2017-11-02 16:14,https://orangecounty.craigslist.org/apa/d/flash-000-security-deposit/6371393410.html,"Flash- $0.00 Security deposit/OAC -1 Bed, 1 Bath move in now",1487,Santa Ana,1,550,1,33.744462,-117.925926,10,4200 W. First Street Santa Ana CA US
6371406385,2017-11-02 16:14,https://orangecounty.craigslist.org/apa/d/large-tiled-floor-studio/6371406385.html,LARGE TILED FLOOR STUDIO w/French door entrance and private bathroom,1250,Capistrano Beach,0,0,1,33.460000,-117.663200,22,mira costa at Del rey CAPISTRANO BEACH CA US
6371406298,2017-11-02 16:14,https://orangecounty.craigslist.org/apa/d/spacious-upgraded-eastside/6371406298.html,"Spacious, Upgraded Eastside Apartment In Best Location",2175,Costa Mesa - Eastside!!!!,2,1070,1.5,33.650205,-117.898479,10,"2310 Santa Ana Ave,B Costa Mesa CA US"
6371406222,2017-11-02 16:14,https://orangecounty.craigslist.org/apa/d/studio-wait-list-open-6/6371406222.html,Studio Wait List Open (6 months wait),1084,Santa Ana,0,528,1,33.777000,-117.884073,22,
6371400421,2017-11-02 16:14,https://orangecounty.craigslist.org/apa/d/classic-town-home-ready-for/6371400421.html,"Classic Town Home Ready For You! Large Patio, 2x Balconies!",2373,,3,1281,2.5,33.886141,-117.966118,10,2341 Daphne Place Fullerton CA US
6371406046,2017-11-02 16:14,https://orangecounty.craigslist.org/apa/d/beautiful-and-bright-2-bd-2/6371406046.html,Beautiful and bright 2 bd 2 ba! Don't miss out on this stunning view,2001,Fairview Park,2,1035,2,33.680100,-117.908500,22,
6363675627,2017-11-02 16:13,https://orangecounty.craigslist.org/apa/d/near-downtown-fullerton-d/6363675627.html,Near Downtown Fullerton! W/D Hookups!,2080,1200 S. Highland Ave.,2,1240,1.5,33.860814,-117.928593,0,
6371404657,2017-11-02 16:12,https://orangecounty.craigslist.org/apa/d/000-dollars-security/6371404657.html,"$0.00 dollars security depositOAC, waived application fees. Call now",1552,Santa Ana,1,631,1,33.744391,-117.925905,10,4200 W. First Street Santa Ana CA US
6371404606,2017-11-02 16:12,https://orangecounty.craigslist.org/apa/d/two-bedrooms-available-now-we/6371404606.html,TWO BEDROOMS AVAILABLE NOW!! WE WILL WORK WITH CREDIT SITUATIONS!,1857,,2,0,2,33.731647,-117.825908,10,1201 se walnut tustin CA US
6371394621,2017-11-02 16:12,https://orangecounty.craigslist.org/apa/d/199-deposit-downstairs-two/6371394621.html,$199 Deposit Downstairs Two Bedroom W/Washer + Dryer!,2065,20041 Osterman Rd.,2,900,2,33.662242,-117.662594,10,20041 Osterman Rd. Lake Forest CA US
6371395749,2017-11-02 16:12,https://orangecounty.craigslist.org/apa/d/the-2-bedroom-you-have-been/6371395749.html,The 2 bedroom you have been looking for!!!,2386,Fullerton,2,1048,2,33.870114,-117.921407,10,229 E Commonwealth Ave Fullerton CA US
6371395182,2017-11-02 16:11,https://orangecounty.craigslist.org/apa/d/woodbury-offers-one-bedroom/6371395182.html,Woodbury offers one bedroom & den! Gorgous community & close to shops!,2040,Ivine,0,797,1,33.701764,-117.747795,10,100 Simplicity Irvine CA US
6371403030,2017-11-02 16:11,https://orangecounty.craigslist.org/apa/d/special-offered-with-13-month/6371403030.html,Special offered with 13 Month Lease! Huge Savings on Move In!,2575,,3,1281,2.5,33.886141,-117.966118,10,2341 Daphne Place Fullerton CA US
6371402689,2017-11-02 16:11,https://orangecounty.craigslist.org/apa/d/large-and-open-1-bedroom/6371402689.html,Large and Open 1 Bedroom w/Fireplace in the Heart of Mission Viejo!,1660,21622 Marguerite,1,709,1,33.648850,-117.642803,5,21622 Marguerite Mission Viejo CA US
6371391293,2017-11-02 16:10,https://orangecounty.craigslist.org/apa/d/final-town-home-available/6371391293.html,Final Town Home Available with Vinyl Wood Floor! Move In Special!,2575,,3,1281,2.5,33.886141,-117.966118,10,2341 Daphne Place Fullerton CA US
6355554456,2017-11-02 16:10,https://orangecounty.craigslist.org/apa/d/you-can-afford-to-dwell-well/6355554456.html,You Can Afford to Dwell Well,1575,Moreno Valley,3,950,2,33.955300,-117.245700,22,23163 Ironwood Ave Moreno Valley CA US
6355715706,2017-11-02 16:10,https://orangecounty.craigslist.org/apa/d/express-your-individuality-at/6355715706.html,Express Your Individuality at Ironwood Villas!,1575,Moreno Valley,3,950,2,33.955300,-117.245700,22,23163 Ironwood Ave Moreno Valley CA US
6371401391,2017-11-02 16:10,https://orangecounty.craigslist.org/apa/d/gorgeous-light-filled-1050-sq/6371401391.html,"Gorgeous light filled 1050 Sq Ft, 1 Bed, 2 Bath with beautiful view!",1904,Fairview Park,1,1050,1.5,33.680100,-117.908500,22,
6371401181,2017-11-02 16:09,https://orangecounty.craigslist.org/apa/d/2-bedbath-all-utilities-paid/6371401181.html,2 bed+ 1 1/2 bath all utilities paid in Yorba Linda,2500,Yorba Linda,2,1650,1.5,33.888744,-117.817033,5,Yorba Linda Boulevard at Imperial Highway Yorba Linda CA US
6371376930,2017-11-02 16:09,https://orangecounty.craigslist.org/apa/d/top-floor-apartment-move-in/6371376930.html,★ Top Floor Apartment! Move In Specials! ★,1412,Placentia,1,760,1,33.872114,-117.869091,10,201 E Chapman Ave Placentia CA US
6371400732,2017-11-02 16:09,https://orangecounty.craigslist.org/apa/d/townhome-style-with-enclosed/6371400732.html,"Townhome Style With Enclosed Private Patio, Plenty of Storage And More",2594,,2,1235,2,33.680100,-117.908500,22,
6371381285,2017-11-02 16:09,https://orangecounty.craigslist.org/apa/d/renovated-town-home-ready-for/6371381285.html,Renovated Town Home Ready For YOU! Quick Move-In Special!,2575,,3,1281,2.5,33.886141,-117.966118,10,2341 Daphne Place Fullerton CA US
6371400603,2017-11-02 16:09,https://orangecounty.craigslist.org/apa/d/500-off-move-in-special/6371400603.html,$500 Off Move -In Special! Private Balconies and Patios w/ Garage,1655,Lake Forest/RSM,1,700,1,33.652709,-117.671986,5,
6371395813,2017-11-02 16:09,https://orangecounty.craigslist.org/apa/d/look-no-further-everything-is/6371395813.html,Look no further-everything is brand new! Beautifully remodeled 2BR/2BA,3300,LAGUNA BEACH,2,925,2,33.524921,-117.766050,10,222 ARCH ST. Laguna Beach CA US
6371400425,2017-11-02 16:09,https://orangecounty.craigslist.org/apa/d/great-view-move-in-special/6371400425.html,"Great View, Move in Special, 18ft Vaulted Ceilings, 1 Mile to Beach",2113,Huntington Beach,2,1025,2,33.650119,-117.953982,5,Brookhurst at Hamilton Huntington Beach CA US
6371389747,2017-11-02 16:08,https://orangecounty.craigslist.org/apa/d/classic-town-home-ready-for/6371389747.html,"Classic Town Home Ready For You!  Large, Spacious Patio and Great Rate",2373,,3,1281,2.5,33.886141,-117.966118,10,2341 Daphne Place Fullerton CA US
6371373136,2017-11-02 16:08,https://orangecounty.craigslist.org/apa/d/prices-just-lowered-today/6371373136.html,Prices Just Lowered Today!! Call Us NOW!,1814,Placentia,2,1120,2,33.874400,-117.854300,22,201 E Chapman Ave Placentia CA US
6371399452,2017-11-02 16:08,https://orangecounty.craigslist.org/apa/d/500-move-in-special/6371399452.html,$500 MOVE IN SPECIAL!!,1705,E. Anaheim,2,970,1,33.845952,-117.863445,10,2944 E. Frontera St. Anaheim CA US
6368758074,2017-11-02 16:08,https://orangecounty.craigslist.org/apa/d/cozy-beautiful-pet-friendly/6368758074.html,"COZY, BEAUTIFUL, PET FRIENDLY, included gas",1450,Anaheim,1,0,1,33.811315,-117.975693,20,magnolia at Katela Anaheim CA US
6349759516,2017-11-02 16:07,https://orangecounty.craigslist.org/apa/d/spacious-3-bedroom-2-bath/6349759516.html,Spacious 3 bedroom 2 bath apartment for $1575!,1575,Moreno Valley,3,950,2,33.946568,-117.258190,10,23163 Ironwood Ave Moreno Valley CA US
6371397703,2017-11-02 16:06,https://orangecounty.craigslist.org/apa/d/irvinejoshuastonegate-cypress/6371397703.html,"[IrvineJoshua - 11/02/17] Stonegate, Cypress Village, Portola Springs, Orchard H",,"Stonegate, Cypress Village, Portola Springs, Orchard Hills,",2,0,3,33.707400,-117.705400,22,
6371383744,2017-11-02 16:06,https://orangecounty.craigslist.org/apa/d/private-patios-and-balconies/6371383744.html,"Private Patios and Balconies, Spacious Kitchens, Plank Flooring",1895,Orange,2,963,1,33.774984,-117.895060,22,
6371395153,2017-11-02 16:15,https://orangecounty.craigslist.org/apa/d/located-in-laguna-village3/6371395153.html,"Located in Laguna Village,3 bedroom,2 bath,sleek & sophisticated~",5995,LAGUNA BEACH,3,1500,2,33.531107,-117.773659,10,247 CALLIOPE STREET Laguna Beach CA US
6371407367,2017-11-02 16:15,https://orangecounty.craigslist.org/apa/d/irvinejoshuanorthwood-irvine/6371407367.html,"[IrvineJoshua - 11/02/17] Northwood, Irvine 4+BR for Rent $3100-$7500",,"Northwood, Irvine",4,0,4,33.700900,-117.756400,22,
6371407168,2017-11-02 16:14,https://orangecounty.craigslist.org/apa/d/3-bedroom-2-bath-available/6371407168.html,3 Bedroom 2 Bath Available 11/02/17!!,2549,San Clemente,3,1337,2,33.456465,-117.577501,5,120 Calle Amistad San Clemente CA US
6371393410,2017-11-02 16:14,https://orangecounty.craigslist.org/apa/d/flash-000-security-deposit/6371393410.html,"Flash- $0.00 Security deposit/OAC -1 Bed, 1 Bath move in now",1487,Santa Ana,1,550,1,33.744462,-117.925926,10,4200 W. First Street Santa Ana CA US
6371406385,2017-11-02 16:14,https://orangecounty.craigslist.org/apa/d/large-tiled-floor-studio/6371406385.html,LARGE TILED FLOOR STUDIO w/French door entrance and private bathroom,1250,Capistrano Beach,0,0,1,33.460000,-117.663200,22,mira costa at Del rey CAPISTRANO BEACH CA US
6371406298,2017-11-02 16:14,https://orangecounty.craigslist.org/apa/d/spacious-upgraded-eastside/6371406298.html,"Spacious, Upgraded Eastside Apartment In Best Location",2175,Costa Mesa - Eastside!!!!,2,1070,1.5,33.650205,-117.898479,10,"2310 Santa Ana Ave,B Costa Mesa CA US"
6371406222,2017-11-02 16:14,https://orangecounty.craigslist.org/apa/d/studio-wait-list-open-6/6371406222.html,Studio Wait List Open (6 months wait),1084,Santa Ana,0,528,1,33.777000,-117.884073,22,
6371400421,2017-11-02 16:14,https://orangecounty.craigslist.org/apa/d/classic-town-home-ready-for/6371400421.html,"Classic Town Home Ready For You! Large Patio, 2x Balconies!",2373,,3,1281,2.5,33.886141,-117.966118,10,2341 Daphne Place Fullerton CA US
6371406046,2017-11-02 16:14,https://orangecounty.craigslist.org/apa/d/beautiful-and-bright-2-bd-2/6371406046.html,Beautiful and bright 2 bd 2 ba! Don't miss out on this stunning view,2001,Fairview Park,2,1035,2,33.680100,-117.908500,22,
6363675627,2017-11-02 16:13,https://orangecounty.craigslist.org/apa/d/near-downtown-fullerton-d/6363675627.html,Near Downtown Fullerton! W/D Hookups!,2080,1200 S. Highland Ave.,2,1240,1.5,33.860814,-117.928593,0,
6371404657,2017-11-02 16:12,https://orangecounty.craigslist.org/apa/d/000-dollars-security/6371404657.html,"$0.00 dollars security depositOAC, waived application fees. Call now",1552,Santa Ana,1,631,1,33.744391,-117.925905,10,4200 W. First Street Santa Ana CA US
6371404606,2017-11-02 16:12,https://orangecounty.craigslist.org/apa/d/two-bedrooms-available-now-we/6371404606.html,TWO BEDROOMS AVAILABLE NOW!! WE WILL WORK WITH CREDIT SITUATIONS!,1857,,2,0,2,33.731647,-117.825908,10,1201 se walnut tustin CA US
6371394621,2017-11-02 16:12,https://orangecounty.craigslist.org/apa/d/199-deposit-downstairs-two/6371394621.html,$199 Deposit Downstairs Two Bedroom W/Washer + Dryer!,2065,20041 Osterman Rd.,2,900,2,33.662242,-117.662594,10,20041 Osterman Rd. Lake Forest CA US
6371395749,2017-11-02 16:12,https://orangecounty.craigslist.org/apa/d/the-2-bedroom-you-have-been/6371395749.html,The 2 bedroom you have been looking for!!!,2386,Fullerton,2,1048,2,33.870114,-117.921407,10,229 E Commonwealth Ave Fullerton CA US
6371395182,2017-11-02 16:11,https://orangecounty.craigslist.org/apa/d/woodbury-offers-one-bedroom/6371395182.html,Woodbury offers one bedroom & den! Gorgous community & close to shops!,2040,Ivine,0,797,1,33.701764,-117.747795,10,100 Simplicity Irvine CA US
6371403030,2017-11-02 16:11,https://orangecounty.craigslist.org/apa/d/special-offered-with-13-month/6371403030.html,Special offered with 13 Month Lease! Huge Savings on Move In!,2575,,3,1281,2.5,33.886141,-117.966118,10,2341 Daphne Place Fullerton CA US
6371402689,2017-11-02 16:11,https://orangecounty.craigslist.org/apa/d/large-and-open-1-bedroom/6371402689.html,Large and Open 1 Bedroom w/Fireplace in the Heart of Mission Viejo!,1660,21622 Marguerite,1,709,1,33.648850,-117.642803,5,21622 Marguerite Mission Viejo CA US
6371391293,2017-11-02 16:10,https://orangecounty.craigslist.org/apa/d/final-town-home-available/6371391293.html,Final Town Home Available with Vinyl Wood Floor! Move In Special!,2575,,3,1281,2.5,33.886141,-117.966118,10,2341 Daphne Place Fullerton CA US
6355554456,2017-11-02 16:10,https://orangecounty.craigslist.org/apa/d/you-can-afford-to-dwell-well/6355554456.html,You Can Afford to Dwell Well,1575,Moreno Valley,3,950,2,33.955300,-117.245700,22,23163 Ironwood Ave Moreno Valley CA US
6355715706,2017-11-02 16:10,https://orangecounty.craigslist.org/apa/d/express-your-individuality-at/6355715706.html,Express Your Individuality at Ironwood Villas!,1575,Moreno Valley,3,950,2,33.955300,-117.245700,22,23163 Ironwood Ave Moreno Valley CA US
6371401391,2017-11-02 16:10,https://orangecounty.craigslist.org/apa/d/gorgeous-light-filled-1050-sq/6371401391.html,"Gorgeous light filled 1050 Sq Ft, 1 Bed, 2 Bath with beautiful view!",1904,Fairview Park,1,1050,1.5,33.680100,-117.908500,22,
6371401181,2017-11-02 16:09,https://orangecounty.craigslist.org/apa/d/2-bedbath-all-utilities-paid/6371401181.html,2 bed+ 1 1/2 bath all utilities paid in Yorba Linda,2500,Yorba Linda,2,1650,1.5,33.888744,-117.817033,5,Yorba Linda Boulevard at Imperial Highway Yorba Linda CA US
6371376930,2017-11-02 16:09,https://orangecounty.craigslist.org/apa/d/top-floor-apartment-move-in/6371376930.html,★ Top Floor Apartment! Move In Specials! ★,1412,Placentia,1,760,1,33.872114,-117.869091,10,201 E Chapman Ave Placentia CA US
6371400732,2017-11-02 16:09,https://orangecounty.craigslist.org/apa/d/townhome-style-with-enclosed/6371400732.html,"Townhome Style With Enclosed Private Patio, Plenty of Storage And More",2594,,2,1235,2,33.680100,-117.908500,22,
6371381285,2017-11-02 16:09,https://orangecounty.craigslist.org/apa/d/renovated-town-home-ready-for/6371381285.html,Renovated Town Home Ready For YOU! Quick Move-In Special!,2575,,3,1281,2.5,33.886141,-117.966118,10,2341 Daphne Place Fullerton CA US
6371400603,2017-11-02 16:09,https://orangecounty.craigslist.org/apa/d/500-off-move-in-special/6371400603.html,$500 Off Move -In Special! Private Balconies and Patios w/ Garage,1655,Lake Forest/RSM,1,700,1,33.652709,-117.671986,5,
6371395813,2017-11-02 16:09,https://orangecounty.craigslist.org/apa/d/look-no-further-everything-is/6371395813.html,Look no further-everything is brand new! Beautifully remodeled 2BR/2BA,3300,LAGUNA BEACH,2,925,2,33.524921,-117.766050,10,222 ARCH ST. Laguna Beach CA US
6371400425,2017-11-02 16:09,https://orangecounty.craigslist.org/apa/d/great-view-move-in-special/6371400425.html,"Great View, Move in Special, 18ft Vaulted Ceilings, 1 Mile to Beach",2113,Huntington Beach,2,1025,2,33.650119,-117.953982,5,Brookhurst at Hamilton Huntington Beach CA US
6371389747,2017-11-02 16:08,https://orangecounty.craigslist.org/apa/d/classic-town-home-ready-for/6371389747.html,"Classic Town Home Ready For You!  Large, Spacious Patio and Great Rate",2373,,3,1281,2.5,33.886141,-117.966118,10,2341 Daphne Place Fullerton CA US
6371373136,2017-11-02 16:08,https://orangecounty.craigslist.org/apa/d/prices-just-lowered-today/6371373136.html,Prices Just Lowered Today!! Call Us NOW!,1814,Placentia,2,1120,2,33.874400,-117.854300,22,201 E Chapman Ave Placentia CA US
6371399452,2017-11-02 16:08,https://orangecounty.craigslist.org/apa/d/500-move-in-special/6371399452.html,$500 MOVE IN SPECIAL!!,1705,E. Anaheim,2,970,1,33.845952,-117.863445,10,2944 E. Frontera St. Anaheim CA US
6368758074,2017-11-02 16:08,https://orangecounty.craigslist.org/apa/d/cozy-beautiful-pet-friendly/6368758074.html,"COZY, BEAUTIFUL, PET FRIENDLY, included gas",1450,Anaheim,1,0,1,33.811315,-117.975693,20,magnolia at Katela Anaheim CA US
6349759516,2017-11-02 16:07,https://orangecounty.craigslist.org/apa/d/spacious-3-bedroom-2-bath/6349759516.html,Spacious 3 bedroom 2 bath apartment for $1575!,1575,Moreno Valley,3,950,2,33.946568,-117.258190,10,23163 Ironwood Ave Moreno Valley CA US
6371397703,2017-11-02 16:06,https://orangecounty.craigslist.org/apa/d/irvinejoshuastonegate-cypress/6371397703.html,"[IrvineJoshua - 11/02/17] Stonegate, Cypress Village, Portola Springs, Orchard H",,"Stonegate, Cypress Village, Portola Springs, Orchard Hills,",2,0,3,33.707400,-117.705400,22,
6371383744,2017-11-02 16:06,https://orangecounty.craigslist.org/apa/d/private-patios-and-balconies/6371383744.html,"Private Patios and Balconies, Spacious Kitchens, Plank Flooring",1895,Orange,2,963,1,33.774984,-117.895060,22,
6371396809,2017-11-02 16:06,https://orangecounty.craigslist.org/apa/d/one-bedroom-wait-list-open-12/6371396809.html,One Bedroom Wait List Open (12 to 18 months wait),1157,Santa Ana,1,693,1,33.777107,-117.883601,22,
6371396667,2017-11-02 16:05,https://orangecounty.craigslist.org/apa/d/gorgeous-to-die-for-upstairs/6371396667.html,GORGEOUS TO DIE FOR UPSTAIRS 1+1 MODEL HOME NOW AVAIL. CALL NOW,1820,Tustin,1,0,1,33.745917,-117.826188,10,345 West First Street Tustin CA US
6368332187,2017-11-02 16:05,https://orangecounty.craigslist.org/apa/d/find-your-freedom-without/6368332187.html,"Find Your Freedom, Without Leaving Home At Ironwood Villas!!",1575,Moreno Valley,3,950,2,33.946568,-117.258190,10,23163 Ironwood Ave Moreno Valley CA US
6362384450,2017-11-02 16:04,https://orangecounty.craigslist.org/apa/d/utilities-paid-gas-water-one/6362384450.html,Utilities paid: GAS & WATER! ONE-Bedroom downstairs with large patio!,1425,Anaheim,1,707,1,33.845962,-117.859020,10,450 N. Armando St Anaheim CA US
6371386483,2017-11-02 16:04,https://orangecounty.craigslist.org/apa/d/spacious-2-bedroom-floorplan/6371386483.html,Spacious 2 bedroom floorplan at an amazing price! $2324!,2324,San Clemente,2,1115,2,33.456021,-117.576782,7,120 Calle Amistad San Clemente CA US
6342074984,2017-11-02 16:04,https://orangecounty.craigslist.org/apa/d/fully-furnished-penthouse/6342074984.html,Fully Furnished Penthouse Steps to Main Street and Beach!,2995,,2,1023,2,33.657638,-117.998314,5,
6351317968,2017-11-02 16:04,https://orangecounty.craigslist.org/apa/d/spectacular-home-with-triple/6351317968.html,Spectacular Home with Triple Masters and Tons of Upgrades,4300,,3,3145,3.5,33.673640,-118.012090,5,
6342106827,2017-11-02 16:04,https://orangecounty.craigslist.org/apa/d/beautifully-upgraded-top/6342106827.html,"Beautifully Upgraded, Top Floor Condo Within Steps to Beach!",2995,,2,1023,2,33.657353,-117.998486,5,
6344603871,2017-11-02 16:04,https://orangecounty.craigslist.org/apa/d/lots-of-entertaining-and/6344603871.html,Lots of Entertaining and Living Space in Luxurious HB Home,4300,,3,3145,4,33.677783,-118.007884,5,
6371388444,2017-11-02 16:04,https://orangecounty.craigslist.org/apa/d/cloudy-skies-sunny-deals-99/6371388444.html,CLOUDY SKIES - SUNNY DEALS $99 SECURITY DEPOSIT 2B/2B STARTING AT $1699,1699,,2,820,2,33.719321,-117.991893,10,16761 Viewpoint Lane Huntington Beach CA US
6371378812,2017-11-02 16:04,https://orangecounty.craigslist.org/apa/d/available-now/6371378812.html,AVAILABLE NOW!!!!!!!!!!!!,1750,ORANGE,2,0,1,33.782416,-117.871444,10,1844 W. CULVER AVE. ORANGE CA US
6371394763,2017-11-02 16:04,https://orangecounty.craigslist.org/apa/d/irvinejoshuaturtle-rock/6371394763.html,"[IrvineJoshua - 11/02/17] Turtle Rock, Irvine for Rent $2400-$11000",,"Turtle Rock, Irvine",2,0,3,33.624500,-117.794000,22,
6371387111,2017-11-02 16:04,https://orangecounty.craigslist.org/apa/d/gorgeous-town-home-available/6371387111.html,Gorgeous Town Home Available for IMMEDIATE Move In! Special!,2575,,3,1281,2.5,33.886141,-117.966118,10,2341 Daphne Place Fullerton CA US
6345159284,2017-11-02 16:04,https://orangecounty.craigslist.org/apa/d/spend-your-next-vacation/6345159284.html,Spend Your Next Vacation Across the Street from Huntington Beach,4500,,2,1200,2,33.677783,-118.007498,5,
6344927351,2017-11-02 16:04,https://orangecounty.craigslist.org/apa/d/enjoy-leisure-world-living/6344927351.html,Enjoy Leisure World Living and Amenities and Move In Now,215000,,2,718,1,33.761167,-118.087749,5,
6357865913,2017-11-02 16:03,https://orangecounty.craigslist.org/apa/d/utilities-paid-gas-water-one/6357865913.html,Utilities paid: GAS & WATER! ONE-Bedroom upstairs,1400,Anaheim,1,707,1,33.845962,-117.859020,10,450 N. Armando St Anaheim CA US
6371393879,2017-11-02 16:03,https://orangecounty.craigslist.org/apa/d/big-dog-friendly-1-bed-gated/6371393879.html,Big Dog Friendly 1 Bed ~ Gated Community in Aliso Viejo,1890,Aliso Viejo,1,895,1,33.581626,-117.717991,5,Windsong at Aliso Creek Road Aliso Viejo CA US
6365009676,2017-11-02 16:03,https://orangecounty.craigslist.org/apa/d/super-cool-ocean-close-3-bed/6365009676.html,"Super Cool, Ocean Close! 3 Bed Home",3500,San Clemente,3,0,3.5,33.401097,-117.593622,22,
6342080148,2017-11-02 16:03,https://orangecounty.craigslist.org/apa/d/fully-furnished-rental/6342080148.html,Fully Furnished Rental Includes Monthly Cleaning!,2995,,2,1023,2,33.656781,-117.998657,5,
6365003951,2017-11-02 16:03,https://orangecounty.craigslist.org/apa/d/awesome-remodeled-ocean-view/6365003951.html,Awesome Remodeled Ocean View 3bed Condo Home,3500,Dana Point,3,0,3,33.472661,-117.698851,22,
6365004602,2017-11-02 16:03,https://orangecounty.craigslist.org/apa/d/super-nice-3-bed-home/6365004602.html,Super Nice 3 Bed Home,3000,San Juan Capistrano,3,0,2,33.494445,-117.648983,22,
6343436951,2017-11-02 16:03,https://orangecounty.craigslist.org/apa/d/fully-furnished-penthouse/6343436951.html,Fully Furnished Penthouse Steps to Huntington Pier and Downtown,2995,,2,1023,2,33.660282,-117.997799,5,
6333934574,2017-11-02 16:02,https://orangecounty.craigslist.org/apa/d/hb-furnished-penthouse-condo/6333934574.html,HB Furnished Penthouse Condo is Ready For You to Move In Today,2995,,2,1023,2,33.664282,-117.997756,5,
6371393474,2017-11-02 16:02,https://orangecounty.craigslist.org/apa/d/studio-available-for-december/6371393474.html,STUDIO AVAILABLE FOR DECEMBER MOVE IN! REFRIGERATOR INCLUDED!,1295,FULLERTON,0,416,1,33.888729,-117.868302,5,3201 YORBA LINDA BLVD FULLERTON CA US
6371386500,2017-11-02 16:02,https://orangecounty.craigslist.org/apa/d/move-in-specials-on-selected/6371386500.html,Move In Specials On Selected Two Bedrooms!,1795,,1,886,1,33.725196,-117.918148,5,16350 S. Harbor Blvd. Fountain Valley CA US
6362323251,2017-11-02 16:02,https://orangecounty.craigslist.org/apa/d/utilities-paid-gas-water-two/6362323251.html,Utilities paid: GAS & WATER! TWO-Bedroom Downstairs with large patio!,1760,Anaheim,2,894,1,33.845962,-117.859020,10,450 N. Armando St Anaheim CA US
6365061769,2017-11-02 16:02,https://orangecounty.craigslist.org/apa/d/utilities-paid-gas-water-two/6365061769.html,Utilities paid: GAS & WATER! TWO-Bedroom upstairs,1690,Anaheim,2,894,1,33.845962,-117.859020,10,450 N. Armando St Anaheim CA US
6371392255,2017-11-02 16:01,https://orangecounty.craigslist.org/apa/d/extra-storage-full-size/6371392255.html,"Extra storage, Full-size washer and dryer, BBQ grilling areas, Spa",1697,Huntington Beach,1,750,1,33.716522,-117.993572,5,7701 Warner Avenue Huntington Beach CA US
6371386222,2017-11-02 16:01,https://orangecounty.craigslist.org/apa/d/come-look-and-lease-tropical/6371386222.html,"Come Look and Lease, Tropical Palms, Extra Storage",2225,Westpark,2,937,2,33.685012,-117.816934,10,100 Cantata Irvine CA US
6368767485,2017-11-02 16:01,https://orangecounty.craigslist.org/apa/d/vacation-365-days-year-pool/6368767485.html,Vacation 365 Days a Year ~ Pool View Townhome ~ Resort Community,2560,Aliso Viejo,2,1235,2.5,33.583020,-117.717819,5,Windsong at Aliso Creek Road Aliso Viejo CA US
6371391663,2017-11-02 16:01,https://orangecounty.craigslist.org/apa/d/gorgeous-2bed1bath-avail-now/6371391663.html,Gorgeous 2Bed+1Bath Avail. Now at Casa Madrid~! Hurry Now,1955,Anaheim,2,0,1,33.818415,-117.875190,20,Ball at State College Anaheim CA US
6371391527,2017-11-02 16:01,https://orangecounty.craigslist.org/apa/d/laundry-room-covered/6371391527.html,"Laundry Room, Covered Parking,Patio or Balcony and we have specials!",2050,Fullerton,1,1088,2,33.884914,-117.875892,10,1401 N Placentia Ave Fullerton CA US
6371391349,2017-11-02 16:01,https://orangecounty.craigslist.org/apa/d/amazing-1-bedroom-floorplan/6371391349.html,Amazing 1 bedroom floorplan!,1919,San Clemente,1,841,1,33.458407,-117.575128,7,
