pid,dt,url,title,price,neighb,beds,sqft,baths,lat,lng,accuracy,address
6361621066,2017-11-02 17:00,https://orlando.craigslist.org/apa/d/2x2-available-in-november-at/6361621066.html,2x2 available in November at the Bella Cortina!,1259,Orlando,2,846,2,28.493173,-81.438345,10,4708 Olive Branch Road Orlando FL US
6371238829,2017-11-02 17:00,https://orlando.craigslist.org/apa/d/orange-ave-view-downtown/6371238829.html,Orange Ave View Downtown Orlando,1513,Downtown Orlando,1,768,1,28.556779,-81.379191,5,899 N Orange Ave Orlando FL US
6361712432,2017-11-02 17:00,https://orlando.craigslist.org/apa/d/beautiful-2-2-the-bella/6361712432.html,Beautiful 2/2 @ the Bella Cortina!,1259,Orlando,2,846,2,28.493173,-81.438345,10,4708 Olive Branch Road Orlando FL US
6352353362,2017-11-02 17:00,https://orlando.craigslist.org/apa/d/apartment-homes-available-in/6352353362.html,Apartment Homes Available in December! Reserve your's today!,1259,Orlando,1,846,1,28.493173,-81.438345,10,4708 Olive Branch Road Orlando FL US
6352280243,2017-11-02 16:59,https://orlando.craigslist.org/apa/d/2-bedroom-in-the-beautiful/6352280243.html,2 bedroom in the beautiful Bella Cortina!,1259,Orlando,2,846,2,28.493173,-81.438345,10,4708 Olive Branch Road Orlando FL US
6371237943,2017-11-02 16:59,https://orlando.craigslist.org/apa/d/were-not-remodeled-were-brand/6371237943.html,We're not remodeled! We're brand NEW! 1 MONTH FREE!,1775,Casselberry,3,1368,2,,,,
6352411972,2017-11-02 16:59,https://orlando.craigslist.org/apa/d/stop-by-the-bella-cortina/6352411972.html,Stop by the Bella Cortina today and ask about our 2x2!,1259,Orlando,2,846,2,28.493173,-81.438345,10,4708 Olive Branch Road Orlando FL US
6371224107,2017-11-02 16:58,https://orlando.craigslist.org/apa/d/special-prices-downtown/6371224107.html,**SPECIAL PRICES** Downtown Orlando Corner One Bedroom,1385,Downtown Orlando,1,768,1,28.556779,-81.379191,5,899 N Orange Ave Orlando FL US
6371234785,2017-11-02 16:57,https://orlando.craigslist.org/apa/d/lake-view-two-bedroom-dont/6371234785.html,"Lake View Two Bedroom ,Dont Miss Out!",1396,Orlando,2,1032,2.5,28.528900,-81.478700,22,6315 West Gate Drive Orlando FL US
6371209862,2017-11-02 16:56,https://orlando.craigslist.org/apa/d/3-bed-3-bathrm-place/6371209862.html,3 Bed 3 Bathrm Place,853,Plymouth,3,1503,2,29.622700,-81.813700,22,
6371233522,2017-11-02 16:56,https://orlando.craigslist.org/apa/d/move-in-today-cherry-wood/6371233522.html,"MOVE IN TODAY!!  Cherry Wood Cabinets , Walk-In Closets",1087,"3700 Curry Ford Rd, Orlando, FL 32806",2,1055,2,28.524080,-81.337291,5,3700 Curry Ford RdÂ  Orlando FL US
6360728139,2017-11-02 16:55,https://orlando.craigslist.org/apa/d/sunbay-apartments-all/6360728139.html,Sunbay Apartments All Utilities Included!,890,Winter Park,1,501,1,28.597400,-81.303600,22,7001 Aloma Ave Winter Park FL US
6371230134,2017-11-02 16:54,https://orlando.craigslist.org/apa/d/bark-park-clubhouse-coffee/6371230134.html,"Bark Park, Clubhouse w/ Coffee Bar, Washer/Dryer Included",940,"3440 N Goldenrod Rd., Winter Park, FL 32792",1,710,1,28.584035,-81.286543,5,3440 N Goldenrod Rd. Winter Park FL US
6371229468,2017-11-02 16:53,https://orlando.craigslist.org/apa/d/9918-turf-way-3-orlando-fl/6371229468.html,"9918 TURF WAY, #3, ORLANDO, FL",1250,,2,905,2,28.394900,-81.417900,22,
6371218178,2017-11-02 16:53,https://orlando.craigslist.org/apa/d/2-bedroom-1-bath-with-washer/6371218178.html,2 bedroom 1 bath with washer and dryers included!!!,1040,"1980 Lake Fountain Drive, Orlando, FL 32839",2,915,1,28.487651,-81.404489,5,1980 Lake Fountain Drive Orlando FL US
6371227916,2017-11-02 16:52,https://orlando.craigslist.org/apa/d/stylish-features-laundry/6371227916.html,"Stylish Features, Laundry Hookups, Cable Package",950,Sanford,2,990,2,28.809774,-81.313340,10,13000 Island Bay Circle Sanford FL US
6335051019,2017-11-02 16:52,https://orlando.craigslist.org/apa/d/sunbay-apartments-all/6335051019.html,Sunbay Apartments All Utilities Included!!!,890,Winter Park,1,501,1,28.597400,-81.303600,22,7001 Aloma Ave Winter Park FL US
6371216616,2017-11-02 16:51,https://orlando.craigslist.org/apa/d/1-bedroom-for-this-month/6371216616.html,1 bedroom for this month!!!,890,"1980 Lake Fountain Drive, Orlando, FL 32839",1,600,1,28.487651,-81.404489,5,1980 Lake Fountain Drive Orlando FL US
6371226332,2017-11-02 16:51,https://orlando.craigslist.org/apa/d/playground-dishwasher-view/6371226332.html,"Playground, Dishwasher, View",1240,"4401 Scenic Lake Drive, Orlando, FL 32808",3,1492,2.5,28.595778,-81.437392,5,4401 Scenic Lake DriveÂ  Orlando FL US
6361952880,2017-11-02 16:51,https://orlando.craigslist.org/apa/d/sunbay-apartments-all/6361952880.html,Sunbay Apartments All Utilities Included!!!,890,,1,501,1,28.600077,-81.329690,23,Aloma Ave at Semoran Winter Park FL US
6371224036,2017-11-02 16:49,https://orlando.craigslist.org/apa/d/dishwasher-bbq-picnic-area/6371224036.html,"Dishwasher, BBQ/Picnic Area, Accepts Electronic Payments",1065,"4401 Scenic Lake Drive, Orlando, FL 32808",2,1278,2.5,28.595778,-81.437392,5,4401 Scenic Lake DriveÂ  Orlando FL US
6371223547,2017-11-02 16:49,https://orlando.craigslist.org/apa/d/2-bedroom-2-bath-upgrades/6371223547.html,2 Bedroom 2 Bath Upgrades With Balcony Or Solarium,1200,Sanford,2,1096,2,28.801300,-81.285000,22,1000 Cardinal Cove Circle Sanford FL US
6336316375,2017-11-02 16:49,https://orlando.craigslist.org/apa/d/beautiful-park-central-condo/6336316375.html,BEAUTIFUL PARK CENTRAL CONDO IN ORLANDO!!!!!!!!!!!!!!!!!!!!!!!!!!!!!!,1095,ORLANDO,2,1000,2,28.492235,-81.412563,10,2203 yankee place orlando FL US
6371223453,2017-11-02 16:49,https://orlando.craigslist.org/apa/d/professionally-managed-cable/6371223453.html,"Professionally Managed, Cable Package, Tile Floors",1052,Sanford,3,1167,2,28.809774,-81.313340,10,13000 Island Bay Circle Sanford FL US
6368600802,2017-11-02 16:49,https://orlando.craigslist.org/apa/d/beautiful-park-central-condo/6368600802.html,BEAUTIFUL PARK CENTRAL CONDO IN ORLANDO!!!!!!!!!!!!!!!!!!!!!!!!!!!!!!,1095,ORLANDO,2,900,2,28.492235,-81.412563,10,2203 yankee place orlando FL US
6371223260,2017-11-02 16:49,https://orlando.craigslist.org/apa/d/712-crest-pines-dr-332/6371223260.html,"712 CREST PINES DR, #332, ORLANDO, FL",1000,,1,732,split,28.552300,-81.179500,22,
6371211748,2017-11-02 16:48,https://orlando.craigslist.org/apa/d/sparkling-pool-24-hrs-fitness/6371211748.html,"Sparkling Pool, 24 Hrs Fitness Center Parking Garage",1360,"4150 Eastgate Drive, Orlando, FL 32839",1,747,1,28.487100,-81.408200,5,4150 Eastgate Drive Orlando FL US
6371175225,2017-11-02 16:48,https://orlando.craigslist.org/apa/d/you-found-your-new-home/6371175225.html,YOU FOUND YOUR NEW HOME!,1635,DOWNTOWN ORLANDO,1,845,1,,,,
6371178967,2017-11-02 16:47,https://orlando.craigslist.org/apa/d/find-everything-you-need-is/6371178967.html,FIND EVERYTHING YOU NEED IS HERE!,1605,DOWNTOWN ORLANDO,1,765,1,,,,
6371220894,2017-11-02 16:47,https://orlando.craigslist.org/apa/d/lets-be-zen-in-your-new-home/6371220894.html,Lets be ZEN in your new home!,1310,Casselberry,2,998,2,28.658782,-81.289387,22,reflections circle at lake howell casselberry FL US
6371220609,2017-11-02 16:47,https://orlando.craigslist.org/apa/d/delightful-1-bed-1-bath-in/6371220609.html,Delightful 1 bed / 1 bath in Winter Park. 660 Sq Ft. Great value!,966,North of Baldwin Park,1,660,1,28.610208,-81.306655,10,3250 Bishop Park Dr. Winter Park FL US
6371220414,2017-11-02 16:47,https://orlando.craigslist.org/apa/d/fall-into-signal-pointes/6371220414.html,Fall into Signal Pointe's Beauty,1479,Winter Park,3,1270,2,28.626268,-81.318192,5,2500 Howell Branch Road Winter Park FL US
6371219885,2017-11-02 16:46,https://orlando.craigslist.org/apa/d/simply-breath-taking/6371219885.html,Simply breath-taking! Beautifully designed 1 BR/1 BA - just for you,619,Minutes from Downtown,1,698,1,28.523606,-81.334891,10,1637 Watauga Ave Orlando FL US
6371219197,2017-11-02 16:46,https://orlando.craigslist.org/apa/d/three-bedroom-ready-for-the/6371219197.html,Three Bedroom Ready For The New Year!,2032,"429 E. Mitchell Hammock Rd., Oviedo, FL 32765",3,1396,2,28.655816,-81.201704,5,429 E. Mitchell Hammock Rd. Oviedo FL US
6371219086,2017-11-02 16:46,https://orlando.craigslist.org/apa/d/call-for-details-fitness/6371219086.html,"Call for Details, Fitness Center, Laundry Hookups",1047,Sanford,3,1167,2,28.809774,-81.313340,10,13000 Island Bay Circle Sanford FL US
6371204416,2017-11-02 16:46,https://orlando.craigslist.org/apa/d/2-bed-2-bath-great-access-to/6371204416.html,"2 Bed, 2 Bath. Great access to public transportation! We're nearby!",1305,Casselberry,2,1130,2,28.641232,-81.327305,20,1166 Pointe Newport Terrace Casselberry FL US
6371218372,2017-11-02 16:45,https://orlando.craigslist.org/apa/d/convenient-location-sand/6371218372.html,"Convenient Location, Sand Vollyball, 24 HR Fitness Ctr",1210,Orlando,2,1015,2,,,,
6371083295,2017-11-02 16:45,https://orlando.craigslist.org/apa/d/call-for-details-24-hour/6371083295.html,"✮ Call for Details, 24 Hour Fitness, Two Pools",680,Orlando,4,1619,2,28.580100,-81.484600,22,
6371216549,2017-11-02 16:44,https://orlando.craigslist.org/apa/d/1-bedroom-apt-available-now/6371216549.html,1 bedroom apt. available Now!!!,960,"1980 Lake Fountain Drive, Orlando, FL 32839",1,800,1,28.487651,-81.404489,5,1980 Lake Fountain Drive Orlando FL US
6371181505,2017-11-02 16:44,https://orlando.craigslist.org/apa/d/come-see-us-you-will-love/6371181505.html,COME SEE US!! YOU WILL LOVE LIVING HERE!!!,2125,DOWNTOWN ORLANDO,2,1002,2,,,,
6371216401,2017-11-02 16:44,https://orlando.craigslist.org/apa/d/2-bedroom-1-bath-for-now/6371216401.html,2 bedroom 1 bath for Now!!,1040,"1980 Lake Fountain Drive, Orlando, FL 32839",2,915,1,28.487651,-81.404489,5,1980 Lake Fountain Drive Orlando FL US
6371214698,2017-11-02 16:43,https://orlando.craigslist.org/apa/d/great-rates-on-all-floor/6371214698.html,Great Rates On All Floor Plans Today At Westlake,1229,Sanford,2,1096,2,28.801300,-81.285000,22,1000 Cardinal Cove Circle Sanford FL US
6371214359,2017-11-02 16:43,https://orlando.craigslist.org/apa/d/come-home-with-your-furbabies/6371214359.html,Come home with your furbabies!,975,Casselberry,1,684,1,28.630348,-81.317217,20,reflections circle at Lake Howell Casselberry FL US
6344374099,2017-11-02 16:42,https://orlando.craigslist.org/apa/d/spacious-floor-plan-bonus/6344374099.html,"Spacious floor plan w/ bonus room! Great location, W/D & open kitchen",1699,Orlando,4,1296,2,28.497996,-81.441615,10,
6371211912,2017-11-02 16:41,https://orlando.craigslist.org/apa/d/quality-1-bed-1-bath-with-the/6371211912.html,"Quality 1 bed, 1 bath with the amenities you desire! 781 Sq Feet!",1160,Easy access to major highways,1,781,1,28.516300,-81.451600,22,1601 South Kirkman Road Orlando FL US
6358182876,2017-11-02 16:40,https://orlando.craigslist.org/apa/d/great-apt-in-great-community/6358182876.html,"Great apt in a great community. W/I Closet, W/D.",1059,,1,730,1,28.499800,-81.328800,22,
6359712894,2017-11-02 16:40,https://orlando.craigslist.org/apa/d/beautiful-charming-3-bedroom/6359712894.html,Beautiful Charming 3 bedroom house for rent,1400,Kissimmee intersection City,0,1350,2,28.277400,-81.506900,22,
6354163743,2017-11-02 16:39,https://orlando.craigslist.org/apa/d/spacious-apartment-with-comfy/6354163743.html,Spacious Apartment with Comfy Plush Carpet and Washer/ Dryer Included,1059,,1,730,1,28.499800,-81.328800,22,
6371209524,2017-11-02 16:39,https://orlando.craigslist.org/apa/d/great-community-for-great/6371209524.html,Great community for great people! Visit today!,1489,Near all the major theme parks,2,1011,2,28.516300,-81.451600,22,1601 South Kirkman Road Orlando FL US
6338913869,2017-11-02 16:39,https://orlando.craigslist.org/apa/d/convenient-location/6338913869.html,"Convenient location, convenient living; Welcome home to The Pines!",1289,located behind the treeline of Kirkman Rd,2,1000,2,28.495370,-81.458656,5,4401 S KIRKMAN ROAD Orldando FL US
6371182763,2017-11-02 16:39,https://orlando.craigslist.org/apa/d/let-us-help-you-find-your/6371182763.html,LET US HELP YOU FIND YOUR PERFECT HOME,1605,DOWNTOWN ORLANDO,1,807,1,,,,
6362219559,2017-11-02 16:38,https://orlando.craigslist.org/apa/d/why-pay-rent-for-fido-when/6362219559.html,Why pay Rent for Fido when you don't have to? No more paying 2 Rents.,999,Orlando,4,0,2,28.801000,-81.734000,22,
6358875077,2017-11-02 16:38,https://orlando.craigslist.org/apa/d/football-season-is-here-do/6358875077.html,Football Season is HERE! Do you have space for Game night? WE DO!!!,1179,Orlando,5,0,2.5,28.801000,-81.734000,22,
6340468139,2017-11-02 16:38,https://orlando.craigslist.org/apa/d/look-no-more-find-winter/6340468139.html,LOOK NO MORE... Find Winter Savings Here!,909,Orlando,3,0,2,28.801000,-81.734000,22,
6350877040,2017-11-02 16:38,https://orlando.craigslist.org/apa/d/leaves-are-changing-it-is/6350877040.html,"Leaves are changing, it is your turn to change your Address!!!!",879,Orlando,3,0,2,28.801000,-81.734000,22,
6332681891,2017-11-02 16:37,https://orlando.craigslist.org/apa/d/tired-of-paying-rent-check/6332681891.html,Tired of paying Rent? CHECK OUT THIS NEW HOUSE!,999,Orlando,0,0,,28.801000,-81.734000,22,
6335341149,2017-11-02 16:37,https://orlando.craigslist.org/apa/d/amazing-deal-today-only/6335341149.html,Amazing Deal ~ TODAY ONLY ~ Immediate Move-In ~ No App Fees,999,Orlando,4,0,2,28.801000,-81.734000,22,
6344774604,2017-11-02 16:37,https://orlando.craigslist.org/apa/d/trick-or-treat-we-have/6344774604.html,Trick or Treat! We have something SWEET for you to live in!,909,Orlando,3,0,2,28.801000,-81.734000,22,
6340958539,2017-11-02 16:37,https://orlando.craigslist.org/apa/d/football-season-is-here-do/6340958539.html,Football Season is HERE! Do you have space for Game night? We DO!!!,939,Orlando,0,0,,28.801000,-81.734000,22,
6333562117,2017-11-02 16:37,https://orlando.craigslist.org/apa/d/boo-tiful-3bd-2baden-ready/6333562117.html,BOO-tiful 3Bd/2Ba+Den Ready for Move-in,909,Orlando,3,0,2,28.801000,-81.734000,22,
6371205564,2017-11-02 16:36,https://orlando.craigslist.org/apa/d/tiled-kitchen-with-backsplash/6371205564.html,"Tiled Kitchen with Backsplash, Ornamental Chair Rail, Two-Tone Colors",1105,"649 Cannon Ridge Drive, Orlando, FL 32818",2,960,2,28.550513,-81.487297,5,649 Cannon Ridge Drive Orlando FL US
6371204253,2017-11-02 16:36,https://orlando.craigslist.org/apa/d/on-site-maintenance-clubhouse/6371204253.html,"On-Site Maintenance, Clubhouse, Washer/Dryer In Unit",935,"3700 Curry Ford Rd, Orlando, FL 32806",1,715,1,28.524080,-81.337291,5,3700 Curry Ford RdÂ  Orlando FL US
6371204101,2017-11-02 16:35,https://orlando.craigslist.org/apa/d/amazing-apartments-with/6371204101.html,Amazing Apartments with Terrific Specials Going on For Limited Time!,1344,,1,1003,1,28.552500,-81.757400,22,
6371203736,2017-11-02 16:35,https://orlando.craigslist.org/apa/d/come-in-and-see-us/6371203736.html,Come In And See Us!,940,,1,740,1,28.666600,-81.365000,22,
6332860672,2017-11-02 16:35,https://orlando.craigslist.org/apa/d/beautifulthree-bedroom-two/6332860672.html,BEAUTIFULTHREE BEDROOM TWO BATHROOM APARTMENT HOME THAT IS READY FOR M,995,ORLANDO,3,1167,2,28.580300,-81.439600,22,PINE CHASE DR at SLIVER STAR ORLANDO FL US
6332814079,2017-11-02 16:34,https://orlando.craigslist.org/apa/d/look-and-lease-3x2-995/6332814079.html,LOOK AND LEASE 3X2 $995,995,ORLANDO,0,1167,,28.575229,-81.457770,10,5402 PINE CHASE ORLANDO FL US
6371201801,2017-11-02 16:34,https://orlando.craigslist.org/apa/d/huge-3-bedroom-townhome/6371201801.html,Huge 3 bedroom townhome waiting for you,1532,Orlando Metro,3,1337,2,28.517211,-81.308175,10,5762 Folkstone Lane Orlando FL US
6371172318,2017-11-02 16:34,https://orlando.craigslist.org/apa/d/apartments-perfect-location/6371172318.html,"☺ Apartments - Perfect location in Orlando, Clubhouse, Jungle Gym",1155,"Winter garden, Disney, Universal, Winderemere, Winter Park,",1,809,1,28.515495,-81.477214,5,2333 Lake Debra Drive Orlando FL US
6371201471,2017-11-02 16:34,https://orlando.craigslist.org/apa/d/covered-parking-available/6371201471.html,"Covered Parking Available, Private Patios, Soaring Vaulted Ceilings",1220,"9000 Summit Centre Way, Orlando, FL 32810",2,1098,2,28.637449,-81.405836,5,9000 Summit Centre Way Orlando FL US
6371190836,2017-11-02 16:33,https://orlando.craigslist.org/apa/d/gated-community-cafe-24-hour/6371190836.html,"Gated Community, Cafe, 24 Hour Fitness Gym",910,"1 Laurel Oaks Dr, Winter Springs, FL 32708",1,835,1,28.702815,-81.322757,5,1 Laurel Oaks Dr Winter Springs FL US
6371199779,2017-11-02 16:33,https://orlando.craigslist.org/apa/d/osceola-pointe-apartment-homes/6371199779.html,Osceola Pointe Apartment Homes,1030,Kissimmee,3,1046,2,,,,
6371199590,2017-11-02 16:32,https://orlando.craigslist.org/apa/d/accepts-electronic-payments/6371199590.html,"Accepts Electronic Payments, Dishwasher, Views",820,"4901 Bottlebrush Lane, Orlando, FL 32808",1,619,1,28.600511,-81.437546,5,4901 Bottlebrush LaneÂ  Orlando FL US
6371199294,2017-11-02 16:32,https://orlando.craigslist.org/apa/d/we-love-being-green-amazing/6371199294.html,"We love being green! Amazing eco-friendly community! 1 bed, 1 bath!",1225,Disney,1,794,1,28.344068,-81.456327,22,4350 Osceola Trail Rd Orlando FL US
6371170235,2017-11-02 16:32,https://orlando.craigslist.org/apa/d/youll-love-the-interior/6371170235.html,YOU'LL LOVE THE INTERIOR AMENITIES!,1525,DOWNTOWN ORLANDO,1,768,1,,,,
6371198206,2017-11-02 16:31,https://orlando.craigslist.org/apa/d/simply-sensational-1344-sqft/6371198206.html,"Simply sensational 1344 sqft, 2 bed, 2 bath! We fit your lifestyle!",1461,Just off East Michigan St,2,1344,2,28.499800,-81.328800,22,
6371197950,2017-11-02 16:31,https://orlando.craigslist.org/apa/d/walk-to-class-were-only-steps/6371197950.html,Walk to class! We're only steps away from campus! 2 bed / 2 bath,1225,Close to schools,2,1128,2,28.539879,-81.442493,15,3378 Mission Lake Dr. Orlando FL US
6371196897,2017-11-02 16:30,https://orlando.craigslist.org/apa/d/move-in-today-free-cable/6371196897.html,Move in today - free cable/internet until Jan & $300 off Nov rent,1149,"3715 Alafaya Heights Road, Orlando, FL 32828",1,0,1,28.552300,-81.179500,5,3715 Alafaya Heights Road Orlando FL US
6334205074,2017-11-02 16:30,https://orlando.craigslist.org/apa/d/your-new-home-is-waiting-for/6334205074.html,Your new home is waiting for you at Coconut Palms!,939,"Kirkman, Millenia, Conroy",1,650,1,28.516300,-81.451600,22,
6371194387,2017-11-02 16:29,https://orlando.craigslist.org/apa/d/large-1-1-with-balcony/6371194387.html,Large 1/1 with Balcony & Attached Garage,1365,,1,852,1,28.487100,-81.408200,22,5451 Millenia Lakes Blvd Orlando FL US
6371178790,2017-11-02 16:28,https://orlando.craigslist.org/apa/d/1934-magical-ln-kissimmee-fl/6371178790.html,".......1934 Magical Ln, Kissimmee, FL..........",1595,"1934 Magical Ln, Kissimmee, FL 34744",4,1848,4,28.307800,-81.368100,5,1934 Magical Ln Kissimmee FL US
6371178790,2017-11-02 16:28,https://orlando.craigslist.org/apa/d/1934-magical-ln-kissimmee-fl/6371178790.html,".......1934 Magical Ln, Kissimmee, FL..........",1595,"1934 Magical Ln, Kissimmee, FL 34744",4,1848,4,28.307800,-81.368100,5,1934 Magical Ln Kissimmee FL US
6371156343,2017-11-02 16:27,https://orlando.craigslist.org/apa/d/energy-efficient-living-at/6371156343.html,ENERGY EFFICIENT LIVING AT ITS BEST!,1880,DOWNTOWN ORLANDO,2,1083,2,,,,
6371191873,2017-11-02 16:27,https://orlando.craigslist.org/apa/d/the-grass-is-greener-here/6371191873.html,The Grass Is Greener Here,1100,,2,0,2,28.666600,-81.365000,22,
6371190935,2017-11-02 16:26,https://orlando.craigslist.org/apa/d/maitland-station-apartments/6371190935.html,MAITLAND STATION APARTMENTS - BRAND NEW PROPERTY!!!,1965,Altamonte Springs,2,1107,2,28.606091,-81.365391,10,955 N. Orlando Ave Maitland FL US
6371187609,2017-11-02 16:24,https://orlando.craigslist.org/apa/d/lease-2x2-895/6371187609.html,LEASE 2X2 $895,895,,0,1100,,28.580300,-81.439600,22,
6371187366,2017-11-02 16:24,https://orlando.craigslist.org/apa/d/brand-new-appliances/6371187366.html,Brand New Appliances,1346,Orlando,2,1066,2,,,,
6371159998,2017-11-02 16:23,https://orlando.craigslist.org/apa/d/its-all-here-and-waiting-for/6371159998.html,ITS ALL HERE AND WAITING FOR YOU!,1500,DOWNTOWN ORLANDO,1,691,1,,,,
6368390688,2017-11-02 16:23,https://orlando.craigslist.org/apa/d/1-1-condo-in-the-heart-of/6368390688.html,1/1 Condo in the heart of Winter Park,1050,1147 Pennsylvania,1,600,1,28.588032,-81.356891,10,1147 Pennsylvania Winter Park FL US
6371184730,2017-11-02 16:22,https://orlando.craigslist.org/apa/d/come-to-the-village/6371184730.html,Come To The Village,1000,,2,0,1,28.666600,-81.365000,22,
6331898934,2017-11-02 16:21,https://orlando.craigslist.org/apa/d/2br-available-now-aria/6331898934.html,2BR AVAILABLE NOW @ARIA MILLENIUM *CALL 4 SPECIAL* MILLENIUM,1630,ORLANDO/MILLENIUM,2,0,2,28.487100,-81.408200,22,
6335398059,2017-11-02 16:21,https://orlando.craigslist.org/apa/d/1br-deluxe-available-now-199/6335398059.html,1BR DELUXE AVAILABLE NOW $199 MOVE FEES @1020 WINTER SPRINGS ORLANDO,1125,*WINTER SPRINGS* *ORLAND0* *32708*,1,850,1,28.683100,-81.281400,22,
6335421967,2017-11-02 16:21,https://orlando.craigslist.org/apa/d/studio-brand-new-high-rise/6335421967.html,STUDIO BRAND NEW HIGH RISE @CITI TOWER CALL GET 1 1/2 MONTH FREE 32801,1677,*1a*DOWNTOWN ORLANDO*APARTMENTS*32801*,0,0,1,28.539900,-81.372700,22,
6335425584,2017-11-02 16:21,https://orlando.craigslist.org/apa/d/brand-new-high-rise-downtown/6335425584.html,BRAND NEW HIGH RISE DOWNTOWN ORLANDO CALL GET 1 1/2 MONTH FREE 32801,1669,DOWNTOWN ORLANDO,0,0,1,28.539900,-81.372700,22,
6361648305,2017-11-02 16:21,https://orlando.craigslist.org/apa/d/studio-downtown-luxury-high/6361648305.html,STUDIO DOWNTOWN LUXURY HIGH RISE *CALL 4 SPECIAL* ROOF TOP POOL,1286,DOWNTOWN ORLANDO,0,0,1,28.539900,-81.372700,22,
6361650394,2017-11-02 16:21,https://orlando.craigslist.org/apa/d/great-studio-downtown-luxury/6361650394.html,GREAT STUDIO DOWNTOWN LUXURY UNIT *CALL 4 SPECIAL* DOWWNTOWN 32801,1286,DOWNTOWN ORLANDO,0,0,1,28.539900,-81.372700,22,
6361653514,2017-11-02 16:21,https://orlando.craigslist.org/apa/d/1br-luxury-high-rise-studio/6361653514.html,1BR LUXURY HIGH RISE STUDIO **CALL ASAP** ORLANDO DOWNTOWN 32801,1243,DOWNTOWN ORLANDO,0,0,1,28.539900,-81.372700,22,
6361658199,2017-11-02 16:21,https://orlando.craigslist.org/apa/d/1br-luxury-high-rise-studio/6361658199.html,1BR LUXURY HIGH RISE STUDIO **CALL ASAP** ORLANDO DOWNTOWN 32801,1243,DOWNTOWN ORLANDO,0,0,1,28.539900,-81.372700,22,
6361654011,2017-11-02 16:21,https://orlando.craigslist.org/apa/d/1br-brand-new-baldwin-harbor/6361654011.html,1BR BRAND NEW BALDWIN HARBOR **CALL 4 SPECIALS** DOWNTOWN BALDWIN,1469,*1a*DOWNTOWN ORLANDO*APARTMENTS*32801*,1,0,1,28.539900,-81.372700,22,
6361639685,2017-11-02 16:21,https://orlando.craigslist.org/apa/d/3br-99-moves-you-in-call-get/6361639685.html,3BR $99 MOVES YOU IN *CALL & GET 1 MONTH FREE* DOWNTOWN 32801,2345,DOWNTOWN ORANDO,3,0,3,28.539900,-81.372700,22,
6361654454,2017-11-02 16:21,https://orlando.craigslist.org/apa/d/1br-live-nora-downtown/6361654454.html,1BR LIVE NORA DOWNTOWN ORLANDO **CALL 4 SPECIAL** 32801,1490,*1a*DOWNTOWN ORLANDO*APARTMENTS*32801*,1,0,1,28.539900,-81.372700,22,
6335433574,2017-11-02 16:21,https://orlando.craigslist.org/apa/d/brand-new-studio-citi-tower/6335433574.html,BRAND NEW STUDIO @CITI TOWER CALL AND GET $2515 OFF 1ST MONTH,1677,DOWNTOWN ORLANDO,0,0,1,28.539900,-81.372700,22,
6361625580,2017-11-02 16:21,https://orlando.craigslist.org/apa/d/2br-reduced-for-quick-lease/6361625580.html,2BR REDUCED FOR A QUICK LEASE *CALL 4 SPECIAL* DOWNTOWN 32801,1505,DOWNTOWN ORLANDO,0,0,,28.539900,-81.372700,22,
6361641418,2017-11-02 16:21,https://orlando.craigslist.org/apa/d/2br-call-today-for-special/6361641418.html,2BR *CALL TODAY FOR SPECIAL* BALDWIN PARK BEST PLACE TO LIVE 32814,1450,BALDWIN PARK,2,0,2,28.570200,-81.326500,22,
6371183119,2017-11-02 16:21,https://orlando.craigslist.org/apa/d/village-green-apartments/6371183119.html,Village Green Apartments,940,,1,0,1,28.666600,-81.365000,22,
6367060528,2017-11-02 16:21,https://orlando.craigslist.org/apa/d/1br-oviedo-winter-springs/6367060528.html,1BR OVIEDO/ WINTER SPRINGS *CALL GET $500 OFF*  32708,1465,WINTER SPRINGS/ OVIEDO,3,0,2,28.683100,-81.281400,22,
6331902963,2017-11-02 16:21,https://orlando.craigslist.org/apa/d/studio-luxury-aspire-call-4/6331902963.html,STUDIO @LUXURY ASPIRE *CALL 4 SPECIAL* DOWNTOWN ORLANDO 32801,1315,DOWNTOWN ORLANDO,0,0,1,28.539900,-81.372700,22,
6337321771,2017-11-02 16:21,https://orlando.craigslist.org/apa/d/3br-bring-300-to-move-in-and/6337321771.html,3BR BRING $300 TO MOVE IN AND CALL FOR 1 MONTH FREE WINTER SPRINGS,1450,DOWNTOWN ORLANDO,3,0,2,28.683100,-81.281400,22,
6337339106,2017-11-02 16:21,https://orlando.craigslist.org/apa/d/2br-luxury-living-harbortown/6337339106.html,2BR LUXURY LIVING @HARBORTOWN METROWEST CALL TODAY 32835,1285,ORLANDO/METRO WEST,2,0,2,28.528900,-81.478700,22,
6337322723,2017-11-02 16:21,https://orlando.craigslist.org/apa/d/1br-bring-300-and-move-in/6337322723.html,1BR BRING $300 AND MOVE IN CALL & GET NOVEMBER FREE WINTER SPRINGS,995,DOWNTOWN ORLANDO,1,0,1,28.683100,-81.281400,22,
6337350296,2017-11-02 16:21,https://orlando.craigslist.org/apa/d/2br-come-live-citra/6337350296.html,2BR COME LIVE @CITRA WINDERMERE CALL TODAY ORLANDO 34786,1499,*WINDERMERE* *ORLANDO* *34786*,2,0,2,28.500600,-81.535400,22,
6335395810,2017-11-02 16:21,https://orlando.craigslist.org/apa/d/1br-now-leasing-1020-winter/6335395810.html,1BR NOW LEASING @1020 WINTER SPRINGS LUXURY UNIT ORLANDO 32708,995,*WINTER SPRINGS* *ORLAND0* *32708*,1,0,1,28.683100,-81.281400,22,
6356831247,2017-11-02 16:21,https://orlando.craigslist.org/apa/d/luxury-high-rise-studio-call/6356831247.html,LUXURY HIGH RISE STUDIO **CALL ASAP** ORLANDO DOWNTOWN 32801,1243,DOWNTOWN ORLANDO,0,0,1,28.539900,-81.372700,22,
6366819267,2017-11-02 16:21,https://orlando.craigslist.org/apa/d/1br-luxury-high-rise-studio/6366819267.html,1BR LUXURY HIGH RISE STUDIO **CALL ASAP** ORLANDO DOWNTOWN 32801,1243,DOWNTOWN ORLANDO,0,0,1,28.539900,-81.372700,22,
6366832906,2017-11-02 16:21,https://orlando.craigslist.org/apa/d/3br-location-location-call-4/6366832906.html,3BR LOCATION LOCATION ((CALL 4 SPECIAL)) LOCATION LOCATION 32814,2345,DOWNTOWN ORLANDO,3,0,3,28.570200,-81.326500,22,
6366818875,2017-11-02 16:21,https://orlando.craigslist.org/apa/d/1br-brand-new-baldwin-harbor/6366818875.html,1BR BRAND NEW BALDWIN HARBOR **CALL 4 SPECIALS** DOWNTOWN BALDWIN,1469,*1a*DOWNTOWN ORLANDO*APARTMENTS*32801*,1,0,1,28.539900,-81.372700,22,
6366820057,2017-11-02 16:21,https://orlando.craigslist.org/apa/d/3br-call-1-month-free-brand/6366820057.html,3BR ((CALL 1 MONTH FREE)) BRAND NEW TOWNHOUSE 3 LEVELS PRIVATE GARAGE,2600,DOWNTOWN ORLANDO,3,0,2,28.570200,-81.326500,22,
6366818548,2017-11-02 16:21,https://orlando.craigslist.org/apa/d/1br-live-nora-downtown/6366818548.html,1BR LIVE NORA DOWNTOWN ORLANDO **CALL 4 SPECIAL** 32801,1490,*1a*DOWNTOWN ORLANDO*APARTMENTS*32801*,1,0,1,28.539900,-81.372700,22,
6356845059,2017-11-02 16:21,https://orlando.craigslist.org/apa/d/2br-baldwin-park-available-12/6356845059.html,2BR BALDWIN PARK AVAILABLE 12/8 *CALL 4 SPECIAL* DOWNTOWN 32814,1495,*BALDWIN PARK* *DOWNTOWN ORLANDO*,2,0,2,28.570200,-81.326500,22,
6371179331,2017-11-02 16:18,https://orlando.craigslist.org/apa/d/call-for-details-granite/6371179331.html,"Call for Details, Granite Countertops, Pet Friendly",1001,Orlando,3,1214,2,,,,
6371178838,2017-11-02 16:18,https://orlando.craigslist.org/apa/d/lease-3x2-995/6371178838.html,LEASE 3X2 $995,995,,0,1167,,28.580300,-81.439600,22,
6363162321,2017-11-02 16:18,https://orlando.craigslist.org/apa/d/comfy-cozy-one-bedroom/6363162321.html,Comfy & Cozy One Bedroom available this Winter!,1059,Williamsburg,1,510,1,28.395700,-81.466600,22,6701 Westwood Blvd Orlando FL US
6371160343,2017-11-02 16:17,https://orlando.craigslist.org/apa/d/apartments-in-orlando/6371160343.html,"֍ Apartments in Orlando, Business Center, Sand Volleyball Court",1315,"Winter garden, Disney, Universal, Winderemere, Winter Park,",2,1151,2,28.515495,-81.477214,5,2333 Lake Debra Drive Orlando FL US
6333639096,2017-11-02 16:16,https://orlando.craigslist.org/apa/d/modern-luxurious-1-2-bedroom/6333639096.html,Modern & Luxurious 1 & 2 Bedroom Apartment Homes Available Now!,1100,"Lake Mary, Heathrow, Sanford",1,741,1,28.787369,-81.344833,5,5000 Solara Circle Lake Mary FL US
6371176339,2017-11-02 16:16,https://orlando.craigslist.org/apa/d/2-bedroom-2-bathroom/6371176339.html,"2 bedroom, 2 Bathroom Apartment, bottom floor",725,"913 Sumter St. Leesburg, Fl",2,1000,2,,,,
6371176301,2017-11-02 16:16,https://orlando.craigslist.org/apa/d/make-yourself-at-home-in/6371176301.html,Make yourself at home in comfort and style! 1 Bed / 1 Bath 659 SqFt,1100,Located close to shopping,1,659,1,28.494520,-81.462510,10,6025 Oakshadow Street Orlando FL US
6371157666,2017-11-02 16:16,https://orlando.craigslist.org/apa/d/apartments-in-the-middle-of/6371157666.html,"❄ Apartments In the middle of Orlando, Clubhouse, Business Center",1185,"Winter garden, Disney, Universal, Winderemere, Winter Park,",1,869,1,28.515495,-81.477214,5,2333 Lake Debra Drive Orlando FL US
6343504898,2017-11-02 16:16,https://orlando.craigslist.org/apa/d/exceptional-living-at-an/6343504898.html,Exceptional Living at an Exceptional Price,1560,"Lake Mary, Sanford, Heathrow",2,1053,2,28.787520,-81.344147,5,Reinhart Rd at H.E. Thomas Sanford FL US
6351205104,2017-11-02 16:16,https://orlando.craigslist.org/apa/d/making-commuting-breeze-with/6351205104.html,Making Commuting a Breeze with Easy Access to I4 and 417,1130,Heathrow,1,686,1,28.787520,-81.344490,5,Reinhart Rd at International Pkwy Sanford FL US
6352246692,2017-11-02 16:16,https://orlando.craigslist.org/apa/d/elevator-access-24-7-fitness/6352246692.html,"Elevator Access, 24/7 Fitness Studio, & Resort-Style Swimming Pool",1125,"Lake Mary, Sanford, Heathrow",1,686,1,28.787670,-81.344490,5,Cherry Laurel at Reinhart Rd Lake Mary FL US
6351248275,2017-11-02 16:16,https://orlando.craigslist.org/apa/d/beautiful-home-in-windermere/6351248275.html,Beautiful Home in Windermere,1800,Windermere,3,1710,2,,,,
6350015004,2017-11-02 16:16,https://orlando.craigslist.org/apa/d/beautiful-artisan-park-home/6350015004.html,Beautiful Artisan Park Home,3300,Celebration,4,2837,2.5,,,,
6360341449,2017-11-02 16:16,https://orlando.craigslist.org/apa/d/99-move-in-special-move-in/6360341449.html,$99 Move-in Special! Move-in This Weekend!!,1475,"Lake Mary, Heathrow, Sanford",2,1053,2,28.787369,-81.344490,5,Solara Circle at Reinhart Rd Lake Mary FL US
6340279753,2017-11-02 16:15,https://orlando.craigslist.org/apa/d/scenic-paradise-for-you-and/6340279753.html,Scenic Paradise for You and Your Furry Loved Ones!,1759,"Orlando, FL",2,935,2,28.395700,-81.466600,22,Westwood Blvd at Central Florida Parkway Orlando FL US
6371174787,2017-11-02 16:15,https://orlando.craigslist.org/apa/d/call-for-details-blinds-play/6371174787.html,"Call for Details, Blinds, Play Areas",1284,Sanford,4,1454,3,28.761009,-81.275709,10,500 Fox Quarry Lane Sanford FL US
6371136144,2017-11-02 16:15,https://orlando.craigslist.org/apa/d/boxing-zone-garden-soaking/6371136144.html,"Boxing Zone, Garden Soaking Tub, Dry Cleaning Valet",1375,International Drive,1,788,1,28.395700,-81.466600,5,10107 Ancora Circle Orlando FL US
6371174401,2017-11-02 16:15,https://orlando.craigslist.org/apa/d/luxurious-2-bed-2-bath/6371174401.html,Luxurious 2 bed / 2 bath available with convenient washer & dryer,1257,Easy access to major highways,2,1030,2,28.494520,-81.462510,10,6025 Oakshadow Street Orlando FL US
6360768013,2017-11-02 16:15,https://orlando.craigslist.org/apa/d/affordable-luxury-living-in/6360768013.html,Affordable Luxury Living in the Heart of Central Florida,1400,"Lake Mary, Heathrow, Sanford",2,1053,2,28.787069,-81.344662,5,H.E. Thomas at Reinhart Rd Lake Mary FL US
6371156908,2017-11-02 16:15,https://orlando.craigslist.org/apa/d/spacious-apartments-in/6371156908.html,"☀ Spacious apartments in Orlando, Sand Volleyball Court, Jungle Gym",1155,"Winter garden, Disney, Universal, Winderemere, Winter Park,",1,809,1,28.515495,-81.477214,5,2333 Lake Debra Drive Orlando FL US
6361996706,2017-11-02 16:15,https://orlando.craigslist.org/apa/d/luxury-apartment-living-at/6361996706.html,Luxury Apartment Living at its finest~ Solara,1405,Lake Mary/Winter Park/Altamonte Springs,2,1053,2,28.801300,-81.285000,22,
6351018309,2017-11-02 16:15,https://orlando.craigslist.org/apa/d/reserve-an-apartment-in-the/6351018309.html,Reserve an apartment in the midst of Beautiful Lush Landscape today!!,1409,Orlando,3,1200,2,28.503482,-81.309984,20,Semoran Blvd at Lake Margret Orlando FL US
6367182117,2017-11-02 16:15,https://orlando.craigslist.org/apa/d/tour-today-move-in-tomorrow/6367182117.html,"Tour Today, Move-in Tomorrow!",1070,"Lake Mary, Heathrow, Sanford",1,686,1,28.787520,-81.344318,5,5000 Solara Circle Lake Mary FL US
6368081420,2017-11-02 16:15,https://orlando.craigslist.org/apa/d/wood-floors-granite/6368081420.html,"Wood Floors, Granite Countertops, Stainless Steel Appliances, Garages",1400,"Lake Mary, Heathrow, Sanford",2,964,2,28.786918,-81.344490,5,Reinhart Rd at SR 46 Lake Mary FL US
6371173509,2017-11-02 16:15,https://orlando.craigslist.org/apa/d/sand-volleyball-court/6371173509.html,"Sand Volleyball Court, Designer Light Fixtures, King-Sized Bedrooms",1344,"3701 Grandewood Blvd, Orlando, FL 32837",1,877,1,28.394900,-81.417900,5,3701 Grandewood Blvd Orlando FL US
6371140647,2017-11-02 16:15,https://orlando.craigslist.org/apa/d/stylish-and-contemporary/6371140647.html,STYLISH AND CONTEMPORARY ARCHITECTURE,1720,DOWNTOWN ORLANDO,2,1223,2,,,,
6371173053,2017-11-02 16:14,https://orlando.craigslist.org/apa/d/looking-for-amenities/6371173053.html,"Looking For A+ Amenities? Available Today, Come And See!!",999,Winter Park/ Orlando/ Full Sail/ Valencia/ Semoran/MCO,1,792,1,28.582178,-81.308090,10,3650 Summer wind dr Winter Park FL US
6371172945,2017-11-02 16:14,https://orlando.craigslist.org/apa/d/spacious-layout-with-private/6371172945.html,"Spacious layout with private washer & dryer! 855 SqFt 2 Bed, 2 Bath",1304,Minutes from Downtown Orlando,2,855,2,28.494520,-81.462510,10,6025 Oakshadow Street Orlando FL US
6371172843,2017-11-02 16:14,https://orlando.craigslist.org/apa/d/youll-love-our-great/6371172843.html,You'll love our great amenities at Valencia Park!,910,Private Porches,3,1149,2,28.546900,-81.257100,22,532 Park Tree Terrace Orlando FL US
6371154149,2017-11-02 16:14,https://orlando.craigslist.org/apa/d/convenient-location-great/6371154149.html,CONVENIENT LOCATION - GREAT VALUE!,3888,DOWNTOWN ORLANDO,3,1620,3,,,,
6371136429,2017-11-02 16:14,https://orlando.craigslist.org/apa/d/iiii-for-rent-your-friends/6371136429.html,IIII^^^^ FOR RENT!!! YOUR FRIENDS WILL ENVY YOU IN THE 1/1 HIGH RISE^^,1505,ORLANDO/DOWNTOWN,1,0,1,28.555900,-81.353500,22,
6349416092,2017-11-02 16:13,https://orlando.craigslist.org/apa/d/winter-park-loft-with-open/6349416092.html,Winter Park loft with open kitchen that is great for entertaining,949,Winter Park/Casselberry/Maitland,1,530,1,28.625891,-81.325552,10,2890 red lion square Winter Park FL US
6371170666,2017-11-02 16:13,https://orlando.craigslist.org/apa/d/engaging-personal-services/6371170666.html,"Engaging Personal Services, Strength Training, Multi-Media Area",1265,,2,980,2,28.411500,-81.525000,22,
6371136054,2017-11-02 16:12,https://orlando.craigslist.org/apa/d/take-advantage-of-this-great/6371136054.html,TAKE ADVANTAGE OF THIS GREAT VALUE,1645,DOWNTOWN ORLANDO,2,1068,2,,,,
6371119239,2017-11-02 16:12,https://orlando.craigslist.org/apa/d/1bd-1ba-package-concierge/6371119239.html,"1bd 1ba, Package Concierge Locker System, Direct Access Garages",1320,Orlando,1,1120,1,28.431700,-81.343000,5,9300 Northlake Parkway Orlando FL US
6371077586,2017-11-02 16:12,https://orlando.craigslist.org/apa/d/apartment-available-in-oviedo/6371077586.html,"► Apartment Available in Oviedo, Washer and Dryer, Vaulted Ceilings",680,Orlando,3,1260,2,28.621400,-81.429400,22,
6371168832,2017-11-02 16:11,https://orlando.craigslist.org/apa/d/4-beds-2bths-pool-house-for/6371168832.html,4 beds/2bths pool house for rent,1250,Laurelwood CT,4,1771,2,28.573578,-81.466193,20,Laurelwood CT Orlando FL US
6371167507,2017-11-02 16:10,https://orlando.craigslist.org/apa/d/beautiful-4-br-3-bath-home-in/6371167507.html,BEAUTIFUL 4 BR 3 BATH HOME IN WINDERMERE AVAILABLE NOW!!!,2395,summerport,4,2450,3,28.492191,-81.590811,15,caywood pond at blue major windermere FL US
6371167232,2017-11-02 16:10,https://orlando.craigslist.org/apa/d/maitland-station-apartments/6371167232.html,MAITLAND STATION APARTMENTS - BRAND NEW PROPERTY!!!,1475,"Maitland, FL",1,870,1,28.606091,-81.365391,10,955 N. Orlando Ave Maitland FL US
6371166863,2017-11-02 16:10,https://orlando.craigslist.org/apa/d/spacious-loft-with-gray-walls/6371166863.html,"Spacious ""loft"" with gray walls, stainless steel appl & new carpet!",949,Winter Park/Rollins College/UCF/Maitland,1,530,1,28.625891,-81.325552,10,2890 red lion square winter park FL US
6371129263,2017-11-02 16:10,https://orlando.craigslist.org/apa/d/cant-get-any-better-then-this/6371129263.html,Cant Get Any Better then THIS 3BR / 2BATH ~ Call Today for a Tour,2162,"Downtown, Orlando",3,1371,2,,,,
6371147579,2017-11-02 16:09,https://orlando.craigslist.org/apa/d/come-and-enjoy-the-good-life/6371147579.html,COME AND ENJOY THE GOOD LIFE!,2415,DOWNTOWN ORLANDO,2,1075,2,,,,
6371166288,2017-11-02 16:09,https://orlando.craigslist.org/apa/d/air-conditioner-cable-ready/6371166288.html,"Air Conditioner, Cable Ready, Carpeting",645,"4990 North Lane, Orlando, FL 32808",1,576,1,28.596478,-81.447936,5,4990 North LaneÂ  Orlando FL US
6371165601,2017-11-02 16:09,https://orlando.craigslist.org/apa/d/apply-today-and-move-in/6371165601.html,Apply Today and Move in TOMORROW!  Promenade at Aloma,1605,2785 Chaddsford Cir,2,1350,2,28.619845,-81.249497,5,2785 Chaddsford Cir Oviedo FL US
6371132306,2017-11-02 16:09,https://orlando.craigslist.org/apa/d/look-no-further-this-is-your/6371132306.html,LOOK NO FURTHER THIS IS YOUR P.LACE!,1450,DOWNTOWN ORLANDO,1,788,1,,,,
6371165219,2017-11-02 16:09,https://orlando.craigslist.org/apa/d/3-2-available-soon-fireplace/6371165219.html,"3/2 Available SOON! Fireplace, Private Balcony, Vaulted Ceilings!",1473,"Orlando, FL",3,1150,2,28.492928,-81.307561,10,5800 Dolphin Dr Orlando FL US
6335685119,2017-11-02 16:08,https://orlando.craigslist.org/apa/d/reserve-beautiful-spacious/6335685119.html,"Reserve a beautiful, Spacious studio apartment Today!",889,Orlando,1,440,1,28.509264,-81.311691,7,Semoran Blvd. at Lake Margaret Orlando FL US
6371142678,2017-11-02 16:07,https://orlando.craigslist.org/apa/d/come-view-our-lovely-property/6371142678.html,COME VIEW OUR LOVELY PROPERTY!,1687,DOWNTOWN ORLANDO,0,737,,,,,
6371162625,2017-11-02 16:07,https://orlando.craigslist.org/apa/d/right-around-the-corner-near/6371162625.html,"RIGHT AROUND THE CORNER, NEAR EVERYWHERE YOU WANT TO BE!",1200,2310,1,795,1,28.624108,-81.398349,10,545 S Keller Rd Orlando FL US
6371144870,2017-11-02 16:06,https://orlando.craigslist.org/apa/d/find-everything-you-need-is/6371144870.html,FIND EVERYTHING YOU NEED IS HERE!,1879,DOWNTOWN ORLANDO,1,778,1,,,,
6371161357,2017-11-02 16:06,https://orlando.craigslist.org/apa/d/near-downtown-orlando/6371161357.html,"Near Downtown Orlando, Dishwasher, Newly Updated Pool w Sundeck",1233,Orlando,2,1137,2,,,,
6371153616,2017-11-02 16:05,https://orlando.craigslist.org/apa/d/gates-of-harbortown-in/6371153616.html,"♥ Gates of Harbortown in Orlando, Granite Countertops, Clubhouse",1570,"Winter garden, Disney, Universal, Winderemere, Winter Park,",3,1353,2,28.515495,-81.477214,5,2333 Lake Debra Drive Orlando FL US
6371132960,2017-11-02 16:04,https://orlando.craigslist.org/apa/d/kkkkfor-rent-extensive/6371132960.html,KKKK=====FOR RENT!!! EXTENSIVE UPGRADES IN THIS 1/1 HIGHRISE....===ooo,1515,ORLANDO/DOWNTOWN,1,0,1,28.555900,-81.353500,22,
6371158235,2017-11-02 16:04,https://orlando.craigslist.org/apa/d/get-it-right-lease-tonight/6371158235.html,GET IT RIGHT & LEASE TONIGHT! SAVE $400 TODAY!,1279,Winter Park,0,0,,28.605587,-81.371261,10,1701 Lee Road Winter Park FL US
6336431488,2017-11-02 16:03,https://orlando.craigslist.org/apa/d/furnished-1-bedroom-1-bath/6336431488.html,Furnished/1 Bedroom/1 bath/Apt.attach to house,875,Winter Park,1,875,1,28.584678,-81.327990,20,Lakemont Ave at Aloma Ave Winter Park FL US
6354113596,2017-11-02 16:02,https://orlando.craigslist.org/apa/d/pet-friendly-spacious-split/6354113596.html,"Pet Friendly, Spacious Split FloorPlan/ W.D",1059,,1,730,1,28.499800,-81.328800,22,
6354046761,2017-11-02 16:02,https://orlando.craigslist.org/apa/d/new-granite-counter-tops-and/6354046761.html,NEW GRANITE COUNTER TOPS AND UPDATED APPLIANCES!! MOVE IN 11/3/17,1139,,1,730,1,28.499800,-81.328800,22,
6358178636,2017-11-02 16:02,https://orlando.craigslist.org/apa/d/delightful-spacious-apartment/6358178636.html,Delightful Spacious Apartment/ pet Friendly,1059,,1,730,1,28.499800,-81.328800,22,
6363134553,2017-11-02 16:01,https://orlando.craigslist.org/apa/d/fully-equip-kitchen-prime/6363134553.html,"Fully equip kitchen, Prime location, One of a kind amenities!",1589,"Waived App Fee, Orlando, Dr. Phillips",2,1003,2,28.495281,-81.448493,10,4000 Middlebrook rd orlando FL US
