pid,dt,url,title,price,neighb,beds,sqft,baths,lat,lng,accuracy,address
6371305078,2017-11-02 16:48,https://palmsprings.craigslist.org/apa/d/need-stubs-easy-and-fast/6371305078.html,NEED S.T.U.B.S EASY AND FAST,1200,palm springs,4,1100,3,,,,
6371435565,2017-11-02 16:47,https://palmsprings.craigslist.org/apa/d/luxurious-1-bed-1-bath-condo/6371435565.html,Luxurious 1 Bed 1 Bath Condo w/ Detached Garage! Call Today!!,1225,,1,889,1,33.764400,-116.339800,22,35751 Gateway Drive Palm Desert CA US
6368552775,2017-11-02 16:43,https://palmsprings.craigslist.org/apa/d/its-the-condo-king-for-the/6368552775.html,"It's the ""Condo King"" for the best Vacation Leases",1,Palm Springs,1,0,0,33.841400,-116.534700,22,
6371417270,2017-11-02 16:42,https://palmsprings.craigslist.org/apa/d/what-an-amazing-find-in-palm/6371417270.html,"What an amazing find in Palm Springs! This wonderful 3 bedroom, 2 bath",500,3233 N Mountain Shadow Dr Palm Springs,3,1160,2,33.841400,-116.534700,22,
6371430853,2017-11-02 16:36,https://palmsprings.craigslist.org/apa/d/gorgeous-new-construction-get/6371430853.html,"Gorgeous new construction! Get yourself a brand new 1 bed, 1 bath!",1150,Indio,1,710,1,33.720700,-116.216800,22,81875 Ave 48 Indio CA US
6371430345,2017-11-02 16:36,https://palmsprings.craigslist.org/apa/d/your-dog-or-cat-will-love-the/6371430345.html,Your Dog or Cat will love The Sage Courtyard Apartment Homes! Great fo,950,Palm Springs,1,749,1,33.823218,-116.521647,10,2300 E Tahquitz Canyon Way Palm Springs CA US
6371424862,2017-11-02 16:31,https://palmsprings.craigslist.org/apa/d/luxurious-2x2-backsplash/6371424862.html,Luxurious 2x2 w/ Backsplash & Stainless Steel Kitchen Appliances,1585,,2,975,2,33.801419,-116.519347,10,2500 East Palm Canyon Dr. Palm Springs CA US
6371407153,2017-11-02 16:24,https://palmsprings.craigslist.org/apa/d/sunrise-country-club-seasonal/6371407153.html,Sunrise Country Club Seasonal Rentals!,3000,Rancho Mirage,0,0,,33.764300,-116.422500,0,
6371417719,2017-11-02 16:24,https://palmsprings.craigslist.org/apa/d/large-2-bedroom-condo-palm/6371417719.html,Large 2 Bedroom Condo Palm Canyon Villas,1275,Palm Springs,2,979,2,33.791719,-116.486147,15,Waverly Dr at Golf Club Drive Palm Springs CA US
6363284326,2017-11-02 16:22,https://palmsprings.craigslist.org/apa/d/super-cute-studio-with-all/6363284326.html,SUPER CUTE STUDIO WITH ALL TILE FLOORS - Only $641/month,641,Desert Hot Springs,0,0,1,33.964203,-116.497149,15,3rd at Mesquite Desert Hot Springs CA US
6363275045,2017-11-02 16:22,https://palmsprings.craigslist.org/apa/d/adobe-style-1-bedroom-with/6363275045.html,ADOBE STYLE -  1 BEDROOM WITH NEW GRANITE KITCHEN ONLY,794,Desert Hot Springs,1,0,1,33.965987,-116.501514,15,5th at Palm Desert Hot Springs CA US
6371404078,2017-11-02 16:12,https://palmsprings.craigslist.org/apa/d/hey-you-lots-of-amenities/6371404078.html,HEY YOU! LOTS OF AMENITIES! COME TOUR TODAY!!!,1530,BERMUDA DUNES,2,921,2,33.753620,-116.303642,20,40300 WASHINGTON ST Indio CA US
6371392032,2017-11-02 16:10,https://palmsprings.craigslist.org/apa/d/3-bedroom-2-bath-villa-style/6371392032.html,3 bedroom 2 bath Villa style! Attached garage,1345,,3,0,2,33.809800,-116.466500,22,
6371396555,2017-11-02 16:05,https://palmsprings.craigslist.org/apa/d/upstairs-with-amazing-pool/6371396555.html,UPSTAIRS - WITH AMAZING POOL & MOUNTAIN VIEW -ASK HOW YOU CAN SAVE 500,1345,PALM SPRINGS,2,935,2,33.841400,-116.534700,22,
6371393956,2017-11-02 16:03,https://palmsprings.craigslist.org/apa/d/excellent-location-walk-to/6371393956.html,"Excellent location! Walk to Starbucks, Target and Trader Joe's",1185,Palm Springs CA,2,805,2,33.801800,-116.517000,0,
6371392475,2017-11-02 16:01,https://palmsprings.craigslist.org/apa/d/great-location-near-el-paseo/6371392475.html,"Great Location Near El Paseo, Pool, Picnic Areas, AC, Walk-In Closet!",975,Palm Desert,1,650,1,33.719474,-116.368984,15,Panorama Drive at Highway 111 Palm Desert CA US
