pid,dt,url,title,price,neighb,beds,sqft,baths,lat,lng,accuracy,address
6364865341,2017-11-02 16:42,https://panamacity.craigslist.org/apa/d/come-fall-in-love-with-this/6364865341.html,COME FALL IN LOVE WITH THIS 2BR/2BA AWESOME TOWNHOME ◈ a must See+!,825,MOVE IN READY ♥ FAMILY LIVING ♥ COZY HOME,2,1150,2,30.113165,-85.601263,20,alma street at bus hwy 98 parker FL US
6371117967,2017-11-02 16:34,https://panamacity.craigslist.org/apa/d/3-bed-room-home-aval-for-et/6371117967.html,☮ 3 Bed Room 'home Aval/ for ɍeŋt! ☮,400,panamacity,3,0,2,30.160600,-85.649400,22,
6371282887,2017-11-02 16:32,https://panamacity.craigslist.org/apa/d/call-for-details-walk-in/6371282887.html,"Call for Details, Walk In Closets, Online Rent Pay",1385,Panama City Beach,4,1485,3,,,,
6371271459,2017-11-02 16:24,https://panamacity.craigslist.org/apa/d/bay-point-home/6371271459.html,Bay Point home,2500,"Panama City Beach, Fl",4,2696,3,30.151213,-85.739365,5,Wahoo Rd at Bonefish Panama City Beach FL US
6371259336,2017-11-02 16:15,https://panamacity.craigslist.org/apa/d/available-today/6371259336.html,AVAILABLE TODAY!!,850,Panama City,1,600,1,30.140633,-85.589365,5,322 South Burkett Drive Panama City FL US
6371233023,2017-11-02 16:11,https://panamacity.craigslist.org/apa/d/small-one-bedroom-apt-located/6371233023.html,Small One bedroom Apt Located in St Andrews,185,,1,0,1,,,,
6371116250,2017-11-02 16:08,https://panamacity.craigslist.org/apa/d/lovely-3-bdrm-2-bath-house/6371116250.html,◎ Lovely 3 bdrm/2 bath House. Garden! ◎,400,panamacity,3,0,2,30.160600,-85.649400,22,
6371249006,2017-11-02 16:07,https://panamacity.craigslist.org/apa/d/storage-laundry-facilities/6371249006.html,Storage - Laundry Facilities - Dog Park,850,Panama City,1,600,1,30.140633,-85.589365,5,322 South Burkett Drive Panama City FL US
6371238929,2017-11-02 16:06,https://panamacity.craigslist.org/apa/d/winter-special-2br-condo/6371238929.html,Winter special 2br condo,1450,22400 Front Beach Rd.,2,1400,2.5,30.257714,-85.963619,5,22400 Front Beach Rd. Panama City Beach FL US
6342699949,2017-11-02 16:06,https://panamacity.craigslist.org/apa/d/rv-lot-for-rentmonth-includes/6342699949.html,RV lot for rent $325.00 A month includes w/s and electric,325,20936 nw lakeview rd altha fl 32421,0,0,,30.502748,-85.306735,7,20936 nw lakeview rd. altha FL US
