pid,dt,url,title,price,neighb,beds,sqft,baths,lat,lng,accuracy,address
6371294283,2017-11-02 16:47,https://pensacola.craigslist.org/apa/d/washer-dryer-connections-pet/6371294283.html,"Washer/dryer connections, Pet friendly, Wood-burning fireplace",770,"Downtown, East hill, Scenic Hwy",1,690,1,30.437560,-87.173775,5,2101 Scenic HighwayÂ  Pensacola FL US
6371128689,2017-11-02 16:45,https://pensacola.craigslist.org/apa/d/big-brand-new-remodeled-2345/6371128689.html,"◟ Big Brand New Remodeled 2,3,4,5 br Big Family House!! for Ȑeǹt",400,pensacola,3,0,2,30.422300,-87.224800,22,
6371279672,2017-11-02 16:39,https://pensacola.craigslist.org/apa/d/this-deal-wont-last-long/6371279672.html,"This deal won't last long! Gorgeous 1 bed, 1 bath! November Free!",945,Pensacola,1,945,1,30.480027,-87.266823,10,6111 Enterprise Dr Pensacola FL US
6371284422,2017-11-02 16:33,https://pensacola.craigslist.org/apa/d/move-in-today-fairfield-lakes/6371284422.html,MOVE IN TODAY!!! Fairfield Lakes Apartments has immediate openings:),990,West Pensacola,2,1078,2,30.406126,-87.334645,5,West Highway 98 Pensacola FL US
6371251321,2017-11-02 16:25,https://pensacola.craigslist.org/apa/d/two-bedroom-open/6371251321.html,Two Bedroom open,720,Sandstones,2,1050,2,30.411386,-87.274917,10,190 N. Old Corry Field Rd Pensacola FL US
6371263749,2017-11-02 16:23,https://pensacola.craigslist.org/apa/d/better-than-new/6371263749.html,Better than new!,1025,6304 Long St.,2,1290,2,30.487850,-87.189572,10,6304 Long St. Pensacola FL US
6371268016,2017-11-02 16:21,https://pensacola.craigslist.org/apa/d/poolside-lanai-private/6371268016.html,"Poolside Lanai, Private Entryways, 24-Hour Laundry Rooms",885,Pensacola,2,1003,2,30.527914,-87.213368,5,2220 Gloria Circle Pensacola FL US
6371124600,2017-11-02 16:15,https://pensacola.craigslist.org/apa/d/lovely-totally-renovated/6371124600.html,"▒ Lovely, totally renovated single family 'home for ɍeŋt!",400,pensacola,3,0,2,30.422300,-87.224800,22,
6368443968,2017-11-02 16:14,https://pensacola.craigslist.org/apa/d/2bdr-1ba-mobile-home-on-1-4/6368443968.html,2bdr/1ba mobile home on 1/4 acre,750,gulf breeze,0,0,,30.408086,-86.986967,5,national ct. at pentagon st. gulf breeze FL US
6350267265,2017-11-02 16:13,https://pensacola.craigslist.org/apa/d/two-bedroom-open-150-off-move/6350267265.html,Two Bedroom open/ $150 off move in fee specail,720,Sandstones,2,1050,2,30.411386,-87.274917,10,190 N. Old Corry Field Rd Pensacola FL US
6368316073,2017-11-02 16:12,https://pensacola.craigslist.org/apa/d/spacious-2-bedroom-1-bath/6368316073.html,Spacious 2 Bedroom 1 Bath Home Close To Bases!,725,Southwest Pensacola,2,1034,1,30.384920,-87.306810,10,807 Rentz Avenue Pensacola FL US
6368341146,2017-11-02 16:11,https://pensacola.craigslist.org/apa/d/great-home-available-in/6368341146.html,Great Home Available In December! Pre-Lease This Home Today!,1050,Close To NAS,3,1600,2,30.378055,-87.312505,10,2009 Augusta Avenue Pensacola FL US
6371233188,2017-11-02 16:10,https://pensacola.craigslist.org/apa/d/cantonment-mobile-home/6371233188.html,Cantonment mobile home,650,Cantonment,3,0,2,,,,
6371250862,2017-11-02 16:09,https://pensacola.craigslist.org/apa/d/east-hill-charmer/6371250862.html,East Hill Charmer,1425,East Hill,3,0,1,30.456400,-87.210400,22,Avery St Pensacola FL US
6371239717,2017-11-02 16:01,https://pensacola.craigslist.org/apa/d/2-bedroom-2-bath-available/6371239717.html,2 Bedroom/2 Bath  (available 1/12/18),869,East Pensacola,2,1000,2,30.470579,-87.173720,10,4470 Spanish Trail Pensacola FL US
