pid,dt,url,title,price,neighb,beds,sqft,baths,lat,lng,accuracy,address
6368635216,2017-11-02 16:59,https://peoria.craigslist.org/apa/d/1-bed-1-bath-858-sqft-for-rent/6368635216.html,1 bed 1 bath 858 sqft For Rent,400,"Peoria, IL",0,0,,40.671437,-89.642300,15,"2508 W Fremont St Peoria, IL US"
6368621720,2017-11-02 16:57,https://peoria.craigslist.org/apa/d/2-beds-1-bath-676-sqft/6368621720.html,2 beds 1 bath 676 sqft,600,"Peoria, IL",0,0,,40.675773,-89.637172,10,"2826 W Garden St Peoria, IL US"
6355243816,2017-11-02 16:45,https://peoria.craigslist.org/apa/d/love-where-you-livebrandywine/6355243816.html,"♥ LOVE WHERE YOU LIVE...BRANDYWINE CROSSING, AFFORDABLE AND SPACIOUS!",630,"4010 N Brandywine Dr, Peoria, IL 61614",1,680,1,40.737263,-89.620764,5,4010 N Brandywine Dr Peoria IL US
6361650210,2017-11-02 16:25,https://peoria.craigslist.org/apa/d/we-have-123-and-even-4/6361650210.html,"We have 1,2,3 and even a 4 bedroom available at Williamsburg!",650,Pekin,3,1074,1.5,40.574799,-89.623719,15,Florence Ave at Willow Pekin IL US
6333620576,2017-11-02 16:23,https://peoria.craigslist.org/apa/d/make-this-cute-and-cozy-2/6333620576.html,Make this cute and cozy 2 bedroom your home for the Holidays!,725,Pekin,2,802,1,40.563699,-89.634478,10,624 S 12th at Park Ave. Pekin IL US
6360798921,2017-11-02 16:23,https://peoria.craigslist.org/apa/d/must-see-clifton-place-2-in-1/6360798921.html,"""Must See"" Clifton Place 2 - in - 1 Space!",950,Morton,2,1475,2,40.607838,-89.460394,15,Clifton at Adams Morton IL US
6355199626,2017-11-02 16:22,https://peoria.craigslist.org/apa/d/only-1-left-lakeside/6355199626.html,Only 1 Left! Lakeside Apartments-Managed by Leman Property Management,730,Pekin,2,1000,1,40.583526,-89.643286,20,Lakeside at 8th Street Pekin IL US
6362978278,2017-11-02 16:20,https://peoria.craigslist.org/apa/d/let-cedar-creek-apartments/6362978278.html,Let Cedar Creek Apartments Welcome You Home This Holiday Season!,925,Washington,2,1200,2,40.697301,-89.421690,10,1100 Kern Road Washington IL US
6371266778,2017-11-02 16:20,https://peoria.craigslist.org/apa/d/condo-for-rent-in-central/6371266778.html,Condo for rent in Central Peoria (no lawn to mow or snow to shovel!),650,3623 N. Sterling Avenue Unit C2,2,795,1,40.711100,-89.632400,22,
6361646860,2017-11-02 16:18,https://peoria.craigslist.org/apa/d/only-1-available-4-bedroom/6361646860.html,Only 1 available 4 bedroom Townhouse $755,755,Pekin,4,1225,1.5,40.574799,-89.623719,15,Florence Ave at Willow Pekin IL US
6355161540,2017-11-02 16:15,https://peoria.craigslist.org/apa/d/duplex-for-rent-1421-eagle/6355161540.html,"Duplex For Rent - 1421 Eagle Ave, Washington, IL - Avail Nov 15th",1550,Washington,3,1741,2.5,40.706417,-89.430451,10,1421 Eagle Ave Washington IL US
