pid,dt,url,title,price,neighb,beds,sqft,baths,lat,lng,accuracy,address
6371239374,2017-11-02 17:00,https://philadelphia.craigslist.org/apa/d/one-month-free-3rd-flr/6371239374.html,ONE MONTH FREE-3rd Flr-Spacious-Newly Renovated! Avail NOW,1595,1440 Mt. Vernon St,1,888,1,39.967700,-75.173500,22,15th Street at Mt. Vernon St. Philadelphia PA US
6371238626,2017-11-02 17:00,https://philadelphia.craigslist.org/apa/d/fantastic-studio-style-rooms/6371238626.html,Fantastic Studio Style Rooms w/ short or long term needs!!!,1575,Horsham - Welsh,1,0,1,40.188251,-75.195862,10,114 Welsh Road Horsham PA US
6371238604,2017-11-02 17:00,https://philadelphia.craigslist.org/apa/d/beautifully-upgraded-2/6371238604.html,Beautifully Upgraded 2 Bedroom Town Home,1445,West Chester,2,1020,1.5,39.969150,-75.561175,10,1224 W Chester Pike West Chester PA US
6371237245,2017-11-02 16:59,https://philadelphia.craigslist.org/apa/d/spacious-updated-4br-3ba/6371237245.html,🔆SPACIOUS & UPDATED 4BR 3BA APARTMENT NEAR UNIVERSITY CITY!,2200,WALNUT HILL,4,0,3,39.956566,-75.222407,10,5043 WALNUT STREET PHILADELPHIA PA US
6371236802,2017-11-02 16:59,https://philadelphia.craigslist.org/apa/d/1-month-free-stunning-luxury/6371236802.html,"**1 Month Free! Stunning Luxury 1bed/1.5bath home starting $1,995**",1995,"Center City, City Hall, Hahnemann/Drexel",0,913,1.5,39.955078,-75.164742,10,117 N. 15th Street at Arch Street Philadelphia PA US
6371236755,2017-11-02 16:59,https://philadelphia.craigslist.org/apa/d/youll-love-this-studio/6371236755.html,You'll Love This Studio!!!,747,east oak lane,0,341,1,40.049308,-75.133773,10,6344 N. 8th St at Chelten Ave Philadelphia PA US
6371236595,2017-11-02 16:58,https://philadelphia.craigslist.org/apa/d/spectacular-studio-1444-month/6371236595.html,"**Spectacular Studio $1,444/month w/Special at The Metropolitan**",1575,"Center City, City Hall, Hahnemann/Drexel",0,536,1,39.955078,-75.164742,10,117 N. 15th Street at Arch Street Philadelphia PA US
6371124719,2017-11-02 16:58,https://philadelphia.craigslist.org/apa/d/3-bed-15-bath-located-in-the/6371124719.html,3 bed 1.5 Bath located in the heart of Queen Village/South street area,1525,Queen Village 	Philadelphia,1,3231,1,39.941206,-75.147651,10,624 S 3rd St Philadelphia PA US
6371234887,2017-11-02 16:57,https://philadelphia.craigslist.org/apa/d/1-bdrm-in-convenient-location/6371234887.html,1 bdrm in convenient location!! IMMEDIATE MOVE IN,975,212 East Mount Vernon Street Lansdale,1,495,1,40.235572,-75.282208,10,212 East Mount Vernon Street Lansdale PA US
6371223546,2017-11-02 16:57,https://philadelphia.craigslist.org/apa/d/2-bed-1-bath-swimming-pool/6371223546.html,"2 Bed 1 Bath - Swimming Pool, Fitness Center",1095,"1600 Brookwood Drive, Bensalem, PA 19020",2,848,1,40.094606,-74.939476,5,1600 Brookwood Drive Bensalem PA US
6371091969,2017-11-02 16:57,https://philadelphia.craigslist.org/apa/d/private-coutnry-cottage-on/6371091969.html,Private Coutnry Cottage on Huge Farm,1300,Bedminster,3,0,0,40.348721,-75.249825,22,
6371232932,2017-11-02 16:56,https://philadelphia.craigslist.org/apa/d/3-bdr-1-bath-townhouse-for/6371232932.html,3 Bdr 1 Bath Townhouse for Rent -Close to Berks Train Station Philly,1500,N. Howard Street,3,0,1,39.978000,-75.145900,22,
6361846385,2017-11-02 16:56,https://philadelphia.craigslist.org/apa/d/super-spacious-apartment-in/6361846385.html,Super spacious apartment in one of the best locations - Bella Vista,1600,Bella Vista Philadelphia,3,1100,1,39.938394,-75.153093,10,808 S 6th St Philadelphia PA US
6333520671,2017-11-02 16:56,https://philadelphia.craigslist.org/apa/d/amazing-1-bedroom-1-bathroom/6333520671.html,Amazing 1 Bedroom/ 1 Bathroom Apartment in a Landmark Building!!,1354,Rittenhouse Square 	Philadelphia,1,795,1,39.947979,-75.167904,10,257 S 16th St Philadelphia PA US
6333525770,2017-11-02 16:55,https://philadelphia.craigslist.org/apa/d/2-bedroom-1-bath-fully/6333525770.html,2 bedroom 1 bath fully furnished unit available!!,2200,Rittenhouse Square 	Philadelphia,2,787,1,39.948620,-75.169379,10,242 S 17th St Philadelphia PA US
6371232451,2017-11-02 16:55,https://philadelphia.craigslist.org/apa/d/perfect-house-for-rent-in/6371232451.html,PERFECT House for Rent in Fishtown - 2 Bedroom\1.5 Bath,1475,Fishtown,2,956,1.5,39.978544,-75.117107,10,2618 Almond St philadelphia PA US
6343476905,2017-11-02 16:55,https://philadelphia.craigslist.org/apa/d/amazing-bella-vista-unit-full/6343476905.html,"Amazing Bella Vista unit, full renovation in Meredith school district",1750,Bella Vista Philadelphia,2,0,1,39.940894,-75.158505,10,928 Fitzwater St Philadelphia PA US
6355360403,2017-11-02 16:55,https://philadelphia.craigslist.org/apa/d/spacious-2-bedroom-3-bath/6355360403.html,"Spacious 2 bedroom, 3 bath bilevel unit at the pet-friendly Metro Club",2585,Old City 	Philadelphia,2,1200,3,39.955008,-75.152735,10,201 N 8th St Philadelphia PA US
6368009158,2017-11-02 16:55,https://philadelphia.craigslist.org/apa/d/your-perfect-aptis-waiting/6368009158.html,❤️🏠YOUR PERFECT APT💥💥IS WAITING FOR U @ PE,725,"Philadelphia, PA",1,0,1,40.057944,-75.085372,10,7100 Oxford Ave Philadelphia PA US
6363162124,2017-11-02 16:55,https://philadelphia.craigslist.org/apa/d/your-perfect-aptis-waiting/6363162124.html,❤️🏠YOUR PERFECT APT💥💥IS WAITING FOR U @ PE,725,"Philadelphia, PA",1,0,1,40.057944,-75.085372,10,7100 Oxford Ave Philadelphia PA US
6371231019,2017-11-02 16:54,https://philadelphia.craigslist.org/apa/d/gorgeous-3bd-2ba-great-views/6371231019.html,Gorgeous 3BD/2BA w. Great Views + ALL UTILITIES INCLUDED- Avail. Now!,2395,Center City,3,1572,2,39.948119,-75.163841,10,1324 Locust St Philadelphia PA US
6371230438,2017-11-02 16:54,https://philadelphia.craigslist.org/apa/d/2-bed-2-bath-business-center/6371230438.html,"2 Bed 2 Bath - Business center with equipment, Fully Equipped Kitchen",1504,"1149 Kingsway Rd, West Chester, PA 19382",2,1115,2,39.970784,-75.569134,5,1149 Kingsway Rd West Chester PA US
6371230049,2017-11-02 16:54,https://philadelphia.craigslist.org/apa/d/spacious-2br-1ba-apartment/6371230049.html,🌸SPACIOUS 2BR 1BA APARTMENT CLOSE TO SHOPPING & SEPTA!,1200,UNIVERSITY CITY,2,850,1,39.950459,-75.220787,10,544 S 49TH STREET at HAZEL AVENUE PHILADELPHIA PA US
6362945267,2017-11-02 16:54,https://philadelphia.craigslist.org/apa/d/2-bedroom-2-bathroom-december/6362945267.html,2 Bedroom/2 Bathroom - December free on 12 month leases!,1495,Manayunk - Roxborough,2,921,2,40.044536,-75.246992,5,
6333554724,2017-11-02 16:53,https://philadelphia.craigslist.org/apa/d/3-beds-and-3-baths-newly/6333554724.html,3 Beds and 3 Baths Newly Constructed Unit Available!!,1600,Loft District  Philadelphia,3,0,3,39.962535,-75.153569,10,924 Green St Philadelphia PA US
6355319291,2017-11-02 16:53,https://philadelphia.craigslist.org/apa/d/quiet-and-spacious-this/6355319291.html,"Quiet and spacious, this converted brownstone boasts in Society Hill",1700,Society Hill Philadelphia,1,0,1,39.945164,-75.150198,10,510 Spruce St Philadelphia PA US
6371229498,2017-11-02 16:53,https://philadelphia.craigslist.org/apa/d/2-bedroom-open-floor-plans/6371229498.html,"2 bedroom - Open floor plans, Business Center, Lap Pool",2220,"Malvern, PA",2,1124,2,40.037661,-75.508670,5,335 East King Street Malvern PA US
6371229039,2017-11-02 16:53,https://philadelphia.craigslist.org/apa/d/nice-1-2-bedroom-available/6371229039.html,"Nice 1-2 bedroom available Free Heat, Hot Water and Gas. Call Lisa",1205,East Mt. Airy,2,991,1,40.054715,-75.173323,10,944 E. Johnson St Philadelphia PA US
6371208249,2017-11-02 16:52,https://philadelphia.craigslist.org/apa/d/fully-furnished-apt-for-rent/6371208249.html,Fully Furnished Apt for Rent | Short or Long Term,900,"5701 Tulip St Philadelphia, PA",1,600,1,40.013838,-75.061900,15,Tulip St at E Cheltenham Ave Philadelphia PA US
6362015627,2017-11-02 16:50,https://philadelphia.craigslist.org/apa/d/spacious-two-bedroom/6362015627.html,Spacious Two Bedroom,1275,Philadelphia,2,0,1,,,,
6362993857,2017-11-02 16:50,https://philadelphia.craigslist.org/apa/d/2bd-1ba-with-great-light/6362993857.html,2Bd/1Ba with great light!,1275,Philadelphia,2,0,1,,,,
6348232514,2017-11-02 16:50,https://philadelphia.craigslist.org/apa/d/cozy-2br-1ba-croydon-hall/6348232514.html,Cozy 2BR/1BA @ Croydon Hall!,1275,Philadelphia,2,0,1,39.954433,-75.219902,5,241 S. 49th St. at Spruce Philadelphia PA US
6348226985,2017-11-02 16:50,https://philadelphia.craigslist.org/apa/d/stunning-view-2br-1ba-croydon/6348226985.html,Stunning View! 2BR/1BA @ Croydon Hall!,1450,Philadelphia,2,0,1,39.954408,-75.219891,5,241 S. 49th St. at Spruce Philadelphia PA US
6371224895,2017-11-02 16:50,https://philadelphia.craigslist.org/apa/d/2-br-1-bath-renovated-ranch/6371224895.html,2 BR/1 Bath Renovated Ranch Home in Kennett Square,1725,Kennett Square,2,1000,1,39.839430,-75.704602,20,Park Ave Kennett Square PA US
6348189658,2017-11-02 16:50,https://philadelphia.craigslist.org/apa/d/spacious-2br-1ba-croydon-hall/6348189658.html,Spacious 2BR/1BA @ Croydon Hall!,1275,Philadelphia,2,0,1,39.954433,-75.219880,5,241 S. 49th St. at Spruce Philadelphia PA US
6368652200,2017-11-02 16:50,https://philadelphia.craigslist.org/apa/d/venice-lofts-in-philadelphia/6368652200.html,"☆ Venice Lofts in Philadelphia, On-site bike storage, Bark park",1699,"4601 Flat Rock Road, Philadelphia, PA 19127",1,930,1,40.028616,-75.231569,5,4601 Flat Rock Road Philadelphia PA US
6371203220,2017-11-02 16:50,https://philadelphia.craigslist.org/apa/d/1-bed-1-bath-24-hour/6371203220.html,"1 Bed 1 Bath - 24 Hour Emergency Maintenance, Fitness Center",1025,"1600 Brookwood Drive, Bensalem, PA 19020",1,832,1,40.094606,-74.939476,5,1600 Brookwood Drive Bensalem PA US
6371223678,2017-11-02 16:49,https://philadelphia.craigslist.org/apa/d/presidential-space/6371223678.html,PRESIDENTIAL space. PRESIDENTIAL features. PRESIDENTIAL living.,2125,3902 City Ave,2,970,2,40.008551,-75.210766,15,City Ave at Presidential Blvd Philadelphia PA US
6357334818,2017-11-02 16:48,https://philadelphia.craigslist.org/apa/d/your-dream-apartment-is/6357334818.html,🏠Your dream apartment is waiting for you!🏠,899,"Mt. Airy, Mount Airy, Northeast, Bensale",2,0,1,40.060531,-75.179920,10,6748 Blakemore St Philadelphia PA US
6371222318,2017-11-02 16:48,https://philadelphia.craigslist.org/apa/d/modern-fitness-center-storage/6371222318.html,"Modern fitness center, Storage units, On site dog run, Bike Storage",2095,,1,823,1,39.967700,-75.173500,22,
6371212030,2017-11-02 16:47,https://philadelphia.craigslist.org/apa/d/moving-and-hauling-service/6371212030.html,^^^^^^^^^^^^^^^ MOVING AND HAULING SERVICE ****************,1,,0,0,,40.040200,-75.223100,0,
6371210080,2017-11-02 16:47,https://philadelphia.craigslist.org/apa/d/everyone-is-obsessed-with/6371210080.html,Everyone Is Obsessed With This Apartment...,1295,3902 City Ave,0,450,1,40.008551,-75.210766,15,City Ave at Presidential Blvd Philadelphia PA US
6371219199,2017-11-02 16:46,https://philadelphia.craigslist.org/apa/d/2-bedroom-playground-resort/6371219199.html,"2 bedroom - Playground, Resort-style pool, Stainless Kitchen Appliances",1976,Brandywine Valley,2,1175,2,39.901500,-75.504900,5,100 Cornerstone Drive Glen Mills PA US
6371132458,2017-11-02 16:46,https://philadelphia.craigslist.org/apa/d/large-3br-1ba-house-with/6371132458.html,Large 3BR/1Ba house with Finished Basement,1800,Fishtown Philadelphia,3,1050,1,39.974493,-75.125666,10,821 Almond St Philadelphia PA US
6371205971,2017-11-02 16:46,https://philadelphia.craigslist.org/apa/d/moving-and-delivery/6371205971.html,******** MOVING ___ AND___ DELIVERY ***************,1,,0,0,,,,,
6340659841,2017-11-02 16:46,https://philadelphia.craigslist.org/apa/d/your-dream-apartment-is/6340659841.html,🏠Your dream apartment is waiting for you!🏠,899,"Mt. Airy, Mount Airy, Northeast, Bensale",2,0,1,40.060531,-75.179920,10,6748 Blakemore St Philadelphia PA US
6371218847,2017-11-02 16:46,https://philadelphia.craigslist.org/apa/d/large-studio-apartment-near/6371218847.html,💠LARGE STUDIO APARTMENT NEAR DREXEL & PENN!,650,UNIVERSITY CITY,0,500,1,39.955844,-75.210262,10,4423 SANSOM STREET PHILADELPHIA PA US
6371100983,2017-11-02 16:45,https://philadelphia.craigslist.org/apa/d/stylish-single-on-three-acres/6371100983.html,Stylish Single on Three Acres,1400,Buckingham,2,0,0,40.299382,-75.066833,22,
6367275349,2017-11-02 16:45,https://philadelphia.craigslist.org/apa/d/welcome-to-your-newly/6367275349.html,Welcome to your newly renovated 2 bedroom Trinity home,1600,Northern Liberties 	Philadelphia,2,990,1,39.960970,-75.139362,10,"6 Bristow Pl, Philadelphia PA US"
6333562646,2017-11-02 16:45,https://philadelphia.craigslist.org/apa/d/you-will-just-love-this-1/6333562646.html,"You will just love this 1 bedroom, 1 bath sun splashed amazing unit",1895,Old City 	Philadelphia,1,680,1,39.954148,-75.139769,10,230-34 N Columbus Blvd Philadelphia PA US
6371149132,2017-11-02 16:44,https://philadelphia.craigslist.org/apa/d/fast-moving/6371149132.html,Fast moving,1,Tri state,0,0,,40.034300,-75.121300,22,
6335455314,2017-11-02 16:44,https://philadelphia.craigslist.org/apa/d/come-see-your-charming-new/6335455314.html,COME SEE YOUR CHARMING NEW HOME!,1700,Roxborough Philadelphia,3,1088,1,40.031300,-75.209822,10,5911 Houghton St Philadelphia PA US
6371199579,2017-11-02 16:44,https://philadelphia.craigslist.org/apa/d/join-the-brand-new/6371199579.html,Join The Brand New Presidential City - Studio @ Jefferson Building,1315,3902 City Ave,0,450,1,40.008551,-75.210766,15,City Ave at Presidential Blvd Philadelphia PA US
6363384493,2017-11-02 16:44,https://philadelphia.craigslist.org/apa/d/one-montgomery-managers/6363384493.html,One Montgomery *Manager's Special 1 Bedroom,995,Bala Cynwyd,1,501,2,40.011800,-75.234200,0,
6371198028,2017-11-02 16:44,https://philadelphia.craigslist.org/apa/d/studio-available-now-perfect/6371198028.html,STUDIO AVAILABLE NOW - Perfect For Commuters · Desirable Location,1295,3902 City Ave,0,450,1,40.008551,-75.210766,15,City Ave at Presidential Blvd Philadelphia PA US
6360753139,2017-11-02 16:44,https://philadelphia.craigslist.org/apa/d/charm-filled-art-museum-row/6360753139.html,Charm filled Art Museum row home blocks from Kelly Drive available,1750,Art Museum (fairmo Philadelphia,2,868,1,39.971791,-75.180138,10,"853 N Taney St, Philadelphia PA US"
6371203804,2017-11-02 16:44,https://philadelphia.craigslist.org/apa/d/2-bed-1-bath-clubhouse/6371203804.html,"2 Bed 1 Bath - Clubhouse, Fitness Center",1095,"1600 Brookwood Drive, Bensalem, PA 19020",2,877,1,40.094606,-74.939476,5,1600 Brookwood Drive Bensalem PA US
6363383121,2017-11-02 16:44,https://philadelphia.craigslist.org/apa/d/one-montgomerymanagers/6363383121.html,One Montgomery*Manager's Special 2 BR 2 Bath New Kitchen Wash/Dryer *,1725,Bala Cynwyd,2,1237,2,40.011800,-75.234200,0,
6360713019,2017-11-02 16:44,https://philadelphia.craigslist.org/apa/d/2-bed-1-bath-center-city/6360713019.html,"2 Bed, 1 Bath Center City Condo  & a Community Garden Courtyard",1900,Washington Sq West 	Philadelphia,2,1008,1,39.943210,-75.161974,10,1213 South St Philadelphia PA US
6331501967,2017-11-02 16:44,https://philadelphia.craigslist.org/apa/d/dartmouth-house-1-bedroom/6331501967.html,Dartmouth House *  1 Bedroom,995,Swarthmore,1,604,1,39.896700,-75.347400,0,
6371206158,2017-11-02 16:44,https://philadelphia.craigslist.org/apa/d/newly-renovated-and/6371206158.html,Newly Renovated and Affordable House for Rent!!,950,Olney,0,0,,,,,
6360706462,2017-11-02 16:44,https://philadelphia.craigslist.org/apa/d/welcome-to-your-newly/6360706462.html,Welcome to your newly renovated 2 bedroom Trinity home,1600,Northern Liberties 	Philadelphia,2,990,1,39.960970,-75.139362,10,6 Bristow Pl Philadelphia PA US
6331504787,2017-11-02 16:44,https://philadelphia.craigslist.org/apa/d/dartmouth-house-2-bedroom/6331504787.html,Dartmouth House *2 Bedroom,1025,Swarthmore,2,700,1,39.896700,-75.347400,22,
6363169691,2017-11-02 16:43,https://philadelphia.craigslist.org/apa/d/live-here-homeone-two/6363169691.html,Live Here & B @ Home..One & Two Bedrooms Available NOW!!!,975,"Northeast, Bensalem, Philadelphia, Bucks",1,0,1,40.064128,-74.972948,10,831 Cedar Ave Bensalem PA US
6331506426,2017-11-02 16:43,https://philadelphia.craigslist.org/apa/d/racquet-club-managers-special/6331506426.html,Racquet Club  * Manager's Special *1 Bedroom *,895,West Chester,1,597,1,39.944100,-75.588200,0,
6355307063,2017-11-02 16:43,https://philadelphia.craigslist.org/apa/d/make-this-luxury-center-city/6355307063.html,: Make this Luxury Center City Philadelphia High Rise your home now,1552,Center City Philadelphia,0,460,1,39.954221,-75.170013,10,1815 John F Kennedy Blvd Philadelphia PA US
6363173596,2017-11-02 16:43,https://philadelphia.craigslist.org/apa/d/live-here-homeone-two/6363173596.html,Live Here & B @ Home..One & Two Bedrooms Available NOW!!!,975,"Northeast, Bensalem, Philadelphia, Bucks",1,0,1,40.064128,-74.972948,10,831 Cedar Ave Bensalem PA US
6364135925,2017-11-02 16:42,https://philadelphia.craigslist.org/apa/d/lovely-completely-renovated/6364135925.html,"▫ Lovely, completely renovated single family 'home for reǹť!",400,philadelphia,3,0,2,40.001800,-75.117900,22,
6363162684,2017-11-02 16:42,https://philadelphia.craigslist.org/apa/d/your-dream-apartment-is/6363162684.html,🏠Your dream apartment is waiting for you!🏠,899,"Mt. Airy, Mount Airy, Northeast, Bensale",2,0,1,40.060531,-75.179920,10,6748 Blakemore St Philadelphia PA US
6368546595,2017-11-02 16:42,https://philadelphia.craigslist.org/apa/d/2-large-bedrooms-2-full-bath/6368546595.html,2 LARGE bedrooms/2 FULL bath condo on a quiet street in Old City,2000,Old City 	Philadelphia,2,1050,2,39.953821,-75.143307,10,221-23 Race St Philadelphia PA US
6352228597,2017-11-02 16:42,https://philadelphia.craigslist.org/apa/d/second-chance-3-bed-room/6352228597.html,♝ Second Chance! 3 Bed Room Charming Low-cost Spacious `home!! ♝,400,philadelphia,3,0,2,40.001800,-75.117900,22,
6368573159,2017-11-02 16:42,https://philadelphia.craigslist.org/apa/d/dont-miss-out-on-this-618-sf/6368573159.html,"Don't miss out on this 618 sf  renovated, freshly painted 1 bed",1400,Rittenhouse Square 	Philadelphia,1,618,1,39.952291,-75.175407,10,2101-17 Chestnut St Philadelphia PA US
6352225333,2017-11-02 16:42,https://philadelphia.craigslist.org/apa/d/must-see-great-3-4-bdrm-house/6352225333.html,▵ Must See! Great 3-4 Bdrm House for Rent. Large Balcony! ▵,400,philadelphia,3,0,2,40.001800,-75.117900,22,
6368009855,2017-11-02 16:42,https://philadelphia.craigslist.org/apa/d/your-dream-apartment-is/6368009855.html,🏠Your dream apartment is waiting for you!🏠,899,"Mt. Airy, Mount Airy, Northeast, Bensale",2,0,1,40.060531,-75.179920,10,6748 Blakemore St Philadelphia PA US
6346917270,2017-11-02 16:42,https://philadelphia.craigslist.org/apa/d/renttoown-nicebedroom-house/6346917270.html,♞ 'renttoown' nice 2-3-4-5 bedroom HOUSE! Available_ JUST NOW! ♞,400,philadelphia,3,0,2,40.001800,-75.117900,22,
6371204516,2017-11-02 16:42,https://philadelphia.craigslist.org/apa/d/casino-trips-included-when/6371204516.html,Casino Trips Included when You Lease This 55+ One-Bedroom Apt.,2395,"King of Prussia, PA",1,812,1,40.095600,-75.373700,22,
6371212766,2017-11-02 16:41,https://philadelphia.craigslist.org/apa/d/1-r-apt-available-first-floor/6371212766.html,1 B/R Apt available-First floor with a private patio! Pet Friendly- A2,1064,Conshohocken,1,650,1,40.095809,-75.295925,15,North Lane at Ridge Pike Conshohocken PA US
6333539661,2017-11-02 16:41,https://philadelphia.craigslist.org/apa/d/lowest-priced-3-bed-2-bath/6333539661.html,"Lowest priced 3 bed, 2 bath home in Rittenhouse square",2650,Rittenhouse Square 	Philadelphia,3,1328,2.5,39.944631,-75.170776,10,1733 Rodman St Philadelphia PA US
6362885718,2017-11-02 16:41,https://philadelphia.craigslist.org/apa/d/live-here-homeone-two/6362885718.html,Live Here & B @ Home..One & Two Bedrooms Available NOW!!!,899,"Northeast, Bensalem, Philadelphia, Bucks",1,0,1,40.064128,-74.972948,10,831 Cedar Ave Bensalem PA US
6346914866,2017-11-02 16:41,https://philadelphia.craigslist.org/apa/d/must-see-great-3-4-bedroom/6346914866.html,◅ +must See+! Great 3-4 Bedroom House!! for Ɍeŋt. Large Balcony!,400,philadelphia,3,0,2,40.001800,-75.117900,22,
6333543772,2017-11-02 16:41,https://philadelphia.craigslist.org/apa/d/beautiful-4-bedroom-25-bath/6333543772.html,"Beautiful 4 bedroom, 2.5 bath town home in prime Rittenhouse Square",3700,Rittenhouse Square 	Philadelphia,4,2535,2.5,39.944582,-75.170359,10,1706 Rodman St Philadelphia PA US
6371192604,2017-11-02 16:41,https://philadelphia.craigslist.org/apa/d/great-home-near-2535-aramingo/6371192604.html,Great Home near 2535 Aramingo Ave Completely renovated Ready to move,450,,0,0,,,,,
6352185060,2017-11-02 16:40,https://philadelphia.craigslist.org/apa/d/your-dream-apartment-is/6352185060.html,🏠Your dream apartment is waiting for you!🏠,899,"Mt. Airy, Mount Airy, Northeast, Bensale",2,0,1,40.060531,-75.179920,10,6748 Blakemore St Philadelphia PA US
6371210117,2017-11-02 16:40,https://philadelphia.craigslist.org/apa/d/spacious-updated-2br-1ba/6371210117.html,🎈 SPACIOUS & UPDATED 2BR 1BA APARTMENT NEAR MAJOR ROADS!,750,NORTHEAST,2,785,1,40.025404,-75.042844,10,4717 LONGSHORE AVENUE PHILADELPHIA PA US
6340665365,2017-11-02 16:39,https://philadelphia.craigslist.org/apa/d/stopthis-could-be-your/6340665365.html,💥STOP!This Could be Your APARTMENT HOME💥,899,"Northeast, Bensalem, Philadelphia, Bucks",2,0,1,40.069775,-75.050560,10,8410 Bustleton Ave Philadelphia PA US
6332515108,2017-11-02 16:39,https://philadelphia.craigslist.org/apa/d/luxury-3-bedroom-3-bathroom/6332515108.html,Luxury 3 Bedroom 3 Bathroom at Presidential City on City Ave in Phila,2470,,3,0,3,40.008551,-75.210766,10,3900 City Avenue Philadelphia PA US
6371196464,2017-11-02 16:39,https://philadelphia.craigslist.org/apa/d/1-bedroom-1-bathroom/6371196464.html,1 Bedroom 1 Bathroom Apartment (Manayunk),1100,Manayunk,1,0,1,40.040200,-75.223100,22,219 Krams Avenue Philadelphia PA US
6368568449,2017-11-02 16:39,https://philadelphia.craigslist.org/apa/d/outstanding-rehab-1-bedroom/6368568449.html,Outstanding Rehab - 1 Bedroom in Art Museum,1450,Art Museum,1,850,1,39.965313,-75.171762,7,
6368010441,2017-11-02 16:38,https://philadelphia.craigslist.org/apa/d/live-here-homeone-two/6368010441.html,Live Here & B @ Home..One & Two Bedrooms Available NOW!!!,899,"Northeast, Bensalem, Philadelphia, Bucks",1,0,1,40.064128,-74.972948,10,831 Cedar Ave Bensalem PA US
6371208043,2017-11-02 16:38,https://philadelphia.craigslist.org/apa/d/spacious-renovated-house-with/6371208043.html,"Spacious, Renovated House with Direct Sunlight and Exposed Brick",1500,South Philadelphia,2,1100,1,39.923106,-75.153586,10,418 Emily St. Philadelphia PA US
6371192612,2017-11-02 16:37,https://philadelphia.craigslist.org/apa/d/great-home-near-2535-aramingo/6371192612.html,Great Home near 2535 Aramingo Ave Completely renovated Ready to move,450,,0,0,,,,,
6371205102,2017-11-02 16:36,https://philadelphia.craigslist.org/apa/d/now-accepting-dogs-2-bedroom/6371205102.html,NOW ACCEPTING DOGS! 2 BEDROOM TOWNHOME FOR $1499!,1499,Malvern,2,1250,2,40.046800,-75.531000,22,915 Charleston Greene  PA US
6362873144,2017-11-02 16:35,https://philadelphia.craigslist.org/apa/d/live-here-homeone-two/6362873144.html,Live Here & B @ Home..One & Two Bedrooms Available NOW!!!,899,"Northeast, Bensalem, Philadelphia, Bucks",1,0,1,40.064128,-74.972948,10,831 Cedar Ave Bensalem PA US
6371203764,2017-11-02 16:35,https://philadelphia.craigslist.org/apa/d/updated-2br-1ba-apartment/6371203764.html,🔴UPDATED 2BR 1BA APARTMENT CLOSE TO SHOPPING & MAJOR ROADS!,900,WYNNEFIELD HEIGHTS,2,800,1,40.000912,-75.208412,10,3929 LANKENAU AVENUE PHILADELPHIA PA US
6371203714,2017-11-02 16:35,https://philadelphia.craigslist.org/apa/d/downsizing-this-townhome-has/6371203714.html,"DOWNSIZING? THIS TOWNHOME HAS A FINISHED BASEMENT, PERFECT FOR STORAGE",1805,Malvern,2,1800,2,40.046800,-75.531000,22,706 Charleston Greene Malvern PA US
6371203010,2017-11-02 16:35,https://philadelphia.craigslist.org/apa/d/fall-into-savings-2-bedroom/6371203010.html,FALL INTO SAVINGS! 2 BEDROOM TOWNHOME FOR $1499,1499,"King Of Prussia, Exton, Paoli",2,1250,2,40.046800,-75.531000,22,915 Charleston Greene Malvern PA US
6333545896,2017-11-02 16:34,https://philadelphia.craigslist.org/apa/d/large-2-bedroom-1st-floor/6333545896.html,Large 2 Bedroom 1st floor apartment in Rittenhouse Square area,1495,Rittenhouse Square 	Philadelphia,2,1000,1,39.945842,-75.174839,10,2001 Lombard St Philadelphia PA US
6371202136,2017-11-02 16:34,https://philadelphia.craigslist.org/apa/d/top-floor-2-full-baths-and-1/6371202136.html,"Top floor, 2 full baths AND 1 month free*",1427,conshohocken/lafayette hill,2,1000,2,40.088973,-75.266476,5,
6350135704,2017-11-02 16:34,https://philadelphia.craigslist.org/apa/d/fabulous-1-bedroom-apartment/6350135704.html,"Fabulous 1 bedroom apartment in the ""Addison"" boutique building",1800,Rittenhouse Square 	Philadelphia,1,701,1,39.946299,-75.173115,10,415 S 19th St Philadelphia PA US
6350199774,2017-11-02 16:34,https://philadelphia.craigslist.org/apa/d/colonial-apartments-at-1100/6350199774.html,Colonial Apartments at 1100 Spruce Street  in Washington Square,1790,Washington Sq West 	Philadelphia,1,750,1,39.946325,-75.159481,10,1100 Spruce St Philadelphia PA US
6355273165,2017-11-02 16:34,https://philadelphia.craigslist.org/apa/d/studio-condo-with-separate/6355273165.html,Studio condo with separate sleeping area located in popular WireWorks,1450,Old City 	Philadelphia,1,555,1,39.954007,-75.144840,20,301 Race St Philadelphia PA US
6332644443,2017-11-02 16:33,https://philadelphia.craigslist.org/apa/d/step-inside-this-great-condo/6332644443.html,Step inside this great condo in the Nob Hill community in Manayunk!,1250,Nob Hill Philadelphia,1,650,1,40.027745,-75.222683,10,182 Gay St Philadelphia PA US
6371200981,2017-11-02 16:33,https://philadelphia.craigslist.org/apa/d/charming-1-bed-2-bath-parking/6371200981.html,"Charming 1- Bed/2- Bath w. PARKING, Roofdeck, Loft, W/D- Available Now",1700,Old City,1,1034,2,39.952448,-75.135573,10,315 New St Philadelphia PA US
6332655327,2017-11-02 16:33,https://philadelphia.craigslist.org/apa/d/this-3-bedroom-15-bathroom/6332655327.html,This 3 Bedroom 1.5 Bathroom Home has Hardwood flooring throughout,1500,Roxborough Philadelphia,3,1222,1.5,40.035339,-75.219782,10,458 Ripka St Philadelphia PA US
6371110921,2017-11-02 16:33,https://philadelphia.craigslist.org/apa/d/are-you-seeking-residency/6371110921.html,Are you seeking residency close to the medical communities? this is it,1400,Society Hill Philadelphia,1,365,1,39.945020,-75.149070,10,419 Spruce St Philadelphia PA US
6332720040,2017-11-02 16:33,https://philadelphia.craigslist.org/apa/d/beautiful-4-bedroom-25-bath/6332720040.html,"Beautiful 4 bedroom, 2.5 bath town home in prime Rittenhouse Square",3700,Rittenhouse Square 	Philadelphia,4,2535,2.5,39.944582,-75.170359,10,1706 Rodman St Philadelphia PA US
6332663024,2017-11-02 16:33,https://philadelphia.craigslist.org/apa/d/find-the-perfect-space-that/6332663024.html,FIND THE PERFECT SPACE THAT FITS YOU,2750,Manayunk Philadelphia,3,2205,2.5,40.026600,-75.218841,10,209 Roxborough Ave Philadelphia PA US
6355297804,2017-11-02 16:33,https://philadelphia.craigslist.org/apa/d/an-amazing-opportunity-to/6355297804.html,An amazing opportunity to live in a newer home with garage parking,3100,Northern Liberties 	Philadelphia,4,2754,3,39.966000,-75.151000,22,908 Saint John Neumann Pl Philadelphia PA US
6332690937,2017-11-02 16:33,https://philadelphia.craigslist.org/apa/d/wonderful-2-bed-manayunk/6332690937.html,Wonderful 2 Bed Manayunk Townhome Available!,1500,Manayunk Philadelphia,2,1038,1,40.029015,-75.223164,10,4471 Silverwood St Philadelphia PA US
6371137971,2017-11-02 16:33,https://philadelphia.craigslist.org/apa/d/welcome-to-the-historic-lofts/6371137971.html,Welcome to the historic 'Lofts on Green' at 400 Green Street,1850,Northern Liberties 	Philadelphia,2,895,2,39.961762,-75.144820,10,400 Green St Philadelphia PA US
6355290023,2017-11-02 16:32,https://philadelphia.craigslist.org/apa/d/welcome-to-1720-fairmount/6355290023.html,"Welcome to 1720 Fairmount, a luxury boutique apartment building",2475,Francisville Philadelphia,2,1064,2,39.967700,-75.173500,22,1720 Fairmount Ave p PA US
6371199647,2017-11-02 16:32,https://philadelphia.craigslist.org/apa/d/big-3br-1ba-stunning-views/6371199647.html,"BIG 3BR/1BA w. Stunning Views, Laundry & Outdoor Space- Move in Now!",1300,Manayunk,3,1360,1,40.019927,-75.213757,10,105 W Salaignac St Philadelphia PA US
6371025842,2017-11-02 16:32,https://philadelphia.craigslist.org/apa/d/very-spacious-2-bedroom-duplex/6371025842.html,Very Spacious 2 bedroom duplex,625,Bridgeville,2,0,0,38.715471,-75.608253,22,
6332484238,2017-11-02 16:32,https://philadelphia.craigslist.org/apa/d/by-level-penthouse-unit-with/6332484238.html,By-level Penthouse unit with private deck!!,2210,Rittenhouse Square 	Philadelphia,1,1375,1.5,39.947979,-75.167904,10,257 S 16th St Philadelphia PA US
6371106431,2017-11-02 16:32,https://philadelphia.craigslist.org/apa/d/beautiful-barn-apartment/6371106431.html,Beautiful Barn Apartment / Great Views,900,Chalfont,1,0,1,40.267429,-75.210857,22,
6371199350,2017-11-02 16:32,https://philadelphia.craigslist.org/apa/d/gorgeous-philadelphia/6371199350.html,Gorgeous Philadelphia Apartment,1600,Art Museum Area,1,1000,1,39.965412,-75.174160,10,2201-5 Green Street Philadelphia PA US
6371199354,2017-11-02 16:32,https://philadelphia.craigslist.org/apa/d/furnished-2br-2ba-apartment/6371199354.html,🏙️FURNISHED 2BR 2BA APARTMENT WITH ROOF DECK NEAR DREXEL & PE,2500,UNIVERSITY CITY,2,950,2,39.961255,-75.202195,10,426B N 40TH STREET at SPRING GARDEN PHILADELPHIA PA US
6368557339,2017-11-02 16:32,https://philadelphia.craigslist.org/apa/d/24-hour-on-call-maintenance/6368557339.html,24-hour on Call Maintenance. Washer/Dryer in unit. (J-6),1245,"Pottstown, PA",3,1165,2,40.259673,-75.657457,10,422 Upland Street Pottstown PA US
6368560619,2017-11-02 16:32,https://philadelphia.craigslist.org/apa/d/24-hour-on-call-maintenance/6368560619.html,24-hour on Call Maintenance. Washer/Dryer in unit. (J-6),1245,"Pottstown, PA",3,1165,2,40.259673,-75.657457,10,422 Upland Street Pottstown PA US
6368570371,2017-11-02 16:32,https://philadelphia.craigslist.org/apa/d/utilities-included-24-hour-on/6368570371.html,Utilities Included 24-hour on Call Maintenance. 2 bdrm 1 bath (C-6),1045,"Pottstown, PA",2,1000,1,40.259673,-75.657457,10,422 Upland Street Pottstown PA US
6332467838,2017-11-02 16:32,https://philadelphia.craigslist.org/apa/d/amazing-1-bedroom-apartment/6332467838.html,Amazing 1 Bedroom Apartment in a Unique High-Rise!!,1354,Rittenhouse Square 	Philadelphia,1,795,1,39.947979,-75.167904,10,257 S 16th St Philadelphia PA US
6355256444,2017-11-02 16:32,https://philadelphia.craigslist.org/apa/d/charm-filled-art-museum-row/6355256444.html,Charm filled Art Museum row home blocks from Kelly Drive available,1750,Art Museum (fairmo Philadelphia,2,868,1,39.970556,-75.190119,10,853 N Taney St Philadelphia PA US
6371198798,2017-11-02 16:32,https://philadelphia.craigslist.org/apa/d/room-to-grow-loft-floor-plans/6371198798.html,"Room to Grow-Loft Floor Plans, Big Savings",1442,,2,1031,2,40.095600,-75.373700,22,1876 Minuteman Lane Eagelville PA US
6371198618,2017-11-02 16:32,https://philadelphia.craigslist.org/apa/d/spacious-2bed-2bath-apartment/6371198618.html,Spacious 2bed/2bath apartment available. UPGRADED!,1822,Lansdale,2,1206,2,40.226597,-75.283298,5,100 Reading Circle Lansdale PA US
6341569570,2017-11-02 16:31,https://philadelphia.craigslist.org/apa/d/dont-pass-up-this-great-1-bed/6341569570.html,DON'T PASS UP THIS GREAT 1 BED UNIT,2450,Center City West Philadelphia,1,757,0,39.952137,-75.174168,10,2016 Chestnut Street Philadelphia PA US
6371198618,2017-11-02 16:32,https://philadelphia.craigslist.org/apa/d/spacious-2bed-2bath-apartment/6371198618.html,Spacious 2bed/2bath apartment available. UPGRADED!,1822,Lansdale,2,1206,2,40.226597,-75.283298,5,100 Reading Circle Lansdale PA US
6341569570,2017-11-02 16:31,https://philadelphia.craigslist.org/apa/d/dont-pass-up-this-great-1-bed/6341569570.html,DON'T PASS UP THIS GREAT 1 BED UNIT,2450,Center City West Philadelphia,1,757,0,39.952137,-75.174168,10,2016 Chestnut Street Philadelphia PA US
6371197992,2017-11-02 16:31,https://philadelphia.craigslist.org/apa/d/your-new-home-is-herewe/6371197992.html,"YOUR NEW HOME IS HERE..WE WELCOME PCOM, STJOE'S, UNIV OF PENN..",1500,2746 Belmont Avenue,2,0,1,39.984500,-75.228200,22,
6371186179,2017-11-02 16:31,https://philadelphia.craigslist.org/apa/d/got-style-if-so-you-need-to/6371186179.html,"GOT STYLE? If so, YOU need to live HERE!",1285,3902 City Ave,0,450,1,40.008551,-75.210766,15,City Ave at Presidential Blvd Philadelphia PA US
6341561034,2017-11-02 16:31,https://philadelphia.craigslist.org/apa/d/1-bed-apartment-available-in/6341561034.html,1 Bed Apartment Available in a Historic High-Rise Building,2020,Rittenhouse Square 	Philadelphia,1,580,0,39.949611,-75.172919,10,222 W. Rittenhouse Square Philadelphia PA US
6333597558,2017-11-02 16:31,https://philadelphia.craigslist.org/apa/d/1-bed-unit-in-philadelphias/6333597558.html,1 Bed Unit in Philadelphia's most desirable residential neighborhoods,1970,Washington Sq West 	Philadelphia,1,750,1.5,39.946325,-75.159481,10,1100 Spruce St Philadelphia PA US
6343128909,2017-11-02 16:31,https://philadelphia.craigslist.org/apa/d/well-proportioned-one-bedroom/6343128909.html,well proportioned one bedroom apartment,1895,Old City 	Philadelphia,1,680,1,39.954148,-75.139769,10,230-34 N Columbus Blvd Philadelphia PA US
6371197070,2017-11-02 16:31,https://philadelphia.craigslist.org/apa/d/are-you-seeing-this/6371197070.html,Are You Seeing This!?,1285,3902 City Ave,0,450,1,40.008551,-75.210766,15,City Ave at Presidential Blvd Philadelphia PA US
6333550324,2017-11-02 16:30,https://philadelphia.craigslist.org/apa/d/two-bedroom-bi-level-loft/6333550324.html,Two bedroom bi level loft available now!!,1850,Northern Liberties 	Philadelphia,2,895,2,39.961762,-75.144820,10,400 Green St Philadelphia PA US
6371098343,2017-11-02 16:30,https://philadelphia.craigslist.org/apa/d/ideal-three-bedroom-two/6371098343.html,Ideal Three bedroom two bathroom single,1200,Bensalem,3,0,0,40.096411,-74.926243,22,
6371196359,2017-11-02 16:30,https://philadelphia.craigslist.org/apa/d/call-for-details-washer-dryer/6371196359.html,"Call for Details, Washer Dryer Included, Granite Counter Tops",1535,"Philadelphia, West Mount Airy",2,1060,2,40.038983,-75.189317,10,259 W Johnson Street Philadelphia PA US
6333572826,2017-11-02 16:30,https://philadelphia.craigslist.org/apa/d/charming-one-bedroom-in/6333572826.html,Charming one bedroom in Rittenhouse Square Featuring Hardwood Floors,1250,Rittenhouse Square 	Philadelphia,1,0,1,39.946204,-75.174044,10,1934 Waverly St Philadelphia PA US
6371196033,2017-11-02 16:30,https://philadelphia.craigslist.org/apa/d/presidential-city-20/6371196033.html,Presidential City 2.0.... Reimagined,1315,3902 City Ave,0,450,1,40.008551,-75.210766,15,City Ave at Presidential Blvd Philadelphia PA US
6333558645,2017-11-02 16:30,https://philadelphia.craigslist.org/apa/d/this-unit-is-located-on-tree/6333558645.html,This unit is located on a tree lined street in the heart of Fairmount,2050,Fairmount 	Philadelphia,2,1149,2,39.965756,-75.165714,10,1705 Wallace St Philadelphia PA US
6333591125,2017-11-02 16:30,https://philadelphia.craigslist.org/apa/d/spacious-3-bedroom-home-in/6333591125.html,Spacious 3 bedroom home in very desirable location,2200,Graduate Hospital 	Philadelphia,3,1472,1.5,39.941867,-75.181036,10,2302 Christian St Philadelphia PA US
6341559504,2017-11-02 16:30,https://philadelphia.craigslist.org/apa/d/beautifully-renovated-two/6341559504.html,"Beautifully renovated two bedrooms, two full bath condo Available",2950,Fitler Square Philadelphia,2,1127,2,39.950806,-75.179605,10,212-24 S 24th St Philadelphia PA US
6355240538,2017-11-02 16:30,https://philadelphia.craigslist.org/apa/d/2-bedroom-apartment-is/6355240538.html,2 bedroom apartment is located in the heart of the Art Museum Area,1400,Art Museum Area Philadelphia,2,3768,1,39.967862,-75.175277,10,706-8 N 23rd St Philadelphia PA US
6339554391,2017-11-02 16:29,https://philadelphia.craigslist.org/apa/d/new-apartment-building-in/6339554391.html,New Apartment Building in Fishtown!,2400,2021 N Front St,3,1500,2,39.980440,-75.133127,10,2021 N Front St  PA US
6371195116,2017-11-02 16:29,https://philadelphia.craigslist.org/apa/d/vacation-all-year-long-resort/6371195116.html,Vacation All Year Long - Resort Style Living,1285,3902 City Ave,0,450,1,40.008551,-75.210766,15,City Ave at Presidential Blvd Philadelphia PA US
6339540325,2017-11-02 16:29,https://philadelphia.craigslist.org/apa/d/new-apartment-building-in/6339540325.html,New Apartment Building in Fishtown!,1395,2021 N Front St,1,800,1,39.980440,-75.133127,10,2021 N Front St  PA US
6371016125,2017-11-02 16:29,https://philadelphia.craigslist.org/apa/d/three-plus-bedroom-home/6371016125.html,Three plus bedroom home,1100,Parkesburg,3,0,0,39.940362,-75.902996,22,
6339554936,2017-11-02 16:29,https://philadelphia.craigslist.org/apa/d/apartment-near-brewerytown/6339554936.html,Apartment Near Brewerytown!,1095,3214 Turner St,2,750,1,39.981100,-75.174000,22,
6339534979,2017-11-02 16:29,https://philadelphia.craigslist.org/apa/d/single-family-home-for-rent/6339534979.html,Single Family Home For Rent in West Passyunk,1395,2214 Croskey St,3,1100,1,39.924706,-75.183628,10,2214 S Croskey St Philadelphia PA US
6340319460,2017-11-02 16:29,https://philadelphia.craigslist.org/apa/d/spacious-2-bed-corner-unit/6340319460.html,Spacious 2 bed corner unit with spectacular views,1850,The Philadelphian Philadelphia,2,956,2,39.961789,-75.161476,10,511-19 N Broad St Philadelphia PA US
6340397330,2017-11-02 16:29,https://philadelphia.craigslist.org/apa/d/luxury-one-bedroom-apartments/6340397330.html,Luxury one  bedroom apartments in a Fabulous location,1390,Art Museum Area Philadelphia,1,650,1,39.963788,-75.161110,10,600 N Broad St Philadelphia PA US
6371064618,2017-11-02 16:29,https://philadelphia.craigslist.org/apa/d/2100-parkway-is-the-art/6371064618.html,2100 Parkway is The Art Museum Area's Best Kept Secret,1695,Logan Square 	Philadelphia,1,850,1,39.958203,-75.174122,10,230-38 N 21st St Philadelphia PA US
6340427218,2017-11-02 16:28,https://philadelphia.craigslist.org/apa/d/this-spacious-2-bedroom-1/6340427218.html,"This spacious 2 bedroom, 1 bathroom condo truly has it ALL",1700,Northern Liberties Philadelphia,2,0,1,39.973046,-75.144367,10,1431 N 5th St Philadelphia PA US
6371104555,2017-11-02 16:28,https://philadelphia.craigslist.org/apa/d/2-bed-1-bath-apt-located-in/6371104555.html,2 bed 1 bath apt located in desireable Graduate hospital.,1400,Graduate Hospital 	Philadelphia,2,21085,1,39.940795,-75.176497,10,2029 Montrose St Philadelphia PA US
6371193069,2017-11-02 16:28,https://philadelphia.craigslist.org/apa/d/first-floor-south-philly/6371193069.html,First Floor South Philly Apartment - $800/month,800,Beulah & Porter,1,0,1.5,39.917972,-75.159719,10,710 Porter Street Philadelphia PA US
6371182711,2017-11-02 16:28,https://philadelphia.craigslist.org/apa/d/3-beds-1-bath-1142-sqft/6371182711.html,"3 beds 1 bath 1,142 sqft",700,"211 N Peach St, Philadelphia, PA",0,0,,,,,
6341572284,2017-11-02 16:28,https://philadelphia.craigslist.org/apa/d/amazing-1-bed-unit-available/6341572284.html,Amazing 1 Bed Unit Available Immediately!!,2300,Center City West Philadelphia,1,694,0,39.950209,-75.180871,10,201 S 25th St Philadelphia PA US
6353541494,2017-11-02 16:27,https://philadelphia.craigslist.org/apa/d/your-perfect-aptis-waiting/6353541494.html,❤️🏠YOUR PERFECT APT💥💥IS WAITING FOR U @ PE,725,"Philadelphia, PA",1,0,1,40.057944,-75.085372,10,7100 Oxford Ave Philadelphia PA US
6344637476,2017-11-02 16:27,https://philadelphia.craigslist.org/apa/d/luxary-1bed-unit-at-the-mural/6344637476.html,Luxary 1BED Unit at The Mural Lofts!!,1595,Fairmount,1,700,1,39.966000,-75.151000,22,523 N Broad St Philadelphia PA US
6355432975,2017-11-02 16:27,https://philadelphia.craigslist.org/apa/d/3-bedrooms-35-baths-home-with/6355432975.html,3 bedrooms 3.5 baths home with 1-car garage in Meredith School,3500,Queen Village 	Philadelphia,3,3183,3,39.938682,-75.146909,10,235 Fitzwater St Philadelphia PA US
6362880693,2017-11-02 16:27,https://philadelphia.craigslist.org/apa/d/modern-spacious-4brs-home/6362880693.html,Modern spacious 4BRs home- completely updated!!!,2100,1524 Reed street,4,1400,2,39.933251,-75.170368,10,1524 Reed St Philadelphia PA US
6367114649,2017-11-02 16:27,https://philadelphia.craigslist.org/apa/d/furnished-or-unfurnished-1/6367114649.html,Furnished or Unfurnished 1-Bedroom Unit in the heart of the city!,16500,Center City,1,538,1,39.952291,-75.175407,10,2101 Chestnut St Philadelphia PA US
6367117489,2017-11-02 16:27,https://philadelphia.craigslist.org/apa/d/2bed-2bath-apartment-readily/6367117489.html,2bed-2bath apartment readily available in 5 different floor plans!!,2551,Center City,2,1065,2,39.950395,-75.160209,10,1201-5 Chestnut St Philadelphia PA US
6367124385,2017-11-02 16:27,https://philadelphia.craigslist.org/apa/d/2bed-unit-located-at-very/6367124385.html,2bed unit located at very good location is now available to be yours!!,2670,Rittenhouse Square,2,1694,2.5,39.958033,-75.177178,10,2323 Race St Philadelphia PA US
6367130326,2017-11-02 16:27,https://philadelphia.craigslist.org/apa/d/budgeted-1bed-1bath-units-is/6367130326.html,"Budgeted 1Bed-1Bath Units is available from Oct, 30!",1465,Rittenhouse Square,1,670,1,39.950993,-75.177559,10,2220 Walnut St Philadelphia PA US
6371191038,2017-11-02 16:27,https://philadelphia.craigslist.org/apa/d/gorgeous-bright-apartment/6371191038.html,GORGEOUS BRIGHT APARTMENT WITH EXPOSED WOOD BEAM CEILINGS!,1450,Old City,1,491,1,39.947400,-75.147300,22,
6367122262,2017-11-02 16:27,https://philadelphia.craigslist.org/apa/d/2bed-apartment-is-available/6367122262.html,2bed  apartment is available to be yours!!,3135,Rittenhouse Sqaure,2,1008,2,39.949776,-75.167776,10,1616 Walnut St Philadelphia PA US
6367133488,2017-11-02 16:26,https://philadelphia.craigslist.org/apa/d/great-studio-unit-at-2323/6367133488.html,Great Studio Unit at 2323 Race St!,1627,City Center West,0,610,1,39.958033,-75.177178,10,2323 Race Street Philadelphia PA US
6367137489,2017-11-02 16:26,https://philadelphia.craigslist.org/apa/d/2bed-2bath-unit-with-rooftop/6367137489.html,"2Bed 2Bath Unit with a rooftop lounge, game room!!",2799,University City,2,1009,2,39.954994,-75.197130,10,3737 Chestnut St philadelphia PA US
6367139746,2017-11-02 16:26,https://philadelphia.craigslist.org/apa/d/1bed-1bath-unit-in-luxury/6367139746.html,1bed-1bath unit in luxury apartment building!,1738,Spring Garden,1,758,1,39.962333,-75.161509,10,1400 Spring Garden St Philadelphia PA US
6367126678,2017-11-02 16:26,https://philadelphia.craigslist.org/apa/d/new-apartment-building-in/6367126678.html,"new apartment building in Philadelphia, DALIAN offering 2Bed Unit!",3127,Art Museum Area,2,1011,2,39.962498,-75.173184,10,500 N 21st Philadelphia PA US
6343418113,2017-11-02 16:26,https://philadelphia.craigslist.org/apa/d/aka-washington-square-have/6343418113.html,AKA Washington Square have unit with individual washer/dryer.,1660,Washington Sq,1,621,1,39.949682,-75.154463,10,834 Chestnut St Philadelphia PA US
6368541074,2017-11-02 16:26,https://philadelphia.craigslist.org/apa/d/the-bentley-is-landmark/6368541074.html,The Bentley is a landmark destination that offers a unique style Apt,1800,Rittenhouse Square 	Philadelphia,2,751,1,39.947979,-75.167904,10,257 S 16th St Philadelphia PA US
6365856431,2017-11-02 16:26,https://philadelphia.craigslist.org/apa/d/lovely-2nd-floor-2-bed-1-bath/6365856431.html,"Lovely 2nd Floor, 2 Bed / 1 Bath (Or One Bed + Den/Office) available!!",1395,Center City,2,1000,1.5,39.945953,-75.162792,10,323 S 13th St philadelphia PA US
6365847596,2017-11-02 16:26,https://philadelphia.craigslist.org/apa/d/2bed-2bath-loft-style/6365847596.html,2bed-2bath loft style condominium!!,2300,Old City,2,1130,2,39.952950,-75.143088,10,130 N 2nd St philadelphia PA US
6365840580,2017-11-02 16:26,https://philadelphia.craigslist.org/apa/d/1-bed-1-bath-apartment-with/6365840580.html,"1 bed, 1 bath apartment with exposed brick and hardwood  floor!!",1450,Logan Square,1,0,1,39.956482,-75.174503,10,119 N 21st St Philadelphia PA US
6365835770,2017-11-02 16:26,https://philadelphia.craigslist.org/apa/d/spectacular-corner-2-bedroom/6365835770.html,"Spectacular corner 2 bedroom, 2 bath residence in the desirable Elling",2300,Rittenhouse Square,2,918,2,39.951069,-75.165609,10,1500 Chestnut St Philadelphia PA US
6344750700,2017-11-02 16:25,https://philadelphia.craigslist.org/apa/d/2br-2bath-unit-with-wood/6344750700.html,"2br 2bath unit with wood floors, carpet in bedrooms, ceramic!!",2260,Rittenhouse Square,2,720,2,39.952141,-75.174199,10,2021 Chestnut St Philadelphia PA US
6344646216,2017-11-02 16:25,https://philadelphia.craigslist.org/apa/d/two-bed-apartment-800-sq-ft/6344646216.html,Two bed apartment (800 sq ft) available in the Graduate Hospital Area!,1525,Graduate Hospital,2,800,1,39.941892,-75.169236,10,757 S 16th St Philadelphia PA US
6371180728,2017-11-02 16:25,https://philadelphia.craigslist.org/apa/d/1-bedroom-1-bath-immediate/6371180728.html,1 BEDROOM 1 BATH- IMMEDIATE MOVE IN,1595,Madison Providence Apartments,0,1000,,40.191300,-75.437300,22,550 Campus Drive Collegeville PA US
6344547164,2017-11-02 16:25,https://philadelphia.craigslist.org/apa/d/spacious-corner-unit-with/6344547164.html,"Spacious corner unit with spectacular view, 14 ft ceilings, HUG Window",1850,The Philadelphian,2,956,2,39.961789,-75.161476,10,511-19 N Broad St philadelphia PA US
6371189133,2017-11-02 16:25,https://philadelphia.craigslist.org/apa/d/first-look-exclusive-preview/6371189133.html,FIRST LOOK! Exclusive Preview · Brand New Studio,1265,3902 City Ave,0,450,1,40.008551,-75.210766,15,City Ave at Presidential Blvd Philadelphia PA US
6363520428,2017-11-02 16:25,https://philadelphia.craigslist.org/apa/d/upgraded-1-bedroom-apartment/6363520428.html,Upgraded 1 bedroom apartment located in great Rittenhouse Square!!,1450,Rittenhouse Square,1,538,1,39.952291,-75.175407,10,2101-17 Chestnut St Philadelphia PA US
6363509250,2017-11-02 16:25,https://philadelphia.craigslist.org/apa/d/1-bed-15-bath-unit-available/6363509250.html,1 Bed - 1.5 Bath Unit available now to welcomes you!!,1425,Fairmount,1,659,1.5,39.966000,-75.151000,22,699 N Broad St Philadelphia PA US
6363517093,2017-11-02 16:25,https://philadelphia.craigslist.org/apa/d/luxurious1-bedroom-unit-gym/6363517093.html,"luxurious1 bedroom unit w/ gym, pool, deck, and golf amenities!!",1900,Waterfront Square,1,842,1,39.961714,-75.136093,10,901 N Penn St Philadelphia PA US
6333805673,2017-11-02 16:25,https://philadelphia.craigslist.org/apa/d/modern-style-apartment-in-the/6333805673.html,Modern-style apartment in the heart of Washington Square West,2600,Wash West 	Philadelphia,2,1100,2,39.944524,-75.163107,10,412-26 S 13th St Philadelphia PA US
6360596200,2017-11-02 16:25,https://philadelphia.craigslist.org/apa/d/unit-with-2bed-2bath/6360596200.html,Unit with 2BED-2Bath available at great location,27795,City Center West,2,1156,2,39.950209,-75.180871,10,201 S 25th St Philadelphia PA US
6360616626,2017-11-02 16:25,https://philadelphia.craigslist.org/apa/d/brand-new-building-live-in/6360616626.html,"Brand new building, Live in state-of-the-art apartment tower!!",1819,Washington Square,0,433,1,39.948964,-75.161215,10,1213 Walnut St Philadelphia PA US
6360619304,2017-11-02 16:25,https://philadelphia.craigslist.org/apa/d/readily-available-2bed-unit/6360619304.html,Readily Available 2bed unit loacted at 1919 Market,3580,Rittenhouse Square,2,1210,2,39.953405,-75.171884,10,1919 Market St Philadelphia PA US
6360601413,2017-11-02 16:24,https://philadelphia.craigslist.org/apa/d/1bed-1bath-unit-available-now/6360601413.html,1Bed-1Bath unit available now at Locust on the Park!!,2095,City Center West,1,784,1,39.950209,-75.180871,10,201 S 25th St Philadelphia PA US
6360585907,2017-11-02 16:24,https://philadelphia.craigslist.org/apa/d/1bed-1bath-unit-available-now/6360585907.html,1BED-1BATH Unit Available now At The Collins!!,2160,Washington Square,1,806,1,39.949469,-75.159006,10,1125 Sansom St Philadelphia PA US
6367141676,2017-11-02 16:24,https://philadelphia.craigslist.org/apa/d/2-bed-unit-with-den-is-now/6367141676.html,2 bed unit with Den is now available with offer!!,4117,Art Museum Area,2,1314,2,39.962498,-75.173184,10,500 N 21st Philadelphia PA US
6367144630,2017-11-02 16:24,https://philadelphia.craigslist.org/apa/d/1bed-1bath-unit-available-now/6367144630.html,1Bed-1Bath unit available now at Locust on the Park!!,2095,City Center West,1,748,1,39.950209,-75.180871,10,201 S 25th St Philadelphia PA US
6367136153,2017-11-02 16:24,https://philadelphia.craigslist.org/apa/d/1bed-1bath-unit-available/6367136153.html,1BED - 1BATH Unit available from mid November!!,2100,University City,1,692,1,39.956180,-75.194152,10,3601 Market St Philadelphia PA US
6371186852,2017-11-02 16:24,https://philadelphia.craigslist.org/apa/d/this-2x2-apt-has-access-to/6371186852.html,This 2x2 Apt. Has Access to a Refreshing Saltwater Pool,2023,Glen Mills PA,2,1070,2,39.881025,-75.522079,5,1000 Ellis Drive Glen Mills PA US
6340331193,2017-11-02 16:24,https://philadelphia.craigslist.org/apa/d/amazing-available-immediately/6340331193.html,Amazing Available Immediately!!,1450,Rittenhouse Square Philadelphia,1,618,1,39.952291,-75.175407,10,2101-17 Chestnut St Philadelphia PA US
6371186518,2017-11-02 16:24,https://philadelphia.craigslist.org/apa/d/dont-miss-this-opportunity/6371186518.html,Don't Miss This Opportunity - Presidential City,2125,3902 City Ave,2,970,2,40.008544,-75.210781,10,3902 City Ave PHILADELPHIA PA US
6342995792,2017-11-02 16:23,https://philadelphia.craigslist.org/apa/d/highly-desired-rittenhouse/6342995792.html,Highly desired Rittenhouse Square location,1450,Rittenhouse Square 	Philadelphia,1,618,1,39.952291,-75.175407,10,2101-17 Chestnut St Philadelphia PA US
6341734493,2017-11-02 16:23,https://philadelphia.craigslist.org/apa/d/spacious-2-bedroom-apartment/6341734493.html,Spacious 2 bedroom apartment in the heart of the Art Museum Area,1400,Art Museum Area Philadelphia,0,3768,,39.967862,-75.175277,10,706-8 N 23rd St Philadelphia PA US
6355148019,2017-11-02 16:23,https://philadelphia.craigslist.org/apa/d/2-bedroom-apartment-available/6355148019.html,2 bedroom apartment available in the Graduate Hospital area,1525,Graduate Hospital 	Philadelphia,2,800,1,39.941892,-75.169236,10,757 S 16th St Philadelphia PA US
6371185355,2017-11-02 16:23,https://philadelphia.craigslist.org/apa/d/you-wont-have-to-go-far-to/6371185355.html,You Won't Have To Go Far To Get Off!,1295,3902 City Ave,0,450,1,40.008551,-75.210766,15,City Ave at Presidential Blvd Philadelphia PA US
6371185208,2017-11-02 16:23,https://philadelphia.craigslist.org/apa/d/luxury-studio-all-utilities/6371185208.html,Luxury Studio w. All Utilities Included- Amazing Location! Must See!,995,Center City,0,342,1,39.948119,-75.163841,10,1324 Locust St Philadelphia PA US
6355353885,2017-11-02 16:23,https://philadelphia.craigslist.org/apa/d/spacious-2-bedroom-loft-style/6355353885.html,"Spacious 2-bedroom loft-style apartment at The National, in Old City",2650,Old City 	Philadelphia,2,1106,2,39.952689,-75.144116,10,113 N Bread St Philadelphia PA US
6360167794,2017-11-02 16:22,https://philadelphia.craigslist.org/apa/d/your-perfect-aptis-waiting/6360167794.html,❤️🏠YOUR PERFECT APT💥💥IS WAITING FOR U @ PE,775,"Philadelphia, PA",1,0,1,40.057944,-75.085372,10,7100 Oxford Ave Philadelphia PA US
6355104967,2017-11-02 16:22,https://philadelphia.craigslist.org/apa/d/colonial-apt-at-1100-spruce/6355104967.html,Colonial Apt at 1100 Spruce St are located in Washington square st,1790,Washington Sq West 	Philadelphia,1,750,1,39.946325,-75.159481,10,1100 Spruce St Philadelphia PA US
6371184937,2017-11-02 16:22,https://philadelphia.craigslist.org/apa/d/we-want-you-for-presidential/6371184937.html,We Want You ----- For Presidential City,1295,3902 City Ave,0,450,1,40.008551,-75.210766,15,City Ave at Presidential Blvd Philadelphia PA US
6355132004,2017-11-02 16:22,https://philadelphia.craigslist.org/apa/d/1-bed-1-bath-unit-on-the-31st/6355132004.html,"1 bed/1 bath unit on the 31st floor located at The Murano,center city",2500,Rittenhouse Square 	Philadelphia,1,822,1,39.953800,-75.175087,10,2101 Market St Philadelphia PA US
6371184506,2017-11-02 16:22,https://philadelphia.craigslist.org/apa/d/we-make-club-med-look-like/6371184506.html,We make 'Club Med' look like Club DEAD!,1315,3902 City Ave,0,450,1,40.008551,-75.210766,15,City Ave at Presidential Blvd Philadelphia PA US
6368535888,2017-11-02 16:22,https://philadelphia.craigslist.org/apa/d/known-as-2302-perot-street/6368535888.html,"Known As 2302 Perot Street, this fantastic, spacious 2 bedroom apt",1400,Art Museum (fairmo Philadelphia,2,3768,1,39.967862,-75.175277,10,706-8 N 23rd St Philadelphia PA US
6371085903,2017-11-02 16:22,https://philadelphia.craigslist.org/apa/d/427-vine-located-in-quiet/6371085903.html,"427 Vine, located in a quiet courtyard in historic Old City",1395,Old City 	Philadelphia,1,700,1,39.956155,-75.146910,10,427 Vine St Philadelphia PA US
6371184270,2017-11-02 16:22,https://philadelphia.craigslist.org/apa/d/ready-to-occupy-beautiful-3bd/6371184270.html,"Ready to Occupy! Beautiful 3BD/2.5BA w. Patio, W/D & Reclaimed Wood!",2350,Northern Liberties,3,0,2.5,39.969269,-75.145241,10,992 N 5th St Philadelphia PA US
6368363785,2017-11-02 16:22,https://philadelphia.craigslist.org/apa/d/welcome-to-the-historic-lofts/6368363785.html,Welcome to the historic 'Lofts on Green' at 400 Green Street,1850,Northern Liberties 	Philadelphia,2,895,2,39.961762,-75.144820,10,400 Green St Philadelphia PA US
6371032458,2017-11-02 16:22,https://philadelphia.craigslist.org/apa/d/fantastic-single-home-with/6371032458.html,Fantastic Single Home with Beautiful Hardwood Floors,1350,Fishtown,4,0,0,39.976549,-75.122452,22,
6371183962,2017-11-02 16:22,https://philadelphia.craigslist.org/apa/d/best-studio-in-philly-1st-day/6371183962.html,BEST STUDIO IN PHILLY - 1st Day On The Market! Click For More Details,1285,3902 City Ave,0,450,1,40.008551,-75.210766,15,City Ave at Presidential Blvd Philadelphia PA US
6368471693,2017-11-02 16:21,https://philadelphia.craigslist.org/apa/d/large-1st-floor-apartment-in/6368471693.html,Large 1st floor apartment in Rittenhouse Square area,1495,Rittenhouse Square 	Philadelphia,2,1000,1,39.945842,-75.174839,10,2001 Lombard St Philadelphia PA US
6368390146,2017-11-02 16:21,https://philadelphia.craigslist.org/apa/d/spacious-top-floor-1-bed-1/6368390146.html,Spacious TOP FLOOR 1 bed/1 bath w/ PARKING,2200,Naval Square Philadelphia,1,834,1,39.937900,-75.179400,22,700 Commodore Ct Philadelphia PA US
6368424889,2017-11-02 16:21,https://philadelphia.craigslist.org/apa/d/the-life-of-luxury-begins/6368424889.html,The life of Luxury begins when you move into the Ellington,1800,Rittenhouse Square 	Philadelphia,1,671,1,39.951069,-75.165609,10,1500 Chestnut St Philadelphia PA US
6371170272,2017-11-02 16:21,https://philadelphia.craigslist.org/apa/d/amazing-resident-amenities-on/6371170272.html,Amazing resident amenities on every single floor! Excellent incentives,1830,200 N. 16th St,1,0,1,39.956639,-75.165995,10,200 N. 16th St Philadelphia PA US
6368458117,2017-11-02 16:21,https://philadelphia.craigslist.org/apa/d/large-1st-floor-apartment-in/6368458117.html,Large 1st floor apartment in Rittenhouse Square area.,1495,Rittenhouse Square 	Philadelphia,2,1000,1,39.945842,-75.174839,10,2001 Lombard St Philadelphia PA US
6371171063,2017-11-02 16:21,https://philadelphia.craigslist.org/apa/d/2-bedroom-house/6371171063.html,2 Bedroom House,850,19124,2,0,1,40.010409,-75.079279,15,
6368414979,2017-11-02 16:21,https://philadelphia.craigslist.org/apa/d/your-condominium-overlooking/6368414979.html,Your condominium overlooking Rittenhouse Square at the Dorchester,1390,Rittenhouse Square 	Philadelphia,0,583,1,39.949539,-75.172934,10,224-30 W Rittenhouse Sq Philadelphia PA US
6368369370,2017-11-02 16:20,https://philadelphia.craigslist.org/apa/d/unit-is-in-historical/6368369370.html,Unit is in historical building located in  Rittenhouse neighborhood,2100,Rittenhouse Square 	Philadelphia,2,0,1,39.947400,-75.168143,10,1602 Spruce St Philadelphia PA US
6362120977,2017-11-02 16:20,https://philadelphia.craigslist.org/apa/d/2-bed-1-bath-center-city/6362120977.html,2 Bed 1 Bath Center City Condo  & a Community Garden Courtyard,1900,Washington Sq West 	Philadelphia,2,1008,1,39.943210,-75.161974,10,1213 South St Philadelphia PA US
6371153178,2017-11-02 16:20,https://philadelphia.craigslist.org/apa/d/limitless-style-unreal/6371153178.html,"Limitless Style, Unreal Service & Crazy Fun. The Crossings at Hamilton",1931,Hamilton,1,804,1,40.241800,-74.696200,22,900 Grand Central Dr Trenton PA US
6371167620,2017-11-02 16:20,https://philadelphia.craigslist.org/apa/d/spacious-brand-new-apartments/6371167620.html,Spacious Brand New Apartments Available Now!,,"4518 Lancaster Ave. Philadelphia, PA",0,0,,39.970295,-75.213900,15,Lancaster Ave. at N. 46th St. Philadelphia PA US
6343152467,2017-11-02 16:20,https://philadelphia.craigslist.org/apa/d/2121-market-street-apartments/6343152467.html,2121 Market Street Apartments offer stunning city views,1625,Center City Philadelphia,1,700,1,39.953842,-75.175407,10,2121 Market St Philadelphia PA US
6368398574,2017-11-02 16:20,https://philadelphia.craigslist.org/apa/d/charming-1-bedroom-den-home/6368398574.html,Charming 1 bedroom + den  home in Fitler Square.,1495,Fitler Square Philadelphia,1,576,2,39.949266,-75.180124,10,2416 Manning St Philadelphia PA US
6368311933,2017-11-02 16:20,https://philadelphia.craigslist.org/apa/d/beautiful-newly-renovated-2br/6368311933.html,Beautiful newly renovated 2BR 1BA apartment,1295,Fairmount Philadelphia,2,0,1,39.971054,-75.156261,10,1234-36 W Girard Ave Philadelphia PA US
6368385094,2017-11-02 16:19,https://philadelphia.craigslist.org/apa/d/the-prestige-pavilion-offers/6368385094.html,The Prestige Pavilion offers new state-of-the-art apartments,1850,Old Kensington Philadelphia,3,0,2,39.973573,-75.147559,10,1438-40 N 7th St Philadelphia PA US
6368305089,2017-11-02 16:19,https://philadelphia.craigslist.org/apa/d/2-bed-1-bath-apartment/6368305089.html,2 bed 1 bath apartment located in desireable Graduate hospital,1400,Graduate Hospital 	Philadelphia,2,21085,1,39.940795,-75.176497,10,2029 Montrose St Philadelphia PA US
6368258514,2017-11-02 16:19,https://philadelphia.craigslist.org/apa/d/2100-parkway-is-the-art/6368258514.html,2100 Parkway is The Art Museum Area's Best Kept Secret,1695,Logan Square 	Philadelphia,1,850,1,39.958203,-75.174122,10,230-38 N 21st St Philadelphia PA US
6371169752,2017-11-02 16:19,https://philadelphia.craigslist.org/apa/d/house-in-warrington-for-rent/6371169752.html,House in Warrington for rent - Rent then Buy Program,1970,Warrington,3,0,1.5,40.289200,-75.214900,22,
6368275906,2017-11-02 16:18,https://philadelphia.craigslist.org/apa/d/the-society-hill-building-is/6368275906.html,The Society Hill Building is a beautiful mid-rise community,1445,Washington Sq West 	Philadelphia,1,650,1,39.948614,-75.152515,10,701 Sansom St Philadelphia PA US
6371166410,2017-11-02 16:18,https://philadelphia.craigslist.org/apa/d/2-br-in-ardmore/6371166410.html,2 BR in Ardmore,950,14 W. Lancaster Ave,2,0,1,40.007570,-75.290884,10,14 W. Lancaster Avenue Ardmore PA US
6368290765,2017-11-02 16:18,https://philadelphia.craigslist.org/apa/d/1-br-unit-hardwood/6368290765.html,"1 BR unit  hardwood floors,bathroom,kitchen and expanisive views",1650,Center City Philadelphia,1,538,1,39.952291,-75.175407,10,2101 Chestnut St Philadelphia PA US
6368265985,2017-11-02 16:18,https://philadelphia.craigslist.org/apa/d/1-bed-unit-located-two-blocks/6368265985.html,1 bed unit located two blocks from prestigious Rittenhouse Square,1545,Rittenhouse Square 	Philadelphia,1,726,1,39.947809,-75.166022,10,2100 Walnut St Philadelphia PA US
6371178871,2017-11-02 16:18,https://philadelphia.craigslist.org/apa/d/call-for-details-picnic-areas/6371178871.html,"Call for Details, Picnic Areas with Grills, Minutes to I 476",1140,Hatfield,1,719,1,40.276835,-75.317479,10,2701 Elroy Road Hatfield PA US
6368298319,2017-11-02 16:18,https://philadelphia.craigslist.org/apa/d/amazing-bella-vista-unit-full/6368298319.html,"Amazing Bella Vista unit, full renovation in Meredith school district",1700,Bella Vista Philadelphia,2,0,1,39.940894,-75.158505,10,928 Fitzwater St Philadelphia PA US
6355282352,2017-11-02 16:18,https://philadelphia.craigslist.org/apa/d/gorgeousupdated-washington-sq/6355282352.html,"Gorgeousupdated, Washington Sq. West row home available.",2500,Washington Sq West 	Philadelphia,3,1242,2,39.944006,-75.164266,10,517 S Juniper St Philadelphia PA US
6371178159,2017-11-02 16:18,https://philadelphia.craigslist.org/apa/d/3-bed-apts-or-shares/6371178159.html,"3 bed apts OR Shares - Monutment St, Park Ave, Or 18th St",400,Temple (Desirable St,0,0,,39.995400,-75.169800,22,Monument Philadelphia PA US
6353925299,2017-11-02 16:18,https://philadelphia.craigslist.org/apa/d/luxury-one-and-two-bedroom/6353925299.html,Luxury one and two bedroom apartments in a Fabulous location,1495,Art Museum (fairmo Philadelphia,1,750,0,39.963788,-75.161110,10,600 N Broad St Philadelphia PA US
6371116946,2017-11-02 16:17,https://philadelphia.craigslist.org/apa/d/beautiful-newly-renovated-2br/6371116946.html,Beautiful newly renovated 2BR 1BA apartment,1295,Fairmount Philadelphia,2,0,1,39.971054,-75.156261,10,1234-36 W Girard Ave Philadelphia PA US
6371176743,2017-11-02 16:17,https://philadelphia.craigslist.org/apa/d/these-deals-wont-last-brand/6371176743.html,These deals won't last!  BRAND NEW with 14 floors of amenites!!,1795,200 N. 16th St,1,0,1,39.956639,-75.165995,10,200 N. 16th St Philadelphia PA US
6371176703,2017-11-02 16:17,https://philadelphia.craigslist.org/apa/d/spacious-apartment-at-grant/6371176703.html,SPACIOUS APARTMENT AT GRANT AVENUE,700,2062 Grant Avenue,1,0,1,40.081749,-75.031214,7,
6371176324,2017-11-02 16:16,https://philadelphia.craigslist.org/apa/d/deluxe-newly-remodeled/6371176324.html,DELUXE NEWLY REMODELED APARTMENTS,800,Grant and Boulevard,2,0,1,40.081946,-75.031471,7,Grant Avenue at Boulevard  PA US
6371175851,2017-11-02 16:16,https://philadelphia.craigslist.org/apa/d/deluxe-newly-remodeled/6371175851.html,DELUXE NEWLY REMODELED APARTMENTS,900,Grant and Boulevard,2,0,1,40.081946,-75.031471,7,Grant Avenue at Boulevard  PA US
6353925299,2017-11-02 16:18,https://philadelphia.craigslist.org/apa/d/luxury-one-and-two-bedroom/6353925299.html,Luxury one and two bedroom apartments in a Fabulous location,1495,Art Museum (fairmo Philadelphia,1,750,0,39.963788,-75.161110,10,600 N Broad St Philadelphia PA US
6371116946,2017-11-02 16:17,https://philadelphia.craigslist.org/apa/d/beautiful-newly-renovated-2br/6371116946.html,Beautiful newly renovated 2BR 1BA apartment,1295,Fairmount Philadelphia,2,0,1,39.971054,-75.156261,10,1234-36 W Girard Ave Philadelphia PA US
6371176743,2017-11-02 16:17,https://philadelphia.craigslist.org/apa/d/these-deals-wont-last-brand/6371176743.html,These deals won't last!  BRAND NEW with 14 floors of amenites!!,1795,200 N. 16th St,1,0,1,39.956639,-75.165995,10,200 N. 16th St Philadelphia PA US
6371176703,2017-11-02 16:17,https://philadelphia.craigslist.org/apa/d/spacious-apartment-at-grant/6371176703.html,SPACIOUS APARTMENT AT GRANT AVENUE,700,2062 Grant Avenue,1,0,1,40.081749,-75.031214,7,
6371176324,2017-11-02 16:16,https://philadelphia.craigslist.org/apa/d/deluxe-newly-remodeled/6371176324.html,DELUXE NEWLY REMODELED APARTMENTS,800,Grant and Boulevard,2,0,1,40.081946,-75.031471,7,Grant Avenue at Boulevard  PA US
6371175851,2017-11-02 16:16,https://philadelphia.craigslist.org/apa/d/deluxe-newly-remodeled/6371175851.html,DELUXE NEWLY REMODELED APARTMENTS,900,Grant and Boulevard,2,0,1,40.081946,-75.031471,7,Grant Avenue at Boulevard  PA US
6371168609,2017-11-02 16:16,https://philadelphia.craigslist.org/apa/d/apartments-in-philadelphia/6371168609.html,"♥ Apartments in Philadelphia, Online Payments Available, Game Room",2000,"NORTH CHARLESTON, GOOSE CREEK, LADSON",2,1799,1,40.028616,-75.231569,5,4601 Flat Rock Road Philadelphia PA US
6371175022,2017-11-02 16:16,https://philadelphia.craigslist.org/apa/d/corner-2bdrm-2bath-includes/6371175022.html,Corner-2bdrm/2bath-Includes wtr and cooking gas-Avail NOW!,1740,2201 Pennsylvania Ave,2,950,2,39.967700,-75.173500,22,
6371175025,2017-11-02 16:16,https://philadelphia.craigslist.org/apa/d/new-14th-flr-1br-balcony-full/6371175025.html,NEW 14th flr. 1br w/balcony. Full city views + unlimited amenities!!,2490,200 N. 16th St,1,0,1,39.956639,-75.165995,10,200 N. 16th St Philadelphia PA US
6371173875,2017-11-02 16:15,https://philadelphia.craigslist.org/apa/d/one-month-free-5th-flr-facing/6371173875.html,ONE Month Free! 5th Flr-Facing South-H/W Flrs-Art Deco Bldg-AVAIL NOW!,1695,230 N. 21st Street,1,850,1,39.959003,-75.173946,15,Winter Street at 21st Street Philadelphia PA US
6371173386,2017-11-02 16:14,https://philadelphia.craigslist.org/apa/d/our-most-popular-layout-with/6371173386.html,Our most popular layout with direct Art Museum views + 1 mo FREE!,1935,200 N. 16th St,1,0,1,39.956639,-75.165995,10,200 N. 16th St Philadelphia PA US
6371172877,2017-11-02 16:14,https://philadelphia.craigslist.org/apa/d/studio-9th-flr-avail-november/6371172877.html,Studio-9th Flr-Avail November-H/W Flrs-Includes Water & Gas!,1115,2201 Pennsylvania Ave,0,300,1,39.967700,-75.173500,22,
6371172790,2017-11-02 16:14,https://philadelphia.craigslist.org/apa/d/stunning-one-bedroom/6371172790.html,Stunning one bedroom apartment with floor to ceiling windows!,2152,1125 Samson Street,1,806,1,39.948700,-75.159300,22,1125 Samson Street Philadelphia PA US
6371172290,2017-11-02 16:14,https://philadelphia.craigslist.org/apa/d/corner-2bdrm-2bath-includes/6371172290.html,Corner-2bdrm/2bath-Includes wtr and cooking gas-Avail NOW!,1740,2201 Pennsylvania Ave,2,950,2,39.967700,-75.173500,22,
6371097377,2017-11-02 16:13,https://philadelphia.craigslist.org/apa/d/amazing-bella-vista-unit-full/6371097377.html,"Amazing Bella Vista unit, full renovation in Meredith school district",1700,Bella Vista Philadelphia,2,0,0,39.940894,-75.158505,10,928 Fitzwater St Philadelphia PA US
6371171707,2017-11-02 16:13,https://philadelphia.craigslist.org/apa/d/endless-views-every-amenity/6371171707.html,ENDLESS VIEWS + every amenity you could ask for under $1800!!,1725,200 N. 16th St,1,0,1,39.956639,-75.165995,10,200 N. 16th St Philadelphia PA US
6371171684,2017-11-02 16:13,https://philadelphia.craigslist.org/apa/d/large-luxury-apartment-temple/6371171684.html,Large Luxury Apartment - Temple!,2200,Temple Campus,4,0,2,39.987387,-75.152137,10,2300 N. 12th St. Philadelphia PA US
6356148387,2017-11-02 16:13,https://philadelphia.craigslist.org/apa/d/kendall-3-2-gorgeous/6356148387.html,```Kendall 3/2 gorgeous ````townhouse with huge patio new kitchen in K,500,fi``ni```sh```es,3,1200,2,39.948900,-75.166100,22,
6371171130,2017-11-02 16:13,https://philadelphia.craigslist.org/apa/d/one-month-free-5th-flr-facing/6371171130.html,ONE MONTH FREE! 5th Flr-Facing South-H/W Flrs-Art Deco Bldg-AVAIL NOW!,1695,230 N. 21st Street,1,850,1,39.959003,-75.173946,15,Winter Street at 21st Street Philadelphia PA US
6356148305,2017-11-02 16:13,https://philadelphia.craigslist.org/apa/d/kendall-3-2-gorgeous/6356148305.html,```Kendall 3/2 gorgeous ````townhouse with huge patio new kitchen in K,500,fi``ni```sh```es,3,1200,2,39.948900,-75.166100,22,
6336369494,2017-11-02 16:13,https://philadelphia.craigslist.org/apa/d/casa-movil-casi-nueva-vendo/6336369494.html,CASA MOVIL CASI NUEVA VENDO EN PAGOS CON ENGANCHE. TRATO SIN CREDITO.,500,SERENITY,3,1200,2,39.948900,-75.166100,22,
6356148381,2017-11-02 16:13,https://philadelphia.craigslist.org/apa/d/kendall-3-2-gorgeous/6356148381.html,```Kendall 3/2 gorgeous ````townhouse with huge patio new kitchen in K,500,fi``ni```sh```es,3,1200,2,39.948900,-75.166100,22,
6336369476,2017-11-02 16:13,https://philadelphia.craigslist.org/apa/d/casa-movil-casi-nueva-vendo/6336369476.html,CASA MOVIL CASI NUEVA VENDO EN PAGOS CON ENGANCHE. TRATO SIN CREDITO.,500,SERENITY,3,1200,2,39.948900,-75.166100,22,
6336369502,2017-11-02 16:13,https://philadelphia.craigslist.org/apa/d/casa-movil-casi-nueva-vendo/6336369502.html,CASA MOVIL CASI NUEVA VENDO EN PAGOS CON ENGANCHE. TRATO SIN CREDITO.,500,SERENITY,3,1200,2,39.948900,-75.166100,22,
6371130147,2017-11-02 16:12,https://philadelphia.craigslist.org/apa/d/newly-renovated-and/6371130147.html,Newly Renovated and Affordable House for Rent!!,700,Brewerytown,0,0,,,,,
6350981377,2017-11-02 16:12,https://philadelphia.craigslist.org/apa/d/one-bedroom-apt-in-victorian/6350981377.html,ONE BEDROOM APT IN VICTORIAN HOUSE - OVERBROOK FARMS - St. JOE'S'S,1050,OVERBROOK FARMS,1,850,1,39.988788,-75.244459,10,5939 DREXEL RD PHILA PA US
6371135607,2017-11-02 16:11,https://philadelphia.craigslist.org/apa/d/1-bdr-apt-west-philadelphia/6371135607.html,1 bdr apt west philadelphia overbrook section private side entrance,625,441 n. Simpson st side/rear but on side,1,600,1,39.969834,-75.248378,10,441 n. Simpson st Philadelphia PA US
6371103373,2017-11-02 16:10,https://philadelphia.craigslist.org/apa/d/cute-cozy-apartment-on-five/6371103373.html,Cute & Cozy apartment on Five plus acres,700,Chalfont,1,0,1,40.276859,-75.188885,22,
6371104603,2017-11-02 16:10,https://philadelphia.craigslist.org/apa/d/1br-15-bath-in-great-north/6371104603.html,1BR/1.5 Bath in Great North Wales Apt Community,1105,The Addison at English Village,1,700,1.5,,,,
6371167256,2017-11-02 16:10,https://philadelphia.craigslist.org/apa/d/get-your-west-philadelphia/6371167256.html,Get Your West Philadelphia Look Here!,1585,Pine Street,2,1400,1,39.952302,-75.216350,15,Pine at 47th Philadelphia PA US
6371048433,2017-11-02 16:10,https://philadelphia.craigslist.org/apa/d/excellent-1-br-apartment/6371048433.html,Excellent 1 BR Apartment Available Now!,950,Center City,1,0,0,39.953040,-75.175152,22,
6371167085,2017-11-02 16:10,https://philadelphia.craigslist.org/apa/d/introducing-the-brand-new/6371167085.html,INTRODUCING THE BRAND NEW ADAMS APARTMENTS @ PRESIDENTIAL CITY,1265,3902 City Ave,0,450,1,40.008544,-75.210781,10,3902 City Ave PHILADELPHIA PA US
6371165311,2017-11-02 16:09,https://philadelphia.craigslist.org/apa/d/off-campus-house-for-great/6371165311.html,Off Campus House for a Great Price - Temple!,1900,Temple Campus,4,0,2,39.987815,-75.152045,10,2328 N. 12th St. Philadelphia PA US
6336854522,2017-11-02 16:08,https://philadelphia.craigslist.org/apa/d/huge-newly-remodeled-2345-br/6336854522.html,"♎ Huge Newly Remodeled 2,3,4,5 br Big Family Home for Ɍeŋt!",400,philadelphia,3,0,2,40.001800,-75.117900,22,
6336849540,2017-11-02 16:08,https://philadelphia.craigslist.org/apa/d/low-cost-3-4-br-home-in-top/6336849540.html,☰ Low-cost 3-4 br 'home in top area. Near to School & Park! ☰,400,philadelphia,3,0,2,40.001800,-75.117900,22,
6371163609,2017-11-02 16:07,https://philadelphia.craigslist.org/apa/d/2-months-free-rent-for-move/6371163609.html,2 Months free rent for Move in ready 1 bedroom in Rittenhouse,1895,PHILA,1,875,1,39.949885,-75.170860,7,18 PHIladelphia PA US
6352222320,2017-11-02 16:07,https://philadelphia.craigslist.org/apa/d/beautiful-absolutely/6352222320.html,"◒ Beautiful, absolutely remodeled single family home for reǹť!",400,philadelphia,3,0,2,40.001800,-75.117900,22,
6371163290,2017-11-02 16:07,https://philadelphia.craigslist.org/apa/d/no-rent-untillarge-windows/6371163290.html,NO RENT UNTIL 1/1/2018!  Large windows with courtyard views!,1560,,1,0,1,39.951373,-75.145406,10,51 N. 3rd Street Philadelphia PA US
6371162848,2017-11-02 16:07,https://philadelphia.craigslist.org/apa/d/2-bed-1-bath-dishwasher/6371162848.html,"2 Bed 1 Bath - Dishwasher, Recessed Lighting",1386,West Chester,2,800,1,39.960804,-75.619889,5,615 Downingtown Pike West Chester PA US
6340670706,2017-11-02 16:06,https://philadelphia.craigslist.org/apa/d/huge-newly-remodeled-2345-br/6340670706.html,"▕ Huge Newly Remodeled 2,3,4,5 br Big Family 'home for Ȑenŧ!",400,philadelphia,3,0,2,40.001800,-75.117900,22,
6371147872,2017-11-02 16:06,https://philadelphia.craigslist.org/apa/d/house-for-rent-in-oreland/6371147872.html,House for rent in Oreland - Rent-then-Buy program,1700,Oreland,3,0,1.5,40.113200,-75.186900,22,
6371160525,2017-11-02 16:05,https://philadelphia.craigslist.org/apa/d/only-the-best/6371160525.html,ONLY THE BEST,1300,,0,12600,3,39.983196,-75.108569,5,
6371129049,2017-11-02 16:05,https://philadelphia.craigslist.org/apa/d/newly-renovated-in/6371129049.html,"Newly Renovated in Brewerytown, Modern Apliances, First month FREE!",1250,philadelphia,2,0,1,39.977865,-75.182149,10,1426 N. Dover St philadelphia PA US
6371141668,2017-11-02 16:05,https://philadelphia.craigslist.org/apa/d/newly-renovated-and/6371141668.html,Newly Renovated and Affordable House for Rent!!,800,Brewerytown,0,0,,,,,
6371160002,2017-11-02 16:05,https://philadelphia.craigslist.org/apa/d/3-bedroom-full-size-washer/6371160002.html,"3 bedroom - Full size washer and dryer, Plank flooring, Business center",2334,"100 Cornerstone Drive, Glen Mills, PA 19342",3,1407,2,39.901500,-75.504900,5,100 Cornerstone Drive Glen Mills PA US
6348260876,2017-11-02 16:05,https://philadelphia.craigslist.org/apa/d/big-new-remodeled-2345-br-big/6348260876.html,"◧ Big New Remodeled 2,3,4,5 br Big Family House for Ȑeǹt!",,,0,0,,,,,
6371041693,2017-11-02 16:05,https://philadelphia.craigslist.org/apa/d/well-maintained-3-bed-3-story/6371041693.html,Well Maintained 3 Bed 3 Story Home in Quiet Community,800,Cobbs Creek,3,0,0,39.941241,-75.232573,22,
6362776168,2017-11-02 16:05,https://philadelphia.craigslist.org/apa/d/must-see-gorgeous-3-4-br/6362776168.html,☘ !!must See!! Gorgeous 3-4 Br House!! for Ɍeŋt. Large Balcony!,400,philadelphia,3,0,2,40.001800,-75.117900,22,
6371028870,2017-11-02 16:04,https://philadelphia.craigslist.org/apa/d/fully-furnished-apartment-all/6371028870.html,"Fully Furnished apartment, all utilities paid",800,West Grove,1,0,0,39.803082,-75.830727,22,
6371157538,2017-11-02 16:03,https://philadelphia.craigslist.org/apa/d/fantastic-studio-1ba/6371157538.html,Fantastic Studio/1BA w. Hardwoods & All Utilities Included- Avail. Now,1095,Center City,0,350,1,39.948119,-75.163841,10,1324 Locust St Philadelphia PA US
6371157302,2017-11-02 16:03,https://philadelphia.craigslist.org/apa/d/1st-fl-spacious-kitchen/6371157302.html,"1st fl, Spacious Kitchen, Fireplace, Clubhouse, Fitness Ctr, Tennis Ct",1300,"Royersford,Collegeville,King of Prussia,Oaks, Limerick",1,750,1,40.198682,-75.521905,10,1209 Brooke Drive Royersford PA US
6371112045,2017-11-02 16:03,https://philadelphia.craigslist.org/apa/d/the-addison-at-english/6371112045.html,The Addison at English Village - 2BRs and 2 Full Baths,1385,The Addison at English Village,2,875,2,,,,
6370959238,2017-11-02 16:03,https://philadelphia.craigslist.org/apa/d/newly-renovated-in/6370959238.html,"Newly Renovated in Brewerytown, Modern Apliances, First month FREE!",1250,philadelphia,2,0,1,39.977865,-75.182149,10,1426 N. Dover St philadelphia PA US
6362415819,2017-11-02 16:02,https://philadelphia.craigslist.org/apa/d/house-for-rent/6362415819.html,House For Rent,1500,3307 Livingston Street,3,1500,2.5,39.987260,-75.101459,10,3307 Livingston Street Philadelphia PA US
6371155299,2017-11-02 16:02,https://philadelphia.craigslist.org/apa/d/point-breeze/6371155299.html,POINT BREEZE,800,2339 Wharton Street,3,0,1,39.936189,-75.183444,10,2339 Wharton Street Philadelphia PA US
6341187158,2017-11-02 16:01,https://philadelphia.craigslist.org/apa/d/quiet-plant-yourself-in-this/6341187158.html,QUIET Plant yourself in this charming 2 bedroom!,810,Lease Purchase,0,1430,,39.165100,-94.525600,22,
6371091618,2017-11-02 16:01,https://philadelphia.craigslist.org/apa/d/take-look-and-see-our-current/6371091618.html,TAKE A LOOK and SEE OUR CURRENT AVAILABLE RENTAL$$$,722,,3,0,1,,,,
