pid,dt,url,title,price,neighb,beds,sqft,baths,lat,lng,accuracy,address
6371434335,2017-11-02 16:39,https://phoenix.craigslist.org/nph/apa/d/all-the-perks-of-modern/6371434335.html,All the perks of modern living! Washer/dryer included. Tour today!,750,Phoenix,1,750,1,33.508200,-112.101100,22,
6359722695,2017-11-02 16:39,https://phoenix.craigslist.org/wvl/apa/d/practical-1-bed-1-bath/6359722695.html,Practical 1 bed 1 bath,685,Phoenix,1,541,1,33.538541,-112.091148,10,1502 W Glendale Ave Phoenix AZ US
6355358421,2017-11-02 16:39,https://phoenix.craigslist.org/wvl/apa/d/affordable-and-clean-2-bed-2/6355358421.html,Affordable and Clean - 2 bed 2 bath,870,Phoenix,2,820,2,33.538541,-112.091148,10,1502 W Glendale Ave Phoenix AZ US
6331721126,2017-11-02 16:38,https://phoenix.craigslist.org/wvl/apa/d/move-in-for-1-2-off-your/6331721126.html,MOVE IN for 1/2 OFF YOUR FIRST MONTH!!!!! -,700,"phoenix, az",2,0,1,33.542729,-112.116687,10,7232 N 27TH AVE PHOENIX AZ US
6371426934,2017-11-02 16:38,https://phoenix.craigslist.org/cph/apa/d/take-advantage-of-the/6371426934.html,TAKE ADVANTAGE OF THE RENNOVATION SPECIAL PRICES! FREE UTILITIES!,900,Arcadia Area,2,1000,2,33.482480,-112.012718,5,3001 N 32nd St at Thomas &amp; 32nd St Phoenix AZ US
6371421264,2017-11-02 16:38,https://phoenix.craigslist.org/wvl/apa/d/1-bedroom-den-at-mountainside/6371421264.html,1-Bedroom + Den at Mountainside,1035,3625 E Ray Road,1,0,1,33.313404,-112.007925,10,3625 E Ray Road Phoenix AZ US
6371413966,2017-11-02 16:38,https://phoenix.craigslist.org/evl/apa/d/luxury-1-bd-sanmarcos-golf/6371413966.html,Luxury 1 BD @ SanMarcos Golf Club (Reduce your rent with Airbnb!),665,777 West Chandler Blvd,1,0,1,33.305619,-111.852150,22,
6371432751,2017-11-02 16:38,https://phoenix.craigslist.org/wvl/apa/d/amazing-move-in-dealsstop-in/6371432751.html,"Amazing Move in Deals,Stop In Today! Reserve your New Home!!",519,Phoenix,0,0,1,33.494741,-112.213333,10,7151 W. Indian School rd Phoenix AZ US
6335485851,2017-11-02 16:38,https://phoenix.craigslist.org/wvl/apa/d/move-in-for-1-2-off-your/6335485851.html,MOVE IN for 1/2 OFF YOUR FIRST MONTH!!!!! -,600,"phoenix, az",1,0,1,33.542729,-112.116687,10,7232 N 27TH AVE PHOENIX AZ US
6350475163,2017-11-02 16:38,https://phoenix.craigslist.org/nph/apa/d/groovy-1-bed-1-bath/6350475163.html,Groovy 1 bed 1 bath,890,N. Phoenix,1,690,1,33.595047,-112.151329,10,
6371407519,2017-11-02 16:38,https://phoenix.craigslist.org/evl/apa/d/1br-1-bath-casita-immediate/6371407519.html,1BR/1 BATH CASITA - IMMEDIATE MOVE IN - GREAT LOCATION - GREAT PRICE!!,704,Mesa,0,600,,33.399200,-111.789600,22,
6371432447,2017-11-02 16:38,https://phoenix.craigslist.org/nph/apa/d/large-remodeled-unit/6371432447.html,** Large Remodeled Unit **,895,"Phoenix, AZ",1,760,1,33.489342,-112.080604,10,3601 N. 5th Ave Phoenix AZ US
6371418968,2017-11-02 16:37,https://phoenix.craigslist.org/evl/apa/d/beautiful-community-1-2-off/6371418968.html,Beautiful Community. 1/2 off your first month. All utilities included,979,,1,600,1,33.466900,-111.915100,22,
6350477163,2017-11-02 16:37,https://phoenix.craigslist.org/nph/apa/d/stunning-classic-1-bed-1-bath/6350477163.html,Stunning classic 1 bed 1 bath!,890,Phoenix,1,690,1,33.595047,-112.151329,10,12021 N 43rd Ave Phoenix AZ US
6350476001,2017-11-02 16:37,https://phoenix.craigslist.org/nph/apa/d/central-phoenix-2-bed-2-bath/6350476001.html,Central Phoenix 2 bed 2 bath,990,Phoenix,2,980,2,33.595047,-112.151329,10,12021 N 43rd Ave Phoenix AZ US
6371423577,2017-11-02 16:36,https://phoenix.craigslist.org/wvl/apa/d/immediate-tennis-courts-air/6371423577.html,"Immediate!!	Tennis Courts, Air Conditioning, Covered Parking Available",,,0,0,,,,,
6371422513,2017-11-02 16:36,https://phoenix.craigslist.org/wvl/apa/d/pool-great-location-1-bdrm/6371422513.html,"POOL, GREAT LOCATION, 1 BDRM DOWNSTAIRS",1995,Glendale - Deer Valley & 75th Ave,4,2146,3,33.653900,-112.169400,22,
6371430915,2017-11-02 16:36,https://phoenix.craigslist.org/evl/apa/d/brand-new-heated-pool/6371430915.html,BRAND NEW! HEATED POOL,875,Mesa,1,657,1,33.455273,-111.683815,5,2217 N Power Rd Mesa AZ US
6353111945,2017-11-02 16:36,https://phoenix.craigslist.org/nph/apa/d/fashionable-2-bed-2-bath/6353111945.html,Fashionable 2 bed 2 bath,1115,Phoenix,2,1100,2,33.485742,-112.031726,10,2323 E Flower St Phoenix AZ US
6353112412,2017-11-02 16:36,https://phoenix.craigslist.org/nph/apa/d/exuberant-2-bed-2-bath/6353112412.html,Exuberant 2 bed 2 bath!,1115,Phoenix,2,1100,2,33.502100,-112.030500,22,
6371430046,2017-11-02 16:35,https://phoenix.craigslist.org/wvl/apa/d/copy-fax-services-beautiful/6371430046.html,"Copy & Fax Services, Beautiful Landscaping, Guest Parking, Treats",943,avondale,2,756,1,33.434313,-112.354101,10,102 S 4th Avenue at Litchfield Rd Avondale AZ US
6355340841,2017-11-02 16:35,https://phoenix.craigslist.org/wvl/apa/d/beautifully-landscaped/6355340841.html,Beautifully Landscaped Community - 1 bed 1 bath,720,Phoenix,1,450,1,33.560000,-112.092700,22,
6371429777,2017-11-02 16:35,https://phoenix.craigslist.org/nph/apa/d/large-remodeled-unit/6371429777.html,** Large Remodeled Unit **,895,"Phoenix, AZ",1,760,1,33.489342,-112.080604,10,3601 N. 5th Ave Phoenix AZ US
6354345525,2017-11-02 16:34,https://phoenix.craigslist.org/evl/apa/d/conveniently-located-3br-for/6354345525.html,Conveniently Located 3BR for UNDER $1000/Month!!! APPLY TODAY >>>>,995,Phoenix,3,1090,1.5,33.410164,-111.986485,10,4014 S. 44th St at 48th St &amp; Broadway Rd Phoenix AZ US
6354319051,2017-11-02 16:34,https://phoenix.craigslist.org/cph/apa/d/rare-opportunityjust/6354319051.html,***RARE OPPORTUNITY***JUST LISTED****LAVEEN 3BR Home 4 RENT!!!,1200,Laveen,3,1533,2,33.343600,-112.171600,22,4337 W. St. Kateri Dr Laveen AZ US
6355337765,2017-11-02 16:34,https://phoenix.craigslist.org/nph/apa/d/ample-storage-1-bed-1-bath/6355337765.html,Ample Storage! 1 bed 1 bath,790,Phoenix,1,650,1,33.554781,-112.099549,10,8111 N 19th Ave Phoenix AZ US
6335331850,2017-11-02 16:34,https://phoenix.craigslist.org/nph/apa/d/spacious-1br-apartment-in/6335331850.html,Spacious 1BR Apartment in North Phoenix >> CALL TODAY IT WONT LAST,725,Phoenix,1,800,1,33.631340,-112.021039,10,2808 E. Monte Cristo Ave Phoenix AZ US
6371428697,2017-11-02 16:34,https://phoenix.craigslist.org/nph/apa/d/immediate-move-in-1-bed/6371428697.html,Immediate move in 1 bed Special,908,Phoenix,1,495,1,33.669861,-112.039899,10,2220 E Beardsley Rd Phoenix AZ US
6332801831,2017-11-02 16:34,https://phoenix.craigslist.org/nph/apa/d/satisfying-1-bed-1-bath/6332801831.html,Satisfying 1 bed 1 bath!,790,Phoenix,1,650,1,33.554781,-112.099549,10,8111 N 19th Ave Phoenix AZ US
6371428386,2017-11-02 16:34,https://phoenix.craigslist.org/nph/apa/d/large-remodeled-unit/6371428386.html,** Large Remodeled Unit **,895,"Phoenix, AZ",1,760,1,33.489342,-112.080604,10,3601 N. 5th Ave Phoenix AZ US
6335258159,2017-11-02 16:34,https://phoenix.craigslist.org/wvl/apa/d/affordable-movein-ready-home/6335258159.html,➪ AFFORDABLE & MOVE_IN READY HOME NEAR WESTGATE!,1295,Glendale,3,1557,2,33.512114,-112.242274,10,5118 N 85th Ave at 83rd Ave &amp; Glendale Rd Glendale AZ US
6331716225,2017-11-02 16:34,https://phoenix.craigslist.org/nph/apa/d/newly-remodeled-all-utilities/6331716225.html,Newly Remodeled!! All Utilities!,700,Phoenix,1,433,1,33.629900,-112.131600,22,29th Ave at Thunderbird Rd Phoenix AZ US
6335227836,2017-11-02 16:34,https://phoenix.craigslist.org/wvl/apa/d/look-home-grassy-yard-its/6335227836.html,LOOK  ☛  ☛  HOME W/ GRASSY YARD! It's also MOVE-IN READY!,1250,Glendale,3,1327,2,33.512741,-112.198408,15,10106 W. Medlock Dr Glendale AZ US
6334317490,2017-11-02 16:34,https://phoenix.craigslist.org/wvl/apa/d/move-in-ready-able-to-be/6334317490.html,***MOVE-IN READY & ABLE TO BE VIEWED IMMEDIATELY***CALL NOW ☎,1275,El Mirage,3,1777,2,33.608200,-112.324100,22,12417 W. Sharon Dr El Mirage AZ US
6335483321,2017-11-02 16:33,https://phoenix.craigslist.org/wvl/apa/d/need-lots-of-space-look-no/6335483321.html,NEED LOTS OF SPACE???  Look No Further >>> Over 2400sqft & Grass Ya,1425,Surprise,3,2493,2.5,33.635174,-112.329019,15,15144 W. Bola Dr Surprise AZ US
6371427547,2017-11-02 16:33,https://phoenix.craigslist.org/evl/apa/d/amazing-upgraded-1-bedroom-1/6371427547.html,👉 AMAZING UPGRADED 1 Bedroom 1 Bathroom right this way!,805,,0,0,,,,,
6371427515,2017-11-02 16:33,https://phoenix.craigslist.org/cph/apa/d/studios-1-bedrooms-available/6371427515.html,Studios & 1 Bedrooms available now! UTILITIES PAID 1st month FREE,799,North Central,0,0,,33.524794,-112.065304,10,6060 N. 7th St. at 7th st and Bethanyhome Rd Phoenix AZ US
6371395964,2017-11-02 16:33,https://phoenix.craigslist.org/evl/apa/d/123-bedroomsimmediate-move-in/6371395964.html,"➽➽1,2,3 BEDROOMS;;IMMEDIATE MOVE IN AVAILABLE",835,,0,0,,,,,
6371377297,2017-11-02 16:33,https://phoenix.craigslist.org/evl/apa/d/immediate-move-in-now/6371377297.html,IMMEDIATE MOVE IN NOW,400,2608 E HighLand Ave,4,1805,2,33.505749,-112.025823,10,2608 E HighLand Ave Phoenix AZ US
6368704164,2017-11-02 16:32,https://phoenix.craigslist.org/cph/apa/d/free-rent-for-month/6368704164.html,///Free Rent for a Month*///,600,"Phoenix, AZ",3,0,2,,,,
6360786354,2017-11-02 16:32,https://phoenix.craigslist.org/cph/apa/d/free-rent-for-month/6360786354.html,///Free Rent for a Month*///,600,"Phoenix, AZ",2,0,2,,,,
6371419781,2017-11-02 16:32,https://phoenix.craigslist.org/evl/apa/d/our-last-1x1-for-the-month/6371419781.html,➥ Our Last 1x1 for the Month! You'll <3 Beacon at 601!,830,,0,0,,,,,
6360788361,2017-11-02 16:31,https://phoenix.craigslist.org/cph/apa/d/free-rent-for-month/6360788361.html,///Free Rent for a Month*///,605,"Phoenix, AZ",2,1400,2,,,,
6371417854,2017-11-02 16:31,https://phoenix.craigslist.org/wvl/apa/d/settle-in-before-the-holidays/6371417854.html,Settle in before the Holidays at this Beautiful Community!,1039,"17447 N. Avenue of the Arts, Surprise, AZ 85378",2,1078,2,33.641593,-112.304296,5,17447 N. Avenue of the Arts Surprise AZ US
6371384097,2017-11-02 16:30,https://phoenix.craigslist.org/wvl/apa/d/immediate-move-in-now/6371384097.html,IMMEDIATE MOVE IN NOW,400,2608 E HighLand Ave,4,1805,2,33.505749,-112.025823,10,2608 E HighLand Ave Phoenix AZ US
6371415796,2017-11-02 16:30,https://phoenix.craigslist.org/evl/apa/d/1-bedroom-washer-and-dryer/6371415796.html,1 bedroom washer and Dryer /Sparkling pool,815,,1,900,1,33.437000,-111.805700,22,Ghilbert at University Mesa AZ US
6355578626,2017-11-02 16:30,https://phoenix.craigslist.org/evl/apa/d/studio-near-asu-all-utilities/6355578626.html,"Studio near ASU, All utilities included",775,Tempe,0,426,1,33.414745,-111.917698,15,Dorsey at Apache Tempe AZ US
6371424253,2017-11-02 16:30,https://phoenix.craigslist.org/cph/apa/d/amazing-loft-1x1-full-size/6371424253.html,"AMAZING LOFT 1x1, Full-Size Washer and Dryer!!",1389,Biltmore/Uptown,1,713,1,33.505442,-112.047403,10,4700 N. 16th Street Phoenix AZ US
6355332291,2017-11-02 16:30,https://phoenix.craigslist.org/nph/apa/d/fascinating-1-bed-1-bath/6355332291.html,Fascinating 1 bed 1 bath,720,Phoenix,1,450,1,33.554781,-112.099549,10,8111 N 19th Ave Phoenix AZ US
6371418455,2017-11-02 16:30,https://phoenix.craigslist.org/wvl/apa/d/covered-parking-pool-disposal/6371418455.html,"Covered Parking, Pool, Disposal, Controlled Access/Gated, Microwave",849,400 N 96th Ave,2,916,2,33.451632,-112.265902,10,400 N 96th Ave Tolleson AZ US
6332900703,2017-11-02 16:29,https://phoenix.craigslist.org/nph/apa/d/severely-awesome-2-bed-2-bath/6332900703.html,Severely Awesome 2 bed 2 bath!,920,Phoenix,2,1000,2,33.596846,-112.101934,10,2015 W Cactus Rd Phoenix AZ US
6371423237,2017-11-02 16:29,https://phoenix.craigslist.org/nph/apa/d/resort-inspired-services/6371423237.html,Resort - Inspired Services,2460,Scottsdale,1,902,1,33.616500,-111.955400,22,
6332898698,2017-11-02 16:29,https://phoenix.craigslist.org/nph/apa/d/fierce-2-bed-2-bath/6332898698.html,Fierce 2 bed 2 bath!,960,Phoenix,2,1000,2,33.596846,-112.101934,10,2015 W Cactus Rd Phoenix AZ US
6371422932,2017-11-02 16:29,https://phoenix.craigslist.org/wvl/apa/d/look-and-lease-special-150/6371422932.html,Look and lease special $150 off  PLUS  Half off application/holding.,815,,2,902,2,33.477942,-112.106405,15,8530 N 22nd Ave at Dunlap Glendale AZ US
6371414250,2017-11-02 16:29,https://phoenix.craigslist.org/evl/apa/d/gated-community-spacious-walk/6371414250.html,"Gated Community, Spacious Walk-In Closets, 9 ft. Ceilings, Net Cafe",1125,,0,910,1,33.361087,-111.818578,10,1303 W JUNIPER AVE GILBERT AZ US
6368786030,2017-11-02 16:28,https://phoenix.craigslist.org/evl/apa/d/wow-all-utilities-included/6368786030.html,WOW all utilities included come check us out,735,Mesa,1,635,1,33.422245,-111.872995,10,1940 W University Dr. Mesa AZ US
6371422369,2017-11-02 16:28,https://phoenix.craigslist.org/wvl/apa/d/renovated-apartment-homes/6371422369.html,***RENOVATED APARTMENT HOMES***,625,"Phoenix, AZ",1,660,1,33.495267,-112.106477,10,2130 W. Indian School Rd Phoenix AZ US
6371421381,2017-11-02 16:27,https://phoenix.craigslist.org/cph/apa/d/2-bedroom-all-utilities/6371421381.html,"2 Bedroom w/all Utilities Included! Near Shopping centers, freeways!",949,Phoenix,1,749,1,33.494900,-112.019069,5,2911 E Indian School Road Phoenix AZ US
6368801914,2017-11-02 16:27,https://phoenix.craigslist.org/nph/apa/d/bad-credit-judgment-rental/6368801914.html,"🌟🌟BAD CREDIT, JUDGMENT, RENTAL ISSUES, ALL OK WE CAN HELP",800,APARTMENT LOCATORS NORTH&WEST PHX ONLY,1,0,1,,,,
6371420559,2017-11-02 16:27,https://phoenix.craigslist.org/wvl/apa/d/now-introducing-the-spacious/6371420559.html,Now Introducing the Spacious and Gorgeous...2X2! Check it out!,,114th Ave+ Bell Rd,2,1078,2,33.640062,-112.284050,7,
6371420494,2017-11-02 16:27,https://phoenix.craigslist.org/nph/apa/d/two-bedroom-one-bath-with/6371420494.html,"Two Bedroom, One Bath with a Wrap Around Patio!",1014,"Phoenix, AZ",2,884,1,33.598512,-111.991202,10,4202 E Cactus Rd Phoenix AZ US
6371420180,2017-11-02 16:26,https://phoenix.craigslist.org/wvl/apa/d/marley-park-4-bedroombaths/6371420180.html,Marley Park 4 Bedroom 2 1/2 Baths,1400,Surprise,4,2288,2.5,33.604804,-112.388539,5,13250 N Founders Park Blvd Surprise AZ US
6343840605,2017-11-02 16:26,https://phoenix.craigslist.org/evl/apa/d/large-breed-dogs-no/6343840605.html,"^*^Large Breed Dogs, No Restrictions^*^Call Apartment Options Today!!",995,Mesa,2,0,2,33.379967,-111.859295,10,"1930 S. Alma School Road, B101 Mesa AZ US"
6343842165,2017-11-02 16:26,https://phoenix.craigslist.org/cph/apa/d/let-apartment-options-help/6343842165.html,Let Apartment Options Help You Find Your Next Apartment,1250,South Phx,3,1200,2,33.379098,-111.860693,7,"1930 S. Alma School Road, Ste B101 Mesa AZ US"
6343838690,2017-11-02 16:26,https://phoenix.craigslist.org/evl/apa/d/great-apartments-located-in/6343838690.html,*^*Great Apartments located in *^*Tempe*^*Mesa*^*Chandler!!*^*,1100,East Valley,2,0,2,33.379967,-111.859295,10,"1930 S. Alma School Road, Ste B101 Mesa AZ US"
6355726314,2017-11-02 16:26,https://phoenix.craigslist.org/evl/apa/d/are-you-currently-searching/6355726314.html,Are you currently searching for an apartment in the east valley?,900,Mesa,2,0,2,33.379967,-111.859295,10,"1930 S. Alma School Road, Ste B101 Mesa AZ US"
6371396297,2017-11-02 16:25,https://phoenix.craigslist.org/nph/apa/d/no-turkeys-here-just-fabulous/6371396297.html,No Turkeys Here! Just FABULOUS APARTMENTS!,868,,2,1040,2,33.559099,-112.101038,5,19th ave at butler phoenix AZ US
6371418482,2017-11-02 16:25,https://phoenix.craigslist.org/wvl/apa/d/renovated-apartment-homes/6371418482.html,***RENOVATED APARTMENT HOMES***,625,"Phoenix, AZ",1,660,1,33.495267,-112.106477,10,2130 W. Indian School Rd Phoenix AZ US
6371417869,2017-11-02 16:24,https://phoenix.craigslist.org/wvl/apa/d/new-year-new-home/6371417869.html,"New Year, New Home!",1795,Verrado,4,2151,3,33.494853,-112.508926,22,2359 N Springfield Buckeye AZ US
6371410632,2017-11-02 16:24,https://phoenix.craigslist.org/nph/apa/d/large-1-bedroom-1-bathroom/6371410632.html,Large 1 bedroom 1 bathroom with Gorgeous renovations,900,,1,738,1,33.628379,-112.133439,5,15645 N 35th ave Phoenix AZ US
6371417170,2017-11-02 16:23,https://phoenix.craigslist.org/evl/apa/d/efficient-fixtures-pantry/6371417170.html,"Efficient Fixtures, Pantry, Disposal",909,Tempe,1,825,1,33.319654,-111.945621,10,7250 S Kyrene Rd Tempe AZ US
6371406925,2017-11-02 16:23,https://phoenix.craigslist.org/evl/apa/d/access-to-walking-trail-full/6371406925.html,"Access To Walking Trail, Full Size Washer, Renovated Units Available",890,CASA GRANDE,3,1159,2,32.890500,-111.754000,22,
6371416764,2017-11-02 16:23,https://phoenix.craigslist.org/evl/apa/d/north-east-mesa-sweet-living/6371416764.html,North East Mesa sweet living...,1250,NE Mesa,2,1152,2,33.454659,-111.701092,10,2155 N. Recker Rd. Mesa AZ US
6351485766,2017-11-02 16:23,https://phoenix.craigslist.org/cph/apa/d/1-2-off-first-month-huge-cozy/6351485766.html,"1/2 off First Month !!! Huge, Cozy 3 Bedroom",1250,,0,1200,,33.489577,-112.080624,10,3611 N 5th Ave  AZ US
6350404256,2017-11-02 16:23,https://phoenix.craigslist.org/evl/apa/d/hurry-come-see-limit-unit/6350404256.html,Hurry come see!!  Limit unit Available,975,,3,0,1.5,33.435745,-111.815124,10,737 E BROWN RD  AZ US
6367186742,2017-11-02 16:22,https://phoenix.craigslist.org/wvl/apa/d/great-home-with-fireplace-2/6367186742.html,GREAT HOME WITH FIREPLACE & 2 MASTER BEDROOMS,1025,Phoenix,2,1088,2.5,33.501113,-112.281095,20,North 102nd at 99th Ave. &amp; Indian School Phoenix AZ US
6346362979,2017-11-02 16:22,https://phoenix.craigslist.org/nph/apa/d/let-us-pay-for-your-utilities/6346362979.html,Let Us Pay For Your Utilities @ Arbor Creek,695,3408 W Glendale,1,0,1,33.559100,-112.133200,22,
6371415813,2017-11-02 16:22,https://phoenix.craigslist.org/wvl/apa/d/renovated-apartment-homes/6371415813.html,***RENOVATED APARTMENT HOMES***,625,"Phoenix, AZ",1,660,1,33.495267,-112.106477,10,2130 W. Indian School Rd Phoenix AZ US
6371415560,2017-11-02 16:22,https://phoenix.craigslist.org/evl/apa/d/right-around-the-corner-near/6371415560.html,"Right Around the Corner, Near Everywhere You Want to Be - Chandler",1225,ARCHES AT HIDDEN CREEK,2,948,2,33.303955,-111.867728,5,1505 W COMMONWEALTH CHANDLER AZ US
6371415143,2017-11-02 16:22,https://phoenix.craigslist.org/evl/apa/d/2-bdrm-2bth-apt-home/6371415143.html,2 BDRM/2BTH APT HOME!!,1265,1865 N HIGLEY RD,2,1048,2,33.451846,-111.718693,15,HIGLEY at MCKELLIPS MESA AZ US
6371415084,2017-11-02 16:22,https://phoenix.craigslist.org/nph/apa/d/2-bedroom-2-bathroom-with/6371415084.html,2 bedroom 2 bathroom with washer & dryer !!!!!,1025,,2,972,2,33.628345,-112.133459,5,15645 N 35th ave Phoenix AZ US
6371414981,2017-11-02 16:21,https://phoenix.craigslist.org/evl/apa/d/1br-apartment-with-microwave/6371414981.html,"1BR Apartment with Microwave, Large Closet, and Pantry!",719,Phoenix,1,540,1,33.466500,-111.998400,22,
6363336926,2017-11-02 16:21,https://phoenix.craigslist.org/wvl/apa/d/large-lot-private-pool-3-car/6363336926.html,"LARGE LOT, PRIVATE POOL, 3 - CAR GARAGE",2395,Peoria - 67th Ave & Jomax,5,3422,3,33.802343,-112.247001,22,
6371392939,2017-11-02 16:21,https://phoenix.craigslist.org/wvl/apa/d/home-is-where-the-is/6371392939.html,Home Is Where The ♥ Is,,Phoenix,2,750,1,33.534625,-112.112871,5,2501 W. Ocotillo Rd Phoenix AZ US
6348970411,2017-11-02 16:21,https://phoenix.craigslist.org/wvl/apa/d/community-pool-3-car-garage/6348970411.html,"Community Pool, 3 - Car Garage, Fireplace, Loft",1875,Peoria,4,2753,3,33.802343,-112.247001,22,
6371413930,2017-11-02 16:21,https://phoenix.craigslist.org/wvl/apa/d/renovated-apartment-homes/6371413930.html,***RENOVATED APARTMENT HOMES***,750,"Phoenix, AZ",2,880,1,33.495267,-112.106477,10,2130 W. Indian School Rd Phoenix AZ US
6368779914,2017-11-02 16:20,https://phoenix.craigslist.org/evl/apa/d/2br-2-bath-150-off-move-in/6368779914.html,2BR/2 BATH - $150 OFF MOVE IN SPECIAL!! - WASHER/DRYER IN APARTMENT!,980,Mesa,0,896,,33.399200,-111.789600,22,
6367564828,2017-11-02 16:20,https://phoenix.craigslist.org/wvl/apa/d/gated-community-pool-rv-gate/6367564828.html,"GATED COMMUNITY, POOL, RV GATE",2800,Peoria- Jomax & Lake Pleasant,5,4464,3.5,33.802343,-112.247001,22,
6368794357,2017-11-02 16:20,https://phoenix.craigslist.org/evl/apa/d/2-br-2-bath-no-deposit-with/6368794357.html,2 BR/2 BATH - NO DEPOSIT WITH APPROVED CREDIT!! CREDIT FRIENDLY!,1099,Mesa,0,1144,,33.399200,-111.789600,22,
6368805644,2017-11-02 16:20,https://phoenix.craigslist.org/evl/apa/d/2br-2-bath-350-off-move-in/6368805644.html,2BR/2 BATH - $350 OFF MOVE IN! - ZERO DEPOSIT! - WILL WORK WITH CREDIT,969,Tempe,0,900,,33.391700,-111.924900,22,
6371413213,2017-11-02 16:20,https://phoenix.craigslist.org/evl/apa/d/modern-lighting-black/6371413213.html,"Modern Lighting, Black Appliances, Close to Downtown Gilbert",1059,,2,840,2,,,,
6371413205,2017-11-02 16:20,https://phoenix.craigslist.org/evl/apa/d/1-bedroom-washer-and-dryer/6371413205.html,1 bedroom washer and Dryer /Sparkling pool,725,,1,700,1,33.437000,-111.805700,22,Ghilbert at University Mesa AZ US
6371412810,2017-11-02 16:20,https://phoenix.craigslist.org/nph/apa/d/wonderful-floor-plan-waiting/6371412810.html,Wonderful Floor Plan Waiting For you Today!,952,PHOENIX,1,600,1,33.669374,-112.107087,10,2222 W Beardsley Rd. PHOENIX AZ US
6371412661,2017-11-02 16:19,https://phoenix.craigslist.org/cph/apa/d/the-met-modern-conveniences/6371412661.html,"The Met - Modern Conveniences & Entertainment, All Within Your Rea",1704,Downtown Phoenix,2,1193,2,33.454996,-112.070672,5,200 E Fillmore St Phoenix AZ US
6371373568,2017-11-02 16:19,https://phoenix.craigslist.org/cph/apa/d/immediate-move-in-now/6371373568.html,IMMEDIATE MOVE IN NOW,400,2608 E HighLand Ave,4,1805,2,33.505749,-112.025823,10,2608 E HighLand Ave Phoenix AZ US
6371412169,2017-11-02 16:19,https://phoenix.craigslist.org/nph/apa/d/spacious-living-area-leasing/6371412169.html,"Spacious Living Area, Leasing Now, Come Visit Today",1325,Phoenix,2,1025,2,33.700359,-111.960006,10,21155 N 56th St Phoenix AZ US
6371411924,2017-11-02 16:19,https://phoenix.craigslist.org/evl/apa/d/studio-now-available-central/6371411924.html,STUDIO NOW AVAILABLE!!! **Central on Broadway**,725,2145 W Broadway Rd,0,500,1,33.407616,-111.876355,10,2145 W Broadway Rd Mesa AZ US
6371411914,2017-11-02 16:19,https://phoenix.craigslist.org/evl/apa/d/ask-about-our-one-bedroom/6371411914.html,ASK ABOUT OUR ONE BEDROOM SPECIALS - ARCHES AT HIDDEN CREEK,939,CHANDLER,1,657,1,33.303937,-111.867793,5,1505 W COMMONWEALTH CHANDLER AZ US
6371400420,2017-11-02 16:19,https://phoenix.craigslist.org/evl/apa/d/spacious-2-bed-2-bath/6371400420.html,Spacious 2 Bed / 2 Bath available for you! 921 Sq Ft.,900,,0,921,,33.393444,-111.786681,10,2151 E. Southern Mesa AZ US
6371411106,2017-11-02 16:18,https://phoenix.craigslist.org/wvl/apa/d/renovated-apartment-homes/6371411106.html,***RENOVATED APARTMENT HOMES***,750,"Phoenix, AZ",2,880,1,33.495267,-112.106477,10,2130 W. Indian School Rd Phoenix AZ US
6371410948,2017-11-02 16:18,https://phoenix.craigslist.org/nph/apa/d/mccormick-ranch-1-bedroom/6371410948.html,McCormick Ranch 1 Bedroom Available Today!! Close to 101 & Old Town!,1061,Scottsdale,1,583,1,33.554128,-111.900558,5,8375 E Via De Ventura Dr. Scottsdale AZ US
6371410674,2017-11-02 16:18,https://phoenix.craigslist.org/evl/apa/d/now-accepting-applications/6371410674.html,"Now accepting applications! Amazing 3 bed, 2 bath in Gilbert!",1450,Gilbert,3,1399,2,33.365287,-111.689440,10,4776 E. Guadalupe Rd. Gilbert AZ US
6371400237,2017-11-02 16:17,https://phoenix.craigslist.org/cph/apa/d/gobble-up-the-savings-at/6371400237.html,Gobble up the savings at Sterling Point!,975,,2,927,2,33.379400,-112.028300,22,
6371382983,2017-11-02 16:17,https://phoenix.craigslist.org/evl/apa/d/2br-1-bath-washer-dryer/6371382983.html,2BR/1 BATH-WASHER/DRYER-CREDIT FRIENDLY!-1 EVICTION ANYTIME FRAME!,976,Mesa,0,882,,33.437000,-111.805700,22,
6371409595,2017-11-02 16:17,https://phoenix.craigslist.org/evl/apa/d/25000-off-move-in-for-our-3/6371409595.html,$250.00 OFF MOVE IN FOR OUR 3 BEDROOMS - IMMEDIATE MOVE IN AVAILABLE,1265,ARCHES AT HIDDEN CREEK,3,1066,2,33.303990,-111.867750,5,1505 W COMMONWEALTH CHANDLER AZ US
6345137367,2017-11-02 16:17,https://phoenix.craigslist.org/cph/apa/d/great-little-gem-in-coronado/6345137367.html,"Great little gem in coronado, close to everything! (Open Sat/Sun)",895,Phoenix,1,450,1,33.467747,-112.057145,10,1138 E. Coronado Rd Phoenix AZ US
6371408639,2017-11-02 16:16,https://phoenix.craigslist.org/evl/apa/d/extra-storage-townhouse-tile/6371408639.html,"Extra Storage (Townhouse), Tile Floors (upgraded unit), Refrigerator",1250,,2,1140,2.5,33.466900,-111.915100,22,
6371408312,2017-11-02 16:16,https://phoenix.craigslist.org/evl/apa/d/flash-sale/6371408312.html,FLASH SALE!,1175,Awahatukkee,1,919,1,33.313925,-111.980145,5,14435 S 48th street at 48th Street / Ray Road Phoenix AZ US
6371375852,2017-11-02 16:15,https://phoenix.craigslist.org/wvl/apa/d/discover-the-exciting-world/6371375852.html,Discover the exciting world of our community,900,,0,0,,,,,
6371408046,2017-11-02 16:15,https://phoenix.craigslist.org/wvl/apa/d/2-bedroom-available-now-with/6371408046.html,2 Bedroom Available Now!! With 2 Private Balconies!!!!,895,"6201 W Olive Ave Glendale, AZ",2,750,1,33.567395,-112.192693,10,6201 W Olive Ave Glendale AZ US
6371396081,2017-11-02 16:15,https://phoenix.craigslist.org/nph/apa/d/no-deposit-available/6371396081.html,NO DEPOSIT  AVAILABLE IMMEDIATELY,675,27TH AVE AND CAMELBACK,2,0,0,33.502164,-112.113674,10,2529W. CAMPBELL AVE PHOENIX AZ US
6371407197,2017-11-02 16:15,https://phoenix.craigslist.org/nph/apa/d/courtesy-nightly-patrol-on/6371407197.html,"Courtesy Nightly Patrol on Property 7 days a Week, Luxurious Carpet",800,17211 N 35TH AVE,1,758,1,33.641687,-112.134836,10,17211 N. 35th Ave at Bell Road Phoenix AZ US
6371406608,2017-11-02 16:14,https://phoenix.craigslist.org/evl/apa/d/1st-floor-unit-available-for/6371406608.html,1st floor unit available for immediate move in!,639,Fiesta District,1,624,1,33.395512,-111.864316,5,Longmore at Southern Mesa AZ US
6371406406,2017-11-02 16:14,https://phoenix.craigslist.org/wvl/apa/d/renovated-apartment-homes/6371406406.html,***RENOVATED APARTMENT HOMES***,750,"Phoenix, AZ",2,880,1,33.508200,-112.101100,22,2130 W. Indian School Rd PhoenixA AZ US
6371405966,2017-11-02 16:13,https://phoenix.craigslist.org/evl/apa/d/covered-parking-picnic-areas/6371405966.html,"Covered Parking, Picnic Areas With Barbecues, All Utilities Paid!",1020,,1,483,1,33.365644,-111.789850,10,950 N Gilbert Rd Gilbert AZ US
6371405973,2017-11-02 16:13,https://phoenix.craigslist.org/wvl/apa/d/experience-top-quality-service/6371405973.html,Experience TOP quality service!,,114th Ave + Bell Rd,2,1078,2,33.630600,-112.333200,22,
6371405703,2017-11-02 16:13,https://phoenix.craigslist.org/evl/apa/d/99-move-in-special-available/6371405703.html,$99 Move In Special!! Available Now!,1249,,2,1171,2,33.273667,-111.877135,5,2222 S Dobson Rd Chandler AZ US
6371396006,2017-11-02 16:13,https://phoenix.craigslist.org/evl/apa/d/walk-to-light-rail-pvt-owner/6371396006.html,WALK TO LIGHT RAIL* PVT OWNER* CLOSE TO SHOPPING & RESTURANTS,795,TEMPE,1,650,1,,,,
6371405179,2017-11-02 16:13,https://phoenix.craigslist.org/wvl/apa/d/rent-an-affordable-528-sqft-1/6371405179.html,Rent an affordable 528 sqft 1 bed / 1 bath with washer & dryer!,675,Glendale Stadium,1,528,1,33.557233,-112.202897,10,8344 North 67th Avenue Glendale AZ US
6371385188,2017-11-02 16:12,https://phoenix.craigslist.org/evl/apa/d/1bd-1ba-available/6371385188.html,1BD/1BA AVAILABLE IMMEDIATELY!!!GREAT TEMPE LOCATION!!!,847,,0,0,,,,,
6371380765,2017-11-02 16:41,https://phoenix.craigslist.org/nph/apa/d/immediate-move-in-now/6371380765.html,IMMEDIATE MOVE IN NOW,400,2608 E HighLand Ave,4,1805,2,33.505749,-112.025823,10,2608 E HighLand Ave Phoenix AZ US
6371436658,2017-11-02 16:41,https://phoenix.craigslist.org/cph/apa/d/3810-maryvale-pkwy-unit-2062/6371436658.html,"3810 N. Maryvale Pkwy Unit 2062 Phoenix, AZ",650,,1,0,1,33.492016,-112.174687,10,3810 N. Maryvale Pkwy Unit 2062 Phoenix AZ US
6371430800,2017-11-02 16:41,https://phoenix.craigslist.org/evl/apa/d/lovely-2-bedroom/6371430800.html,Lovely 2 Bedroom Apartment...Waiting for You to Make it Home!!,1020,,2,825,1.5,33.308025,-111.941650,5,444 N. Gila Springs Blvd Chandler AZ US
6371436104,2017-11-02 16:41,https://phoenix.craigslist.org/evl/apa/d/can-help-you-find-great-place/6371436104.html,I can help you find a great place to live over 17 years of experience,1099,Central/Downtown Phoenix/Luxury Communities,1,0,1,33.309200,-111.919800,22,
6371436067,2017-11-02 16:41,https://phoenix.craigslist.org/evl/apa/d/water-sewertrash-included/6371436067.html,"WATER, SEWER,TRASH INCLUDED!! FREE FITNESS CLASSES AND MORE!!!",,,0,0,,33.378143,-111.954075,10,1133 W. Baseline Road TEMPE AZ US
6344649159,2017-11-02 16:41,https://phoenix.craigslist.org/wvl/apa/d/modern-styling-2-bed-2-bath/6344649159.html,Modern Styling 2 bed 2 bath,1040,Phoenix,2,960,2,33.508500,-112.082700,22,
6363251214,2017-11-02 16:41,https://phoenix.craigslist.org/cph/apa/d/prime-location-studio/6363251214.html,Prime Location - Studio Apartment,795,"N. Phoenix, Phoenix, Tempe, PV",0,470,1,33.508500,-112.082700,22,
6344668136,2017-11-02 16:40,https://phoenix.craigslist.org/wvl/apa/d/unbelievably-convenient/6344668136.html,Unbelievably Convenient Location - 1 bed 1 bath,860,Phoenix,1,700,1,33.508500,-112.082700,22,
6371435522,2017-11-02 16:40,https://phoenix.craigslist.org/wvl/apa/d/must-see-fantastic-location/6371435522.html,A Must See! Fantastic Location! Beautiful Two Bedroom Apt Home!,709,,0,0,,33.454443,-112.130791,10,3331 W Taylor ST Phoenix AZ US
6371425417,2017-11-02 16:40,https://phoenix.craigslist.org/wvl/apa/d/2-bedrooms-1-bathroom-now/6371425417.html,2 BEDROOMS 1 BATHROOM NOW READY!!! $299 MOVE IN (OAC)!!,,PHOENIX,2,750,0,33.498424,-112.134400,10,4235 N. 35th Ave PHOENIX AZ US
6355367924,2017-11-02 16:40,https://phoenix.craigslist.org/evl/apa/d/favorable-1-bed-1-bath/6355367924.html,Favorable 1 bed 1 bath,805,Mesa,1,644,1,33.414874,-111.881734,10,2343 W Main St mesa AZ US
6355363136,2017-11-02 16:40,https://phoenix.craigslist.org/evl/apa/d/2-bed-175-bath-humble-homes/6355363136.html,2 bed 1.75 bath - Humble Homes!,900,Mesa,2,840,1.5,33.414874,-111.881734,10,2343 W Main St mesa AZ US
6355366951,2017-11-02 16:40,https://phoenix.craigslist.org/evl/apa/d/entertaining-place-to-call/6355366951.html,Entertaining Place to Call Home! 2 bed 2 bath,930,Mesa,2,868,2,33.414874,-111.881734,10,2343 W Main St mesa AZ US
6371434335,2017-11-02 16:39,https://phoenix.craigslist.org/nph/apa/d/all-the-perks-of-modern/6371434335.html,All the perks of modern living! Washer/dryer included. Tour today!,750,Phoenix,1,750,1,33.508200,-112.101100,22,
6359722695,2017-11-02 16:39,https://phoenix.craigslist.org/wvl/apa/d/practical-1-bed-1-bath/6359722695.html,Practical 1 bed 1 bath,685,Phoenix,1,541,1,33.538541,-112.091148,10,1502 W Glendale Ave Phoenix AZ US
6355358421,2017-11-02 16:39,https://phoenix.craigslist.org/wvl/apa/d/affordable-and-clean-2-bed-2/6355358421.html,Affordable and Clean - 2 bed 2 bath,870,Phoenix,2,820,2,33.538541,-112.091148,10,1502 W Glendale Ave Phoenix AZ US
6331721126,2017-11-02 16:38,https://phoenix.craigslist.org/wvl/apa/d/move-in-for-1-2-off-your/6331721126.html,MOVE IN for 1/2 OFF YOUR FIRST MONTH!!!!! -,700,"phoenix, az",2,0,1,33.542729,-112.116687,10,7232 N 27TH AVE PHOENIX AZ US
6371426934,2017-11-02 16:38,https://phoenix.craigslist.org/cph/apa/d/take-advantage-of-the/6371426934.html,TAKE ADVANTAGE OF THE RENNOVATION SPECIAL PRICES! FREE UTILITIES!,900,Arcadia Area,2,1000,2,33.482480,-112.012718,5,3001 N 32nd St at Thomas &amp; 32nd St Phoenix AZ US
6371421264,2017-11-02 16:38,https://phoenix.craigslist.org/wvl/apa/d/1-bedroom-den-at-mountainside/6371421264.html,1-Bedroom + Den at Mountainside,1035,3625 E Ray Road,1,0,1,33.313404,-112.007925,10,3625 E Ray Road Phoenix AZ US
6371413966,2017-11-02 16:38,https://phoenix.craigslist.org/evl/apa/d/luxury-1-bd-sanmarcos-golf/6371413966.html,Luxury 1 BD @ SanMarcos Golf Club (Reduce your rent with Airbnb!),665,777 West Chandler Blvd,1,0,1,33.305619,-111.852150,22,
6371432751,2017-11-02 16:38,https://phoenix.craigslist.org/wvl/apa/d/amazing-move-in-dealsstop-in/6371432751.html,"Amazing Move in Deals,Stop In Today! Reserve your New Home!!",519,Phoenix,0,0,1,33.494741,-112.213333,10,7151 W. Indian School rd Phoenix AZ US
6335485851,2017-11-02 16:38,https://phoenix.craigslist.org/wvl/apa/d/move-in-for-1-2-off-your/6335485851.html,MOVE IN for 1/2 OFF YOUR FIRST MONTH!!!!! -,600,"phoenix, az",1,0,1,33.542729,-112.116687,10,7232 N 27TH AVE PHOENIX AZ US
6350475163,2017-11-02 16:38,https://phoenix.craigslist.org/nph/apa/d/groovy-1-bed-1-bath/6350475163.html,Groovy 1 bed 1 bath,890,N. Phoenix,1,690,1,33.595047,-112.151329,10,
6371407519,2017-11-02 16:38,https://phoenix.craigslist.org/evl/apa/d/1br-1-bath-casita-immediate/6371407519.html,1BR/1 BATH CASITA - IMMEDIATE MOVE IN - GREAT LOCATION - GREAT PRICE!!,704,Mesa,0,600,,33.399200,-111.789600,22,
6371432447,2017-11-02 16:38,https://phoenix.craigslist.org/nph/apa/d/large-remodeled-unit/6371432447.html,** Large Remodeled Unit **,895,"Phoenix, AZ",1,760,1,33.489342,-112.080604,10,3601 N. 5th Ave Phoenix AZ US
6371418968,2017-11-02 16:37,https://phoenix.craigslist.org/evl/apa/d/beautiful-community-1-2-off/6371418968.html,Beautiful Community. 1/2 off your first month. All utilities included,979,,1,600,1,33.466900,-111.915100,22,
6350477163,2017-11-02 16:37,https://phoenix.craigslist.org/nph/apa/d/stunning-classic-1-bed-1-bath/6350477163.html,Stunning classic 1 bed 1 bath!,890,Phoenix,1,690,1,33.595047,-112.151329,10,12021 N 43rd Ave Phoenix AZ US
6350476001,2017-11-02 16:37,https://phoenix.craigslist.org/nph/apa/d/central-phoenix-2-bed-2-bath/6350476001.html,Central Phoenix 2 bed 2 bath,990,Phoenix,2,980,2,33.595047,-112.151329,10,12021 N 43rd Ave Phoenix AZ US
6371423577,2017-11-02 16:36,https://phoenix.craigslist.org/wvl/apa/d/immediate-tennis-courts-air/6371423577.html,"Immediate!!	Tennis Courts, Air Conditioning, Covered Parking Available",,,0,0,,,,,
6371422513,2017-11-02 16:36,https://phoenix.craigslist.org/wvl/apa/d/pool-great-location-1-bdrm/6371422513.html,"POOL, GREAT LOCATION, 1 BDRM DOWNSTAIRS",1995,Glendale - Deer Valley & 75th Ave,4,2146,3,33.653900,-112.169400,22,
6371430915,2017-11-02 16:36,https://phoenix.craigslist.org/evl/apa/d/brand-new-heated-pool/6371430915.html,BRAND NEW! HEATED POOL,875,Mesa,1,657,1,33.455273,-111.683815,5,2217 N Power Rd Mesa AZ US
6353111945,2017-11-02 16:36,https://phoenix.craigslist.org/nph/apa/d/fashionable-2-bed-2-bath/6353111945.html,Fashionable 2 bed 2 bath,1115,Phoenix,2,1100,2,33.485742,-112.031726,10,2323 E Flower St Phoenix AZ US
6353112412,2017-11-02 16:36,https://phoenix.craigslist.org/nph/apa/d/exuberant-2-bed-2-bath/6353112412.html,Exuberant 2 bed 2 bath!,1115,Phoenix,2,1100,2,33.502100,-112.030500,22,
6371430046,2017-11-02 16:35,https://phoenix.craigslist.org/wvl/apa/d/copy-fax-services-beautiful/6371430046.html,"Copy & Fax Services, Beautiful Landscaping, Guest Parking, Treats",943,avondale,2,756,1,33.434313,-112.354101,10,102 S 4th Avenue at Litchfield Rd Avondale AZ US
6355340841,2017-11-02 16:35,https://phoenix.craigslist.org/wvl/apa/d/beautifully-landscaped/6355340841.html,Beautifully Landscaped Community - 1 bed 1 bath,720,Phoenix,1,450,1,33.560000,-112.092700,22,
6371429777,2017-11-02 16:35,https://phoenix.craigslist.org/nph/apa/d/large-remodeled-unit/6371429777.html,** Large Remodeled Unit **,895,"Phoenix, AZ",1,760,1,33.489342,-112.080604,10,3601 N. 5th Ave Phoenix AZ US
6354345525,2017-11-02 16:34,https://phoenix.craigslist.org/evl/apa/d/conveniently-located-3br-for/6354345525.html,Conveniently Located 3BR for UNDER $1000/Month!!! APPLY TODAY >>>>,995,Phoenix,3,1090,1.5,33.410164,-111.986485,10,4014 S. 44th St at 48th St &amp; Broadway Rd Phoenix AZ US
6354319051,2017-11-02 16:34,https://phoenix.craigslist.org/cph/apa/d/rare-opportunityjust/6354319051.html,***RARE OPPORTUNITY***JUST LISTED****LAVEEN 3BR Home 4 RENT!!!,1200,Laveen,3,1533,2,33.343600,-112.171600,22,4337 W. St. Kateri Dr Laveen AZ US
6355337765,2017-11-02 16:34,https://phoenix.craigslist.org/nph/apa/d/ample-storage-1-bed-1-bath/6355337765.html,Ample Storage! 1 bed 1 bath,790,Phoenix,1,650,1,33.554781,-112.099549,10,8111 N 19th Ave Phoenix AZ US
6335331850,2017-11-02 16:34,https://phoenix.craigslist.org/nph/apa/d/spacious-1br-apartment-in/6335331850.html,Spacious 1BR Apartment in North Phoenix >> CALL TODAY IT WONT LAST,725,Phoenix,1,800,1,33.631340,-112.021039,10,2808 E. Monte Cristo Ave Phoenix AZ US
6371428697,2017-11-02 16:34,https://phoenix.craigslist.org/nph/apa/d/immediate-move-in-1-bed/6371428697.html,Immediate move in 1 bed Special,908,Phoenix,1,495,1,33.669861,-112.039899,10,2220 E Beardsley Rd Phoenix AZ US
6332801831,2017-11-02 16:34,https://phoenix.craigslist.org/nph/apa/d/satisfying-1-bed-1-bath/6332801831.html,Satisfying 1 bed 1 bath!,790,Phoenix,1,650,1,33.554781,-112.099549,10,8111 N 19th Ave Phoenix AZ US
6371428386,2017-11-02 16:34,https://phoenix.craigslist.org/nph/apa/d/large-remodeled-unit/6371428386.html,** Large Remodeled Unit **,895,"Phoenix, AZ",1,760,1,33.489342,-112.080604,10,3601 N. 5th Ave Phoenix AZ US
6335258159,2017-11-02 16:34,https://phoenix.craigslist.org/wvl/apa/d/affordable-movein-ready-home/6335258159.html,➪ AFFORDABLE & MOVE_IN READY HOME NEAR WESTGATE!,1295,Glendale,3,1557,2,33.512114,-112.242274,10,5118 N 85th Ave at 83rd Ave &amp; Glendale Rd Glendale AZ US
6331716225,2017-11-02 16:34,https://phoenix.craigslist.org/nph/apa/d/newly-remodeled-all-utilities/6331716225.html,Newly Remodeled!! All Utilities!,700,Phoenix,1,433,1,33.629900,-112.131600,22,29th Ave at Thunderbird Rd Phoenix AZ US
6335227836,2017-11-02 16:34,https://phoenix.craigslist.org/wvl/apa/d/look-home-grassy-yard-its/6335227836.html,LOOK  ☛  ☛  HOME W/ GRASSY YARD! It's also MOVE-IN READY!,1250,Glendale,3,1327,2,33.512741,-112.198408,15,10106 W. Medlock Dr Glendale AZ US
6334317490,2017-11-02 16:34,https://phoenix.craigslist.org/wvl/apa/d/move-in-ready-able-to-be/6334317490.html,***MOVE-IN READY & ABLE TO BE VIEWED IMMEDIATELY***CALL NOW ☎,1275,El Mirage,3,1777,2,33.608200,-112.324100,22,12417 W. Sharon Dr El Mirage AZ US
6335483321,2017-11-02 16:33,https://phoenix.craigslist.org/wvl/apa/d/need-lots-of-space-look-no/6335483321.html,NEED LOTS OF SPACE???  Look No Further >>> Over 2400sqft & Grass Ya,1425,Surprise,3,2493,2.5,33.635174,-112.329019,15,15144 W. Bola Dr Surprise AZ US
6371427547,2017-11-02 16:33,https://phoenix.craigslist.org/evl/apa/d/amazing-upgraded-1-bedroom-1/6371427547.html,👉 AMAZING UPGRADED 1 Bedroom 1 Bathroom right this way!,805,,0,0,,,,,
6371427515,2017-11-02 16:33,https://phoenix.craigslist.org/cph/apa/d/studios-1-bedrooms-available/6371427515.html,Studios & 1 Bedrooms available now! UTILITIES PAID 1st month FREE,799,North Central,0,0,,33.524794,-112.065304,10,6060 N. 7th St. at 7th st and Bethanyhome Rd Phoenix AZ US
6371395964,2017-11-02 16:33,https://phoenix.craigslist.org/evl/apa/d/123-bedroomsimmediate-move-in/6371395964.html,"➽➽1,2,3 BEDROOMS;;IMMEDIATE MOVE IN AVAILABLE",835,,0,0,,,,,
6371377297,2017-11-02 16:33,https://phoenix.craigslist.org/evl/apa/d/immediate-move-in-now/6371377297.html,IMMEDIATE MOVE IN NOW,400,2608 E HighLand Ave,4,1805,2,33.505749,-112.025823,10,2608 E HighLand Ave Phoenix AZ US
6368704164,2017-11-02 16:32,https://phoenix.craigslist.org/cph/apa/d/free-rent-for-month/6368704164.html,///Free Rent for a Month*///,600,"Phoenix, AZ",3,0,2,,,,
6360786354,2017-11-02 16:32,https://phoenix.craigslist.org/cph/apa/d/free-rent-for-month/6360786354.html,///Free Rent for a Month*///,600,"Phoenix, AZ",2,0,2,,,,
6371419781,2017-11-02 16:32,https://phoenix.craigslist.org/evl/apa/d/our-last-1x1-for-the-month/6371419781.html,➥ Our Last 1x1 for the Month! You'll <3 Beacon at 601!,830,,0,0,,,,,
6360788361,2017-11-02 16:31,https://phoenix.craigslist.org/cph/apa/d/free-rent-for-month/6360788361.html,///Free Rent for a Month*///,605,"Phoenix, AZ",2,1400,2,,,,
6371417854,2017-11-02 16:31,https://phoenix.craigslist.org/wvl/apa/d/settle-in-before-the-holidays/6371417854.html,Settle in before the Holidays at this Beautiful Community!,1039,"17447 N. Avenue of the Arts, Surprise, AZ 85378",2,1078,2,33.641593,-112.304296,5,17447 N. Avenue of the Arts Surprise AZ US
6371384097,2017-11-02 16:30,https://phoenix.craigslist.org/wvl/apa/d/immediate-move-in-now/6371384097.html,IMMEDIATE MOVE IN NOW,400,2608 E HighLand Ave,4,1805,2,33.505749,-112.025823,10,2608 E HighLand Ave Phoenix AZ US
6371415796,2017-11-02 16:30,https://phoenix.craigslist.org/evl/apa/d/1-bedroom-washer-and-dryer/6371415796.html,1 bedroom washer and Dryer /Sparkling pool,815,,1,900,1,33.437000,-111.805700,22,Ghilbert at University Mesa AZ US
6355578626,2017-11-02 16:30,https://phoenix.craigslist.org/evl/apa/d/studio-near-asu-all-utilities/6355578626.html,"Studio near ASU, All utilities included",775,Tempe,0,426,1,33.414745,-111.917698,15,Dorsey at Apache Tempe AZ US
6371424253,2017-11-02 16:30,https://phoenix.craigslist.org/cph/apa/d/amazing-loft-1x1-full-size/6371424253.html,"AMAZING LOFT 1x1, Full-Size Washer and Dryer!!",1389,Biltmore/Uptown,1,713,1,33.505442,-112.047403,10,4700 N. 16th Street Phoenix AZ US
6355332291,2017-11-02 16:30,https://phoenix.craigslist.org/nph/apa/d/fascinating-1-bed-1-bath/6355332291.html,Fascinating 1 bed 1 bath,720,Phoenix,1,450,1,33.554781,-112.099549,10,8111 N 19th Ave Phoenix AZ US
6371418455,2017-11-02 16:30,https://phoenix.craigslist.org/wvl/apa/d/covered-parking-pool-disposal/6371418455.html,"Covered Parking, Pool, Disposal, Controlled Access/Gated, Microwave",849,400 N 96th Ave,2,916,2,33.451632,-112.265902,10,400 N 96th Ave Tolleson AZ US
6332900703,2017-11-02 16:29,https://phoenix.craigslist.org/nph/apa/d/severely-awesome-2-bed-2-bath/6332900703.html,Severely Awesome 2 bed 2 bath!,920,Phoenix,2,1000,2,33.596846,-112.101934,10,2015 W Cactus Rd Phoenix AZ US
6371423237,2017-11-02 16:29,https://phoenix.craigslist.org/nph/apa/d/resort-inspired-services/6371423237.html,Resort - Inspired Services,2460,Scottsdale,1,902,1,33.616500,-111.955400,22,
6332898698,2017-11-02 16:29,https://phoenix.craigslist.org/nph/apa/d/fierce-2-bed-2-bath/6332898698.html,Fierce 2 bed 2 bath!,960,Phoenix,2,1000,2,33.596846,-112.101934,10,2015 W Cactus Rd Phoenix AZ US
6371422932,2017-11-02 16:29,https://phoenix.craigslist.org/wvl/apa/d/look-and-lease-special-150/6371422932.html,Look and lease special $150 off  PLUS  Half off application/holding.,815,,2,902,2,33.477942,-112.106405,15,8530 N 22nd Ave at Dunlap Glendale AZ US
6371414250,2017-11-02 16:29,https://phoenix.craigslist.org/evl/apa/d/gated-community-spacious-walk/6371414250.html,"Gated Community, Spacious Walk-In Closets, 9 ft. Ceilings, Net Cafe",1125,,0,910,1,33.361087,-111.818578,10,1303 W JUNIPER AVE GILBERT AZ US
6368786030,2017-11-02 16:28,https://phoenix.craigslist.org/evl/apa/d/wow-all-utilities-included/6368786030.html,WOW all utilities included come check us out,735,Mesa,1,635,1,33.422245,-111.872995,10,1940 W University Dr. Mesa AZ US
6371422369,2017-11-02 16:28,https://phoenix.craigslist.org/wvl/apa/d/renovated-apartment-homes/6371422369.html,***RENOVATED APARTMENT HOMES***,625,"Phoenix, AZ",1,660,1,33.495267,-112.106477,10,2130 W. Indian School Rd Phoenix AZ US
6371421381,2017-11-02 16:27,https://phoenix.craigslist.org/cph/apa/d/2-bedroom-all-utilities/6371421381.html,"2 Bedroom w/all Utilities Included! Near Shopping centers, freeways!",949,Phoenix,1,749,1,33.494900,-112.019069,5,2911 E Indian School Road Phoenix AZ US
6368801914,2017-11-02 16:27,https://phoenix.craigslist.org/nph/apa/d/bad-credit-judgment-rental/6368801914.html,"🌟🌟BAD CREDIT, JUDGMENT, RENTAL ISSUES, ALL OK WE CAN HELP",800,APARTMENT LOCATORS NORTH&WEST PHX ONLY,1,0,1,,,,
6371420559,2017-11-02 16:27,https://phoenix.craigslist.org/wvl/apa/d/now-introducing-the-spacious/6371420559.html,Now Introducing the Spacious and Gorgeous...2X2! Check it out!,,114th Ave+ Bell Rd,2,1078,2,33.640062,-112.284050,7,
6371420494,2017-11-02 16:27,https://phoenix.craigslist.org/nph/apa/d/two-bedroom-one-bath-with/6371420494.html,"Two Bedroom, One Bath with a Wrap Around Patio!",1014,"Phoenix, AZ",2,884,1,33.598512,-111.991202,10,4202 E Cactus Rd Phoenix AZ US
6371420180,2017-11-02 16:26,https://phoenix.craigslist.org/wvl/apa/d/marley-park-4-bedroombaths/6371420180.html,Marley Park 4 Bedroom 2 1/2 Baths,1400,Surprise,4,2288,2.5,33.604804,-112.388539,5,13250 N Founders Park Blvd Surprise AZ US
6343840605,2017-11-02 16:26,https://phoenix.craigslist.org/evl/apa/d/large-breed-dogs-no/6343840605.html,"^*^Large Breed Dogs, No Restrictions^*^Call Apartment Options Today!!",995,Mesa,2,0,2,33.379967,-111.859295,10,"1930 S. Alma School Road, B101 Mesa AZ US"
6343842165,2017-11-02 16:26,https://phoenix.craigslist.org/cph/apa/d/let-apartment-options-help/6343842165.html,Let Apartment Options Help You Find Your Next Apartment,1250,South Phx,3,1200,2,33.379098,-111.860693,7,"1930 S. Alma School Road, Ste B101 Mesa AZ US"
6343838690,2017-11-02 16:26,https://phoenix.craigslist.org/evl/apa/d/great-apartments-located-in/6343838690.html,*^*Great Apartments located in *^*Tempe*^*Mesa*^*Chandler!!*^*,1100,East Valley,2,0,2,33.379967,-111.859295,10,"1930 S. Alma School Road, Ste B101 Mesa AZ US"
6355726314,2017-11-02 16:26,https://phoenix.craigslist.org/evl/apa/d/are-you-currently-searching/6355726314.html,Are you currently searching for an apartment in the east valley?,900,Mesa,2,0,2,33.379967,-111.859295,10,"1930 S. Alma School Road, Ste B101 Mesa AZ US"
6371396297,2017-11-02 16:25,https://phoenix.craigslist.org/nph/apa/d/no-turkeys-here-just-fabulous/6371396297.html,No Turkeys Here! Just FABULOUS APARTMENTS!,868,,2,1040,2,33.559099,-112.101038,5,19th ave at butler phoenix AZ US
6371418482,2017-11-02 16:25,https://phoenix.craigslist.org/wvl/apa/d/renovated-apartment-homes/6371418482.html,***RENOVATED APARTMENT HOMES***,625,"Phoenix, AZ",1,660,1,33.495267,-112.106477,10,2130 W. Indian School Rd Phoenix AZ US
6371417869,2017-11-02 16:24,https://phoenix.craigslist.org/wvl/apa/d/new-year-new-home/6371417869.html,"New Year, New Home!",1795,Verrado,4,2151,3,33.494853,-112.508926,22,2359 N Springfield Buckeye AZ US
6371410632,2017-11-02 16:24,https://phoenix.craigslist.org/nph/apa/d/large-1-bedroom-1-bathroom/6371410632.html,Large 1 bedroom 1 bathroom with Gorgeous renovations,900,,1,738,1,33.628379,-112.133439,5,15645 N 35th ave Phoenix AZ US
6371417170,2017-11-02 16:23,https://phoenix.craigslist.org/evl/apa/d/efficient-fixtures-pantry/6371417170.html,"Efficient Fixtures, Pantry, Disposal",909,Tempe,1,825,1,33.319654,-111.945621,10,7250 S Kyrene Rd Tempe AZ US
6371406925,2017-11-02 16:23,https://phoenix.craigslist.org/evl/apa/d/access-to-walking-trail-full/6371406925.html,"Access To Walking Trail, Full Size Washer, Renovated Units Available",890,CASA GRANDE,3,1159,2,32.890500,-111.754000,22,
6371416764,2017-11-02 16:23,https://phoenix.craigslist.org/evl/apa/d/north-east-mesa-sweet-living/6371416764.html,North East Mesa sweet living...,1250,NE Mesa,2,1152,2,33.454659,-111.701092,10,2155 N. Recker Rd. Mesa AZ US
6351485766,2017-11-02 16:23,https://phoenix.craigslist.org/cph/apa/d/1-2-off-first-month-huge-cozy/6351485766.html,"1/2 off First Month !!! Huge, Cozy 3 Bedroom",1250,,0,1200,,33.489577,-112.080624,10,3611 N 5th Ave  AZ US
6350404256,2017-11-02 16:23,https://phoenix.craigslist.org/evl/apa/d/hurry-come-see-limit-unit/6350404256.html,Hurry come see!!  Limit unit Available,975,,3,0,1.5,33.435745,-111.815124,10,737 E BROWN RD  AZ US
6367186742,2017-11-02 16:22,https://phoenix.craigslist.org/wvl/apa/d/great-home-with-fireplace-2/6367186742.html,GREAT HOME WITH FIREPLACE & 2 MASTER BEDROOMS,1025,Phoenix,2,1088,2.5,33.501113,-112.281095,20,North 102nd at 99th Ave. &amp; Indian School Phoenix AZ US
6346362979,2017-11-02 16:22,https://phoenix.craigslist.org/nph/apa/d/let-us-pay-for-your-utilities/6346362979.html,Let Us Pay For Your Utilities @ Arbor Creek,695,3408 W Glendale,1,0,1,33.559100,-112.133200,22,
6371415813,2017-11-02 16:22,https://phoenix.craigslist.org/wvl/apa/d/renovated-apartment-homes/6371415813.html,***RENOVATED APARTMENT HOMES***,625,"Phoenix, AZ",1,660,1,33.495267,-112.106477,10,2130 W. Indian School Rd Phoenix AZ US
6371415560,2017-11-02 16:22,https://phoenix.craigslist.org/evl/apa/d/right-around-the-corner-near/6371415560.html,"Right Around the Corner, Near Everywhere You Want to Be - Chandler",1225,ARCHES AT HIDDEN CREEK,2,948,2,33.303955,-111.867728,5,1505 W COMMONWEALTH CHANDLER AZ US
6371415143,2017-11-02 16:22,https://phoenix.craigslist.org/evl/apa/d/2-bdrm-2bth-apt-home/6371415143.html,2 BDRM/2BTH APT HOME!!,1265,1865 N HIGLEY RD,2,1048,2,33.451846,-111.718693,15,HIGLEY at MCKELLIPS MESA AZ US
6371415084,2017-11-02 16:22,https://phoenix.craigslist.org/nph/apa/d/2-bedroom-2-bathroom-with/6371415084.html,2 bedroom 2 bathroom with washer & dryer !!!!!,1025,,2,972,2,33.628345,-112.133459,5,15645 N 35th ave Phoenix AZ US
6371414981,2017-11-02 16:21,https://phoenix.craigslist.org/evl/apa/d/1br-apartment-with-microwave/6371414981.html,"1BR Apartment with Microwave, Large Closet, and Pantry!",719,Phoenix,1,540,1,33.466500,-111.998400,22,
6363336926,2017-11-02 16:21,https://phoenix.craigslist.org/wvl/apa/d/large-lot-private-pool-3-car/6363336926.html,"LARGE LOT, PRIVATE POOL, 3 - CAR GARAGE",2395,Peoria - 67th Ave & Jomax,5,3422,3,33.802343,-112.247001,22,
6371392939,2017-11-02 16:21,https://phoenix.craigslist.org/wvl/apa/d/home-is-where-the-is/6371392939.html,Home Is Where The ♥ Is,,Phoenix,2,750,1,33.534625,-112.112871,5,2501 W. Ocotillo Rd Phoenix AZ US
6348970411,2017-11-02 16:21,https://phoenix.craigslist.org/wvl/apa/d/community-pool-3-car-garage/6348970411.html,"Community Pool, 3 - Car Garage, Fireplace, Loft",1875,Peoria,4,2753,3,33.802343,-112.247001,22,
6371413930,2017-11-02 16:21,https://phoenix.craigslist.org/wvl/apa/d/renovated-apartment-homes/6371413930.html,***RENOVATED APARTMENT HOMES***,750,"Phoenix, AZ",2,880,1,33.495267,-112.106477,10,2130 W. Indian School Rd Phoenix AZ US
6368779914,2017-11-02 16:20,https://phoenix.craigslist.org/evl/apa/d/2br-2-bath-150-off-move-in/6368779914.html,2BR/2 BATH - $150 OFF MOVE IN SPECIAL!! - WASHER/DRYER IN APARTMENT!,980,Mesa,0,896,,33.399200,-111.789600,22,
6367564828,2017-11-02 16:20,https://phoenix.craigslist.org/wvl/apa/d/gated-community-pool-rv-gate/6367564828.html,"GATED COMMUNITY, POOL, RV GATE",2800,Peoria- Jomax & Lake Pleasant,5,4464,3.5,33.802343,-112.247001,22,
6368794357,2017-11-02 16:20,https://phoenix.craigslist.org/evl/apa/d/2-br-2-bath-no-deposit-with/6368794357.html,2 BR/2 BATH - NO DEPOSIT WITH APPROVED CREDIT!! CREDIT FRIENDLY!,1099,Mesa,0,1144,,33.399200,-111.789600,22,
6368805644,2017-11-02 16:20,https://phoenix.craigslist.org/evl/apa/d/2br-2-bath-350-off-move-in/6368805644.html,2BR/2 BATH - $350 OFF MOVE IN! - ZERO DEPOSIT! - WILL WORK WITH CREDIT,1134,Tempe,0,900,,33.391700,-111.924900,22,
6371413213,2017-11-02 16:20,https://phoenix.craigslist.org/evl/apa/d/modern-lighting-black/6371413213.html,"Modern Lighting, Black Appliances, Close to Downtown Gilbert",1059,,2,840,2,,,,
6371413205,2017-11-02 16:20,https://phoenix.craigslist.org/evl/apa/d/1-bedroom-washer-and-dryer/6371413205.html,1 bedroom washer and Dryer /Sparkling pool,725,,1,700,1,33.437000,-111.805700,22,Ghilbert at University Mesa AZ US
6371412810,2017-11-02 16:20,https://phoenix.craigslist.org/nph/apa/d/wonderful-floor-plan-waiting/6371412810.html,Wonderful Floor Plan Waiting For you Today!,952,PHOENIX,1,600,1,33.669374,-112.107087,10,2222 W Beardsley Rd. PHOENIX AZ US
6371412661,2017-11-02 16:19,https://phoenix.craigslist.org/cph/apa/d/the-met-modern-conveniences/6371412661.html,"The Met - Modern Conveniences & Entertainment, All Within Your Rea",1704,Downtown Phoenix,2,1193,2,33.454996,-112.070672,5,200 E Fillmore St Phoenix AZ US
6371373568,2017-11-02 16:19,https://phoenix.craigslist.org/cph/apa/d/immediate-move-in-now/6371373568.html,IMMEDIATE MOVE IN NOW,400,2608 E HighLand Ave,4,1805,2,33.505749,-112.025823,10,2608 E HighLand Ave Phoenix AZ US
6371412169,2017-11-02 16:19,https://phoenix.craigslist.org/nph/apa/d/spacious-living-area-leasing/6371412169.html,"Spacious Living Area, Leasing Now, Come Visit Today",1325,Phoenix,2,1025,2,33.700359,-111.960006,10,21155 N 56th St Phoenix AZ US
6371411924,2017-11-02 16:19,https://phoenix.craigslist.org/evl/apa/d/studio-now-available-central/6371411924.html,STUDIO NOW AVAILABLE!!! **Central on Broadway**,725,2145 W Broadway Rd,0,500,1,33.407616,-111.876355,10,2145 W Broadway Rd Mesa AZ US
6371411914,2017-11-02 16:19,https://phoenix.craigslist.org/evl/apa/d/ask-about-our-one-bedroom/6371411914.html,ASK ABOUT OUR ONE BEDROOM SPECIALS - ARCHES AT HIDDEN CREEK,939,CHANDLER,1,657,1,33.303937,-111.867793,5,1505 W COMMONWEALTH CHANDLER AZ US
6371400420,2017-11-02 16:19,https://phoenix.craigslist.org/evl/apa/d/spacious-2-bed-2-bath/6371400420.html,Spacious 2 Bed / 2 Bath available for you! 921 Sq Ft.,900,,0,921,,33.393444,-111.786681,10,2151 E. Southern Mesa AZ US
6371411106,2017-11-02 16:18,https://phoenix.craigslist.org/wvl/apa/d/renovated-apartment-homes/6371411106.html,***RENOVATED APARTMENT HOMES***,750,"Phoenix, AZ",2,880,1,33.495267,-112.106477,10,2130 W. Indian School Rd Phoenix AZ US
6371410948,2017-11-02 16:18,https://phoenix.craigslist.org/nph/apa/d/mccormick-ranch-1-bedroom/6371410948.html,McCormick Ranch 1 Bedroom Available Today!! Close to 101 & Old Town!,1061,Scottsdale,1,583,1,33.554128,-111.900558,5,8375 E Via De Ventura Dr. Scottsdale AZ US
6371410674,2017-11-02 16:18,https://phoenix.craigslist.org/evl/apa/d/now-accepting-applications/6371410674.html,"Now accepting applications! Amazing 3 bed, 2 bath in Gilbert!",1450,Gilbert,3,1399,2,33.365287,-111.689440,10,4776 E. Guadalupe Rd. Gilbert AZ US
6371400237,2017-11-02 16:17,https://phoenix.craigslist.org/cph/apa/d/gobble-up-the-savings-at/6371400237.html,Gobble up the savings at Sterling Point!,975,,2,927,2,33.379400,-112.028300,22,
6371382983,2017-11-02 16:17,https://phoenix.craigslist.org/evl/apa/d/2br-1-bath-washer-dryer/6371382983.html,2BR/1 BATH-WASHER/DRYER-CREDIT FRIENDLY!-1 EVICTION ANYTIME FRAME!,976,Mesa,0,882,,33.437000,-111.805700,22,
6371409595,2017-11-02 16:17,https://phoenix.craigslist.org/evl/apa/d/25000-off-move-in-for-our-3/6371409595.html,$250.00 OFF MOVE IN FOR OUR 3 BEDROOMS - IMMEDIATE MOVE IN AVAILABLE,1265,ARCHES AT HIDDEN CREEK,3,1066,2,33.303990,-111.867750,5,1505 W COMMONWEALTH CHANDLER AZ US
6345137367,2017-11-02 16:17,https://phoenix.craigslist.org/cph/apa/d/great-little-gem-in-coronado/6345137367.html,"Great little gem in coronado, close to everything! (Open Sat/Sun)",895,Phoenix,1,450,1,33.467747,-112.057145,10,1138 E. Coronado Rd Phoenix AZ US
6371408639,2017-11-02 16:16,https://phoenix.craigslist.org/evl/apa/d/extra-storage-townhouse-tile/6371408639.html,"Extra Storage (Townhouse), Tile Floors (upgraded unit), Refrigerator",1250,,2,1140,2.5,33.466900,-111.915100,22,
6371373568,2017-11-02 16:19,https://phoenix.craigslist.org/cph/apa/d/immediate-move-in-now/6371373568.html,IMMEDIATE MOVE IN NOW,400,2608 E HighLand Ave,4,1805,2,33.505749,-112.025823,10,2608 E HighLand Ave Phoenix AZ US
6371412169,2017-11-02 16:19,https://phoenix.craigslist.org/nph/apa/d/spacious-living-area-leasing/6371412169.html,"Spacious Living Area, Leasing Now, Come Visit Today",1325,Phoenix,2,1025,2,33.700359,-111.960006,10,21155 N 56th St Phoenix AZ US
6371411924,2017-11-02 16:19,https://phoenix.craigslist.org/evl/apa/d/studio-now-available-central/6371411924.html,STUDIO NOW AVAILABLE!!! **Central on Broadway**,725,2145 W Broadway Rd,0,500,1,33.407616,-111.876355,10,2145 W Broadway Rd Mesa AZ US
6371411914,2017-11-02 16:19,https://phoenix.craigslist.org/evl/apa/d/ask-about-our-one-bedroom/6371411914.html,ASK ABOUT OUR ONE BEDROOM SPECIALS - ARCHES AT HIDDEN CREEK,939,CHANDLER,1,657,1,33.303937,-111.867793,5,1505 W COMMONWEALTH CHANDLER AZ US
6371400420,2017-11-02 16:19,https://phoenix.craigslist.org/evl/apa/d/spacious-2-bed-2-bath/6371400420.html,Spacious 2 Bed / 2 Bath available for you! 921 Sq Ft.,900,,0,921,,33.393444,-111.786681,10,2151 E. Southern Mesa AZ US
6371411106,2017-11-02 16:18,https://phoenix.craigslist.org/wvl/apa/d/renovated-apartment-homes/6371411106.html,***RENOVATED APARTMENT HOMES***,750,"Phoenix, AZ",2,880,1,33.495267,-112.106477,10,2130 W. Indian School Rd Phoenix AZ US
6371410948,2017-11-02 16:18,https://phoenix.craigslist.org/nph/apa/d/mccormick-ranch-1-bedroom/6371410948.html,McCormick Ranch 1 Bedroom Available Today!! Close to 101 & Old Town!,1061,Scottsdale,1,583,1,33.554128,-111.900558,5,8375 E Via De Ventura Dr. Scottsdale AZ US
6371410674,2017-11-02 16:18,https://phoenix.craigslist.org/evl/apa/d/now-accepting-applications/6371410674.html,"Now accepting applications! Amazing 3 bed, 2 bath in Gilbert!",1450,Gilbert,3,1399,2,33.365287,-111.689440,10,4776 E. Guadalupe Rd. Gilbert AZ US
6371400237,2017-11-02 16:17,https://phoenix.craigslist.org/cph/apa/d/gobble-up-the-savings-at/6371400237.html,Gobble up the savings at Sterling Point!,975,,2,927,2,33.379400,-112.028300,22,
6371382983,2017-11-02 16:17,https://phoenix.craigslist.org/evl/apa/d/2br-1-bath-washer-dryer/6371382983.html,2BR/1 BATH-WASHER/DRYER-CREDIT FRIENDLY!-1 EVICTION ANYTIME FRAME!,976,Mesa,0,882,,33.437000,-111.805700,22,
6371409595,2017-11-02 16:17,https://phoenix.craigslist.org/evl/apa/d/25000-off-move-in-for-our-3/6371409595.html,$250.00 OFF MOVE IN FOR OUR 3 BEDROOMS - IMMEDIATE MOVE IN AVAILABLE,1265,ARCHES AT HIDDEN CREEK,3,1066,2,33.303990,-111.867750,5,1505 W COMMONWEALTH CHANDLER AZ US
6345137367,2017-11-02 16:17,https://phoenix.craigslist.org/cph/apa/d/great-little-gem-in-coronado/6345137367.html,"Great little gem in coronado, close to everything! (Open Sat/Sun)",895,Phoenix,1,450,1,33.467747,-112.057145,10,1138 E. Coronado Rd Phoenix AZ US
6371408639,2017-11-02 16:16,https://phoenix.craigslist.org/evl/apa/d/extra-storage-townhouse-tile/6371408639.html,"Extra Storage (Townhouse), Tile Floors (upgraded unit), Refrigerator",1250,,2,1140,2.5,33.466900,-111.915100,22,
6371408312,2017-11-02 16:16,https://phoenix.craigslist.org/evl/apa/d/flash-sale/6371408312.html,FLASH SALE!,1175,Awahatukkee,1,919,1,33.313925,-111.980145,5,14435 S 48th street at 48th Street / Ray Road Phoenix AZ US
6371375852,2017-11-02 16:15,https://phoenix.craigslist.org/wvl/apa/d/discover-the-exciting-world/6371375852.html,Discover the exciting world of our community,900,,0,0,,,,,
6371408046,2017-11-02 16:15,https://phoenix.craigslist.org/wvl/apa/d/2-bedroom-available-now-with/6371408046.html,2 Bedroom Available Now!! With 2 Private Balconies!!!!,895,"6201 W Olive Ave Glendale, AZ",2,750,1,33.567395,-112.192693,10,6201 W Olive Ave Glendale AZ US
6371396081,2017-11-02 16:15,https://phoenix.craigslist.org/nph/apa/d/no-deposit-available/6371396081.html,NO DEPOSIT  AVAILABLE IMMEDIATELY,675,27TH AVE AND CAMELBACK,2,0,0,33.502164,-112.113674,10,2529W. CAMPBELL AVE PHOENIX AZ US
6371407197,2017-11-02 16:15,https://phoenix.craigslist.org/nph/apa/d/courtesy-nightly-patrol-on/6371407197.html,"Courtesy Nightly Patrol on Property 7 days a Week, Luxurious Carpet",800,17211 N 35TH AVE,1,758,1,33.641687,-112.134836,10,17211 N. 35th Ave at Bell Road Phoenix AZ US
6371406608,2017-11-02 16:14,https://phoenix.craigslist.org/evl/apa/d/1st-floor-unit-available-for/6371406608.html,1st floor unit available for immediate move in!,639,Fiesta District,1,624,1,33.395512,-111.864316,5,Longmore at Southern Mesa AZ US
6371406406,2017-11-02 16:14,https://phoenix.craigslist.org/wvl/apa/d/renovated-apartment-homes/6371406406.html,***RENOVATED APARTMENT HOMES***,750,"Phoenix, AZ",2,880,1,33.508200,-112.101100,22,2130 W. Indian School Rd PhoenixA AZ US
6371405966,2017-11-02 16:13,https://phoenix.craigslist.org/evl/apa/d/covered-parking-picnic-areas/6371405966.html,"Covered Parking, Picnic Areas With Barbecues, All Utilities Paid!",1020,,1,483,1,33.365644,-111.789850,10,950 N Gilbert Rd Gilbert AZ US
6371405973,2017-11-02 16:13,https://phoenix.craigslist.org/wvl/apa/d/experience-top-quality-service/6371405973.html,Experience TOP quality service!,,114th Ave + Bell Rd,2,1078,2,33.630600,-112.333200,22,
6371405703,2017-11-02 16:13,https://phoenix.craigslist.org/evl/apa/d/99-move-in-special-available/6371405703.html,$99 Move In Special!! Available Now!,1249,,2,1171,2,33.273667,-111.877135,5,2222 S Dobson Rd Chandler AZ US
6371396006,2017-11-02 16:13,https://phoenix.craigslist.org/evl/apa/d/walk-to-light-rail-pvt-owner/6371396006.html,WALK TO LIGHT RAIL* PVT OWNER* CLOSE TO SHOPPING & RESTURANTS,795,TEMPE,1,650,1,,,,
6371405179,2017-11-02 16:13,https://phoenix.craigslist.org/wvl/apa/d/rent-an-affordable-528-sqft-1/6371405179.html,Rent an affordable 528 sqft 1 bed / 1 bath with washer & dryer!,675,Glendale Stadium,1,528,1,33.557233,-112.202897,10,8344 North 67th Avenue Glendale AZ US
6371385188,2017-11-02 16:12,https://phoenix.craigslist.org/evl/apa/d/1bd-1ba-available/6371385188.html,1BD/1BA AVAILABLE IMMEDIATELY!!!GREAT TEMPE LOCATION!!!,847,,0,0,,,,,
6371397192,2017-11-02 16:12,https://phoenix.craigslist.org/nph/apa/d/first-floor-1-bedroom-1-bath/6371397192.html,First Floor 1 Bedroom 1 Bath,725,19th Ave Union Hills,1,618,1,33.681900,-112.099600,22,
6371393585,2017-11-02 16:11,https://phoenix.craigslist.org/wvl/apa/d/plan-your-moveavailability-is/6371393585.html,PLAN YOUR MOVE*AVAILABILITY IS LOW*CALL NOW TO HOLD YOUR APARTMENT*,875,WESTVALLEY,2,775,1,,,,
6335224349,2017-11-02 16:11,https://phoenix.craigslist.org/nph/apa/d/charming-single-level-near/6335224349.html,***Charming Single level near 16th St and Bell Rd***,1295,Phoenix,3,1302,2,33.644190,-112.053077,10,17425 N. 14th St. at Bell Rd. - 16th St. Phoenix AZ US
6335187466,2017-11-02 16:11,https://phoenix.craigslist.org/evl/apa/d/3-bed-25-bath-in-cooper-ranch/6335187466.html,3 Bed 2.5 Bath in Cooper Ranch,1495,Gilbert,0,1527,,33.372352,-111.815004,10,1226 N. Farrell St Gilbert AZ US
6371403309,2017-11-02 16:11,https://phoenix.craigslist.org/nph/apa/d/top-floor-2-bedroom-available/6371403309.html,Top Floor 2 Bedroom Available ASAP 3 Weeks Free Rent + Free Cable,940,16220 N 7th Street,2,895,1,33.634935,-112.066684,5,16220 N 7th St at Greenway Parkway Phoenix AZ US
6371403093,2017-11-02 16:11,https://phoenix.craigslist.org/nph/apa/d/remodeled-unit/6371403093.html,**Remodeled Unit **,787,"Glendale, AZ",2,840,1,33.536427,-112.155457,10,6741 N. 45th Ave Glendale AZ US
6368509589,2017-11-02 16:11,https://phoenix.craigslist.org/wvl/apa/d/lovely-3-bed-2bath-open-floor/6368509589.html,***Lovely 3 Bed/2Bath Open Floor Plan Near WestGate***,1200,West Phoenix,0,1306,,33.505861,-112.251963,10,4735 N. 89th Dr. at 91st Ave - Camelback Rd Phoenix AZ US
6363660164,2017-11-02 16:11,https://phoenix.craigslist.org/wvl/apa/d/dont-miss-this-one-beautiful/6363660164.html,***Don't Miss This One!!! ***Beautiful Buckeye Home***,1425,Buckeye,4,1968,3,33.424862,-112.482728,15,875 S. 198th Ln. at Jackrabbit Trail - Van Buren Buckeye AZ US
6351107402,2017-11-02 16:11,https://phoenix.craigslist.org/wvl/apa/d/master-bedroom-on-1st-level/6351107402.html,MASTER BEDROOM ON 1ST LEVEL!!! 4BED 3BATH + LOFT,1195,Buckeye,0,1831,,33.444800,-112.408128,15,22321 W. Morning Glory St. Buckeye AZ US
6371402521,2017-11-02 16:10,https://phoenix.craigslist.org/nph/apa/d/gated-community-located-near/6371402521.html,Gated Community Located Near Amazing Restaurants!,739,Phoenix,1,685,1,33.627036,-112.133851,10,15615 N. 35th Ave. Phoenix AZ US
6371402279,2017-11-02 16:10,https://phoenix.craigslist.org/wvl/apa/d/immediate-premier-relocation/6371402279.html,"Immediate!!	Premier Relocation Program, Clubhouse, Poolside TV lounge",,,0,0,,,,,
6362388195,2017-11-02 16:10,https://phoenix.craigslist.org/evl/apa/d/scottsdale-highlands/6362388195.html,SCOTTSDALE HIGHLANDS,1475,NORTH SCOTTSDALE,3,1257,2,33.624311,-111.878241,10,15255 N Frank Lloyd Wright Blvd Scottsdale AZ US
6371401738,2017-11-02 16:10,https://phoenix.craigslist.org/evl/apa/d/upgraded-two-bedroom-with/6371401738.html,Upgraded Two Bedroom With Stainless Steel Appliances & Fireplace!,1275,Scottsdale Ranch,2,1020,2,,,,
6371401562,2017-11-02 16:10,https://phoenix.craigslist.org/evl/apa/d/renting-today/6371401562.html,RENTING TODAY!,898,TEMPE,2,846,1,33.407545,-111.960699,15,PRIEST at BROADWAY TEMPE AZ US
6371401298,2017-11-02 16:09,https://phoenix.craigslist.org/evl/apa/d/special-deal-all-utilities/6371401298.html,Special Deal!! All Utilities Included,799,Mesa,1,0,0,33.422245,-111.874342,10,2240 W University Dr Mesa AZ US
6371401156,2017-11-02 16:09,https://phoenix.craigslist.org/evl/apa/d/amazing-amenities-stunning/6371401156.html,AMAZING AMENITIES & STUNNING UNITS!,1110,"5151 E Guadalupe Rd, Phoenix, AZ 85044",2,1055,2,33.364410,-111.969836,5,5151 E Guadalupe Rd Phoenix AZ US
6362388926,2017-11-02 16:09,https://phoenix.craigslist.org/evl/apa/d/scottsdale-highlands/6362388926.html,SCOTTSDALE HIGHLANDS,1475,NORTH SCOTTSDALE,3,1257,2,33.624311,-111.878241,10,15255 N Frank Lloyd Wright Blvd Scottsdale AZ US
6371401012,2017-11-02 16:09,https://phoenix.craigslist.org/evl/apa/d/one-bedroom-a-great-rate-and/6371401012.html,One Bedroom W A Great Rate And Great Location,746,Tempe/AZ,1,458,1,33.452700,-111.926537,10,2100 N. Scottsdale Rd. Tempe AZ US
6371400897,2017-11-02 16:09,https://phoenix.craigslist.org/wvl/apa/d/assigned-covered-parking/6371400897.html,"Assigned Covered Parking, Public Parks Nearby, Spa/Hot Tub, Pantry",649,67th Northern,1,528,1,33.558258,-112.202885,10,8450 N 67th Ave Glendale AZ US
6371400041,2017-11-02 16:08,https://phoenix.craigslist.org/wvl/apa/d/remodeled-unit/6371400041.html,**Remodeled Unit **,787,"Glendale, AZ",2,840,1,33.536427,-112.155457,10,6741 N. 45th Ave Glendale AZ US
6371400045,2017-11-02 16:08,https://phoenix.craigslist.org/wvl/apa/d/emergency-maintenance-on-site/6371400045.html,"Emergency Maintenance, On Site Patrol, Hot Tub, On Site Maintenance",696,,1,635,1,33.466243,-112.148152,10,4140 W McDowell rd Phoenix AZ US
6371399942,2017-11-02 16:08,https://phoenix.craigslist.org/cph/apa/d/welcome/6371399942.html,WELCOME!,939,,2,0,2,33.502242,-112.091205,20,W Campbell Ave Phoenix AZ US
6371399904,2017-11-02 16:08,https://phoenix.craigslist.org/cph/apa/d/first-full-month-of-rent-for/6371399904.html,FIRST FULL MONTH OF RENT FOR FREE! MOVE IN RIGHT NOW,1249,VIA 21,2,1164,2,33.494933,-112.036608,10,4111 N 21ST ST PHOENIX AZ US
6371399747,2017-11-02 16:08,https://phoenix.craigslist.org/cph/apa/d/gorgeous-1st-floor-1-bd-1/6371399747.html,Gorgeous 1st floor 1 BD 1 BATH condo At Springs at Yorkshire Condomini,835,,1,616,1,33.662309,-112.125912,10,2929 W Yorkshire Dr Unit 1103 Phoenix AZ US
6371399710,2017-11-02 16:08,https://phoenix.craigslist.org/nph/apa/d/two-bedroom-1-2-off-first/6371399710.html,TWO BEDROOM 1/2 OFF FIRST MONTHS RENT!!,685,27TH AVE & CAMPBELL,2,0,1,33.502164,-112.113674,10,2529 W Campbell Ave phoenix AZ US
6334135809,2017-11-02 16:08,https://phoenix.craigslist.org/evl/apa/d/large-remodeled-1-bedroom/6334135809.html,Large Remodeled 1-Bedroom - Rural and Apache,900,Tempe / ASU,1,650,1,33.411687,-111.923475,5,1424 S Jentilly Ln Tempe AZ US
6371399160,2017-11-02 16:08,https://phoenix.craigslist.org/evl/apa/d/2-bed-2bath-with-washer-dryer/6371399160.html,2 bed/2bath with washer/dryer! Hurry!,949,Mesa,2,900,2,33.399975,-111.856917,10,825 S. Alma School Rd Mesa AZ US
6371398868,2017-11-02 16:07,https://phoenix.craigslist.org/cph/apa/d/one-month-free-move-in-today/6371398868.html,ONE MONTH FREE! MOVE IN TODAY!,1249,VIA 21,2,1164,2,33.494933,-112.036608,10,4111 N 21ST ST PHOENIX AZ US
6362229891,2017-11-02 16:07,https://phoenix.craigslist.org/evl/apa/d/scottsdale-highlands-it-is/6362229891.html,SCOTTSDALE HIGHLANDS - It is a beautiful day at Scottsdale Highlands!,1150,Scottsdale,2,1025,2,33.624311,-111.878241,10,15255 N. Frank Lloyd Wright Scottsdale AZ US
6333092678,2017-11-02 16:07,https://phoenix.craigslist.org/wvl/apa/d/move-in-for-1-2-off-your/6333092678.html,MOVE IN for 1/2 OFF YOUR FIRST MONTH!!!!! -,700,"phoenix, az",2,0,1,33.542729,-112.116687,10,7232 N 27TH AVE PHOENIX AZ US
6362227482,2017-11-02 16:07,https://phoenix.craigslist.org/evl/apa/d/scottsdale-highlands-our-3/6362227482.html,SCOTTSDALE HIGHLANDS - Our 3 pools look amazing!,1055,Scottsdale,1,863,1,33.624311,-111.878241,10,15255 N. Frank Lloyd Wright Scottsdale AZ US
6371398310,2017-11-02 16:07,https://phoenix.craigslist.org/nph/apa/d/remodeled-unit/6371398310.html,**Remodeled Unit **,787,"Glendale, AZ",2,840,1,33.536427,-112.155457,10,6741 N. 45th Ave Glendale AZ US
6368802321,2017-11-02 16:07,https://phoenix.craigslist.org/wvl/apa/d/studiosbedrooms-credit/6368802321.html,😂😂 STUDIOS 1 2 & 3 BEDROOMS CREDIT FRIENDLY MUST MAKE 2.5X T,1200,BAD CREDIT OK MUST HAVE INCOME,3,0,2,,,,
6371398128,2017-11-02 16:07,https://phoenix.craigslist.org/nph/apa/d/beautiful-wood-floors/6371398128.html,Beautiful Wood Floors!,955,"Phoenix, AZ",1,756,1,33.598512,-111.991202,10,4202 E Cactus Rd Phoenix AZ US
6371398027,2017-11-02 16:07,https://phoenix.craigslist.org/cph/apa/d/act-now-administration-fee/6371398027.html,***ACT NOW!! Administration Fee Waived Upon Application Approval**,1150,"3658 N. 5th Ave, PHX",2,960,1,33.490703,-112.080722,15,3658 N. 5th Street at Indian School Phoenix AZ US
6371389685,2017-11-02 16:06,https://phoenix.craigslist.org/evl/apa/d/scottsdale-highlands/6371389685.html,SCOTTSDALE HIGHLANDS,1175,NORTH SCOTTSDALE,2,1090,2,33.624311,-111.878241,10,15255 N Frank Lloyd Wright Blvd Scottsdale AZ US
6371397353,2017-11-02 16:06,https://phoenix.craigslist.org/nph/apa/d/stop-looking-and-start-living/6371397353.html,Stop Looking and Start Living at Villa Serena,751,,1,720,1,33.566855,-112.149929,10,4221 W Dunlap Ave Phoenix AZ US
6371397296,2017-11-02 16:06,https://phoenix.craigslist.org/evl/apa/d/1b-updated-apartmentnovember/6371397296.html,1B Updated Apartment $799-$824 * November Special - One Month Free,799,Tempe,1,624,1,33.422145,-111.891797,15,university at price tempe AZ US
6371397191,2017-11-02 16:06,https://phoenix.craigslist.org/evl/apa/d/gorgeous-newly-renovated-two/6371397191.html,Gorgeous Newly Renovated Two Bedrooms! All Inclusive Living!,1225,,2,0,2,33.389098,-111.940384,5,3730 S Mill Ave Tempe AZ US
6371397144,2017-11-02 16:06,https://phoenix.craigslist.org/evl/apa/d/corsican-apartments-balcony/6371397144.html,"Corsican Apartments-Balcony/Patio, Swimming Pool",1010,1312 S Hardy Dr,2,915,1,33.422700,-111.926100,22,1312 S. Hardy Drive Tempe AZ US
6371397005,2017-11-02 16:06,https://phoenix.craigslist.org/cph/apa/d/gilbert-beauty-townhome/6371397005.html,Gilbert Beauty Townhome totally upgraded!,1350,,3,1330,2.5,33.305400,-111.740800,22,2741 S Equestrian Dr 103 Gilbert AZ US
6361826636,2017-11-02 16:06,https://phoenix.craigslist.org/evl/apa/d/scottsdale-highlands/6361826636.html,SCOTTSDALE HIGHLANDS,1205,NORTH SCOTTSDALE,2,1025,2,33.624311,-111.878241,10,15255 N Frank Lloyd Wright Blvd Scottsdale AZ US
6371386832,2017-11-02 16:06,https://phoenix.craigslist.org/wvl/apa/d/now-pre-leasing-remodeled-two/6371386832.html,Now Pre-Leasing!! Remodeled Two Bedroom Two bath Come See Us!!!!,992,,2,0,2,33.559905,-112.116806,10,8429 North 27th Avenue at 27th Ave &amp; Northern Phoenix AZ US
6371396487,2017-11-02 16:05,https://phoenix.craigslist.org/cph/apa/d/spacious-floor-plan-washer/6371396487.html,"SPACIOUS FLOOR PLAN, WASHER AND DRYER, IMMEDIATE MOVE IN!",999,VIA 21,1,810,1,33.494933,-112.036608,10,4111 N 21ST ST PHOENIX AZ US
6371395888,2017-11-02 16:05,https://phoenix.craigslist.org/wvl/apa/d/beautiful-3-bedroom-2/6371395888.html,** Beautiful 3 Bedroom 2 Bathroom **,1000,"Phoenix, AZ",3,1080,2,33.527560,-112.132203,10,3420 W Rose Lane Phoenix AZ US
6371395548,2017-11-02 16:05,https://phoenix.craigslist.org/nph/apa/d/washer-dryer-hook-ups-walking/6371395548.html,"Washer/Dryer Hook-Ups, Walking Distance to Schools & Shopping",639,Phoenix,2,856,2,33.528499,-112.116809,5,6241 N. 27th Ave Phoenix AZ US
6371395336,2017-11-02 16:04,https://phoenix.craigslist.org/cph/apa/d/move-in-right-now-one-bed-one/6371395336.html,MOVE IN RIGHT NOW! ONE BED ONE BATH!,999,VIA 21,1,810,1,33.494933,-112.036608,10,4111 N 21ST ST PHOENIX AZ US
6371395271,2017-11-02 16:04,https://phoenix.craigslist.org/wvl/apa/d/minutes-from-downtown-easy/6371395271.html,"Minutes from Downtown, Easy Freeway Access, Close to Shopping",838,4620 W McDowell Rd,1,485,1,33.466250,-112.158693,10,4620 W McDowell Rd Phoenix AZ US
6371361562,2017-11-02 16:04,https://phoenix.craigslist.org/nph/apa/d/jims-moving-labor-pick-up-and/6371361562.html,Jim's Moving Labor/Pick-Up And Delivery,,North Valley/See Service Areas,0,0,,33.638517,-112.203070,15,n 67th ave at w bell road glendale AZ US
6371395112,2017-11-02 16:04,https://phoenix.craigslist.org/evl/apa/d/two-master-suitesminutes-to/6371395112.html,TWO MASTER SUITES*MINUTES TO OLD TOWN*PVT BALCONY*AVAILABLE NOW,1080,SCOTTSDALE,2,1095,2,,,,
6371394817,2017-11-02 16:04,https://phoenix.craigslist.org/cph/apa/d/3bedroom-tempe-condo-in/6371394817.html,3+Bedroom Tempe Condo in beautiful Villagio!,1695,,4,1378,2.5,33.429349,-111.890973,20,2401 E. Rio Salado Pkwy  AZ US
6371394547,2017-11-02 16:04,https://phoenix.craigslist.org/nph/apa/d/the-kitchen-in-this-1br-1ba/6371394547.html,THE KITCHEN IN THIS 1BR/1BA APARTMENT HAS A BREAKFAST BAR,728,Phoenix,1,700,1,33.611120,-112.104279,10,2140 W Thunderbird Rd Phoenix AZ US
6362226787,2017-11-02 16:04,https://phoenix.craigslist.org/evl/apa/d/scottsdale-highlands-call-me/6362226787.html,SCOTTSDALE HIGHLANDS - Call me for a Tour Today!,1055,Scottsdale,1,863,1,33.624311,-111.878241,10,15255 N. Frank Lloyd Wright Scottsdale AZ US
6362466277,2017-11-02 16:03,https://phoenix.craigslist.org/evl/apa/d/scottsdale-highlands/6362466277.html,SCOTTSDALE HIGHLANDS,1055,Scottsdale,1,863,1,33.624311,-111.878241,10,15255 N. Frank Lloyd Wright Scottsdale AZ US
6371393023,2017-11-02 16:02,https://phoenix.craigslist.org/nph/apa/d/beautiful-2-bedroom-2/6371393023.html,Beautiful 2 bedroom 2 bathroom with a Lake View,802,,2,900,2,33.586193,-112.117403,10,11050 N. BILTMORE DR Phoenix AZ US
6371392876,2017-11-02 16:02,https://phoenix.craigslist.org/cph/apa/d/fabulous-1-bedroom-edge-at/6371392876.html,FABULOUS 1 BEDROOM - EDGE AT GRAYHAWK SCOTTSDALE,1025,,1,0,1,33.696800,-111.889200,22,20100 N. 78th Pl Unit Scottsdale AZ US
6371392706,2017-11-02 16:02,https://phoenix.craigslist.org/evl/apa/d/immaculate-club-level-condo/6371392706.html,IMMACULATE CLUB LEVEL CONDO GILBERT /  MESA,1000,HIGLEY & BASELINE,2,980,2,33.379745,-111.724906,5,Pierpont at Baseline Gilbert AZ US
6362095654,2017-11-02 16:02,https://phoenix.craigslist.org/evl/apa/d/scottsdale-highlands/6362095654.html,SCOTTSDALE HIGHLANDS,995,NORTH SCOTTSDALE,1,763,1,33.624311,-111.878241,10,15255 N Frank Lloyd Wright Blvd Scottsdale AZ US
6371392599,2017-11-02 16:02,https://phoenix.craigslist.org/nph/apa/d/500-off-move-in-2xpools/6371392599.html,"$500 OFF MOVE IN!! 2X2 $930!! 2 POOLS, FITNESS CENTER, & PLAYGROUND",915,"17805 North 40th Street, Phoenix, AZ 85032",2,980,2,33.647678,-111.995582,5,17805 North 40th Street Phoenix AZ US
6354240961,2017-11-02 16:01,https://phoenix.craigslist.org/evl/apa/d/moving-to-arizona-can-help/6354240961.html,Moving to Arizona? I can help you find a great apartment home,1111,Chandler/Gilbert,2,0,2,33.271100,-111.831100,22,
6371391675,2017-11-02 16:01,https://phoenix.craigslist.org/cph/apa/d/call-for-details-outdoor-fire/6371391675.html,"Call for Details, Outdoor Fire Pit, Free WiFi",1535,Phoenix,3,1378,2,33.496129,-112.074358,10,4140 N. Central Ave Phoenix AZ US
6354198155,2017-11-02 16:01,https://phoenix.craigslist.org/evl/apa/d/great-location-near-the-202/6354198155.html,"Great location near the 202, the 60 and the 101",1109,Chandler,2,0,2,33.310500,-111.823900,22,
