pid,dt,url,title,price,neighb,beds,sqft,baths,lat,lng,accuracy,address
6363333894,2017-11-02 16:58,https://pittsburgh.craigslist.org/apa/d/cozy-house-2-bedroom-for-rent/6363333894.html,"COZY HOUSE, 2 BEDROOM FOR RENT IN HOMESTEAD, PETS OK",675,"Homestead, Pa",2,700,1,40.398889,-79.906654,5,Hays Homestead PA US
6371217846,2017-11-02 16:58,https://pittsburgh.craigslist.org/apa/d/luxury-downtown-living-the/6371217846.html,"Luxury Downtown Living, The Venue~ 1brs Available Now! Best Views!",1145,Downtown,1,620,1,40.438981,-80.005215,10,625 Stanwix St Pittsburgh PA US
6365846447,2017-11-02 16:55,https://pittsburgh.craigslist.org/apa/d/1bed-cranberry-township/6365846447.html,1Bed Cranberry Township Property For Rent $705,705,Cranberry Township PA 16066,1,0,1,,,,
6357973894,2017-11-02 16:55,https://pittsburgh.craigslist.org/apa/d/closet-space-galore-updated/6357973894.html,"Closet Space Galore, Updated Kitchen, Balcony, and Free Parking!",749,501 Mifflin Ave,1,0,1,40.441268,-79.893172,10,501 Mifflin Ave Pittsburgh PA US
6371227633,2017-11-02 16:52,https://pittsburgh.craigslist.org/apa/d/great-3-bedroom-house-in/6371227633.html,Great 3 bedroom house in South Side Flats with large kitchen and yard,1600,South Side Flats,3,0,1,40.427088,-79.988022,5,
6371152309,2017-11-02 16:51,https://pittsburgh.craigslist.org/apa/d/4-bedroom-2-bathrooms-in/6371152309.html,4 bedroom/2 bathrooms in South Oakland$$$$,900,"pittsburgh, Pennsylvania",4,0,2,40.444000,-79.955200,22,
6357829930,2017-11-02 16:50,https://pittsburgh.craigslist.org/apa/d/stunning-2-bedroom-in-penn/6357829930.html,Stunning 2 bedroom in Penn Hills!,745,,2,0,1,40.459800,-79.822400,22,
6360673261,2017-11-02 16:50,https://pittsburgh.craigslist.org/apa/d/3-bedroom-available-now-in/6360673261.html,3 bedroom available now in Penn Hills!,785,,3,0,1,40.459800,-79.822400,22,
6353776842,2017-11-02 16:50,https://pittsburgh.craigslist.org/apa/d/3-bedroom-available-now-in/6353776842.html,3 bedroom available now in Penn Hills!,785,,3,0,1,40.459800,-79.822400,22,
6360625137,2017-11-02 16:50,https://pittsburgh.craigslist.org/apa/d/2br-creekview-gardens/6360625137.html,2br - Creekview Gardens- Beautiful Townhomes!,695,,2,0,1,40.492700,-79.834500,22,
6368711414,2017-11-02 16:46,https://pittsburgh.craigslist.org/apa/d/2-br-2-story-ph-loft-brand/6368711414.html,2 BR/2 Story PH Loft!  Brand New/Immediate Occupancy! $1000 Bonus!,2135,close to UPMC,2,992,2,40.456886,-79.940078,10,5250 Liberty Ave Pittsburgh PA US
6358960132,2017-11-02 16:45,https://pittsburgh.craigslist.org/apa/d/walk-to-shops-ac-heat-incld/6358960132.html,★Walk to Shops--AC--Heat Incld!--Pet Friendly--Avail NOW or Dec 1★,1055,Squirrel Hill / Murray Ave @ Forward Ave,1,770,1,40.428304,-79.924421,7,2715 Murray Ave. Pittsburgh PA US
6354103060,2017-11-02 16:43,https://pittsburgh.craigslist.org/apa/d/2br-creekview-gardens/6354103060.html,2br - Creekview Gardens- Beautiful Townhomes!,695,,2,0,1,40.459800,-79.822400,22,
6349638580,2017-11-02 16:43,https://pittsburgh.craigslist.org/apa/d/conveniently-located-townhome/6349638580.html,Conveniently Located Townhome - Hopewell Township,1250,,3,0,2.5,40.561674,-80.277250,10,128 Westfield Aliquippa PA US
6357463207,2017-11-02 16:43,https://pittsburgh.craigslist.org/apa/d/well-maintained-and/6357463207.html,Well maintained and conveniently located house for rent,950,Aliquippa,3,1350,1,40.605333,-80.276905,10,2108 McMinn Street Aliquippa PA US
6345119858,2017-11-02 16:43,https://pittsburgh.craigslist.org/apa/d/newly-renovated-townhome-in/6345119858.html,Newly Renovated Townhome In Central Valley,1350,Central Valley,2,1300,1.5,40.671800,-80.291700,22,210 Katerina Drive Monaca PA US
6368691036,2017-11-02 16:43,https://pittsburgh.craigslist.org/apa/d/convertible-studio-available/6368691036.html,Convertible STUDIO Available! Call Today &  $$ SAVE $$!!!!,1425,Shadyside/Bloomfield,0,644,1,40.456668,-79.939673,15,Liberty Ave at Baum Blvd Pittsburgh PA US
6349647983,2017-11-02 16:43,https://pittsburgh.craigslist.org/apa/d/newly-renovated-townhome-in/6349647983.html,Newly Renovated Townhome In Central Valley,1350,,2,0,1.5,40.671800,-80.291700,22,201 Katerina Drive Monaca PA US
6357447797,2017-11-02 16:43,https://pittsburgh.craigslist.org/apa/d/gorgeous-2-bedroom-in-penn/6357447797.html,Gorgeous 2 bedroom in Penn Hills!,745,,2,0,1,40.459800,-79.822400,22,
6349559173,2017-11-02 16:43,https://pittsburgh.craigslist.org/apa/d/spacious-2-bedroom/6349559173.html,Spacious 2 Bedroom,775,Aliquippa,2,0,1,40.607652,-80.270797,10,1714 McMinn St Aliquippa PA US
6351282135,2017-11-02 16:43,https://pittsburgh.craigslist.org/apa/d/gorgeous-3-bedroom-in-penn/6351282135.html,Gorgeous 3 bedroom in Penn Hills,785,,3,0,1,40.459800,-79.822400,22,
6354077432,2017-11-02 16:43,https://pittsburgh.craigslist.org/apa/d/gorgeous-2-bedroom-in-penn/6354077432.html,Gorgeous 2 bedroom in Penn Hills!,745,,2,0,1,40.459800,-79.822400,22,
6371213985,2017-11-02 16:42,https://pittsburgh.craigslist.org/apa/d/ceramic-tile-flooring-14-foot/6371213985.html,"Ceramic Tile Flooring, 14-foot ceilings, Elegant interiors, Heating",2000,Pittsburgh,2,1035,2,40.444469,-79.993375,10,1100 Liberty Ave Pittsburgh PA US
6371213941,2017-11-02 16:42,https://pittsburgh.craigslist.org/apa/d/end-unit-3-br-th-keep-your/6371213941.html,End Unit 3 BR TH! Keep your car snow-free in your garage this winter!,965,Plum / Monroeville,3,0,1,40.476598,-79.773243,7,
6356330487,2017-11-02 16:41,https://pittsburgh.craigslist.org/apa/d/warehouse-turned-loft/6356330487.html,Warehouse Turned Loft Apartments Minutes From It ALL!,1500,2501 Liberty Ave,0,0,1,40.398969,-80.024975,10,2501 Liberty Ave Pittsburgh PA US
6348415219,2017-11-02 16:41,https://pittsburgh.craigslist.org/apa/d/3-gorgeous-bedroom/6348415219.html,3 Gorgeous bedroom!,785,Bale Manor,3,0,1,40.459800,-79.822400,22,
6356330883,2017-11-02 16:41,https://pittsburgh.craigslist.org/apa/d/check-out-the-cinderella/6356330883.html,Check out the Cinderella Apartments near the Strip District!,1500,263 37 Street,2,0,1,40.464808,-79.962754,10,263 37th Street Pittsburgh PA US
6371209973,2017-11-02 16:40,https://pittsburgh.craigslist.org/apa/d/nice-2nd-floor-studio/6371209973.html,"Nice 2nd Floor Studio Apartment in Oakland, Great Location New Kitchen",840,Oakland,0,0,,40.439114,-79.958984,22,246 McKee Place Pittsburgh PA US
6371209212,2017-11-02 16:39,https://pittsburgh.craigslist.org/apa/d/limited-availability-2/6371209212.html,Limited Availability! 2 Bedroom Apartments! Going Fast!,1390,Bethel Park/ Mt. Lebanon/ Pittsburgh,2,984,2,40.348919,-80.049951,10,35 Highland Road Bethel Park PA US
6371206082,2017-11-02 16:37,https://pittsburgh.craigslist.org/apa/d/ross-township-o-balcony-550/6371206082.html,Ross Township-w/o a balcony-550 sq ft-1 bedroom,680,Ross Township/North Hills,1,550,1,40.509252,-80.002498,10,600 Stevens Dr. Pittsburgh PA US
6371205823,2017-11-02 16:37,https://pittsburgh.craigslist.org/apa/d/2-bedroom-ross-township-800/6371205823.html,2 Bedroom-Ross Township-800 sq ft-w/ a balcony,885,Ross Township/North Hills,2,800,1,40.509252,-80.002498,10,600 Stevens Dr. Pittsburgh PA US
6371203901,2017-11-02 16:35,https://pittsburgh.craigslist.org/apa/d/2br-loft-apt-in-the-south/6371203901.html,"2BR Loft Apt in the South Side, Walk to Downtown, North Shore",1699,South Side,2,1500,1,40.428435,-79.988902,5,930 E Carson St Pittsburgh PA US
6371203818,2017-11-02 16:35,https://pittsburgh.craigslist.org/apa/d/2-bedroom-loft-available-at/6371203818.html,2 Bedroom LOFT available at and an Amazing Price!!!!!,2135,Pittsburgh,2,992,2,40.456886,-79.940078,10,5250 Liberty Ave Pittsburgh PA US
6371202976,2017-11-02 16:35,https://pittsburgh.craigslist.org/apa/d/loft-apartment-available-in/6371202976.html,Loft Apartment available in the South Side for immediate move in - 1BR,1333,Pittsburgh,1,725,1,40.428362,-79.988923,7,930 East Carson Street Pittsburgh PA US
6371175879,2017-11-02 16:34,https://pittsburgh.craigslist.org/apa/d/great-south-side-location/6371175879.html,GREAT SOUTH SIDE LOCATION - UPDATED - 2 beds/2 bath,1499,Pittsburgh,2,0,2,40.424066,-79.978452,5,Pius at S 18th Pittsburgh PA US
6371193645,2017-11-02 16:33,https://pittsburgh.craigslist.org/apa/d/1-bedroom-apartment-with/6371193645.html,1 Bedroom Apartment with Balcony in quite Mt. Lebanon location!,820,Mt. Lebanon,1,0,1,40.351941,-80.048082,5,200 Piper Dr. Pittsburgh PA US
6368326301,2017-11-02 16:33,https://pittsburgh.craigslist.org/apa/d/your-oakmont-apartment-is/6368326301.html,Your Oakmont Apartment Is Ready For You!! Great Location!,705,Oakmont,1,0,1,40.516295,-79.841015,5,4th at Washington Pittsburgh PA US
6371174183,2017-11-02 16:33,https://pittsburgh.craigslist.org/apa/d/rented-but-have-others/6371174183.html,"RENTED - But have others similar in size, price and location!!",999,Pittsburgh,2,0,1,40.421468,-79.993258,5,E Warrington Pittsburgh PA US
6343232736,2017-11-02 16:32,https://pittsburgh.craigslist.org/apa/d/unreal-2-bd-in-the-east-end/6343232736.html,UNREAL 2 Bd in the East End! Updated and Ready to GO!,925,406 East End Ave,2,0,1,40.444068,-79.895043,10,406 East End Ave Pittsburgh PA US
6371197613,2017-11-02 16:31,https://pittsburgh.craigslist.org/apa/d/707-ohio-river-blvd-right-on/6371197613.html,"707 Ohio River Blvd, Right on the Busline!",600,Avalon,0,0,,40.498700,-80.070570,5,ohio river blvd avalon PA US
6371197392,2017-11-02 16:31,https://pittsburgh.craigslist.org/apa/d/hud-affordable-senior-housing/6371197392.html,HUD Affordable Senior Housing - Versailles Apartments,,Mckeesport,1,0,1,40.333769,-79.848570,0,
6371182994,2017-11-02 16:30,https://pittsburgh.craigslist.org/apa/d/mt-lebanon-close-to-stop/6371182994.html,Mt Lebanon ~ Close to T Stop ~ Spacious 1br Pet Friendly Apt!,750,Mt Lebanon,1,0,1,40.369600,-80.043900,22,666 Florida Ave Pittsburgh PA US
6371177658,2017-11-02 16:29,https://pittsburgh.craigslist.org/apa/d/gas-electric-water-all/6371177658.html,"Gas, Electric, Water- ALL INCLUDED - Spacious 1 bedroom - ONLY $850",850,Pittsburgh,1,0,1,40.417237,-79.970427,7,Cologne at Arlington Pittsburgh PA US
6343308249,2017-11-02 16:28,https://pittsburgh.craigslist.org/apa/d/open-house-this-weekend-all/6343308249.html,Open House This Weekend! All NEW 3 Bd Townhouse! Granite. Hardwood.,1599,8 Mellon Terrace,3,0,1,40.479143,-79.921498,10,8 Mellon Terrace Pittsburgh PA US
6371192776,2017-11-02 16:28,https://pittsburgh.craigslist.org/apa/d/large-bedrooms-great-location/6371192776.html,"LARGE Bedrooms! Great Location! Private Covered Patio, Close to 376!",1065,Squirrel Hill,2,0,1,40.428469,-79.918372,15,Forward Ave at Tilbury Pittsburgh PA US
6371191167,2017-11-02 16:27,https://pittsburgh.craigslist.org/apa/d/cozy-warm-3-bedroom-duplex/6371191167.html,Cozy & Warm 3 Bedroom  Duplex with Brand New Carpet & Fireplace!!,1075,Mt. Lebanon / Mount Lebanon,3,0,1,40.369600,-80.043900,22,Broadmoor Ave at Anawanda Ave Pittsburgh PA US
6371188721,2017-11-02 16:25,https://pittsburgh.craigslist.org/apa/d/one-bedroom-available-call/6371188721.html,One bedroom available! Call today and save!!!!,1755,Shadyside/Bloomfield,1,715,1,40.464200,-79.944800,22,
6363569355,2017-11-02 16:25,https://pittsburgh.craigslist.org/apa/d/senior-and-family-living/6363569355.html,SENIOR AND FAMILY LIVING,,,0,0,,40.472300,-79.913200,22,
6352843173,2017-11-02 16:24,https://pittsburgh.craigslist.org/apa/d/senior-housing-community/6352843173.html,Senior Housing Community,,"Squirrel Hill, PA",0,0,,40.430800,-79.920500,0,52 Garetta St. Pittsburgh PA US
6371174734,2017-11-02 16:24,https://pittsburgh.craigslist.org/apa/d/south-side-slopes-available/6371174734.html,SOUTH SIDE SLOPES - AVAILABLE TODAY - 3 beds/1 bath,1099,Pittsburgh,3,0,1,40.421609,-79.978214,20,Quarry at S 18th Pittsburgh PA US
6368632905,2017-11-02 16:24,https://pittsburgh.craigslist.org/apa/d/senior-apartments-quiet-clean/6368632905.html,"Senior Apartments - Quiet, Clean, Great Community!",585,North Versailles,1,650,1,40.386222,-79.819474,20,1650 Rosedale Street North Versailles PA US
6368633165,2017-11-02 16:24,https://pittsburgh.craigslist.org/apa/d/1-bedroom-in-new-kensington/6368633165.html,1 bedroom in New Kensington!,525,New Kensington,1,0,1,40.568167,-79.766970,0,400 11th Street New Kensington PA US
6368632556,2017-11-02 16:24,https://pittsburgh.craigslist.org/apa/d/2-bedroom-small-community/6368632556.html,2 Bedroom - Small Community @ Foster Road,700,North Versailles,2,900,1,40.361369,-79.812169,10,100 Heckman Road North Versailles PA US
6371186129,2017-11-02 16:23,https://pittsburgh.craigslist.org/apa/d/hud-affordable-senior-housing/6371186129.html,HUD Affordable Senior Housing - Berg Manor,,Braddock,1,0,1,40.409769,-79.873471,0,
6357615765,2017-11-02 16:23,https://pittsburgh.craigslist.org/apa/d/1-bedroom-the-forest/6357615765.html,1 Bedroom @ The Forest,740,"Swissvale, PA",1,0,1,40.423700,-79.890000,0,
6363414280,2017-11-02 16:23,https://pittsburgh.craigslist.org/apa/d/avail-now-or-dec-1-on-busline/6363414280.html,★Avail NOW or Dec 1--On Busline--Dishwasher--Heat Included!--AC★,970,Point Breeze / Penn Ave @ S Braddock Av,2,658,1,40.447094,-79.895593,7,7520 Penn Ave. Pittsburgh PA US
6371185482,2017-11-02 16:23,https://pittsburgh.craigslist.org/apa/d/beautifully-renovated-2-bdrm/6371185482.html,Beautifully Renovated 2 BDRM Apt-- Amazing Kitchen! (Swissvale),810,Swissvale,2,0,1,40.422361,-79.874908,10,2528 Columbia Ave Pittsburgh PA US
6368623484,2017-11-02 16:22,https://pittsburgh.craigslist.org/apa/d/2-bedroom-apartment-dogs/6368623484.html,"2 Bedroom Apartment - Dogs accepted - Open, Country Setting!",755,Elizabeth,2,900,1,40.301600,-79.815400,0,Surrey Lane Elizabeth PA US
6371176457,2017-11-02 16:22,https://pittsburgh.craigslist.org/apa/d/beautiful-three-bedroom/6371176457.html,BEAUTIFUL THREE BEDROOM - SOUTHSIDE - AVAILABLE TODAY,1999,Pittsburgh,3,0,2,40.424069,-79.969674,15,Josephine at S 26th Pittsburgh PA US
6368623186,2017-11-02 16:22,https://pittsburgh.craigslist.org/apa/d/1-bedroom-apartment-dog/6368623186.html,"1 Bedroom Apartment - Dog friendly - Open, Country Setting!",645,Elizabeth,1,750,1,40.289969,-79.825459,7,Surrey Lane Elizabeth PA US
6357963337,2017-11-02 16:22,https://pittsburgh.craigslist.org/apa/d/brand-new-studio-apartment/6357963337.html,Brand NEW Studio Apartment @ The Bryant Lofts!,850,5700 Bryant Street,0,0,1,40.476468,-79.921973,10,5700 Bryant Street Pittsburgh PA US
6351510066,2017-11-02 16:22,https://pittsburgh.craigslist.org/apa/d/1-bedroom-apartment-next-to/6351510066.html,1 Bedroom Apartment - Next to Heritage Park & White Oak Pool!,730,White Oak,1,750,1,40.336000,-79.800200,0,
6371166057,2017-11-02 16:22,https://pittsburgh.craigslist.org/apa/d/one-bdrm-or-2-bdrm-for-rent/6371166057.html,one bdrm or 2 bdrm for rent,550,,0,0,,40.860109,-79.888759,5,
6368500598,2017-11-02 16:22,https://pittsburgh.craigslist.org/apa/d/close-to-everything-here-at/6368500598.html,Close to Everything Here at The Updated Baum Grove Apartments!,930,5728 Baum Blvd,2,0,1,40.458968,-79.931973,10,5728 Baum Blvd Pittsburgh PA US
6351509760,2017-11-02 16:22,https://pittsburgh.craigslist.org/apa/d/2-bedroom-apartment-next-pool/6351509760.html,2 Bedroom Apartment - Next Pool & Park!,800,White Oak,2,900,2,40.336000,-79.800200,0,
6371184232,2017-11-02 16:22,https://pittsburgh.craigslist.org/apa/d/we-love-pets-brand-new-2/6371184232.html,We Love Pets!  Brand New 2 Bedroom 2 Bath Apartment Home!,1299,Hopewell Township,2,1168,2,40.592100,-80.319700,22,Kane at Airport Hopewell Township PA US
6357998957,2017-11-02 16:22,https://pittsburgh.craigslist.org/apa/d/make-your-move-today-updated/6357998957.html,"Make Your Move Today! Updated Yet Charming, Perfect for Entertaining!",1350,115-2 S Fairmount St,2,0,1,40.463975,-79.932720,10,115-2 S Fairmount St Pittsburgh PA US
6352829297,2017-11-02 16:22,https://pittsburgh.craigslist.org/apa/d/1-2-bedroom-apartments/6352829297.html,1 & 2 Bedroom Apartments Located in White Oak!,815,White Oak,2,900,1,40.332380,-79.815674,0,Royal Oak Drive White Oak PA US
6368603099,2017-11-02 16:21,https://pittsburgh.craigslist.org/apa/d/brakehouse-lofts-luxury-at/6368603099.html,Brakehouse Lofts - LUXURY AT A REDUCED PRICE!,1500,2501 Liberty Ave,0,0,1,40.398969,-80.024975,10,2501 Liberty Ave Pittsburgh PA US
6357398974,2017-11-02 16:21,https://pittsburgh.craigslist.org/apa/d/prime-living-spaces-in/6357398974.html,Prime Living Spaces in a Fabulous Area - Check out these Apartments!,902,Regent Square,1,878,1,40.438813,-79.892160,0,706 South Trenton Ave Pittsburgh PA US
6371182798,2017-11-02 16:21,https://pittsburgh.craigslist.org/apa/d/hud-affordable-senior-housing/6371182798.html,HUD Affordable Senior Housing - Pennshaw Estates,,Turtle Creek,1,0,1,40.405068,-79.829370,0,
6352829916,2017-11-02 16:21,https://pittsburgh.craigslist.org/apa/d/1-bedroom-apartment-home/6352829916.html,1 bedroom apartment home offering serenity and country atmosphere,685,White Oak,1,800,1,40.322794,-79.798851,7,
6352830177,2017-11-02 16:21,https://pittsburgh.craigslist.org/apa/d/2-bedroom-apartment-home/6352830177.html,2 bedroom apartment home offering serenity and country atmosphere,790,White Oak,2,1000,1,40.322631,-79.799109,0,
6352827351,2017-11-02 16:20,https://pittsburgh.craigslist.org/apa/d/1-bedroom-next-to-business/6352827351.html,1 Bedroom Next to Business District!,635,North Versailles,1,750,1,40.390262,-79.817279,0,Hyer Avenue North Versailles PA US
6352827761,2017-11-02 16:20,https://pittsburgh.craigslist.org/apa/d/large-efficiency-apartment/6352827761.html,Large Efficiency Apartment - Close to Walmart & Shopping!,610,North Versailles,1,650,1,40.389590,-79.819493,7,1800 Greensburg Avenue North Versailles PA US
6352827041,2017-11-02 16:20,https://pittsburgh.craigslist.org/apa/d/2-bedroom-apartment-next-to/6352827041.html,2 Bedroom Apartment Next to Shopping & Bus!,740,North Versailles,2,900,1,40.390262,-79.817279,20,Hyer Avenue North Versailles PA US
6352825987,2017-11-02 16:20,https://pittsburgh.craigslist.org/apa/d/1-bedroom-apartments-quiet/6352825987.html,"1 Bedroom Apartments - Quiet, Wooded Community!",640,Versailles,1,750,1,40.315569,-79.830769,0,Center Street Versailles PA US
6352826360,2017-11-02 16:20,https://pittsburgh.craigslist.org/apa/d/2-bedroom-apartment-in-quiet/6352826360.html,"2 Bedroom Apartment in Quiet, Wooded Community!",745,Versailles,2,900,1,40.315569,-79.830769,0,Center Street Versailles PA US
6361977328,2017-11-02 16:19,https://pittsburgh.craigslist.org/apa/d/renovated-apartments-in/6361977328.html,Renovated Apartments in Friendship PERFECT for YOU!,899,261 S Winebiddle Ct,2,0,1,40.463221,-79.943195,10,261 S Winebiddle St Pittsburgh PA US
6371180267,2017-11-02 16:19,https://pittsburgh.craigslist.org/apa/d/roommate-dont-miss-out-this/6371180267.html,Roommate! Don't Miss Out! This Great Price Ends Sunday!!,1575,Bethel Park/ Mt. Lebanon/ Pittsburgh,2,1169,2,40.348919,-80.049951,10,35 Highland Road Bethel Park PA US
6371179792,2017-11-02 16:19,https://pittsburgh.craigslist.org/apa/d/exclusive-studio-apartment-in/6371179792.html,Exclusive Studio Apartment - In The Heart of Southside Works! 24/7 Gym,1,Southside Works/Southside/ Pittsburgh,0,400,1,40.425400,-79.979900,22,2626 South Tunnel Blvd Pittsburgh PA US
6357370944,2017-11-02 16:18,https://pittsburgh.craigslist.org/apa/d/private-balcony-spacious-and/6357370944.html,"Private Balcony, Spacious and Free Parking!  Stunning Garden Community",904,Regent Square Area,2,905,1,40.439223,-79.885175,7,Jeanette St Pittsburgh PA US
6371177600,2017-11-02 16:17,https://pittsburgh.craigslist.org/apa/d/1-bedroom-prime-location/6371177600.html,"1 bedroom, Prime Location - Bellevue Pa",615,Bellevue,1,0,1,40.492842,-80.052534,5,s harrison ave at Taylor aveune bellevue PA US
6371176270,2017-11-02 16:16,https://pittsburgh.craigslist.org/apa/d/efficiency-and-1-bedroom/6371176270.html,Efficiency and 1 bedroom Apartments On the Busline!,570,North Versailles,0,700,1,40.387514,-79.826531,0,Della Drive North Versailles PA US
6371162195,2017-11-02 16:15,https://pittsburgh.craigslist.org/apa/d/luxury-2-bedroom-2-bathroom/6371162195.html,luxury 2 bedroom 2 bathroom apartments...Prime location,1,Pittsburgh,2,0,2,40.475200,-79.952800,22,
6352746935,2017-11-02 16:13,https://pittsburgh.craigslist.org/apa/d/november-rent-free/6352746935.html,November rent free!!,1850,WASHINGTON,1,600,1,38.936300,-77.059900,22,CONNECTICUT AVE at CATHEDRAL  PA US
6352744955,2017-11-02 16:13,https://pittsburgh.craigslist.org/apa/d/the-height-of-green-living/6352744955.html,The height of green living and eco-friendly design in Washington,1575,WOODLEY PARK,0,500,,38.936300,-77.059900,22,
6371169369,2017-11-02 16:11,https://pittsburgh.craigslist.org/apa/d/sunny-modern-renovated-2/6371169369.html,Sunny Modern Renovated 2 Bedroom - Gorgeous Floors (Edgewood),975,Edgewood,2,840,1,40.431002,-79.884070,10,101 Elm St Pittsburgh PA US
6371168178,2017-11-02 16:11,https://pittsburgh.craigslist.org/apa/d/balcony-with-hillside-views/6371168178.html,Balcony with Hillside Views in This 1x1 Apartment,800,"Pittsburgh, PA",1,0,1,40.548505,-80.038147,5,101 Highland Pines Dr Pittsburgh PA US
6362801146,2017-11-02 16:10,https://pittsburgh.craigslist.org/apa/d/3-bedroom-house-available-for/6362801146.html,▨ 3 Bed.room House!! Available_ for ȑenŧ! ▨,,,0,0,,,,,
6347319098,2017-11-02 16:09,https://pittsburgh.craigslist.org/apa/d/awesome-2-bedroom-2-bathroom/6347319098.html,Awesome 2 bedroom/2 bathroom w/ den -Great neighborhood,895,Castle Shannon,2,1000,2,40.366494,-80.035825,10,405 Hoodridge Drive Pittsburgh PA US
6348749523,2017-11-02 16:09,https://pittsburgh.craigslist.org/apa/d/thaw-mansion-north-side/6348749523.html,Thaw Mansion- North Side - Allegheny West - Renovated loft unit!!!,1595,North Side,1,1400,1,40.451116,-80.016948,10,930 N. Lincoln Avenue Pittsburgh PA US
6347319599,2017-11-02 16:08,https://pittsburgh.craigslist.org/apa/d/2-bedroom-great-neighborhood/6347319599.html,2 bedroom -Great neighborhood,800,Castle Shannon,2,1000,1,40.366494,-80.035825,10,405 Hoodridge Drive Pittsburgh PA US
6344832955,2017-11-02 16:08,https://pittsburgh.craigslist.org/apa/d/thaw-mansion-north-side/6344832955.html,Thaw Mansion- North Side - Allegheny -Renovated loft unit!!!,1595,North Side,1,1400,1,40.451116,-80.016948,10,930 N. Lincoln Avenue Pittsburgh PA US
6344832468,2017-11-02 16:08,https://pittsburgh.craigslist.org/apa/d/thaw-mansion-historic/6344832468.html,Thaw Mansion -Historic Allegheny West Neighborhood !!  New units!!!,2250,Northside,1,1300,1.5,40.451116,-80.016948,10,930 N Lincoln Avenue Pittsburgh PA US
6344832229,2017-11-02 16:08,https://pittsburgh.craigslist.org/apa/d/awesome-2-bedroom-2-bathroom/6344832229.html,Awesome 2 bedroom/2 bathroom w/ den -Great neighborhood,895,Castle Shannon,2,1000,2,40.366494,-80.035825,10,405 Hoodridge Drive Pittsburgh PA US
6344831930,2017-11-02 16:08,https://pittsburgh.craigslist.org/apa/d/thaw-mansion-north-side/6344831930.html,Thaw Mansion- North Side - Allegheny West - Renovated loft unit!!!,1595,North Side,1,1400,1,40.451116,-80.016948,10,930 N. Lincoln Avenue Pittsburgh PA US
6344831704,2017-11-02 16:08,https://pittsburgh.craigslist.org/apa/d/2-bedroom-great-neighborhood/6344831704.html,2 bedroom-Great neighborhood,800,Castle Shannon,2,1000,1,40.366494,-80.035825,10,405 Hoodridge Drive Pittsburgh PA US
6354176744,2017-11-02 16:08,https://pittsburgh.craigslist.org/apa/d/thaw-mansion-historic/6354176744.html,Thaw Mansion -Historic Allegheny West Neighborhood !!  New units!!!,2250,North Side,1,1300,1,40.451116,-80.016948,10,930 N Lincoln Avenue Pittsburgh PA US
6357441737,2017-11-02 16:07,https://pittsburgh.craigslist.org/apa/d/two-story-two-bedroom/6357441737.html,Two Story Two Bedroom Townhouse Available for Rent Today!,850,Regent Square,2,1207,1,40.443566,-79.889980,10,408 South Avenue  PA US
6359327248,2017-11-02 16:07,https://pittsburgh.craigslist.org/apa/d/thaw-mansion-historic/6359327248.html,Thaw Mansion -Historic Allegheny West Neighborhood !!  New units!!!,2250,North Side,1,1300,1,40.451116,-80.016948,10,930 N Lincoln Avenue Pittsburgh PA US
6359332859,2017-11-02 16:07,https://pittsburgh.craigslist.org/apa/d/huge1-bedroom-great/6359332859.html,Huge1 bedroom -Great neighborhood,675,Castle Shannon,2,750,2,40.366494,-80.035825,10,405 Hoodridge Drive Pittsburgh PA US
6371153707,2017-11-02 16:07,https://pittsburgh.craigslist.org/apa/d/trailer-located-in-quiet/6371153707.html,Trailer Located in Quiet Setting,600,New Stanton,2,0,1,40.219200,-79.609500,22,rocky mountain road New Stanton PA US
6367417484,2017-11-02 16:06,https://pittsburgh.craigslist.org/apa/d/pitt-great-location-4-bedroom/6367417484.html,Pitt! Great location-4 Bedroom/2 Bathrooms!,2800,Oakland,4,1500,2,40.432798,-79.957810,20,Bates Street Pittsburgh PA US
6367427228,2017-11-02 16:06,https://pittsburgh.craigslist.org/apa/d/2-bedroom-2-bath-near-pitt/6367427228.html,2 Bedroom/2 Bath!!! Near Pitt!,1350,Oakland,2,1100,2,40.434902,-79.954041,10,3405 Ward Street Pittsburgh PA US
6367308690,2017-11-02 16:04,https://pittsburgh.craigslist.org/apa/d/available-jan-1-converted/6367308690.html,★Available Jan 1--Converted Mansion-Exposed Brick--AC--Heat Incld!★,920,Point Breeze / Osage Lane @ Card Lane,1,550,1,40.448923,-79.902105,5,201 Osage Lane Pittsburgh PA US
6371155610,2017-11-02 16:02,https://pittsburgh.craigslist.org/apa/d/2-bedroom-ross-township-800/6371155610.html,2 bedroom-Ross Township-800 sq ft-w/o a balcony,810,Ross Township/North Hills,2,800,1,40.509252,-80.002498,10,600 Stevens Dr. Pittsburgh PA US
6371155613,2017-11-02 16:02,https://pittsburgh.craigslist.org/apa/d/north-hills-550-sq-ft-a/6371155613.html,North Hills-550 sq ft-w/ a balcony-1 bedroom,775,Ross Township/North Hills,1,550,1,40.509252,-80.002498,10,600 Stevens Dr. Pittsburgh PA US
6371155539,2017-11-02 16:02,https://pittsburgh.craigslist.org/apa/d/2-bedroom-860-sq-ft-with/6371155539.html,2 bedroom-860 sq ft-with a balcony-North Hills,890,Ross Township/North Hills,2,860,1,40.509252,-80.002498,10,600 Stevens Dr. Pittsburgh PA US
6340201272,2017-11-02 16:01,https://pittsburgh.craigslist.org/apa/d/nov-dec-all-new-renovation-in/6340201272.html,"☮ NOV/DEC, ALL NEW renovation in Heart of Shadyside, Just off Walnut!",1799,5727 Elwood St(Shadyside,2,0,1,40.453673,-79.929957,10,5727 Elwood St Pittsburgh PA US
6340612382,2017-11-02 16:01,https://pittsburgh.craigslist.org/apa/d/avail-nov-dec-new-renovation/6340612382.html,"☮ Avail Nov/Dec NEW renovation in Heart of Shadyside,Just off Walnut!",1999,5727 Elwood St(Shadyside,2,0,0,40.453673,-79.929957,10,5727 Elwood St Pittsburgh PA US
6367427228,2017-11-02 16:06,https://pittsburgh.craigslist.org/apa/d/2-bedroom-2-bath-near-pitt/6367427228.html,2 Bedroom/2 Bath!!! Near Pitt!,1350,Oakland,2,1100,2,40.434902,-79.954041,10,3405 Ward Street Pittsburgh PA US
6367308690,2017-11-02 16:04,https://pittsburgh.craigslist.org/apa/d/available-jan-1-converted/6367308690.html,★Available Jan 1--Converted Mansion-Exposed Brick--AC--Heat Incld!★,920,Point Breeze / Osage Lane @ Card Lane,1,550,1,40.448923,-79.902105,5,201 Osage Lane Pittsburgh PA US
6371155610,2017-11-02 16:02,https://pittsburgh.craigslist.org/apa/d/2-bedroom-ross-township-800/6371155610.html,2 bedroom-Ross Township-800 sq ft-w/o a balcony,810,Ross Township/North Hills,2,800,1,40.509252,-80.002498,10,600 Stevens Dr. Pittsburgh PA US
6371155613,2017-11-02 16:02,https://pittsburgh.craigslist.org/apa/d/north-hills-550-sq-ft-a/6371155613.html,North Hills-550 sq ft-w/ a balcony-1 bedroom,775,Ross Township/North Hills,1,550,1,40.509252,-80.002498,10,600 Stevens Dr. Pittsburgh PA US
6371155539,2017-11-02 16:02,https://pittsburgh.craigslist.org/apa/d/2-bedroom-860-sq-ft-with/6371155539.html,2 bedroom-860 sq ft-with a balcony-North Hills,890,Ross Township/North Hills,2,860,1,40.509252,-80.002498,10,600 Stevens Dr. Pittsburgh PA US
6340201272,2017-11-02 16:01,https://pittsburgh.craigslist.org/apa/d/nov-dec-all-new-renovation-in/6340201272.html,"☮ NOV/DEC, ALL NEW renovation in Heart of Shadyside, Just off Walnut!",1799,5727 Elwood St(Shadyside,2,0,1,40.453673,-79.929957,10,5727 Elwood St Pittsburgh PA US
6340612382,2017-11-02 16:01,https://pittsburgh.craigslist.org/apa/d/avail-nov-dec-new-renovation/6340612382.html,"☮ Avail Nov/Dec NEW renovation in Heart of Shadyside,Just off Walnut!",1999,5727 Elwood St(Shadyside,2,0,0,40.453673,-79.929957,10,5727 Elwood St Pittsburgh PA US
6363126665,2017-11-02 16:01,https://pittsburgh.craigslist.org/apa/d/ceramic-floorsupdated-kitchen/6363126665.html,"☮ Ceramic Floors,Updated Kitchen w/DW, AC, On Busline",855,5800 Stanton Ave(Highland Park,1,0,1,40.470668,-79.923373,10,5800 Stanton Ave Pittsburgh PA US
6333770099,2017-11-02 16:01,https://pittsburgh.craigslist.org/apa/d/aug-1-perfect-pitt-location/6333770099.html,"☮ Aug 1- Perfect Pitt Location! Hardwood Floors, Equip. Kitchen w DW",1015,South Oakland,1,410,1,40.438625,-79.957455,10,3510 Louisa St Pittsburgh PA US
6352181413,2017-11-02 16:01,https://pittsburgh.craigslist.org/apa/d/availperfect-for-pitt-cmu/6352181413.html,"☮ Avail 8/1/18-Perfect for Pitt/CMU! Updated, Dishwasher, FREE Parking",3290,357 Melwood Ave(North Oakland,6,0,2,40.453454,-79.951413,10,357 Melwood Pittsburgh PA US
6371153877,2017-11-02 16:01,https://pittsburgh.craigslist.org/apa/d/ask-us-about-our-coming-soon/6371153877.html,Ask Us About Our Coming Soon Amenities! Touring Today! Fall Specials!,1050,Bethel Park/ Pittsburgh/ Mt. Lebanon,1,680,1,40.348919,-80.049951,10,35 Highland Road Bethel Park PA US
6350210838,2017-11-02 16:01,https://pittsburgh.craigslist.org/apa/d/availperfect-for-pitt-cmu/6350210838.html,"☮ Avail 8/1/18-Perfect for Pitt/CMU! Updated, Dishwasher, FREE Parking",3290,361 Melwood,6,0,2,40.453512,-79.951457,10,361 Melwood Pittsburgh PA US
6350961568,2017-11-02 16:01,https://pittsburgh.craigslist.org/apa/d/availprime-location-updated/6350961568.html,"☮Avail 8/1/18-Prime Location! Updated Kitchen w/DW, Central A/C",1320,732 S Millvale (North Oakland,3,0,1,40.455807,-79.947607,10,732 S Millvale Pittsburgh PA US
6363386787,2017-11-02 16:01,https://pittsburgh.craigslist.org/apa/d/availprime-location-updated/6363386787.html,"☮Avail 8/1/18-Prime Location! Updated Kitchen w/DW, Central A/C",1345,732 S Millvale (North Oakland,3,0,1,40.455807,-79.947607,10,732 S Millvale Pittsburgh PA US
6357435313,2017-11-02 16:01,https://pittsburgh.craigslist.org/apa/d/availclose-to-pitt-eat-in/6357435313.html,"☮ Avail 5/1/18 Close To Pitt,  Eat In Kitchen w/ DW, Heat Incl.",2490,15 Boundary St (South Oakland,4,1350,2,40.429363,-79.949314,10,15 Boundary St Pittsburgh PA US
