pid,dt,url,title,price,neighb,beds,sqft,baths,lat,lng,accuracy,address
6367458309,2017-11-02 16:54,https://plattsburgh.craigslist.org/apa/d/2-bedroom-apartment-for-rent/6367458309.html,2 bedroom apartment for rent,900,6 concord avenue,2,0,1,44.692700,-73.466000,22,
6343319810,2017-11-02 16:30,https://plattsburgh.craigslist.org/apa/d/students-and-young/6343319810.html,Students and Young Professionals,475,5035 South Catherine St,4,0,4,44.691224,-73.457207,0,
6343329635,2017-11-02 16:27,https://plattsburgh.craigslist.org/apa/d/student-housing-students-and/6343329635.html,Student Housing - Students and Young Professionals,475,5035 South Catherine St,4,0,4,44.691224,-73.457207,0,
6359197307,2017-11-02 16:27,https://plattsburgh.craigslist.org/apa/d/1-semester-lease-fall-suite/6359197307.html,1 Semester Lease Fall - Suite Style Living - Private Bedroom+Bathroom,475,5035 South Catherine St,4,0,4,44.691224,-73.457207,0,
6357826522,2017-11-02 16:14,https://plattsburgh.craigslist.org/apa/d/2-bedroom-townhouse-style/6357826522.html,2 Bedroom townhouse style apartment,850,Morrisonville,2,1100,1,44.689400,-73.577200,22,
