pid,dt,url,title,price,neighb,beds,sqft,baths,lat,lng,accuracy,address
6371080044,2017-11-02 16:54,https://poconos.craigslist.org/apa/d/rare-6-bedroom-rancher-for/6371080044.html,Rare 6 Bedroom Rancher For Rent,1500,E Stroudsburg,6,0,0,41.012016,-75.182943,22,
6371076828,2017-11-02 16:48,https://poconos.craigslist.org/apa/d/ideal-3-bedroom-house-near/6371076828.html,Ideal 3 Bedroom House Near Everything,1100,E Stroudsburg,3,0,0,41.006938,-75.182695,22,
6371083864,2017-11-02 16:33,https://poconos.craigslist.org/apa/d/2-bedroom-apartment-available/6371083864.html,2+ Bedroom Apartment Available,800,Effort,2,0,0,40.975355,-75.459156,22,
6340423481,2017-11-02 16:23,https://poconos.craigslist.org/apa/d/private-owner-2-6-bdrms-avail/6340423481.html,PRIVATE OWNER 2-6 BDRMS AVAIL IN NORTHUMBERLAND COUNTY,595,PETS OK - GARAGES - LARGE YARDS,5,0,2,,,,
