pid,dt,url,title,price,neighb,beds,sqft,baths,lat,lng,accuracy,address
6335337074,2017-11-02 16:39,https://portland.craigslist.org/wsc/apa/d/tourlease-today-2x2-free-xl/6335337074.html,TOUR&LEASE TODAY! 2x2 w/ FREE XL GARAGE **$200 VISA** 503-201,1495,HILLSBORO/BEAVERTON/185TH/INTEL/NIKE,2,1045,2,45.522139,-122.866012,15,18599 NW Heritage Parkway HILLSBORO OR US
6347438877,2017-11-02 16:39,https://portland.craigslist.org/wsc/apa/d/clean-modern-european-style/6347438877.html,Clean modern European style home w/$30k upgrades  NW Portland 97229,1990,bonny slope,3,2130,2.5,45.537962,-122.796324,22,2513 NW Parnell Terrace Portland OR US
6371434220,2017-11-02 16:39,https://portland.craigslist.org/wsc/apa/d/hurry-in-winter-is-coming/6371434220.html,"Hurry in! Winter is coming, come enjoy our Sauna's! Hurry in!!!",1200,Beaverton,2,985,1,45.457831,-122.781778,5,scholls ferry rd at denny beaverton OR US
6362489636,2017-11-02 16:39,https://portland.craigslist.org/mlt/apa/d/luxurious-2-bedroom/6362489636.html,Luxurious 2 Bedroom Apartments W/ 6 Weeks of Free Rent ! Tour Today!,2110,Portland,2,0,2,45.495721,-122.669692,5,3750 SW River Parkway Portland OR US
6371433961,2017-11-02 16:39,https://portland.craigslist.org/clc/apa/d/mmmm-is-that-pie-enjoy-your/6371433961.html,Mmmm Is That Pie?  Enjoy Your Renovated Kitchen At Parkridge!!,1255,Lake Oswego,1,770,1,45.414700,-122.722700,22,
6363364143,2017-11-02 16:39,https://portland.craigslist.org/wsc/apa/d/pre-lease-modern-3x2-free/6363364143.html,PRE-LEASE MODERN 3X2! FREE GARAGE! ENTERTAINERS KITCHEN! 565-208,1765,HILLSBORO/BEAVERTON/185TH/INTEL/NIKE,3,1156,2,45.521279,-122.865708,20,
6371433797,2017-11-02 16:39,https://portland.craigslist.org/mlt/apa/d/dwell-apartment-homes-just/6371433797.html,Dwell Apartment Homes- Just What You've Been Searching For!,1055,Portland/Multnomah/Hillsdale/ OHSU,1,595,1,45.475350,-122.703882,10,6820 SW 26th Ave. Portland OR US
6366118100,2017-11-02 16:39,https://portland.craigslist.org/wsc/apa/d/need-extra-money-apply-today/6366118100.html,NEED EXTRA MONEY? APPLY TODAY & GET $300 VISA & FREE CARPORT 299-303,1295,HILLSBORO/BEAVERTON/185TH/INTEL/NIKE,2,865,1,45.520540,-122.869817,15,18599 NW Heritage Parkway HILLSBORO OR US
6371433490,2017-11-02 16:39,https://portland.craigslist.org/mlt/apa/d/large-urban-loft-with/6371433490.html,Large Urban Loft With Fantastic Views!,1773,SW Museum District,1,955,2,45.516012,-122.684268,15,sw 10th ave at sw jefferson Portland OR US
6371433325,2017-11-02 16:38,https://portland.craigslist.org/mlt/apa/d/max-station-within-1-block/6371433325.html,"MAX station within 1 block, Sparkling refreshing pool, Conference room",1437,"10320 SE Pine Street, Portland, OR 97216",2,817,1,45.520384,-122.557233,5,10320 SE Pine StreetÂ  Portland OR US
6371433198,2017-11-02 16:38,https://portland.craigslist.org/wsc/apa/d/fabulous-find-for-november/6371433198.html,FABULOUS FIND FOR A NOVEMBER MOVE IN!!!!!,1195,Portland,2,917,1.5,45.472040,-122.773409,15,ALLEN BLVD at SCHOLLS FERRY ROAD Beaverton OR US
6354315110,2017-11-02 16:38,https://portland.craigslist.org/mlt/apa/d/luxury-living-centrally/6354315110.html,Luxury Living! Centrally Located in South Waterfront 1BDR - Call Now,2345,Portland,1,0,1,45.495706,-122.669703,5,3750 SW River Parkway Portland OR US
6371424190,2017-11-02 16:37,https://portland.craigslist.org/mlt/apa/d/new-construction-in-sellwood/6371424190.html,New Construction in Sellwood! Now Accepting Reservations,3150,Sellwood,4,1816,3,45.483126,-122.645149,10,2027 SE Harold Portland OR US
6346207247,2017-11-02 16:36,https://portland.craigslist.org/mlt/apa/d/milwaukie-mens-sober-living/6346207247.html,Milwaukie-Mens Sober Living Home,500,Milwaukie,1,1750,0,45.437300,-122.614700,22,
6371420785,2017-11-02 16:36,https://portland.craigslist.org/mlt/apa/d/kitchen-island-portland-views/6371420785.html,"Kitchen Island, Portland Views, Brand New, TOUR TODAY",1965,Portland,2,842,2,45.533740,-122.714929,10,2112 NW Quimby Portland OR US
6371430387,2017-11-02 16:36,https://portland.craigslist.org/mlt/apa/d/need-place-asap-we-can-help/6371430387.html,Need a place ASAP? We can help!,1130,"SE, Mt.Scott-Arleta",1,515,1,45.485073,-122.589208,10,5230 Se 72Nd Ave at Foster Portland OR US
6354309224,2017-11-02 16:35,https://portland.craigslist.org/mlt/apa/d/2-bdr-homes-now-available/6354309224.html,2 BDR Homes now available! Live on the South Waterfront. Tour Today!,4800,Portland,2,0,2,45.495706,-122.669703,5,3750 SW River Parkway Portland OR US
6371429507,2017-11-02 16:35,https://portland.craigslist.org/mlt/apa/d/right-by-columbia-river-fully/6371429507.html,"RIGHT BY COLUMBIA RIVER, FULLY FURNISHED INCLUDES ALL UTILITIES",2180,"Jantzen Beach, Hayden Island, Portland",1,880,1,45.610405,-122.668083,5,N Hayden Bay Dr at N Hayden Island Dr Portland OR US
6371429483,2017-11-02 16:35,https://portland.craigslist.org/wsc/apa/d/3-bedroom-condo-in-bethany/6371429483.html,3 Bedroom Condo In Bethany! Lease by 11/9 & Receive $1000 Gift Card!,1727,Portland,3,1355,2,45.548300,-122.827600,22,16320 NW Canton Street Portland OR US
6355929142,2017-11-02 16:34,https://portland.craigslist.org/wsc/apa/d/quiet-condo-minutes-to/6355929142.html,Quiet condo minutes to downtown PDX/Hwy26.,1050,Sylvan Highlands,1,600,1,45.512332,-122.756810,0,
6348639139,2017-11-02 16:34,https://portland.craigslist.org/wsc/apa/d/lovely-2-bedroom-apartment/6348639139.html,Lovely 2 Bedroom Apartment... Waiting for You to Make it Home!,1350,Beaverton/Nike/Intel/Costco,2,824,1,45.512339,-122.844965,15,SW 163rd Ave at SW baseline Beaverton OR US
6335991174,2017-11-02 16:34,https://portland.craigslist.org/mlt/apa/d/1-bedroom-apartments-now/6335991174.html,1 Bedroom Apartments Now Available at Osprey ~ Tour Now !,1550,Portland,1,0,1,45.495714,-122.669681,5,3750 SW River Parkway Portland OR US
6371427985,2017-11-02 16:33,https://portland.craigslist.org/clc/apa/d/cozy-up-a-wood-burning/6371427985.html,Cozy Up w/ a Wood Burning Fireplace! 2 bed 2bath available for move in,1295,"Gladstone, Milwaukie, Clackamas,",2,970,2,45.430553,-122.634725,10,12730 se mcloughlin blvd milwaukie OR US
6371427888,2017-11-02 16:33,https://portland.craigslist.org/mlt/apa/d/immaculate-well-managed/6371427888.html,"Immaculate, Well Managed Community Next To Wood Village",1450,,2,1154,2.5,45.532259,-122.437855,20,21933 NE Chinook Way Fairview OR US
6371427785,2017-11-02 16:33,https://portland.craigslist.org/wsc/apa/d/2703-parking-space-included/6371427785.html,"#2703 Parking Space Included, Our Only Studio, Available Now!",1200,Beaverton,0,549,1,45.494531,-122.826520,10,15021 SW Millikan Way Beaverton OR US
6351519757,2017-11-02 16:33,https://portland.craigslist.org/clc/apa/d/last-1-bedroom-left-reserve/6351519757.html,Last 1 bedroom left! Reserve it FAST!,1250,"Gladstone, OR",1,634,1,45.390298,-122.584333,5,18181 Webster Rd Gladstone OR US
6371426773,2017-11-02 16:32,https://portland.craigslist.org/clc/apa/d/remodeled-2-bed-2-bath-top/6371426773.html,Remodeled 2 bed 2 bath Top Floor Vaulted Ceiling! 1 Month FREE,1675,Happy Valley,2,1054,2,45.439899,-122.564142,5,11545 SE Stevens Rd Happy Valley OR US
6336020211,2017-11-02 16:32,https://portland.craigslist.org/mlt/apa/d/incredible-amenities-amazing/6336020211.html,"Incredible Amenities, Amazing Leasing Deals at Osprey! Tour Now !",4800,Portland,2,0,2,45.495714,-122.669671,5,3750 SW River Parkway Portland OR US
6371426379,2017-11-02 16:32,https://portland.craigslist.org/mlt/apa/d/special-corner-2x2-luxurious/6371426379.html,*Special -Corner 2x2! Luxurious Living in Central NE! $0 Sec. Deposit!,2020,Convention Center/Lloyd District,2,985,2,45.530568,-122.662117,5,304 NE Multnomah St Portland OR US
6371426302,2017-11-02 16:32,https://portland.craigslist.org/wsc/apa/d/townhouse-for-rent/6371426302.html,Townhouse for rent,1450,washington county,2,1100,2.5,45.520100,-122.860400,22,"18591 NW Gateway Pl Baverton,Hillsboro OR US"
6371399326,2017-11-02 16:32,https://portland.craigslist.org/mlt/apa/d/gorgeous-1-bedroom-with-river/6371399326.html,"Gorgeous 1 Bedroom with a RIVER VIEW! Going, Going....!!!!!",1498,,1,703,1,45.484628,-122.673640,5,0444 SW Boundary St. Portland OR US
6335999027,2017-11-02 16:31,https://portland.craigslist.org/mlt/apa/d/luxurious-2-bedroom/6335999027.html,Luxurious 2 Bedroom Apartments W/ 6 Weeks of Free Rent! Call Today!,2110,Portland,2,0,2,45.495721,-122.669692,5,3750 SW River Parkway Portland OR US
6367019180,2017-11-02 16:31,https://portland.craigslist.org/clk/apa/d/beautiful-accessible-apartment/6367019180.html,Beautiful Accessible Apartment!,1214,Vancouver,2,1057,2,45.640375,-122.592211,15,NE Burton RD at 79th Ave Vancouver OR US
6371425523,2017-11-02 16:31,https://portland.craigslist.org/wsc/apa/d/2-bed-2-bath-with-attached/6371425523.html,2 bed 2 Bath With Attached Garage Ready Now!,1900,Main St. Village,2,0,2,45.428806,-122.775483,10,12650 SW Main St. Tigard OR US
6371425463,2017-11-02 16:31,https://portland.craigslist.org/wsc/apa/d/179-ne-milne-road-gas/6371425463.html,179 NE Milne Road ~ Gas Fireplace & Central Air!,1995,Hillsboro,3,1800,2.5,45.548748,-122.994332,10,179 NE Milne Road Hillsboro OR US
6354310462,2017-11-02 16:31,https://portland.craigslist.org/mlt/apa/d/luxury-living-centrally/6354310462.html,Luxury Living! Centrally Located in South Waterfront 1BDR - Call Now,1550,Portland,1,0,1,45.495706,-122.669703,5,3750 SW River Parkway Portland OR US
6371425386,2017-11-02 16:31,https://portland.craigslist.org/mlt/apa/d/free-rent-for-november-2/6371425386.html,FREE RENT FOR NOVEMBER!  2 Bedroom Near Laurelhurst Park,1395,Portland,2,0,1,45.518286,-122.631979,10,3225 SE Alder Ct. Portland OR US
6371392929,2017-11-02 16:31,https://portland.craigslist.org/wsc/apa/d/clean-2br-ranch-style-home/6371392929.html,CLEAN 2BR RANCH STYLE HOME,1495,Beaverton,2,931,1,45.483330,-122.824019,10,5072 SW Normandy Place Beaverton OR US
6371425056,2017-11-02 16:31,https://portland.craigslist.org/mlt/apa/d/apply-today-and-reserve-your/6371425056.html,Apply today and reserve your new studio for a December move in!,1355,7711 SW Capitol Hwy,0,439,1,45.458000,-122.707400,22,7711 SW Capital Hwy Portland OR US
6371402849,2017-11-02 16:31,https://portland.craigslist.org/wsc/apa/d/2-bedroom-1-bath-available-now/6371402849.html,2 Bedroom 1 Bath Available Now!,1095,Beaverton,2,896,1,,,,
6371424889,2017-11-02 16:31,https://portland.craigslist.org/clc/apa/d/special-deal-free-rent/6371424889.html,Special Deal! FREE RENT! Amazing 2 bed 1 bath in Desired Happy Valley,1495,Happy Valley,2,977,1,45.440055,-122.563752,10,11545 SE Stevens Rd Happy Valley OR US
6352535885,2017-11-02 16:31,https://portland.craigslist.org/mlt/apa/d/beautiful-modern-home-on/6352535885.html,Beautiful Modern Home on a Corner Lot,1595,14306 SE Powell Blvd,3,1275,2.5,45.499114,-122.516296,10,14306 SE Powell Blvd Portland OR US
6371424460,2017-11-02 16:30,https://portland.craigslist.org/mlt/apa/d/call-for-details-shop-at/6371424460.html,"Call for Details, Shop at Columbia Gorge Outlet Mall, Hardwood Floors",1947,Gresham,3,1178,2,,,,
6352701812,2017-11-02 16:30,https://portland.craigslist.org/mlt/apa/d/charming-3-bedroom-home-on/6352701812.html,Charming 3 Bedroom Home on Forested Lot,1695,3035 SE 118th Ave,3,1221,1,45.500283,-122.542143,10,3035 SE 118th Ave Portland OR US
6371423510,2017-11-02 16:29,https://portland.craigslist.org/clc/apa/d/spacious-top-floor-three/6371423510.html,Spacious Top Floor Three Bedroom In Desirable Villebois,1750,Wilsonville,3,1425,2,45.310791,-122.794361,22,28900 SW Villebois Drive Wilsonville OR US
6348485478,2017-11-02 16:29,https://portland.craigslist.org/mlt/apa/d/change-is-in-the-air-2x1/6348485478.html,Change is in the Air!! 2x1 TOWNHOUSE! -- Apt 36 --,1210,Portland/Gresham,2,1000,1,45.523045,-122.619994,15,19550 E Burnside St Portland OR US
6362419643,2017-11-02 16:29,https://portland.craigslist.org/mlt/apa/d/oh-yes-we-did-two-bed-1-bath/6362419643.html,Oh YES We DID! Two bed 1 bath $1210/Month,1210,gresham,2,1000,1,45.522011,-122.478723,15,19550 E Burnside St Portland OR US
6352867435,2017-11-02 16:29,https://portland.craigslist.org/mlt/apa/d/oh-yes-we-did-two-bed-1-bath/6352867435.html,Oh YES We DID! Two bed 1 bath $1215/Month,1215,gresham,2,1000,1,45.522011,-122.478723,15,19550 E Burnside St Portland OR US
6371423320,2017-11-02 16:29,https://portland.craigslist.org/mlt/apa/d/price-dropped-on-this-1/6371423320.html,Price Dropped On This 1 Bedroom With Views Of The Willamette River!,1660,,1,650,1,45.532196,-122.684096,10,1261 NW Overton Street Portland OR US
6371423282,2017-11-02 16:29,https://portland.craigslist.org/mlt/apa/d/only-1-left-studio-attached/6371423282.html,"Only 1 Left! STUDIO w/Attached Garage, Washer/Dryer!",1095,East Gresham,0,650,1,45.504926,-122.426008,15,
6353068241,2017-11-02 16:29,https://portland.craigslist.org/mlt/apa/d/lovely-2-bedrm-waiting-for/6353068241.html,Lovely 2 BedRM Waiting for You to Make it Home! --Apt 15--,1215,Portland,2,1000,1,45.522011,-122.478723,20,19550 E burnside st Portland OR US
6353074455,2017-11-02 16:29,https://portland.craigslist.org/mlt/apa/d/everything-you-need-under-one/6353074455.html,Everything you need under one Woof!! Pet friendly 2 bedroom Apartment,1215,gresham,2,1000,1,45.522011,-122.478723,20,19550 E Burnside St Portland OR US
6371423070,2017-11-02 16:29,https://portland.craigslist.org/mlt/apa/d/our-last-3-bedroom-available/6371423070.html,Our Last 3 Bedroom Available! Beautifully Renovated Just For You!,2008,Gateway,3,1348,2,45.520384,-122.557233,5,10320 SE Pine StreetÂ  Portland OR US
6371422469,2017-11-02 16:28,https://portland.craigslist.org/mlt/apa/d/piece-of-modern-tranquility/6371422469.html,A Piece of Modern Tranquility in the Pearl District can be yours!,2525,"Pearl, Downtown, NW",2,1097,2,45.533256,-122.683523,10,1447 NW 12th Ave at Pettygrove Portland OR US
6371422380,2017-11-02 16:28,https://portland.craigslist.org/mlt/apa/d/now-reserving-across-the/6371422380.html,NOW RESERVING!!!- ACROSS THE STREET FROM TRADER JOES,1250,"Lake Oswego, OR",2,1000,2,45.414057,-122.742519,5,Bangy at Bonita Lake Oswego OR US
6371422283,2017-11-02 16:28,https://portland.craigslist.org/clc/apa/d/studio-discover-this-quiet/6371422283.html,Studio. Discover this quiet setting tucked along Kellogg Creek.,1059,Oak Grove/Milwaukie,0,484,1,45.435009,-122.636998,20,12200 SE McLoughlin Blvd Milwaukie OR US
6371421922,2017-11-02 16:28,https://portland.craigslist.org/clc/apa/d/enjoy-life-on-your-huge/6371421922.html,Enjoy Life On Your HUGE BALCONY 2 bedroom 1 bath available for move in,1145,"SE PDX,Milwaukie,Downtown PDX, Clackamas",2,835,1,45.430983,-122.642790,10,12600 SE River Rd. Portland OR US
6371421609,2017-11-02 16:28,https://portland.craigslist.org/mlt/apa/d/come-look-and-lease-extra/6371421609.html,"Come Look and Lease, Extra Storage Space, Wood Burning Fireplace",1189,Gresham,1,832,1,,,,
6371421153,2017-11-02 16:27,https://portland.craigslist.org/clk/apa/d/wonderful-home-for-lease/6371421153.html,Wonderful Home for Lease - Prime Neighborhood,1850,East Vancouver,3,1885,2,45.635467,-122.512729,5,15500 NE 17th Circle at NE 155th Ave. Vancouver OR US
6371420840,2017-11-02 16:27,https://portland.craigslist.org/wsc/apa/d/home-for-the-holidays-2/6371420840.html,HOME FOR THE HOLIDAYS!!!!  2 BEDROOMS 1.5 BATHROOMS,1195,BEAVERTON,2,917,1.5,45.496300,-122.800100,22,ALLEN BLVD at SCHOLLS FERRY BEAVERTON OR US
6371412970,2017-11-02 16:27,https://portland.craigslist.org/wsc/apa/d/spectacular-sherwood-single/6371412970.html,Spectacular Sherwood Single level 3 bedroom + office!,2195,Sherwood,3,2063,2,45.350730,-122.860235,10,17808 SW Fitch Dr Sherwood OR US
6363752757,2017-11-02 16:26,https://portland.craigslist.org/mlt/apa/d/spacious-2-bedroom-with/6363752757.html,SPACIOUS 2 BEDROOM WITH WASHER/DRYER AND BUILT IN AC,1095,"Portland, OR",2,950,2,45.495410,-122.524995,10,13436 SE Bush Street Portland OR US
6363752158,2017-11-02 16:26,https://portland.craigslist.org/mlt/apa/d/spacious-2-bedroom-with/6363752158.html,SPACIOUS 2 BEDROOM WITH WASHER/DRYER AND BUILT IN AC,1095,"Portland, OR",2,950,2,45.495410,-122.524995,10,13436 SE Bush Street Portland OR US
6371420130,2017-11-02 16:26,https://portland.craigslist.org/clk/apa/d/come-in-and-see-us-we-have/6371420130.html,Come in and see us... we have specials!,1319,Vancouver,2,1082,2,45.639998,-122.591887,5,NE Burton RD at 79th Ave Vancouver OR US
6363751619,2017-11-02 16:26,https://portland.craigslist.org/mlt/apa/d/spacious-2-bedroom-with/6363751619.html,SPACIOUS 2 BEDROOM WITH WASHER/DRYER AND BUILT IN AC,1095,"Portland, OR",2,950,2,45.495410,-122.524995,10,13436 SE Bush Street Portland OR US
6371420047,2017-11-02 16:26,https://portland.craigslist.org/mlt/apa/d/patio-level-apt-103-in-gated/6371420047.html,Patio Level Apt #103 in Gated Courtyard $500 OFF Fall Special!!!!,2394,Pearl District,2,1010,2,45.529598,-122.682366,10,931 NW 11th Ave Portland OR US
6371419830,2017-11-02 16:26,https://portland.craigslist.org/clc/apa/d/hurry-and-take-advantage-of/6371419830.html,Hurry and Take Advantage Of Great Specials - Two Weeks FREE!!,1350,,2,928,2,45.448992,-122.594075,5,10303 SE Bell Ave Milwaukie OR US
6371419608,2017-11-02 16:26,https://portland.craigslist.org/clc/apa/d/beautiful-2-bed-2-bath-main/6371419608.html,Beautiful 2 bed 2 bath Main level Almost Ready! ONE MONTH FREE!,1395,Happy Valley,2,968,2,45.439824,-122.564163,7,11545 SE Stevens Rd Happy Valley OR US
6371419219,2017-11-02 16:25,https://portland.craigslist.org/mlt/apa/d/this-is-one-swell-one-bedroom/6371419219.html,"This Is One Swell One Bedroom, Come See For Yourself!",1949,19th & Johnson,0,717,1,45.527000,-122.685400,22,777 NW 19th Avenue Portland OR US
6371419143,2017-11-02 16:25,https://portland.craigslist.org/mlt/apa/d/convenient-location-picnic/6371419143.html,"Convenient Location, Picnic Center, Oversized Bedrooms",1055,Gresham,2,865,1,45.509034,-122.396928,10,3500 NE 17th St. Gresham OR US
6368540893,2017-11-02 16:25,https://portland.craigslist.org/mlt/apa/d/great-location-hillsdale-ohsu/6368540893.html,GREAT LOCATION! HILLSDALE/OHSU/MULTNOMAH VILLAGE,1300,Hillsdale,2,850,1,45.479103,-122.691607,10,6235 SW Burlingame Ave. Portland OR US
6371418852,2017-11-02 16:25,https://portland.craigslist.org/mlt/apa/d/comfort-and-convenience-bbq/6371418852.html,"Comfort and Convenience, BBQ, Minutes to Golf Course",1055,Gresham,2,865,1,45.509034,-122.396928,10,3500 NE 17th St. Gresham OR US
6371418143,2017-11-02 16:24,https://portland.craigslist.org/wsc/apa/d/sellwood-close-in-2-bedroom/6371418143.html,"SELLWOOD, CLOSE IN 2 BEDROOM",1180,1237 SE Linn St.,2,800,1,45.459331,-122.653004,15,Linn St. at 13th Portland OR US
6371417830,2017-11-02 16:24,https://portland.craigslist.org/mlt/apa/d/large-studio-bonus-room-899/6371417830.html,Large Studio w/Bonus Room $899 Move-In Special- 2 Available Now!,899,Portland,0,495,1,45.454633,-122.712107,10,9863 SW 35th Drive at Huber Portland OR US
6368493110,2017-11-02 16:24,https://portland.craigslist.org/mlt/apa/d/beautiful-updated-bungalow/6368493110.html,"Beautiful, updated Bungalow w/ separate living below!",2395,Portland,4,1618,2,45.542422,-122.595365,10,2726 NE 66TH AVE PORTLAND OR US
6371417710,2017-11-02 16:24,https://portland.craigslist.org/mlt/apa/d/alberta-arts-2-bedroom/6371417710.html,Alberta Arts 2 Bedroom Apartment,1550,"5400 NE 30th, PDX",2,700,1,45.562103,-122.634889,10,5400 NE 30th Ave Portland OR US
6371417588,2017-11-02 16:24,https://portland.craigslist.org/clk/apa/d/reduced-prices-largest-living/6371417588.html,****REDUCED PRICES! LARGEST LIVING ROOMS***,1300,3214 NE 62nd Avenue,2,1082,1.5,45.645287,-122.608506,0,3214 NE 62nd Ave at E fourth plain vancouver OR US
6371417289,2017-11-02 16:24,https://portland.craigslist.org/mlt/apa/d/large-studio-bonus-room-899/6371417289.html,Large Studio w/Bonus Room $899 Move-In Special- 2 Available Now!,899,Portland,0,495,1,45.454633,-122.712107,10,9863 SW 35th Drive at Huber Portland OR US
6371416526,2017-11-02 16:23,https://portland.craigslist.org/mlt/apa/d/huge-2-bed-in-peaceful/6371416526.html,"HUGE 2-bed in Peaceful, Beautifully Landscaped Tree-Filled Community",1100,9863 SW 35th Drive,2,875,1,45.454633,-122.712107,10,9863 SW 35th Drive at Huber Portland OR US
6371415655,2017-11-02 16:22,https://portland.craigslist.org/clk/apa/d/dining-room-for-large-dining/6371415655.html,***DINING ROOM FOR LARGE DINING TABLE!*****,1300,3214 NE 62nd Avenue,2,1082,1.5,45.645287,-122.608506,0,3214 NE 62nd Ave at E fourth plain vancouver OR US
6371415493,2017-11-02 16:22,https://portland.craigslist.org/clc/apa/d/do-not-look-past-this-three/6371415493.html,Do not look past this three bedroom special at Village at Main Street!,1290,"30050 SW Town Center Loop West, Wilsonville, OR 97070",2,810,1,45.303178,-122.765817,5,30050 SW Town Center Loop West Wilsonville OR US
6371413870,2017-11-02 16:21,https://portland.craigslist.org/yam/apa/d/the-world-is-your-oyster-here/6371413870.html,The world is your oyster here!,1370,"Wilsonville, Tigard, Portland",3,1181,2,45.303178,-122.765817,5,30050 SW Town Center Loop West Wilsonville OR US
6371413511,2017-11-02 16:20,https://portland.craigslist.org/mlt/apa/d/quiet-cozy-ideal-location/6371413511.html,Quiet & Cozy Ideal Location! Visit Your New Home Today!,1085,Portland,2,875,1,,,,
6371413495,2017-11-02 16:20,https://portland.craigslist.org/clk/apa/d/be-the-first-to-live-in-this/6371413495.html,Be the first to live in this home! One month free + $500 off move in!,1535,11806 NE 122nd Ave,2,1048,2,45.664400,-122.521200,22,
6371413474,2017-11-02 16:20,https://portland.craigslist.org/clk/apa/d/modern-conveniences/6371413474.html,"Modern Conveniences & Entertainment, All Within Your Reach.",1335,Vancouver,2,1025,2,45.658047,-122.599111,10,4714 Ne 72nd Ave Vancouver OR US
6371413403,2017-11-02 16:20,https://portland.craigslist.org/clk/apa/d/nice-community-free-assigned/6371413403.html,***NICE COMMUNITY! FREE ASSIGNED PARKING**,1300,3214 NE 62nd Avenue,2,1082,1.5,45.645287,-122.608506,0,3214 NE 62nd Ave at E fourth plain vancouver OR US
6353955043,2017-11-02 16:20,https://portland.craigslist.org/mlt/apa/d/large-3bed-2bath-north/6353955043.html,Large 3Bed 2Bath North Portland house for rent by owner,2400,North Portland,3,2250,2,45.578633,-122.672338,15,Kerby at Baldwin Portland OR US
6371412652,2017-11-02 16:19,https://portland.craigslist.org/clc/apa/d/ready-now-one-month-free/6371412652.html,Ready Now! ONE MONTH FREE! Amazing 2 beds 2 bath in Happy Valley,1355,Happy Valley,2,968,2,45.439824,-122.564163,7,11545 SE Stevens Rd Happy Valley OR US
6371412486,2017-11-02 16:19,https://portland.craigslist.org/clc/apa/d/1-bedroom-1-bathroom-you-will/6371412486.html,1 Bedroom 1 Bathroom You Will Love!!!  Tour Today!!!!,1070,Clackamas,1,623,1,45.419758,-122.555530,10,10555 SE Mather Road Clackamas OR US
6371411951,2017-11-02 16:19,https://portland.craigslist.org/wsc/apa/d/moving-in-november-1x1-with/6371411951.html,"Moving In November?? 1x1 With Washer/Dryer, 24 Hour Gym!!",1175,11430 SW Bull Mountain Road,1,700,1,45.409400,-122.801400,22,
6371411911,2017-11-02 16:19,https://portland.craigslist.org/mlt/apa/d/beautiful-21-wont-last-call/6371411911.html,Beautiful 2+1 wont last CALL TODAY!,1150,East Gresham,2,800,1,45.505751,-122.423609,0,
6371411855,2017-11-02 16:19,https://portland.craigslist.org/clk/apa/d/fully-non-smoking-throughout/6371411855.html,**FULLY NON SMOKING THROUGHOUT***,1300,3214 NE 62nd Avenue,2,1082,1.5,45.645287,-122.608506,0,3214 NE 62nd Ave at E fourth plain vancouver OR US
6371411532,2017-11-02 16:19,https://portland.craigslist.org/wsc/apa/d/beautiful-4-bdr-with-master/6371411532.html,"Beautiful 4 Bdr with master suite! Walk- in closet, AC!",2295,Beaverton,4,2400,2.5,45.520100,-122.860400,22,4188 NW Diamondback Dr. Beaverton OR US
6371411414,2017-11-02 16:18,https://portland.craigslist.org/clc/apa/d/newly-renovated-two-by-two/6371411414.html,"Newly Renovated Two By Two, We've Got The Perfect Home For You!",1733,"Lake Oswego, Mountain Park, Westlake",2,1149,2,45.430977,-122.718140,10,2 Jefferson Parkway Lake Oswego OR US
6371411197,2017-11-02 16:18,https://portland.craigslist.org/clc/apa/d/hi-im-in-need-of-person-or/6371411197.html,Hi I'm in need of a person/s or couple to take a bedroom 730 a month.,730,Milwaukie,2,0,1,45.431758,-122.642215,10,12601 se river road Milwaukie OR US
6371411031,2017-11-02 16:18,https://portland.craigslist.org/wsc/apa/d/17525-nw-woodmere-court/6371411031.html,17525 NW Woodmere Court ~ spacious and loaded,1895,Beaverton,3,1850,2.5,45.524946,-122.857136,5,17525 NW Woodmere Court Beaverton OR US
6371410988,2017-11-02 16:18,https://portland.craigslist.org/clc/apa/d/everything-you-could-want/6371410988.html,"Everything You Could Want, Near Everywhere You Need to Be!! Tour Today",1195,Clackamas,2,852,1,45.419758,-122.555530,10,10555 SE Mather Road Clackamas OR US
6371410666,2017-11-02 16:18,https://portland.craigslist.org/clc/apa/d/snuggle-by-the-fireplace-in/6371410666.html,Snuggle by the FIREPLACE in your NEW TWO BEDROOM Apartment  HOME!!,1095,3624 SE Westview,2,850,1,45.402100,-122.614400,22,concord at westview m OR US
6371410669,2017-11-02 16:18,https://portland.craigslist.org/clc/apa/d/2-bedrooms-huge-kitchen-pet/6371410669.html,* 2 Bedrooms * Huge Kitchen * Pet Friendly * Lush Landscaping *,1214,Wilsonville,2,0,1,45.312687,-122.764362,20,8750 Sw Ash Meadows RD Wilsonville OR US
6371410327,2017-11-02 16:17,https://portland.craigslist.org/wsc/apa/d/spacious-home-with-amazing/6371410327.html,Spacious home with amazing views/Bonus/Garage/AC,2495,Tigard,4,3700,3.5,45.421453,-122.815500,10,13781 SW Benchview Place Portland OR US
6371410121,2017-11-02 16:17,https://portland.craigslist.org/wsc/apa/d/new-appliances-in-our-updated/6371410121.html,New Appliances In Our Updated 2 Bed 1.5 Bath with a $300 GC,1295,"Tigard, Hwy 99",2,900,1.5,45.429042,-122.776387,10,9685 SW Johnson Street Tigard OR US
6371395045,2017-11-02 16:17,https://portland.craigslist.org/mlt/apa/d/523-the-studio-of-your-dreams/6371395045.html,#523 The Studio Of Your Dreams. Immerse Yourself In Portland!,1295,1850 NW Front,0,560,1,45.536221,-122.685542,10,1850 NW Front Portland OR US
6371399964,2017-11-02 16:16,https://portland.craigslist.org/wsc/apa/d/huge-1bed-walk-in-closet-fall/6371399964.html,"Huge 1Bed W/Walk In Closet Fall In Love With The Gym, Pool, & Theatre!",1170,Beaverton,1,752,1,45.527322,-122.890039,10,20700 NW Trailwalk Dr Beaverton OR US
6371409005,2017-11-02 16:16,https://portland.craigslist.org/mlt/apa/d/call-for-details-easy-freeway/6371409005.html,"Call for Details, Easy Freeway Access, Private Patio or Balcony",1329,Gresham,2,1050,2,,,,
6371402014,2017-11-02 16:16,https://portland.craigslist.org/wsc/apa/d/cozy-cottage-with-crazy-move/6371402014.html,Cozy Cottage with CRAZY move in special!  Call for details!,1267,Portland,2,826,1,45.541748,-122.864944,10,18205 NW Bronson Road Portland OR US
6362302893,2017-11-02 16:16,https://portland.craigslist.org/clc/apa/d/open-house-hidden-oasis-only/6362302893.html,Open House - Hidden oasis only minutes from Portland,1095,Milwaukie,2,730,1,45.459514,-122.615404,5,4611 SE Brookside Dr. Milwaukie OR US
6371407979,2017-11-02 16:15,https://portland.craigslist.org/mlt/apa/d/these-boots-are-made-for-walk/6371407979.html,These boots are made for walk score 97! One month Free!,1319,Lloyd District,1,648,1,45.529439,-122.658610,10,1425 Northeast 7th Avenue Portland OR US
6371397200,2017-11-02 16:15,https://portland.craigslist.org/clk/apa/d/high-security-unusual-privacy/6371397200.html,High Security / Unusual Privacy / Rare Condo Rental Opp / 2Bedrm-2Bath,1395,Vancouver (Salmon Creek,2,1150,2,45.723229,-122.650251,5,14019 NE 20th Ave Vancouver OR US
6371407544,2017-11-02 16:15,https://portland.craigslist.org/mlt/apa/d/starting-now-as-low-asweeks/6371407544.html,Starting NOW as low as $850 * 6 WEEKS FREE* Move B4 the Holidays,850,Downtown,0,215,1,45.517715,-122.685678,10,1126 SW 12th Avenue at Main Portland OR US
6371407272,2017-11-02 16:15,https://portland.craigslist.org/clk/apa/d/cozy-up-in-your-new-home-at/6371407272.html,Cozy up in your new home at FOX POINTE. Come in and apply today!**,970,Vancouver,1,640,1,45.643688,-122.613559,5,3009 NE 57th Ave. Vancouver OR US
6371407211,2017-11-02 16:15,https://portland.craigslist.org/clk/apa/d/call-us-for-new-special-stop/6371407211.html,Call us for a NEW SPECIAL!! Stop by and tour!,1140,Vancouver,1,0,1,45.655763,-122.557061,5,4619 NE 112th Ave Vancouver OR US
6371407008,2017-11-02 16:14,https://portland.craigslist.org/clc/apa/d/fall-in-love-with-street/6371407008.html,FALL in Love with D Street Village! Modern Living w/Ample Lighting!,1350,"SE Portland, Division Street, Clinton",1,519,1,45.504798,-122.632961,10,3150 SE Division St Portland OR US
6371406766,2017-11-02 16:14,https://portland.craigslist.org/wsc/apa/d/settle-in-this-fall-in-your/6371406766.html,Settle in this fall in your cozy 1 bed 🍁☕ move in specials just 4,1025,Scappoose,1,569,1,45.758687,-122.873966,10,52588 NE Sawyer st. Scappoose OR US
6371406747,2017-11-02 16:14,https://portland.craigslist.org/mlt/apa/d/spacious-home-with-views-and/6371406747.html,Spacious home with views and mother-in-law suite/Master on main,4995,Portland Heights,4,4000,2.5,45.505217,-122.687624,10,2622 SW Chelmsford Ave Portland OR US
6371397395,2017-11-02 16:14,https://portland.craigslist.org/wsc/apa/d/quatama-crossing-has-hot-tub/6371397395.html,"QUATAMA CROSSING HAS A HOT TUB, POOL, THEATER, & BASKETBALL COURT!?",1320,Beaverton,2,1054,2,45.527322,-122.890039,10,20700 NW Trailwalk Dr Beaverton OR US
6371405804,2017-11-02 16:13,https://portland.craigslist.org/clc/apa/d/dont-settle-find-the-place/6371405804.html,Don't Settle!! Find The Place You Love!!!! Tour Today!!,1275,Clackamas,2,877,2,45.419758,-122.555530,10,10555 SE Mather Road Clackamas OR US
6371392114,2017-11-02 16:13,https://portland.craigslist.org/wsc/apa/d/orenco-garden-well-maintained/6371392114.html,ORENCO GARDEN WELL MAINTAINED 3BR!!!!,1750,Hillsboro,3,1700,2.5,45.523991,-122.917218,20,722 NE 62nd Avenue Hillsboro OR US
6371393822,2017-11-02 16:13,https://portland.craigslist.org/wsc/apa/d/fall-out-of-summer-into-new/6371393822.html,Fall Out Of Summer & Into A New Home! Cozy 1Bed!,1190,Beaverton,1,706,1,45.527322,-122.890039,10,20700 NW Trailwalk Dr Beaverton OR US
6371404947,2017-11-02 16:13,https://portland.craigslist.org/wsc/apa/d/charming-ranch-style-home-on/6371404947.html,Charming ranch-style home on spacious corner lot,2000,"11870 SW Park Way, Portland OR 97225",3,1104,2,,,,
6371404768,2017-11-02 16:12,https://portland.craigslist.org/mlt/apa/d/birdsdale-2-bedroom-one-bath/6371404768.html,"Birdsdale 2 Bedroom one Bath with Garage, AC and a View",1350,Gresham,2,900,1,45.502643,-122.454994,10,785 NW Birdsdale Ave Gresham OR US
6371395045,2017-11-02 16:17,https://portland.craigslist.org/mlt/apa/d/523-the-studio-of-your-dreams/6371395045.html,#523 The Studio Of Your Dreams. Immerse Yourself In Portland!,1295,1850 NW Front,0,560,1,45.536221,-122.685542,10,1850 NW Front Portland OR US
6371399964,2017-11-02 16:16,https://portland.craigslist.org/wsc/apa/d/huge-1bed-walk-in-closet-fall/6371399964.html,"Huge 1Bed W/Walk In Closet Fall In Love With The Gym, Pool, & Theatre!",1170,Beaverton,1,752,1,45.527322,-122.890039,10,20700 NW Trailwalk Dr Beaverton OR US
6371409005,2017-11-02 16:16,https://portland.craigslist.org/mlt/apa/d/call-for-details-easy-freeway/6371409005.html,"Call for Details, Easy Freeway Access, Private Patio or Balcony",1329,Gresham,2,1050,2,,,,
6371402014,2017-11-02 16:16,https://portland.craigslist.org/wsc/apa/d/cozy-cottage-with-crazy-move/6371402014.html,Cozy Cottage with CRAZY move in special!  Call for details!,1267,Portland,2,826,1,45.541748,-122.864944,10,18205 NW Bronson Road Portland OR US
6362302893,2017-11-02 16:16,https://portland.craigslist.org/clc/apa/d/open-house-hidden-oasis-only/6362302893.html,Open House - Hidden oasis only minutes from Portland,1095,Milwaukie,2,730,1,45.459514,-122.615404,5,4611 SE Brookside Dr. Milwaukie OR US
6371407979,2017-11-02 16:15,https://portland.craigslist.org/mlt/apa/d/these-boots-are-made-for-walk/6371407979.html,These boots are made for walk score 97! One month Free!,1319,Lloyd District,1,648,1,45.529439,-122.658610,10,1425 Northeast 7th Avenue Portland OR US
6371397200,2017-11-02 16:15,https://portland.craigslist.org/clk/apa/d/high-security-unusual-privacy/6371397200.html,High Security / Unusual Privacy / Rare Condo Rental Opp / 2Bedrm-2Bath,1395,Vancouver (Salmon Creek,2,1150,2,45.723229,-122.650251,5,14019 NE 20th Ave Vancouver OR US
6371407544,2017-11-02 16:15,https://portland.craigslist.org/mlt/apa/d/starting-now-as-low-asweeks/6371407544.html,Starting NOW as low as $850 * 6 WEEKS FREE* Move B4 the Holidays,850,Downtown,0,215,1,45.517715,-122.685678,10,1126 SW 12th Avenue at Main Portland OR US
6371407272,2017-11-02 16:15,https://portland.craigslist.org/clk/apa/d/cozy-up-in-your-new-home-at/6371407272.html,Cozy up in your new home at FOX POINTE. Come in and apply today!**,970,Vancouver,1,640,1,45.643688,-122.613559,5,3009 NE 57th Ave. Vancouver OR US
6371407211,2017-11-02 16:15,https://portland.craigslist.org/clk/apa/d/call-us-for-new-special-stop/6371407211.html,Call us for a NEW SPECIAL!! Stop by and tour!,1140,Vancouver,1,0,1,45.655763,-122.557061,5,4619 NE 112th Ave Vancouver OR US
6371407008,2017-11-02 16:14,https://portland.craigslist.org/clc/apa/d/fall-in-love-with-street/6371407008.html,FALL in Love with D Street Village! Modern Living w/Ample Lighting!,1350,"SE Portland, Division Street, Clinton",1,519,1,45.504798,-122.632961,10,3150 SE Division St Portland OR US
6371406766,2017-11-02 16:14,https://portland.craigslist.org/wsc/apa/d/settle-in-this-fall-in-your/6371406766.html,Settle in this fall in your cozy 1 bed 🍁☕ move in specials just 4,1025,Scappoose,1,569,1,45.758687,-122.873966,10,52588 NE Sawyer st. Scappoose OR US
6371406747,2017-11-02 16:14,https://portland.craigslist.org/mlt/apa/d/spacious-home-with-views-and/6371406747.html,Spacious home with views and mother-in-law suite/Master on main,4995,Portland Heights,4,4000,2.5,45.505217,-122.687624,10,2622 SW Chelmsford Ave Portland OR US
6371397395,2017-11-02 16:14,https://portland.craigslist.org/wsc/apa/d/quatama-crossing-has-hot-tub/6371397395.html,"QUATAMA CROSSING HAS A HOT TUB, POOL, THEATER, & BASKETBALL COURT!?",1320,Beaverton,2,1054,2,45.527322,-122.890039,10,20700 NW Trailwalk Dr Beaverton OR US
6371405804,2017-11-02 16:13,https://portland.craigslist.org/clc/apa/d/dont-settle-find-the-place/6371405804.html,Don't Settle!! Find The Place You Love!!!! Tour Today!!,1275,Clackamas,2,877,2,45.419758,-122.555530,10,10555 SE Mather Road Clackamas OR US
6371392114,2017-11-02 16:13,https://portland.craigslist.org/wsc/apa/d/orenco-garden-well-maintained/6371392114.html,ORENCO GARDEN WELL MAINTAINED 3BR!!!!,1750,Hillsboro,3,1700,2.5,45.523991,-122.917218,20,722 NE 62nd Avenue Hillsboro OR US
6371393822,2017-11-02 16:13,https://portland.craigslist.org/wsc/apa/d/fall-out-of-summer-into-new/6371393822.html,Fall Out Of Summer & Into A New Home! Cozy 1Bed!,1190,Beaverton,1,706,1,45.527322,-122.890039,10,20700 NW Trailwalk Dr Beaverton OR US
6371404947,2017-11-02 16:13,https://portland.craigslist.org/wsc/apa/d/charming-ranch-style-home-on/6371404947.html,Charming ranch-style home on spacious corner lot,2000,"11870 SW Park Way, Portland OR 97225",3,1104,2,,,,
6371404768,2017-11-02 16:12,https://portland.craigslist.org/mlt/apa/d/birdsdale-2-bedroom-one-bath/6371404768.html,"Birdsdale 2 Bedroom one Bath with Garage, AC and a View",1350,Gresham,2,900,1,45.502643,-122.454994,10,785 NW Birdsdale Ave Gresham OR US
6371404638,2017-11-02 16:12,https://portland.craigslist.org/clc/apa/d/3-bed-2-bath-you-dont-wanna/6371404638.html,3 Bed 2 Bath!!! You Don't Wanna Miss This! Secluded Location!!,1450,Clackamas,3,1022,2,45.419758,-122.555530,10,10555 SE Mather Road Clackamas OR US
6371403951,2017-11-02 16:12,https://portland.craigslist.org/mlt/apa/d/1x1-with-spacious-kitchen/6371403951.html,"1x1 with a Spacious Kitchen, Unique Design and Style! Call us today!",1215,"3035 NE MARTIN LUTHER KING JR BLVD, PORTLAND, OR 97212",1,552,1,45.544100,-122.642300,5,3035 NE MARTIN LUTHER KING JR BLVD PORTLAND OR US
6371403645,2017-11-02 16:11,https://portland.craigslist.org/clk/apa/d/great-location-one-bedroom/6371403645.html,Great Location ~  One Bedroom with Cozy Fireplace!!,1115,,1,697,1,45.620806,-122.502558,7,16801 SE 1st ST at 1 Vancouver OR US
6371391081,2017-11-02 16:11,https://portland.craigslist.org/wsc/apa/d/4br-traditional-in-bethany/6371391081.html,4BR TRADITIONAL IN BETHANY,1995,Portland,4,2046,3,45.556482,-122.833745,10,15365 NW Decatur Way Portland OR US
6371403179,2017-11-02 16:11,https://portland.craigslist.org/wsc/apa/d/17963-sw-brisk-ln/6371403179.html,17963 SW Brisk Ln.,1795,Beaverton,3,1530,2.5,45.473998,-122.861985,5,17963 SW Brisk Lane Beaverton OR US
6345199745,2017-11-02 16:11,https://portland.craigslist.org/clc/apa/d/valley-view-4-wks-free-new/6345199745.html,830-408! VALLEY VIEW! 4 WKS FREE! NEW CARPET! FREE GARAGE! HURRY IN!,1665,Happy Valley,3,1156,2,45.444600,-122.537200,22,14712 SE Misty Drive Happy Valley OR US
6371402661,2017-11-02 16:11,https://portland.craigslist.org/wsc/apa/d/dont-miss-out-on-this-price/6371402661.html,Don't miss out on this price! It won't last long!,1007,"Tigard, OR",1,661,1,45.409400,-122.801400,22,
6334070155,2017-11-02 16:10,https://portland.craigslist.org/clc/apa/d/5-wks-free-free-garage-this/6334070155.html,5 WKS FREE! FREE GARAGE! THIS WON'T LAST! STAINLESS STEEL! GRANITE!,1450,Happy Valley,2,1045,2,45.425157,-122.511957,0,14712 SE Misty Dr. Happy Valley OR US
6371402321,2017-11-02 16:10,https://portland.craigslist.org/mlt/apa/d/furbabies-welcome-furparents/6371402321.html,#Furbabies welcome. #Furparents too. @ASA Flats+Lofts,1798,Pearl District - Downtown,1,832,1,45.530781,-122.683422,15,NW Marshall St. at NW 12th Ave. Portland OR US
6371401805,2017-11-02 16:10,https://portland.craigslist.org/clk/apa/d/one-bedroom-one-bath-covered/6371401805.html,ONE BEDROOM ONE BATH COVERED PARKING INCLUDED,1115,,1,697,1,45.620806,-122.502558,7,16801 SE 1st ST at 1 Vancouver OR US
6371401682,2017-11-02 16:10,https://portland.craigslist.org/mlt/apa/d/dont-miss-out-on-this-top/6371401682.html,Don't Miss Out on This Top-Floor Corner With a Water View!,2256,"Portland, Downtown, Pearl, Alphabet",2,1168,2,45.537866,-122.688450,10,2080 NW Front Ave Portland OR US
6371395413,2017-11-02 16:09,https://portland.craigslist.org/mlt/apa/d/live-rent-free-until-december/6371395413.html,"Live rent FREE until December 1st, Live at TreeHouse on Marquam Hill.",1100,SW Portland/Waterfront/South/OHSU/DT PDX,0,0,1,45.498206,-122.689504,10,3440 SW US Veterans Hospital Rd Portland OR US
6371400878,2017-11-02 16:09,https://portland.craigslist.org/mlt/apa/d/bark-bark-bark-live-at/6371400878.html,Bark! Bark! Bark! Live At Gallery Park!,1895,Downtown,2,849,2,45.514693,-122.683258,5,1436 SW Park AveÂ  Portland OR US
6371400588,2017-11-02 16:09,https://portland.craigslist.org/mlt/apa/d/amazing-deals-right-now-on/6371400588.html,Amazing deals right now on this 2 bedⓁⓔⓐⓢⓔ ⓣ,1195,Scappoose,2,749,1,45.758687,-122.873966,10,52588 NE Sawyer st. Scappoose OR US
6371400490,2017-11-02 16:09,https://portland.craigslist.org/mlt/apa/d/awesome-amenities-great-staff/6371400490.html,"Awesome Amenities, Great Staff and Downtown All At Your Convenience!",1612,"SW Portland, Downtown, PSU, OHSU",1,795,1,45.514196,-122.684777,5,
6371400289,2017-11-02 16:09,https://portland.craigslist.org/mlt/apa/d/professionally-managed/6371400289.html,"Professionally Managed, Fireplace Lounge, Minutes to Golf Course",1210,Gresham,3,1029,2,45.509034,-122.396928,10,3500 NE 17th St. Gresham OR US
6368501410,2017-11-02 16:08,https://portland.craigslist.org/wsc/apa/d/autumn-hill-subdivision/6368501410.html,"Autumn Hill Subdivision - Beautiful Three Bedroom, Three Bath Home",2195,"13710 Mapleview Lane, Tigard, OR",3,2220,3,45.406478,-122.817950,22,13710 Mapleview Lane Tigard OR US
6371391442,2017-11-02 16:08,https://portland.craigslist.org/wsc/apa/d/spacious-and-bright-sexton-mt/6371391442.html,SPACIOUS AND BRIGHT SEXTON MT. CONDO,1695,,3,1600,2.5,45.452839,-122.828918,10,14741 SW Beard Road Beaverton OR US
6371398670,2017-11-02 16:07,https://portland.craigslist.org/mlt/apa/d/the-three-cs-of-fall-comfy/6371398670.html,"The Three C's Of Fall: Comfy, Cozy, Cordelia! Tour The Cordelia Today!",1460,19th & Johnson,1,613,1,45.527000,-122.685400,22,777 NW 19th Avenue Portland OR US
6371389634,2017-11-02 16:07,https://portland.craigslist.org/clk/apa/d/3-bedroom-house-for-rent-96th/6371389634.html,3 Bedroom House for Rent - 96th St.,1700,"Vancouver, WA",3,1794,1.5,45.691400,-122.580500,22,10800 NE 96th St Vancouver OR US
6371397311,2017-11-02 16:06,https://portland.craigslist.org/wsc/apa/d/beautiful-3-bedroom-2-bath/6371397311.html,Beautiful 3 Bedroom / 2 Bath Available Soon!!,1450,Beaverton,3,1110,2,45.511022,-122.846076,10,1248 SW Kiley Way Beaverton OR US
6371397092,2017-11-02 16:06,https://portland.craigslist.org/mlt/apa/d/rainy-days-bright-new-home/6371397092.html,☁ Rainy Days - Bright New Home! ☁ Large Vintage 1x1 *FREE RENT*,1330,Portland,1,763,1,45.516855,-122.687453,10,1232 SW Jefferson Portland OR US
6371396641,2017-11-02 16:05,https://portland.craigslist.org/clc/apa/d/spacious-2nd-floor-apartment/6371396641.html,Spacious 2nd Floor Apartment With Vaulted Ceilings,899,"Milwaukie, OR",1,600,1,45.441570,-122.635210,0,
6371396596,2017-11-02 16:05,https://portland.craigslist.org/mlt/apa/d/why-not-walk-to-work-live/6371396596.html,Why not walk to work? Live rent free until December on Marquam Hill!,2340,SW Portland/Waterfront/South/OHSU/DT PDX,2,0,1,45.498206,-122.689504,10,3440 US Veterans Hospital Rd. Portland OR US
6371395990,2017-11-02 16:05,https://portland.craigslist.org/wsc/apa/d/seeing-is-be-leaf-ing-top/6371395990.html,"Seeing Is Be-leaf-ing! Top Floor 2Bed/2Bath, Coming Soon!!!",1375,Beaverton,2,1051,2,45.527322,-122.890039,10,20700 NW Trailwalk Dr Beaverton OR US
6371395441,2017-11-02 16:04,https://portland.craigslist.org/wsc/apa/d/13470-sw-berthold-street/6371395441.html,13470 SW Berthold Street,1495,Beaverton,3,942,1,45.480445,-122.815089,5,13470 SW Berthold Street Beaverton OR US
6371395248,2017-11-02 16:04,https://portland.craigslist.org/clc/apa/d/amazing-opportunity-at/6371395248.html,Amazing Opportunity at Village at Main Street!,1370,"30050 SW Town Center Loop West, Wilsonville, OR 97070",3,1181,2,45.303178,-122.765817,5,30050 SW Town Center Loop West Wilsonville OR US
6371394816,2017-11-02 16:04,https://portland.craigslist.org/wsc/apa/d/new-season-new-savings-ask/6371394816.html,New Season New Savings! 🍂 Ask About Our Specials 📞 3 bed availab,1395,Scappoose,3,929,1,45.758687,-122.873966,10,52588 NE Sawyer st. Scappoose OR US
6371394734,2017-11-02 16:04,https://portland.craigslist.org/mlt/apa/d/2-bedroom-under-2000-on-the/6371394734.html,2 Bedroom Under $2000 On The South Waterfront???  Last One!,1753,,2,955,2,45.484658,-122.673576,5,0444 SW Boundary Street Portland OR US
6371394213,2017-11-02 16:03,https://portland.craigslist.org/mlt/apa/d/luxury-apartment-community/6371394213.html,• Luxury Apartment Community • Great Staff • Pet Friendly •,1320,Gresham,2,924,2,45.486016,-122.467578,10,1500 SW Pleasant View Dr. Gresham OR US
6368373294,2017-11-02 16:03,https://portland.craigslist.org/wsc/apa/d/new-3x2-free-garage-s/6368373294.html,New 3x2! Free Garage! S/S Appliances~Granite~Roman Tub!,1690,Hillsboro/Beaverton/ Nike/Intel,3,1140,2,,,,
6362506276,2017-11-02 16:03,https://portland.craigslist.org/wsc/apa/d/luxury-2x2-free-xl-garage/6362506276.html,Luxury 2x2 W/ FREE XL Garage! Walk to Max! New Dog Park! Fireplace!,1565,Hillsboro,2,1029,2,45.520100,-122.860400,0,
6363232589,2017-11-02 16:03,https://portland.craigslist.org/wsc/apa/d/new-2x2-stainless-steel-d/6363232589.html,New 2x2-Stainless Steel- W/D- FREE CARPORT! Walk to Max!,1365,Hillsboro,2,881,2,45.516517,-122.886089,10,20316 SW Kirkwood Street Beaverton OR US
6349849765,2017-11-02 16:03,https://portland.craigslist.org/wsc/apa/d/beautiful-1x1-let-your-four/6349849765.html,Beautiful 1x1! Let your Four Legged Companion Enjoy the New Dog Park!,1255,Beaverton,1,657,1,45.516513,-122.886860,10,
6342154104,2017-11-02 16:03,https://portland.craigslist.org/wsc/apa/d/beautiful-1x1-free-carport/6342154104.html,"Beautiful 1x1 Free Carport, Granite, W/D, NEAR INTEL & NIKE!",1195,Beaverton,1,657,1,45.516513,-122.886860,10,
6371378855,2017-11-02 16:02,https://portland.craigslist.org/wsc/apa/d/one-of-kind-apartment-granite/6371378855.html,"One of a kind apartment! Granite Counters, New Carpet, New Cabinets",1665,8150 sw Barnes Rd,2,920,2,45.510533,-122.759353,15,8150 SW Barnes Road Portland OR US
6371392291,2017-11-02 16:01,https://portland.craigslist.org/mlt/apa/d/why-dont-why-just-name-all-of/6371392291.html,Why Don't Why Just Name All Of Our Apartments After Birds?!,1695,Downtown,2,967,2,45.514586,-122.694224,5,1819 SW 18th AveÂ  Portland OR US
6371391946,2017-11-02 16:01,https://portland.craigslist.org/clk/apa/d/house-for-rent-riverside-way/6371391946.html,House for rent - Riverside Way,1900,"Vancouver, WA",3,0,2,45.615925,-122.612338,10,5620 SE Riverside Way Vancouver OR US
