pid,dt,url,title,price,neighb,beds,sqft,baths,lat,lng,accuracy,address
6343663022,2017-11-02 17:00,https://providence.craigslist.org/apa/d/fully-furnished-bay-window-apt/6343663022.html,FULLY FURNISHED BAY WINDOW APT,1100,N. Smithfield,1,500,1,41.989841,-71.533251,0,
6360350472,2017-11-02 16:58,https://providence.craigslist.org/apa/d/beautiful-1bd-availableez/6360350472.html,Beautiful 1BD Available 11/23! EZ Access to 95! Heat & HW Included!,1265,Historic Apponaug,1,752,1,41.691630,-71.456859,5,3595 Post Road Warwick RI US
6363632351,2017-11-02 16:58,https://providence.craigslist.org/apa/d/pond-view-patio-2bd/6363632351.html,Pond View W/ Patio!  2BD Available 11/17! Pet Welcome!,1475,Right Near Main St in East Greenwich,2,920,1,41.691886,-71.456752,5,3595 Post Road Warwick RI US
6360342877,2017-11-02 16:57,https://providence.craigslist.org/apa/d/brookside-village-two-bedroom/6360342877.html,Brookside Village Two Bedroom with Double Walk in closet! Pets Welcome,1450,"Post Road, Warwick",2,932,1,41.692241,-71.456310,10,3595 Post Road WARWICK RI US
6358787351,2017-11-02 16:57,https://providence.craigslist.org/apa/d/incredible-location-large/6358787351.html,Incredible Location! Large Dogs Welcome! Great Amenities! Call Today!,1430,Warwick,2,990,1.5,41.692241,-71.456310,10,3595 Post Road WARWICK RI US
6364406413,2017-11-02 16:57,https://providence.craigslist.org/apa/d/come-enjoy-fall-at-cowesett/6364406413.html,Come enjoy fall at Cowesett Hills! 2BR available now!!!,1450,warwick,2,920,1,41.692241,-71.456310,10,3595 post road warwick RI US
6368065533,2017-11-02 16:57,https://providence.craigslist.org/apa/d/fall-into-one-of-our/6368065533.html,Fall Into One of Our Beautiful 1BD Apartments! Heat and HW Included!,1265,Apponaug,1,752,1,41.691694,-71.456795,5,3595 Post Road Warwick RI US
6368081601,2017-11-02 16:56,https://providence.craigslist.org/apa/d/stay-warm-this-winter-cozy/6368081601.html,Stay Warm This Winter! Cozy 1BD Available 11/30! Heat and HW Included!,1265,Right Near Main St in East Greenwich,1,752,1,41.691806,-71.456752,5,3595 Post Road Warwick RI US
6368097120,2017-11-02 16:56,https://providence.craigslist.org/apa/d/spacious-1bd-available-now/6368097120.html,Spacious 1BD Available NOW! Call Before It's Gone! Heat and HW Incl!,1265,Warwick,1,752,1,41.691678,-71.457181,5,3595 Post Road Warwick RI US
6368122553,2017-11-02 16:56,https://providence.craigslist.org/apa/d/so-much-space-for-activities/6368122553.html,So Much Space For Activities!!! Pets Welcome Too! View Today!,1450,WARWICK,2,932,1,41.684206,-71.452266,10,3974 POST ROAD WARWICK RI US
6368168944,2017-11-02 16:56,https://providence.craigslist.org/apa/d/winter-is-coming-live-easy/6368168944.html,"WINTER IS COMING! Live Easy W. Heat, Hot Water, Gas Inc!",1450,Warwick,2,920,1,41.692241,-71.456310,10,3595 Post Road WARWICK RI US
6357475004,2017-11-02 16:54,https://providence.craigslist.org/apa/d/furnished-apartment-for-rent/6357475004.html,Furnished Apartment for Rent Downtown Newport,2500,Newport,3,1533,1,41.485262,-71.313022,10,216 Spring St newport RI US
6371229225,2017-11-02 16:53,https://providence.craigslist.org/apa/d/avail-now-4-room-2-bed-2nd/6371229225.html,**AVAIL NOW** 4 ROOM 2 BED 2nd flr APT,850,Woonsocket,2,800,1,42.000782,-71.501610,15,Roberts at Carrington Ave Woonsocket RI US
6350819808,2017-11-02 16:52,https://providence.craigslist.org/apa/d/spacious-2-bedroom-with-walk/6350819808.html,SPACIOUS 2 BEDROOM WITH WALK-IN CLOSET & VANITY!!,1255,,2,858,1,41.700400,-71.518300,22,
6350813755,2017-11-02 16:52,https://providence.craigslist.org/apa/d/stay-warm-with-heat-included/6350813755.html,Stay warm with heat included this Winter! Large Living space!,1060,,0,624,,41.700400,-71.518300,22,
6358963321,2017-11-02 16:52,https://providence.craigslist.org/apa/d/1bd-available-heat-hot-water/6358963321.html,1bd Available! Heat/Hot Water Included! Pet Friendly + Pool Area,1060,West Warwick,1,624,1,41.690572,-71.503723,5,33 Old Carriage Road West Warwick RI US
6350811561,2017-11-02 16:51,https://providence.craigslist.org/apa/d/one-bed-asap-move-in-pet/6350811561.html,"One Bed, ASAP Move in, Pet Friendly, Heat included! Call today!",1060,,1,624,1,41.700400,-71.518300,22,
6343070537,2017-11-02 16:51,https://providence.craigslist.org/apa/d/one-bed-asap-move-in-pet/6343070537.html,"One Bed, ASAP Move in, Pet Friendly, Heat included! FREE SECURITY",1050,West Warwick,1,598,0,41.690073,-71.502578,10,33 Old Carriage Road  RI US
6361544111,2017-11-02 16:51,https://providence.craigslist.org/apa/d/pet-friendly-heat-included/6361544111.html,"PET FRIENDLY, HEAT INCLUDED, FREE SECURITY! WILL NOT LAST!",1255,West Warwick,2,858,1,41.700400,-71.518300,22,
6361556524,2017-11-02 16:51,https://providence.craigslist.org/apa/d/west-warwick-pet-friendly/6361556524.html,WEST WARWICK PET FRIENDLY APARTMENT! WAIVED SECURITY!!,1060,West Warwick,1,624,1,41.700400,-71.518300,22,
6360339621,2017-11-02 16:51,https://providence.craigslist.org/apa/d/free-security-low-move-in/6360339621.html,Free Security!  Low Move in Costs! Call today for Immediate Occupancy,1060,West Warwick,1,624,1,41.690073,-71.502578,10,33 Old Carriage Road West Warwick RI US
6371213127,2017-11-02 16:49,https://providence.craigslist.org/apa/d/see-if-you-qualify-for/6371213127.html,§SEE IF YOU QUALIFY FOR ** SECTION 8 SUBSIDIZED HOUSING§,370,"►PROVIDENCE, RI►",3,0,2,41.835100,-71.397100,22,
6359567365,2017-11-02 16:48,https://providence.craigslist.org/apa/d/private-bedroom-in-lofted/6359567365.html,private bedroom in lofted apartment above woodshop,995,,2,0,shared,41.888300,-71.394500,22,
6368402553,2017-11-02 16:39,https://providence.craigslist.org/apa/d/bedroom-apt-great-locaton/6368402553.html,***$975.00 2 BEDROOM APT GREAT LOCATON***,975,Westerly,2,0,1,41.369100,-71.812600,22,78 Apache Dr 17 F Westerly RI US
6371207651,2017-11-02 16:38,https://providence.craigslist.org/apa/d/sit-back-relax-your-new-view/6371207651.html,"Sit Back, Relax. Your New View Awaits. Stop By For A Tour Today!!!",1959,Foxboro,1,1046,1,42.046119,-71.237714,5,400 Foxborough Blvd Foxboro RI US
6352914111,2017-11-02 16:35,https://providence.craigslist.org/apa/d/remodeled-3rd-floor-2-beds/6352914111.html,Remodeled 3rd floor 2 beds,1100,Cranston,2,0,1,41.795917,-71.456663,10,171 chestnut hill ave Cranston RI US
6348797863,2017-11-02 16:34,https://providence.craigslist.org/apa/d/remodeled-3rd-floor-2-beds/6348797863.html,Remodeled 3rd floor 2 beds,1100,Cranston,2,0,2.5,41.795917,-71.456663,10,171 chestnut hill ave Cranston RI US
6371166104,2017-11-02 16:20,https://providence.craigslist.org/apa/d/c-area-newly-renovated-3-apts/6371166104.html,"P-C AREA, NEWLY RENOVATED 3 APTS FOR RENT, INCLUDES LAUNDRY! QUALITY EVERYWHERE!",1000,"DESIRABLE PROVIDENCE COLLEGE NEIGHBORHOOD, NICE!!",0,1000,,,,,
6331820567,2017-11-02 16:18,https://providence.craigslist.org/apa/d/newly-renovated-2-bedroom-apt/6331820567.html,Newly Renovated 2 Bedroom Apt,1050,"Cranston, RI",2,0,1,41.766281,-71.436330,10,108 Forest Ave Cranston RI US
6371101639,2017-11-02 16:08,https://providence.craigslist.org/apa/d/198-camp-st-3/6371101639.html,"198 Camp St # 3,#%#",900,rhode island,2,840,1,,,,
6371163357,2017-11-02 16:07,https://providence.craigslist.org/apa/d/must-see-2-bed-apt/6371163357.html,Must see 2 BED Apt,700,Pawtucket,2,0,1,41.867401,-71.377235,0,Englewood Ave at School Street Pawtucket RI US
6348306663,2017-11-02 16:07,https://providence.craigslist.org/apa/d/providence-3-bed-15-bath-fed/6348306663.html,Providence 3 bed/1.5 bath--Fed Hill/West Side--1st floor apartment!,1250,6 Almy/Providence,3,0,1.5,41.816649,-71.432490,10,6 Almy  RI US
6350791783,2017-11-02 16:07,https://providence.craigslist.org/apa/d/3-bedroom-on-carpenter-knight/6350791783.html,3 Bedroom on Carpenter + Knight Street--2nd Floor--Federal Hill,1375,Providence/Federal Hill/West Side,3,0,1,41.818256,-71.427483,10,259 Carpenter  RI US
6340833163,2017-11-02 16:07,https://providence.craigslist.org/apa/d/available-now-beautifully/6340833163.html,Available Now! Beautifully renovated 2 bed. unit on Broadway,1350,497 Broadway/Providence,2,0,1,41.818478,-71.435028,10,497 Broadway  RI US
6340826243,2017-11-02 16:07,https://providence.craigslist.org/apa/d/beautiful-brand-new-east-side/6340826243.html,Beautiful/Brand New East Side 3 Bedroom--Available Now!,1800,Providence/East Side,3,0,1,41.836580,-71.400941,10,106 carrington  RI US
6352582741,2017-11-02 16:07,https://providence.craigslist.org/apa/d/available-now-must-see-2/6352582741.html,Available Now: Must See 2 Bedroom!--East Side--Irving Avenue,1750,East Side/Blackstone Blvd,2,0,1,41.833919,-71.385221,10,173 Irving  RI US
6341833252,2017-11-02 16:06,https://providence.craigslist.org/apa/d/heat-and-hot-water-included/6341833252.html,"HEAT AND HOT WATER INCLUDED, IMMEDIATE MOVE IN! FREE SECURITY!",1050,West Warwick,1,598,1,41.690073,-71.502578,10,33 Old Carriage Road  RI US
6357891680,2017-11-02 16:03,https://providence.craigslist.org/apa/d/2-and-3-bedrooms-available-in/6357891680.html,2 and 3 Bedrooms Available in Downtown Providence!,1950,,2,0,2,41.823377,-71.413691,10,112 Union Street Providence RI US
6352818608,2017-11-02 16:02,https://providence.craigslist.org/apa/d/pet-friendly-heat-included/6352818608.html,"PET FRIENDLY, HEAT INCLUDED, FREE SECURITY! WILL NOT LAST!",1050,West Warwick,1,598,0,41.690073,-71.502578,10,33 Old Carriage Road  RI US
6352876863,2017-11-02 16:01,https://providence.craigslist.org/apa/d/free-security-low-move-in/6352876863.html,Free Security!  Low Move in Costs! Call today for Immediate Occupancy,1255,West Warwick,0,858,,41.700400,-71.518300,22,
