pid,dt,url,title,price,neighb,beds,sqft,baths,lat,lng,accuracy,address
6371364622,2017-11-02 16:46,https://provo.craigslist.org/apa/d/why-rent-when-you-can-rent-to/6371364622.html,+ + + WHY RENT WHEN YOU CAN RENT-TO-OWN A 7 BEDROOM HOME INSTEAD? + +,1,Utah County,0,0,,,,,
6371368697,2017-11-02 16:42,https://provo.craigslist.org/apa/d/your-search-is-over-pet/6371368697.html,Your Search Is Over! Pet Friendly!,1254,"1042 West Center Street, Orem, UT 84057",2,1057,2,40.297165,-111.721085,5,1042 West Center Street Orem UT US
6371361023,2017-11-02 16:35,https://provo.craigslist.org/apa/d/outdoor-pool-heated-pool/6371361023.html,"Outdoor Pool Heated Pool, Smoke-Free Community, Marble Countertops",869,Pleasant Grove,1,627,1,40.365419,-111.748117,10,488 W Center St Pleasant Grove UT US
6371359335,2017-11-02 16:33,https://provo.craigslist.org/apa/d/amazing-price-on-this-3/6371359335.html,Amazing price on this 3 bedroom/2 bath- Reduced to $1350,1350,100 South Geneva Road,3,1185,2,,,,
6368146512,2017-11-02 16:31,https://provo.craigslist.org/apa/d/no-deposit-required-move-in/6368146512.html,No Deposit required-Move in Today,550,"Provo, UT",3,1200,3,40.231900,-111.675500,22,
6371340376,2017-11-02 16:18,https://provo.craigslist.org/apa/d/fantastic-1-bedroom-with/6371340376.html,Fantastic 1 Bedroom with Patio and Washer/Dryer!,1050,,1,796,1,40.313400,-111.695300,22,
6371337698,2017-11-02 16:16,https://provo.craigslist.org/apa/d/reserved-parking-soaring-9/6371337698.html,"Reserved Parking, Soaring 9-foot Ceilings, Washer & Dryer. Live Here!!",1399,1401 Sandhill Rd,3,1174,2,40.271029,-111.711516,5,1401 Sandhill Rd Orem UT US
6371325735,2017-11-02 16:06,https://provo.craigslist.org/apa/d/beautiful-top-floor-one/6371325735.html,Beautiful Top Floor One Bedroom Apartment with Vaulted Ceilings!,1129,"730 East 950 South, Orem,  84097",0,752,1,40.279569,-111.674326,5,730 East 950 South Orem UT US
