pid,dt,url,title,price,neighb,beds,sqft,baths,lat,lng,accuracy,address
6371238620,2017-11-02 17:00,https://puertorico.craigslist.org/apa/d/furnished-studio-apt-with/6371238620.html,Furnished Studio Apt. with Parking,500,Isla Verde,1,0,1,,,,
6371180032,2017-11-02 16:19,https://puertorico.craigslist.org/apa/d/coral-beach-on-the-beach/6371180032.html,Coral Beach On The Beach,1200,"Isla Verde, Puerto Rico",1,0,1,,,,
6371174822,2017-11-02 16:15,https://puertorico.craigslist.org/apa/d/brand-new-2-3-bedroom/6371174822.html,BRAND NEW 2 & 3 Bedroom Apartments! Move In TODAY!,865,,2,0,1,,,,
6371164409,2017-11-02 16:08,https://puertorico.craigslist.org/apa/d/los-pinos-in-front-of-the-el/6371164409.html,Los Pinos- In front of The El San Juan,1500,Isla Verde,2,0,2,,,,
