pid,dt,url,title,price,neighb,beds,sqft,baths,lat,lng,accuracy,address
6371314285,2017-11-02 16:56,https://quadcities.craigslist.org/apa/d/2-bed-1-bath-bbq-picnic-area/6371314285.html,"2 Bed 1 Bath - BBQ/Picnic Area, Cable Ready",1045,"421 19th Street, Moline, IL 61265",2,1203,1,41.508883,-90.511767,5,421 19th StreetÂ  at 5th Ave Moline IA US
6371312026,2017-11-02 16:55,https://quadcities.craigslist.org/apa/d/high-speed-internet-state-of/6371312026.html,"High Speed Internet, State of the Art Fitness Center, Business Center",950,"421 19th Street, Moline, IL 61265",2,1158,1,41.508883,-90.511767,5,421 19th StreetÂ  at 5th Ave Moline IA US
6371309637,2017-11-02 16:53,https://quadcities.craigslist.org/apa/d/fire-pit-laundry-facilities/6371309637.html,"Fire pit, Laundry Facilities, Package Receiving",899,"421 19th Street, Moline, IL 61265",2,1047,1,41.508883,-90.511767,5,421 19th StreetÂ  at 5th Ave Moline IA US
6371307956,2017-11-02 16:52,https://quadcities.craigslist.org/apa/d/move-in-ready-d-in-unit-on/6371307956.html,"✱✱MOVE IN READY, W/D IN UNIT, ON SITE MAINTENANCE",980,2505 Devils Glen Rd,1,660,1,41.548347,-90.483702,20,2505 Devils Glen Rd Bettendorf IA US
6371307414,2017-11-02 16:51,https://quadcities.craigslist.org/apa/d/high-speed-internet-on-site/6371307414.html,"High Speed Internet, On-Site Management, On-Site Maintenance",925,"421 19th Street, Moline, IL 61265",2,1026,1,41.508883,-90.511767,5,421 19th StreetÂ  at 5th Ave Moline IA US
6371306948,2017-11-02 16:51,https://quadcities.craigslist.org/apa/d/2-bedroom-dining-room-off-of/6371306948.html,2 Bedroom! Dining Room off of kitchen! Carport and Storage Unit!,650,"1805 15th Street Silvis, Illinois",2,0,1,41.490722,-90.407633,10,1805 15th Street Silvis IA US
6371296655,2017-11-02 16:43,https://quadcities.craigslist.org/apa/d/section-8-welcome/6371296655.html,SECTION 8 WELCOME!,650,32 Manor Dr,2,0,1,41.696329,-90.546310,10,32 Manor Dr Park View IA US
6332953195,2017-11-02 16:38,https://quadcities.craigslist.org/apa/d/section-8-welcome/6332953195.html,SECTION 8 WELCOME!,650,32 Manor Dr,2,0,1,41.696329,-90.546310,10,32 Manor Dr Park View IA US
6333585061,2017-11-02 16:38,https://quadcities.craigslist.org/apa/d/925-2-bedoom-condo/6333585061.html,$925 - 2 bedoom condo,925,641 E 46th,2,886,1,41.567840,-90.566587,10,641 E 46th St Davenport IA US
6334961396,2017-11-02 16:38,https://quadcities.craigslist.org/apa/d/595-2-bedroom-in-davenport/6334961396.html,$595 2 bedroom in Davenport,595,2026-1/2 W 6th St,2,0,1,41.516400,-90.614100,22,2026-1/2 W 6th St Davenport IA US
6335026351,2017-11-02 16:38,https://quadcities.craigslist.org/apa/d/775-heated-kitchen-floors-and/6335026351.html,$775 Heated kitchen floors and free WIFI!,775,2621 Harrison St,1,0,1,41.546036,-90.576909,10,2621 Harrison St Davenport IA US
6333568301,2017-11-02 16:37,https://quadcities.craigslist.org/apa/d/gorgeous-historic-1-bedroom/6333568301.html,Gorgeous historic 1 bedroom neer Vander Veer Park!,775,2621 Harrison St,1,0,1,41.546036,-90.576909,10,2621 Harrison St Davenport IA US
6333605665,2017-11-02 16:37,https://quadcities.craigslist.org/apa/d/600-lower-level-on-triplex/6333605665.html,$600 lower level on triplex,600,2939 13th Ave,2,0,1,41.499333,-90.483332,20,"29239 13th Ave, Unit B Moline IA US"
6332954332,2017-11-02 16:37,https://quadcities.craigslist.org/apa/d/2-bedroom-condo/6332954332.html,2 BEDROOM CONDO!,925,641 E 46th,2,886,1,41.567840,-90.566587,10,641 E 46th St Davenport IA US
6332950073,2017-11-02 16:37,https://quadcities.craigslist.org/apa/d/995-beautiful-3-bedroom-home/6332950073.html,"$995 Beautiful 3 bedroom home in Milan, IL",995,823 12th St W,3,896,1,41.444989,-90.585736,10,823 12th St W Milan IA US
6371289128,2017-11-02 16:37,https://quadcities.craigslist.org/apa/d/850-garage-and-fenced-yard/6371289128.html,$850 Garage and Fenced Yard!!,850,1717 Mound St,2,764,1,41.537365,-90.546579,10,1717 Mound St Davenport IA US
6332949498,2017-11-02 16:37,https://quadcities.craigslist.org/apa/d/free-wifi-gorgeous-historic-1/6332949498.html,Free WIFI! Gorgeous historic 1 bedroom neer Vander Veer Park!,775,2621 Harrison St,1,0,1,41.546036,-90.576909,10,2621 Harrison St Davenport IA US
6340234149,2017-11-02 16:37,https://quadcities.craigslist.org/apa/d/595-2-bedroom-in-davenport/6340234149.html,$595- 2 bedroom in Davenport,595,2026-1/2 W 6th St,2,0,1,41.516400,-90.614100,22,2026-1/2 W 6th St Davenport IA US
6371264545,2017-11-02 16:37,https://quadcities.craigslist.org/apa/d/renovated-2-bedroom-home-for/6371264545.html,"Renovated 2 Bedroom Home for Rent in Davenport, IA",825,1415 E 15th St Davenport IA,0,0,,41.538600,-90.611500,22,
6352768113,2017-11-02 16:37,https://quadcities.craigslist.org/apa/d/650-all-utilities-included/6352768113.html,$650 All Utilities Included!,650,1004 College Ave,1,0,1,41.530134,-90.556420,10,1004 College Ave Davenport IA US
6352786538,2017-11-02 16:36,https://quadcities.craigslist.org/apa/d/1500-river-view-in-leclaire/6352786538.html,$1500 River View in LeClaire,1500,124 Oak St,2,1324,2.5,41.608200,-90.362800,22,124 Oak St Davenport IA US
6352773589,2017-11-02 16:36,https://quadcities.craigslist.org/apa/d/adorable-2-bedroom-home-in/6352773589.html,Adorable 2 bedroom home in Davenport!,850,1717 Mound St,2,760,1,41.537365,-90.546579,10,1717 Mound St Davenport IA US
6352768581,2017-11-02 16:36,https://quadcities.craigslist.org/apa/d/925-2-bedoom-condo/6352768581.html,$925 - 2 bedoom condo,925,641 E 46th,2,886,1,41.567840,-90.566587,10,641 E 46th St Davenport IA US
6352754173,2017-11-02 16:36,https://quadcities.craigslist.org/apa/d/775-heated-kitchen-floors-and/6352754173.html,$775 Heated kitchen floors and free WIFI!,775,2621 Harrison St,1,0,1,41.546036,-90.576909,10,2621 Harrison St Davenport IA US
6352790756,2017-11-02 16:36,https://quadcities.craigslist.org/apa/d/550-great-location-in-moline/6352790756.html,$550 Great Location in Moline!,550,725 16th Ave,1,0,1,41.496821,-90.527595,10,725 16th Ave Moline IA US
6371287751,2017-11-02 16:36,https://quadcities.craigslist.org/apa/d/100-off-first-month-rent/6371287751.html,"$100 off first month rent! Duplex in Park View, IA",650,32 Manor Dr,2,0,1,41.696329,-90.546310,10,32 Manor Dr Park View IA US
6352750260,2017-11-02 16:36,https://quadcities.craigslist.org/apa/d/4-bed-15-bath-with-river-view/6352750260.html,4 bed 1.5 bath with RIVER VIEW!,1200,1340 HWY 67,4,1816,1.5,41.685800,-90.370600,22,1340 HWY 67 Princeton IA US
6352767647,2017-11-02 16:35,https://quadcities.craigslist.org/apa/d/595-month-for-2-bedroom-in/6352767647.html,$595 a month for 2 bedroom in Davenport,595,2026-1/2 W 6th St,2,0,1,41.516400,-90.614100,22,2026-1/2 W 6th St Davenport IA US
6352789994,2017-11-02 16:35,https://quadcities.craigslist.org/apa/d/650-2-bedroom-apartment-in/6352789994.html,$650 - 2 bedroom apartment in Moline,650,725 16th Ave,0,0,,41.496821,-90.527595,10,725 16th Ave Moline IA US
6352791311,2017-11-02 16:35,https://quadcities.craigslist.org/apa/d/600-lower-level-on-triplex/6352791311.html,$600 lower level on triplex,600,2939 13th Ave,2,0,1,41.499333,-90.483332,20,"29239 13th Ave, Unit B Moline IA US"
6371286372,2017-11-02 16:35,https://quadcities.craigslist.org/apa/d/move-in-ready-d-in-unit-on/6371286372.html,"✱✱MOVE IN READY, W/D IN UNIT, ON SITE MAINTENANCE",980,2505 Devils Glen Rd,1,660,1,41.550900,-90.494200,22,
6352791940,2017-11-02 16:35,https://quadcities.craigslist.org/apa/d/850-garage-and-fenced-yard/6352791940.html,$850 Garage and Fenced Yard!!,850,1717 Mound St,2,764,1,41.537365,-90.546579,10,1717 Mound St Davenport IA US
6352785882,2017-11-02 16:35,https://quadcities.craigslist.org/apa/d/large-3-bedroom-lower-level/6352785882.html,Large 3 bedroom - Lower Level,825,2318 W 3rd St,3,1400,2,41.522272,-90.613459,10,2318 W 3rd Davenport IA US
6352800278,2017-11-02 16:34,https://quadcities.craigslist.org/apa/d/4-bedroom-home-in-rock-island/6352800278.html,4 bedroom home in Rock Island!,850,600 7th St,4,1467,1,41.503632,-90.588736,10,600 7th St Rock Island IA US
6352804904,2017-11-02 16:34,https://quadcities.craigslist.org/apa/d/updated-2-bed-1-bath-lower/6352804904.html,Updated 2 bed 1 bath lower unit in Moline,750,725 18th Ave,2,0,1,41.494909,-90.527520,10,725 18th Ave Moline IA US
6352809270,2017-11-02 16:34,https://quadcities.craigslist.org/apa/d/995-beautiful-3-bedroom-home/6352809270.html,"$995 Beautiful 3 bedroom home in Milan, IL",995,823 12th St W,3,896,1,41.444989,-90.585736,10,823 12th St W Milan IA US
6352855013,2017-11-02 16:34,https://quadcities.craigslist.org/apa/d/only-650-and-all-utilities/6352855013.html,Only $650 and ALL utilities paid!,650,1220 E 10th St,1,0,1,41.530083,-90.557552,10,1220 E 10th St Davenport IA US
6333583300,2017-11-02 16:34,https://quadcities.craigslist.org/apa/d/1500-river-view-in-leclaire/6333583300.html,$1500 River View in LeClaire,1500,124 Oak St,2,1324,2.5,41.608200,-90.362800,22,124 Oak St Davenport IA US
6361761279,2017-11-02 16:34,https://quadcities.craigslist.org/apa/d/595-2-bedroom-in-davenport/6361761279.html,$595 - 2 bedroom in Davenport,595,2026-1/2 W 6th St,2,0,1,41.516400,-90.614100,22,2026-1/2 W 6th St Davenport IA US
6361761930,2017-11-02 16:33,https://quadcities.craigslist.org/apa/d/650-all-utilities-included/6361761930.html,$650 All Utilities Included!,650,1004 College Ave,1,0,1,41.530134,-90.556420,10,1004 College Ave Davenport IA US
6361763725,2017-11-02 16:33,https://quadcities.craigslist.org/apa/d/100-off-first-month-rent/6361763725.html,"$100 off first month rent! Duplex in Park View, IA",650,38 Manor Dr,2,0,1,41.696543,-90.546408,10,38 Manor Dr Park View IA US
6361764012,2017-11-02 16:33,https://quadcities.craigslist.org/apa/d/only-650-and-all-utilities/6361764012.html,Only $650 and ALL utilities paid!,650,1220 E 10th St,1,0,1,41.530083,-90.557552,10,1220 E 10th St Davenport IA US
6361760352,2017-11-02 16:33,https://quadcities.craigslist.org/apa/d/775-heated-kitchen-floors-and/6361760352.html,$775 Heated kitchen floors and free WIFI!,775,2621 Harrison St,1,0,1,41.546036,-90.576909,10,2621 Harrison St Davenport IA US
6361781895,2017-11-02 16:33,https://quadcities.craigslist.org/apa/d/925-2-bedoom-condo/6361781895.html,$925 - 2 bedoom condo,925,641 E 46th,2,886,1,41.567840,-90.566587,10,641 E 46th St Davenport IA US
6371253003,2017-11-02 16:26,https://quadcities.craigslist.org/apa/d/ready-for-occupancy-1-bed-1/6371253003.html,Ready for Occupancy | 1 Bed 1 Bath Home | $200 OFF Move in Special,675,1831 Christie St Davenport IA,0,0,,,,,
6371261103,2017-11-02 16:23,https://quadcities.craigslist.org/apa/d/fabulous-2-beds-2-baths-home/6371261103.html,Fabulous 2 Beds 2 Baths Home Available NOW for RENT,825,1415 E 15th St Davenport IA,2,0,2,41.535291,-90.554487,10,1415 E 15th St Davenport IA US
6371259749,2017-11-02 16:23,https://quadcities.craigslist.org/apa/d/small-single-bedroom-house/6371259749.html,Small Single Bedroom House,600,Davenport,0,0,1,41.538600,-90.611500,22,Brady at 31st Davenport IA US
6371267359,2017-11-02 16:21,https://quadcities.craigslist.org/apa/d/fenced-yard-pet-friendly-2/6371267359.html,Fenced Yard! Pet Friendly! 2 Car Garage! Central Air!,825,"3829 26th Avenue, Moline",1,0,1,41.486033,-90.482241,10,3829 26th Avenue Moline IA US
6344824854,2017-11-02 16:16,https://quadcities.craigslist.org/apa/d/bettendorf/6344824854.html,BETTENDORF,800,3371 Clearwater,2,0,1,41.556589,-90.488827,5,Clearwater at Sunburst Bettendorf IA US
6371258796,2017-11-02 16:15,https://quadcities.craigslist.org/apa/d/move-in-special-300-off/6371258796.html,Move in special!  $300 off!,1045,"421 19th Street, Moline, IL 61265",2,1203,1,41.508883,-90.511767,5,421 19th StreetÂ  at 5th Ave Moline IA US
6371250535,2017-11-02 16:14,https://quadcities.craigslist.org/apa/d/3-million-rehab-why-look/6371250535.html,$3 Million Rehab. Why Look Elsewhere? Everything You Want Is Here 3 BR,935,"East Moline, IL",3,1120,2,41.481139,-90.433308,5,1275 49th Ave Court East Moline IA US
6342839984,2017-11-02 16:14,https://quadcities.craigslist.org/apa/d/ranch-duplex/6342839984.html,RANCH DUPLEX,700,2331 W 40th DAVENPORT,2,0,1,,,,
6344772203,2017-11-02 16:13,https://quadcities.craigslist.org/apa/d/townhouse-3436-hillandale/6344772203.html,TOWNHOUSE 3436 Hillandale Road GARAGE,850,DAVENPORT,2,1438,1,41.555812,-90.620607,7,
6371248529,2017-11-02 16:13,https://quadcities.craigslist.org/apa/d/spacious-1-bed-1-bath-home/6371248529.html,Spacious 1 Bed 1 Bath Home | $200 OFF Move in Special,675,1831 Christie St Davenport IA,1,0,1,,,,
6351077766,2017-11-02 16:12,https://quadcities.craigslist.org/apa/d/bettendorf/6351077766.html,BETTENDORF,800,3371 CLEARWATER,0,0,1,41.555869,-90.489294,15,Clearwater at Sunburst Bettendorf IA US
6371228799,2017-11-02 16:03,https://quadcities.craigslist.org/apa/d/fantastic-3-bedroom-home-in/6371228799.html,Fantastic 3 Bedroom Home in Davenport NOW Available for RENT,900,2603 McKinley Ave Davenport IA,0,0,,,,,
6371242147,2017-11-02 16:02,https://quadcities.craigslist.org/apa/d/4-bedroombathroom-fenced-yard/6371242147.html,"4 Bedroom, 1 1/2 Bathroom! Fenced Yard & Central Air! Kitchen Island!",1150,1411 43rd Street,4,0,1.5,41.498447,-90.476032,10,1411 43rd St Moline IA US
