pid,dt,url,title,price,neighb,beds,sqft,baths,lat,lng,accuracy,address
6371236018,2017-11-02 16:58,https://raleigh.craigslist.org/apa/d/905-one-bedroom-special/6371236018.html,$905 One Bedroom Special!,905,11100 Beckstone Way,1,0,1,35.941880,-78.544693,5,
6371234086,2017-11-02 16:57,https://raleigh.craigslist.org/apa/d/dont-you-want-live-here-great/6371234086.html,Don't you want live here? Great Specials available! 👋😁,950,Raleigh,1,570,1,,,,
6371233840,2017-11-02 16:56,https://raleigh.craigslist.org/apa/d/friday-center-for-continuing/6371233840.html,"Friday Center for Continuing Education Nearby, Resident Wi-Fi Lounge",1363,Chapel Hill,1,732,1,35.918200,-79.003500,22,
6371233272,2017-11-02 16:56,https://raleigh.craigslist.org/apa/d/2-bedroom-townhouse-close-to/6371233272.html,2 Bedroom Townhouse Close to Downtown Raleigh! (Chestnut Oak),890,Greenbrier Apartments,2,1020,1.5,35.711938,-78.634401,15,Spring Drive at Coldwater Drive Garner NC US
6371232690,2017-11-02 16:56,https://raleigh.craigslist.org/apa/d/we-are-fido-friendly-on-site/6371232690.html,We are fido friendly! On site pet spa and park,905,11100 Beckstone Way,1,0,1,35.944075,-78.545895,5,
6371232126,2017-11-02 16:55,https://raleigh.craigslist.org/apa/d/stop-two-bedroom-ready-for/6371232126.html,STOP!!!! Two Bedroom Ready For Move In,1025,North Raleigh,2,975,2,35.886747,-78.646883,5,7816 Six Forks Road Raleigh NC US
6371231941,2017-11-02 16:55,https://raleigh.craigslist.org/apa/d/one-bed-one-bath-one-great/6371231941.html,"One Bed, One Bath, One Great Top Floor View!",1050,Raleigh,1,570,1,35.776672,-78.632192,10,507 E. Martin St.  NC US
6371223426,2017-11-02 16:54,https://raleigh.craigslist.org/apa/d/pet-friendly-community-1/6371223426.html,Pet Friendly Community + 1 month free special,905,11100 Beckstone Way,1,0,1,35.941602,-78.545723,5,
6371229380,2017-11-02 16:53,https://raleigh.craigslist.org/apa/d/voted-1-one-bedroom-in-chapel/6371229380.html,Voted #1 One Bedroom in Chapel Hill! 4 miles to UNC! 2 Mo's FREE,,Chapel Hill,1,0,1,35.920300,-79.037200,22,100 Saluda Court Chapel Hill NC US
6371228574,2017-11-02 16:53,https://raleigh.craigslist.org/apa/d/gated-community-luxury/6371228574.html,Gated Community & Luxury Amenities,905,11100 Beckstone Way,1,0,1,35.942297,-78.546581,5,
6360638059,2017-11-02 16:51,https://raleigh.craigslist.org/apa/d/mission-capital-crossing-3/6360638059.html,Mission Capital Crossing- 3 bedroom Available,998,Raleigh,3,1400,2,35.846434,-78.571719,10,4722 Dansey Drive Raleigh NC US
6371225855,2017-11-02 16:51,https://raleigh.craigslist.org/apa/d/dont-miss-out/6371225855.html,Don't Miss Out!,824,"Carrboro, NC",2,0,1,35.905500,-79.090100,22,200 N Carolina Highway 54 West Carrboro NC US
6371225751,2017-11-02 16:51,https://raleigh.craigslist.org/apa/d/2-bedroom-with-breathtaking/6371225751.html,2 Bedroom With Breathtaking Nature Views!,1085,11100 Beckstone Way,2,0,2,35.942575,-78.546581,5,
6371206130,2017-11-02 16:50,https://raleigh.craigslist.org/apa/d/cozy-and-pet-friendly-1/6371206130.html,Cozy and Pet friendly 1 Bedroom apts. Check out our Fall Specials🌆,725,Durham,1,650,1,36.025507,-78.911631,10,1306 Leon St  NC US
6371223531,2017-11-02 16:49,https://raleigh.craigslist.org/apa/d/make-this-spacious-1-bedroom/6371223531.html,Make this Spacious 1 Bedroom Apartment Your Next Home! (Scarlet Oak),775,Greenbrier Apartments,1,800,1,35.711938,-78.634401,15,Spring Drive at Coldwater Drive Garner NC US
6371210554,2017-11-02 16:49,https://raleigh.craigslist.org/apa/d/have-you-seen-what-weve-done/6371210554.html,Have you seen what we've done?? Come check us out!,950,Raleigh,0,570,,,,,
6371223199,2017-11-02 16:49,https://raleigh.craigslist.org/apa/d/move-in-today-love-where-you/6371223199.html,Move in today! Love where you live!,888,4916 Old Page Road,2,950,2,,,,
6371222999,2017-11-02 16:49,https://raleigh.craigslist.org/apa/d/renovated-3-bedroom-townhouse/6371222999.html,Renovated 3 Bedroom Townhouse w/Attached Garge-End Unit,1870,"2211 Hedera Way, Apex, NC",3,1654,2.5,35.720002,-78.816047,5,Kiftsgate Lane at Ten Ten Road Apex NC US
6371214928,2017-11-02 16:48,https://raleigh.craigslist.org/apa/d/only-9-minutes-to-rtp-newly/6371214928.html,Only 9 Minutes to RTP! Newly Upgraded 1 Bedroom! 2 Mo's FREE,,RTP/Chapel Hill/Durham,1,0,1,35.920300,-79.037200,22,100 Saluda Court Chapel Hill NC US
6371221618,2017-11-02 16:48,https://raleigh.craigslist.org/apa/d/happy-november-tour-our/6371221618.html,Happy November! Tour Our Spacious 2 Bedroom Apartment TODAY!,806,"Cary, NC",2,811,1,35.764100,-78.778600,22,
6371220274,2017-11-02 16:47,https://raleigh.craigslist.org/apa/d/brand-new-corner-3bd-2-ba/6371220274.html,Brand New Corner 3BD 2 BA Available NOW!,1285,11100 Beckstone Way,3,0,2,35.943964,-78.545723,5,
6371220289,2017-11-02 16:47,https://raleigh.craigslist.org/apa/d/fall-in-love-with-180-west/6371220289.html,Fall in love with 180 West!,995,"180 Bpw Club Rd Carrboro, NC",2,951,2,35.905500,-79.090100,22,180 Bpw Club Rd Carrboro NC US
6371205638,2017-11-02 16:46,https://raleigh.craigslist.org/apa/d/4-bedroom-4-bathroom-available/6371205638.html,4 Bedroom 4 Bathroom Available,2000,Morrisville,0,2450,,35.834400,-78.846600,22,
6371219618,2017-11-02 16:46,https://raleigh.craigslist.org/apa/d/fall-in-love-this-fall-with/6371219618.html,Fall In Love This Fall With Our Renovated Downtown Durham Duplexes!,995,Durham,2,800,1,35.992283,-78.927278,10,1933 Morehead Ave Durham NC US
6371218700,2017-11-02 16:46,https://raleigh.craigslist.org/apa/d/mayfaire-apartmentsoff-1st/6371218700.html,Mayfaire Apartments-$300.00 OFF 1ST MONTH'S RENT! Limited Time only,1040,Raleigh,2,1047,2,35.888700,-78.639300,22,7813 Mayfaire Crest Lane Raleigh NC US
6371218201,2017-11-02 16:45,https://raleigh.craigslist.org/apa/d/house-for-rent-in-bedford/6371218201.html,House For Rent in Bedford (North Raleigh),1600,2733 Falls River Avenue,3,1850,2.5,35.930898,-78.684187,15,2733 Falls River Avenue Raleigh NC US
6371218183,2017-11-02 16:45,https://raleigh.craigslist.org/apa/d/perfect-family-community-and/6371218183.html,Perfect Family Community and 2 Bedroom Apartment,1001,Raleigh,2,1012,2,35.881157,-78.693910,5,3151 Exacta Lane Raleigh NC US
6371217254,2017-11-02 16:45,https://raleigh.craigslist.org/apa/d/lease-todaythe-rest-of-the/6371217254.html,Lease Today....The Rest of the Month is FREE! (DA),875,Dacian Ave.,0,470,1,36.007670,-78.906058,10,917 Dacian Ave. Durham NC US
6371214758,2017-11-02 16:43,https://raleigh.craigslist.org/apa/d/just-few-left-this-month-ch/6371214758.html,🍁Just a Few Left This Month 🍁(CH),875,Durham,2,950,1,35.990465,-78.923883,10,1808 Chapel Hill Rd Durham NC US
6371205848,2017-11-02 16:43,https://raleigh.craigslist.org/apa/d/look-at-these-deals-half-off/6371205848.html,Look at these deals! Half off first month! VIEW OF THE CITY! 😍🏙,950,Raleigh,0,570,,35.776672,-78.632192,10,507 E. Martin St.  NC US
6371214406,2017-11-02 16:43,https://raleigh.craigslist.org/apa/d/industrial-style-2-bedroom/6371214406.html,Industrial Style 2 Bedroom With Exposed Brick Interiors! $1499!,1499,"durham, RTP, dowtown Durham",1,0,1,36.005943,-78.919820,15,605 W. Main Street Durham NC US
6371214140,2017-11-02 16:42,https://raleigh.craigslist.org/apa/d/right-in-cary-wonderful-one/6371214140.html,Right in Cary! Wonderful one bedrooms!,960,2000 Teaching Dr,1,802,1,35.807200,-78.887000,22,2000 Teaching Dr cary NC US
6371201090,2017-11-02 16:42,https://raleigh.craigslist.org/apa/d/over-sized-garden-tubs-pool/6371201090.html,"Over-Sized Garden Tubs, Pool Views, Pet Spa, Cable Ready",945,Clayton,1,817,1,35.659667,-78.481178,5,47 Stallings Mill Loop Clayton NC US
6371212802,2017-11-02 16:41,https://raleigh.craigslist.org/apa/d/drive-thru-mail-kiosk-large/6371212802.html,"Drive-Thru Mail Kiosk, Large Walk-in Closets, Spacious Utility Rooms",1505,"10022 Meadow Chase Drive, Raleigh, NC 27617",3,1489,2,35.895864,-78.808022,5,10022 Meadow Chase Drive Raleigh NC US
6371211709,2017-11-02 16:41,https://raleigh.craigslist.org/apa/d/mid-century-modern-meets-wes/6371211709.html,Mid-Century Modern meets Wes Anderson in Downtown Duplex (NM),995,Durham,2,800,1,35.992147,-78.923607,10,1751 Morehead Ave. Durham NC US
6365823989,2017-11-02 16:40,https://raleigh.craigslist.org/apa/d/1-bd-unit-available-mebane/6365823989.html,1 BD Unit Available Mebane $620!! Open Floorplan ~ Large Dining Area!!,620,Mebane NC,1,0,1,,,,
6371210235,2017-11-02 16:40,https://raleigh.craigslist.org/apa/d/2-story-townhome-master/6371210235.html,"2 story Townhome w/ master upstairs, w/d included!",1160,North Raleigh,2,1210,2,35.886919,-78.676291,20,7303 Hihenge Ct Raleigh NC US
6371209558,2017-11-02 16:39,https://raleigh.craigslist.org/apa/d/give-fido-great-home-youll/6371209558.html,Give Fido a great home! You'll love our Pet-Friendly Apartments!,1113,Raleigh-Durham Int'l Airport,2,1355,2,35.847205,-78.694584,20,Baymar Drive at Fairhill Drive Raleigh NC US
6371209438,2017-11-02 16:39,https://raleigh.craigslist.org/apa/d/first-month-free/6371209438.html,First Month Free!,835,Durham,1,750,1,36.038910,-78.889957,10,3800 Meriwether Drive Durham NC US
6371208568,2017-11-02 16:39,https://raleigh.craigslist.org/apa/d/move-in-with-as-little-as/6371208568.html,Move in with as little as ZERO $$$ DEPOSIT !!! Call us TODAY!!!!!!!!!!,850,durham,3,1300,1,35.961183,-78.976665,10,4230 garrett rd durham NC US
6357947304,2017-11-02 16:39,https://raleigh.craigslist.org/apa/d/updated-kitchen-huge-porch/6357947304.html,"Updated Kitchen, Huge Porch & Optional Wood Floor. You'll Love It Here",885,Carrboro,1,660,1,35.902801,-79.084110,10,201 Westbrook Drive Apt C08 Carrboro NC US
6371188789,2017-11-02 16:38,https://raleigh.craigslist.org/apa/d/newly-renovated-with-amazing/6371188789.html,{}{}{}Newly Renovated With Amazing 3 bed{}{}{}{},400,&)*(,3,0,2,,,,
6371182105,2017-11-02 16:37,https://raleigh.craigslist.org/apa/d/3-bedrooms-leasing-very/6371182105.html,3 bedrooms leasing very quickly...  VERY FEW LEFT!!Apply today!,995,Durham,3,1050,1,36.025507,-78.911631,10,1306 Leon Street Apt C Durham NC US
6371206682,2017-11-02 16:37,https://raleigh.craigslist.org/apa/d/dont-forget-to-stop-by-and/6371206682.html,Don't forget to stop by and see us!,1225,2000 Teaching Dr,3,1311,2,35.807200,-78.887000,22,2000 Teaching Dr cary NC US
6371206644,2017-11-02 16:37,https://raleigh.craigslist.org/apa/d/nice-4-br-duplex-in-sw-chapel/6371206644.html,Nice 4 BR Duplex in SW Chapel Hill - AVAILABLE NOW!  Pics in link,1400,,4,1475,2,35.904564,-79.069640,20,123 Johnson Street Chapel Hill NC US
6371196395,2017-11-02 16:37,https://raleigh.craigslist.org/apa/d/tile-tub-surround-washer-and/6371196395.html,"Tile tub surround, Washer and dryer, Wireless Internet access",1201,Durham,2,1088,2,35.963036,-78.976818,10,4130 Garrett Rd. Durham NC US
6371191862,2017-11-02 16:37,https://raleigh.craigslist.org/apa/d/newly-renovated-2-bedroom/6371191862.html,"NEWLY RENOVATED 2 BEDROOM TOWNHOMES FOR AS LOW AS $1,025",1025,Chapel Hill,2,0,1.5,35.939871,-79.053559,10,110 Piney Mountain Road Chapel Hill NC US
6371205558,2017-11-02 16:36,https://raleigh.craigslist.org/apa/d/change-your-direction-at-180/6371205558.html,CHANGE YOUR DIRECTION AT 180 WEST!,870,"180 Bpw Club Rd Carrboro, NC",2,951,2,35.905500,-79.090100,22,180 Bpw Club Rd Carrboro NC US
6371205342,2017-11-02 16:36,https://raleigh.craigslist.org/apa/d/animal-lover-this-is-the/6371205342.html,Animal lover? This is the purrfect place for you! We are pet friendly!,940,Garner,3,1000,1.5,35.681300,-78.597500,22,
6366178093,2017-11-02 16:36,https://raleigh.craigslist.org/apa/d/parking-space-for-rent-near/6366178093.html,Parking space for rent near UNC ( hurry it will go fast!),155,Chapel Hill,0,0,,35.904413,-79.057918,22,
6371204469,2017-11-02 16:36,https://raleigh.craigslist.org/apa/d/stainless-look-appliances/6371204469.html,"Stainless Look Appliances, Fireplace, Dog Park, 9 Ft Ceilings",1108,Cary,2,1066,2,35.750413,-78.744507,5,2000 Crossroads Manor Ct. Cary NC US
6371203626,2017-11-02 16:35,https://raleigh.craigslist.org/apa/d/campus-edge-sublease/6371203626.html,Campus Edge Sublease,650,,3,0,3,35.764500,-78.711200,22,3551 Cum Laude Ct. Raleigh NC US
6371184328,2017-11-02 16:35,https://raleigh.craigslist.org/apa/d/voted-1-place-to-live-in/6371184328.html,"""Voted #1 Place to Live in Chapel Hill! """,1079,SunStone,2,934,2,,,,
6371201560,2017-11-02 16:34,https://raleigh.craigslist.org/apa/d/3-bed-25-bath-townhome/6371201560.html,3 Bed / 2.5 Bath TownHome,1500,,3,1800,2.5,35.861648,-78.896813,5,526 DenHoff Dr Cary NC US
6371168051,2017-11-02 16:34,https://raleigh.craigslist.org/apa/d/lease-your-perfect-3-bedroom/6371168051.html,Lease your perfect 3 bedroom apartment home here now!,1240,Raleigh,3,1100,2,35.756504,-78.702450,10,3201 Walnut Creek Parkway Raleigh NC US
6371190362,2017-11-02 16:33,https://raleigh.craigslist.org/apa/d/save-big-im-talking-whole/6371190362.html,SAVE BIG I'M TALKING A WHOLE MONTH FOR FREE!!!,1050,Raleigh,1,815,1.5,35.906274,-78.700825,10,12203 Strickland Rd Raleigh NC US
6371199089,2017-11-02 16:32,https://raleigh.craigslist.org/apa/d/so-many-options-here-downtown/6371199089.html,So Many OPTIONS here DOWNTOWN! WHY go ANYWHERE ELSE??,795,Raleigh,0,260,1,,,,
6371198570,2017-11-02 16:32,https://raleigh.craigslist.org/apa/d/want-everything-weve-got-it/6371198570.html,Want everything? We've got it! Call Franklin Woods for Your tour TODAY,910,Franklin Woods,1,775,1,35.933322,-79.031119,10,1521 East Franklin St. Chapel Hill NC US
6371198102,2017-11-02 16:31,https://raleigh.craigslist.org/apa/d/convenient-access-to-wireless/6371198102.html,Convenient access to Wireless Internet at Laurel Ridge Apartments,885,Chapel Hill,2,920,1,35.900509,-79.065642,10,1100 West NC Highway 54 Bypass Chapel Hill NC US
6371197914,2017-11-02 16:31,https://raleigh.craigslist.org/apa/d/french-quarter-design-that/6371197914.html,French Quarter Design that Will Make You Think you are in New Orleans!,950,Raleigh,1,570,1,,,,
6371188864,2017-11-02 16:31,https://raleigh.craigslist.org/apa/d/3-bedroom-hfor-rent/6371188864.html,3 bedroom hfor rent,400,no deposit,3,0,2,,,,
6371197382,2017-11-02 16:31,https://raleigh.craigslist.org/apa/d/time-for-your-own-space-check/6371197382.html,Time for your own space? Check out our huge 1 bedroom apartments!,895,Raleigh,1,888,1,35.888700,-78.639300,22,
6371176185,2017-11-02 16:30,https://raleigh.craigslist.org/apa/d/tucked-away-but-close-to/6371176185.html,"TUCKED AWAY, BUT CLOSE TO EVERYTHING!  (Chapel Hill, NC)",1260,"Chapel Hill, NC",2,1116,1.5,,,,
6371195457,2017-11-02 16:30,https://raleigh.craigslist.org/apa/d/pets-welcome-no-size/6371195457.html,"Pets Welcome (no size restrictions), Package Receiving,ALL removed!!!",925,"2029 Bedford Street, Durham, NC 27707",2,1200,1.5,35.976410,-78.928994,5,2029 Bedford Street Durham NC US
6371195190,2017-11-02 16:29,https://raleigh.craigslist.org/apa/d/save-500/6371195190.html,******Save $500*******,899,Durham,1,670,1,35.945535,-78.997651,10,5639 Old Chapel Hill Rd Chapel Hill NC US
6371194465,2017-11-02 16:29,https://raleigh.craigslist.org/apa/d/you-will-fall-in-love-with/6371194465.html,You will Fall in love with this Trendy Studio!,795,Raleigh,0,260,,35.772700,-78.632400,22,211 Ashe Ave  NC US
6371193745,2017-11-02 16:28,https://raleigh.craigslist.org/apa/d/indoor-swimming-pool-attached/6371193745.html,"Indoor swimming pool, Attached garage, Silver appliances, Dry bar",1549,"Cary, NC",3,1566,2,35.750169,-78.752360,5,6000 Scarlet Sky Lane Cary NC US
6371186176,2017-11-02 16:28,https://raleigh.craigslist.org/apa/d/its-always-sunny-at-sunstone/6371186176.html,It's Always Sunny at Sunstone!,1029,SunStone,1,0,1,,,,
6371190517,2017-11-02 16:26,https://raleigh.craigslist.org/apa/d/newly-renovated-stainless/6371190517.html,Newly Renovated! Stainless Steel Appliances with W/D included!!,865,CARRBORO,2,978,1.5,35.905500,-79.090100,22,401 NC 54 bypass Carrboro NC US
6371189161,2017-11-02 16:25,https://raleigh.craigslist.org/apa/d/media-screening-room-3d-tv/6371189161.html,"Media Screening room w/ 3D TV, Granite Countertops, Dog Park",1390,"5472 S. Miami Blvd., Durham, NC 27703",3,1364,2,35.877063,-78.851016,5,5472 S. Miami Blvd. Durham NC US
6368437438,2017-11-02 16:25,https://raleigh.craigslist.org/apa/d/great-deals-in-beautiful/6368437438.html,"""GREAT DEALS IN A BEAUTIFUL NEIGHBORHOOD! (Chapel Hill, NC) """,1055,"Chapel Hill, NC",2,833,2,,,,
6371188531,2017-11-02 16:25,https://raleigh.craigslist.org/apa/d/dont-miss-out-1-month-free/6371188531.html,Don't Miss Out!! 1 Month Free PLUS $25 Off Your Monthly Rent !!,1090,Franklin Woods,2,1000,1.5,35.933322,-79.031119,10,1521 E. Franklin St Chapel Hill NC US
6371180985,2017-11-02 16:25,https://raleigh.craigslist.org/apa/d/we-have-cornucopia-of-great/6371180985.html,We have a cornucopia of great specials!! Up to $600 OFF!,925,,1,665,1,35.906224,-78.787186,5,8400 Brass Mill Lane Raleigh NC US
6371188000,2017-11-02 16:24,https://raleigh.craigslist.org/apa/d/renovated-handicap-accessible/6371188000.html,Renovated Handicap Accessible Apt; Updated Counters & Appliances,935,North Raleigh,1,0,1,,,,
6371187853,2017-11-02 16:24,https://raleigh.craigslist.org/apa/d/online-resident-services/6371187853.html,"Online Resident Services, Responsive On-Site Management, Cyber Cafe",1090,"Bridle Ridge Lane, Raleigh, NC 27609",2,1343,2,35.848000,-78.631700,5,500-103 Bridle Ridge Lane Raleigh NC US
6371185992,2017-11-02 16:23,https://raleigh.craigslist.org/apa/d/fully-renovated-apt-homes/6371185992.html,"Fully Renovated Apt Homes Available, Bike to UNC, on 2 Free Bus Lines!",800,Carrboro,1,540,1,35.905500,-79.090100,22,
6366141238,2017-11-02 16:23,https://raleigh.craigslist.org/apa/d/3-bed-2-bath/6366141238.html,3 bed 2 bath,399,,3,0,2,,,,
6371185086,2017-11-02 16:23,https://raleigh.craigslist.org/apa/d/stop-looking-start-loving/6371185086.html,STOP Looking & START Loving Your New Home at University Lake!,735,University Lake,1,540,1,35.906158,-79.078538,10,200 Barnes Street CARRBORO NC US
6371185031,2017-11-02 16:22,https://raleigh.craigslist.org/apa/d/resident-conference-room/6371185031.html,"Resident Conference Room, Vaulted, 9-12 ft. Ceilings, Coffee Bar",1392,,2,1130,2,35.797436,-78.656680,10,1009 Wade Ave Raleigh NC US
6368439769,2017-11-02 16:22,https://raleigh.craigslist.org/apa/d/great-deals-in-beautiful/6368439769.html,"GREAT DEALS IN A BEAUTIFUL NEIGHBORHOOD! (Chapel Hill, NC)",930,"Chapel Hill, NC",1,533,1,,,,
6371184584,2017-11-02 16:22,https://raleigh.craigslist.org/apa/d/3-discover-the-home-that-lies/6371184584.html,3.	DISCOVER THE HOME THAT LIES HIDDEN IN CARRBORO**W/D INCLUDED IN ALL,865,Carrboro,2,918,1.5,35.907684,-79.086113,5,401 nc 54 bypass carrboro NC US
6371184059,2017-11-02 16:22,https://raleigh.craigslist.org/apa/d/1000-in-free-rent/6371184059.html,********$1000 in FREE RENT!!!******,1039,Durham,2,930,2,35.945535,-78.997651,10,5639 Old Chapel Hill Rd Chapel Hill NC US
6371184016,2017-11-02 16:22,https://raleigh.craigslist.org/apa/d/charming-1x1-with-hardwood/6371184016.html,Charming 1x1 with hardwood floors starting at $744!,744,Chapel Hill,1,576,1,35.908120,-79.023824,10,5 Hamilton Rd Chapel Hill NC US
6371183258,2017-11-02 16:21,https://raleigh.craigslist.org/apa/d/25-app-fee-low-rates-ready-now/6371183258.html,$25 APP FEE- LOW RATES- READY NOW,838,806a10,2,650,2,35.916828,-78.943831,20,Park Ridge Road at NC HW 54 Durham NC US
6371183243,2017-11-02 16:21,https://raleigh.craigslist.org/apa/d/point-break-reach-your-chi/6371183243.html,🙆🙇POINT BREAK!! reach your CHI here!! $200 off your 1st month,795,Durham,2,850,1,36.025507,-78.911631,10,1306 Leon St  NC US
6371182906,2017-11-02 16:21,https://raleigh.craigslist.org/apa/d/pet-grooming-salon-relaxing/6371182906.html,"Pet Grooming Salon, Relaxing Patios/Balconies, Ample storage, Cabana",1567,Fuquay-Varina,3,1245,2,35.600229,-78.755493,5,2110 Cinema Dr Fuquay-Varina NC US
6371182345,2017-11-02 16:21,https://raleigh.craigslist.org/apa/d/perfect-for-the-fallstop-by/6371182345.html,Perfect for the Fall....STOP BY TODAY! (PM),900,Palmer St,2,812,2,35.987618,-78.924144,0,
6371180653,2017-11-02 16:19,https://raleigh.craigslist.org/apa/d/fast-track-process-come-join/6371180653.html,"Fast Track Process! Come Join US, great SPECIALS!!",795,Durham,2,850,1,36.025507,-78.911631,10,1306 Leon Street Apt C Durham NC US
6368107130,2017-11-02 16:19,https://raleigh.craigslist.org/apa/d/paces-ferry-dr-beautiful-home/6368107130.html,Paces Ferry Dr Beautiful home,2095,durham nc,5,3100,3.5,36.090536,-78.927550,0,
6371179948,2017-11-02 16:19,https://raleigh.craigslist.org/apa/d/free-rent-at-the-best/6371179948.html,FREE RENT At The Best Community On Ninth Street! 80 Ninth,1387,Durham,0,549,1,36.010271,-78.922011,10,810 Ninth Street Durham NC US
6371179878,2017-11-02 16:19,https://raleigh.craigslist.org/apa/d/november-2017-just-59-for-apt/6371179878.html,November 2017 Just $59 For Apt #234!!!!,1175,"Morrisville, NC",2,1054,2,35.880296,-78.845009,20,5710 Page Road Morrisville NC US
6371179885,2017-11-02 16:19,https://raleigh.craigslist.org/apa/d/spacious-floor-plan-upgraded/6371179885.html,"Spacious Floor Plan, Upgraded Appliances, Pet Park, Washer/Dryer!!!",1955,St. Mary's Square,2,1250,2,35.790800,-78.653000,22,
6371172401,2017-11-02 16:19,https://raleigh.craigslist.org/apa/d/luxury-has-never-been-more/6371172401.html,LUXURY HAS NEVER BEEN MORE AFFORDABLE NOW GET ONE MONTH FREE!!,1050,Raleigh,1,815,1.5,35.906274,-78.700825,10,12203 Strickland Rd Raleigh NC US
6371178369,2017-11-02 16:18,https://raleigh.craigslist.org/apa/d/fall-in-love-this-fall-with/6371178369.html,Fall In Love This Fall With Our Renovated Downtown Durham Duplexes!,995,Durham,2,800,1,35.992283,-78.927278,10,1933 Morehead Ave Durham NC US
6371175875,2017-11-02 16:16,https://raleigh.craigslist.org/apa/d/2-months-free-if-you-move/6371175875.html,2 Months FREE if You Move By 11/10! City View 2 Bedroom High Rise!,,"durham, RTP, American Tobacco",2,0,2,35.998899,-78.907384,15,605 W. Main Street Durham NC US
6371150693,2017-11-02 16:16,https://raleigh.craigslist.org/apa/d/160-lumina-pl-holly-springs/6371150693.html,160 Lumina Pl Holly Springs NC 27540,149500,Holly Springs,3,1658,2,,,,
6371172172,2017-11-02 16:14,https://raleigh.craigslist.org/apa/d/pampering-for-duke-nurses-is/6371172172.html,Pampering for DUKE NURSES is right HERE; the time is NOW!,809,215-1024 William Penn Plaza,1,826,1,36.043668,-78.898057,15,215 William Penn Plaza Durham NC US
6363221011,2017-11-02 16:13,https://raleigh.craigslist.org/apa/d/renovated-60s-condo-close-to/6363221011.html,"Renovated 60's Condo Close to UNC Campus and Hospital, University Mall",1300,Chapel Hill,2,0,1,35.924259,-79.031761,7,
6371164358,2017-11-02 16:13,https://raleigh.craigslist.org/apa/d/falling-leaves-falling-prices/6371164358.html,Falling Leaves... Falling Prices,1148,Durham,3,1288,2,35.940966,-78.863365,10,400 Stone Lion Drive Durham NC US
6371157019,2017-11-02 16:13,https://raleigh.craigslist.org/apa/d/up-to-600-off-2bedroom/6371157019.html,"Up to $600 OFF 2bedroom, 2bathroom Available for Immediate Move-In!!!",1218,Raleigh,2,1296,2,35.906284,-78.787594,5,8400 Brass Mill Lane Raleigh NC US
6371169780,2017-11-02 16:12,https://raleigh.craigslist.org/apa/d/fall-in-love-this-fall-with/6371169780.html,Fall In Love This Fall With Our Renovated Downtown Durham Duplexes!,1035,Durham,2,800,1,35.992283,-78.927278,10,1933 Morehead Ave Durham NC US
6371158102,2017-11-02 16:12,https://raleigh.craigslist.org/apa/d/what-are-you-waiting-for/6371158102.html,What are you WAITING FOR? DOWNTOWN LIVING AT IT'S BEST!,950,Raleigh,1,570,1,,,,
6371169245,2017-11-02 16:11,https://raleigh.craigslist.org/apa/d/dont-you-want-live-here-great/6371169245.html,Don't you want live here? Great Specials available! 👋😁,795,Raleigh,0,260,,35.772700,-78.632400,22,211 Ashe Ave  NC US
6371167237,2017-11-02 16:10,https://raleigh.craigslist.org/apa/d/online-payments-available/6371167237.html,"Online Payments Available, Spacious Garden-Style Layouts",900,Durham,2,906,2,36.059678,-78.928974,10,3835 Guess Rd. Durham NC US
6371157747,2017-11-02 16:09,https://raleigh.craigslist.org/apa/d/2-bedroom-15-bath-completely/6371157747.html,2 bedroom 1.5 bath COMPLETELY RENOVATED!,1100,Hillsborough Pond,2,1022,1.5,35.764500,-78.711200,22,
6371166272,2017-11-02 16:09,https://raleigh.craigslist.org/apa/d/top-floor-two-bedroom/6371166272.html,Top Floor Two Bedroom Available 11/7/2017,1152,The Exchange at Brier Creek,1,1161,2,35.900139,-78.800163,22,9250 Bruckhaus Street Raleigh NC US
6371165991,2017-11-02 16:09,https://raleigh.craigslist.org/apa/d/2-bedroomsbathse-habla-espanol/6371165991.html,2 Bedrooms 1 1/2 Bath $760.00  se habla espanol,760,durham,2,830,1.5,35.958729,-78.976657,5,4230 garrett rd durham NC US
6342164812,2017-11-02 16:08,https://raleigh.craigslist.org/apa/d/charming-2-bedroom-cottage/6342164812.html,Charming 2 bedroom cottage just 1/2 mile from UNC-Greensboro!,775,Greensboro,2,918,1,36.058423,-79.814687,5,1004 Portland St. Greensboro NC US
6341986141,2017-11-02 16:08,https://raleigh.craigslist.org/apa/d/affordable-2-bedroom/6341986141.html,Affordable 2 Bedroom Apartment in N. Raleigh!  New Carpet!,850,Raleigh,2,1036,1.5,35.841195,-78.595119,5,4412 Brockton Dr. Raleigh NC US
6371146284,2017-11-02 16:07,https://raleigh.craigslist.org/apa/d/walk-in-closets-in-pool/6371146284.html,"Walk-In Closets, In-Pool Tanning Deck, 4 TV Wall with Wii & Xbox",1088,Raleigh,1,852,1,35.888700,-78.639300,22,110 Talisman Way Raleigh NC US
6371162248,2017-11-02 16:06,https://raleigh.craigslist.org/apa/d/be-the-new-kid-on-the-block/6371162248.html,Be the new kid on the block 😎🌇,840,Durham,2,850,2,36.025507,-78.911631,10,1306 Leon St. Durham NC US
6371162042,2017-11-02 16:06,https://raleigh.craigslist.org/apa/d/recent-price-drop-on-fully/6371162042.html,Recent price drop on a fully renovated unit! (2CV),1000,Collegeview,2,11000,2,35.764500,-78.711200,22,
6371161692,2017-11-02 16:06,https://raleigh.craigslist.org/apa/d/auto-detailing-center-lighted/6371161692.html,"Auto-Detailing Center, Lighted Tennis Court, Clothing Care Center",1312,Chapel Hill,3,1333,2,35.920300,-79.037200,5,100 Drew Hill Lane Chapel Hill Chapel Hill NC US
6371160233,2017-11-02 16:05,https://raleigh.craigslist.org/apa/d/fully-renovated-and-ready/6371160233.html,Fully renovated and ready immediately!,950,The Grove,2,850,1,35.764500,-78.711200,22,
6371093046,2017-11-02 16:05,https://raleigh.craigslist.org/apa/d/call-for-details-sand/6371093046.html,"Call for Details, Sand Volleyball Courts, New Bark Park",1205,Durham,3,1216,2,35.917783,-78.925717,10,1000 Lydias Way Durham NC US
6371157336,2017-11-02 16:03,https://raleigh.craigslist.org/apa/d/move-in-today-brand-new/6371157336.html,Move in today! Brand new property with great amenities!,1231,,1,928,1,35.830340,-78.883553,5,Highcroft Dr at McCrimmon Parkway Cary NC US
6371156541,2017-11-02 16:03,https://raleigh.craigslist.org/apa/d/short-visit-will-be-long-term/6371156541.html,A Short Visit Will Be A Long-Term Stay @ Cary Greens--Tour Today!!!,1193,,2,983,2,35.789882,-78.825681,5,2500 Grove Club Lane CARY NC US
6371155349,2017-11-02 16:02,https://raleigh.craigslist.org/apa/d/apply-today-receive-1st-month/6371155349.html,~Apply Today & Receive 1st Month of Rent FREE~,685,Chapel Hill,1,540,1,35.921936,-79.071918,15,306 Estes Drive Ext Carrboro NC US
6371143555,2017-11-02 16:02,https://raleigh.craigslist.org/apa/d/7845-barbour-store-rd/6371143555.html,7845 Barbour store rd,1100,Willow Spring,3,0,2,35.547000,-78.671700,22,7845 Barbour st Willow spring NC US
6371154538,2017-11-02 16:01,https://raleigh.craigslist.org/apa/d/downtown-raleigh-in-your/6371154538.html,🏡Downtown Raleigh in Your Backyard!! 🌆,950,Raleigh,1,570,1,,,,
6371153891,2017-11-02 16:01,https://raleigh.craigslist.org/apa/d/2-weeks-free-spacious-3-bed-2/6371153891.html,"2 Week's Free!  Spacious 3 bed/2 ba w/ Private Patio, Storage & More!",1125,2 Miles to RTP,3,1140,2,35.936707,-78.821685,10,600 Discovery Way Durham NC US
