pid,dt,url,title,price,neighb,beds,sqft,baths,lat,lng,accuracy,address
6371231775,2017-11-02 16:55,https://reading.craigslist.org/apa/d/comfort-and-convenience-the/6371231775.html,Comfort and Convenience; The Place To Live!,990,Reading,2,0,1.5,,,,
6371201623,2017-11-02 16:41,https://reading.craigslist.org/apa/d/spacious-2-bedroom-with-cozy/6371201623.html,Spacious 2 bedroom with cozy fireplace!,1275,"Reading, PA",2,0,1.5,40.399379,-75.950375,5,200 Elmer Circle Reading PA US
6371194130,2017-11-02 16:38,https://reading.craigslist.org/apa/d/spacious-1-bedroom-with-den/6371194130.html,Spacious 1 bedroom with den plus amazing vaulted ceiling with fans!,1175,"Reading, PA",1,0,1,40.398856,-75.950203,5,200 Elmer Circle Reading PA US
6368576327,2017-11-02 16:32,https://reading.craigslist.org/apa/d/utilities-included-24-hour-on/6368576327.html,Utilities Included 24-hour on Call Maintenance. 2 bdrm 1 bath (C-6),1045,"Pottstown, PA",2,1000,1,40.259673,-75.657457,10,422 Upland Street Pottstown PA US
6371197581,2017-11-02 16:31,https://reading.craigslist.org/apa/d/beautiful-upgraded-1br-1ba-at/6371197581.html,Beautiful Upgraded 1br 1ba at Concord Court! Call to Schedule a Tour!,1073,,1,685,1,40.322875,-76.014147,10,201 James St Sinking Spring PA US
6371188118,2017-11-02 16:25,https://reading.craigslist.org/apa/d/beautiful-large-apartment/6371188118.html,Beautiful large apartment with fantastic view!,1200,,0,0,,40.402500,-75.904600,22,
6371187963,2017-11-02 16:24,https://reading.craigslist.org/apa/d/call-maidencreek-home/6371187963.html,Call Maidencreek Home!,950,,0,0,,40.443500,-75.883700,22,
6371187895,2017-11-02 16:24,https://reading.craigslist.org/apa/d/renovated-and-updated-3/6371187895.html,Renovated and Updated 3 Bedroom Apartment Home!,1558,Exeter,3,0,2,40.335100,-75.875000,22,612 Eastwick Drive Reading 19606 PA US
6371174812,2017-11-02 16:15,https://reading.craigslist.org/apa/d/2-bedroom-at-the-lofts-at-525/6371174812.html,2 bedroom at the Lofts at 525,1050,,2,0,2,40.325000,-75.944200,22,
6350163380,2017-11-02 16:15,https://reading.craigslist.org/apa/d/2-bedroom-1-bath-cocalico/6350163380.html,"2 bedroom, 1 bath Cocalico Schools district Reinholds apt",800,,0,0,,40.268800,-76.101300,22,125 Galen Hall rd Reinholds PA US
6363761950,2017-11-02 16:15,https://reading.craigslist.org/apa/d/2-bedroom-1-bath-newmanstown/6363761950.html,"2 bedroom, 1 bath Newmanstown apt",825,,2,0,1,40.350626,-76.214615,10,29 W Main St Newmanstown PA US
6362250281,2017-11-02 16:15,https://reading.craigslist.org/apa/d/3-bedroom-25-bath-new-townhome/6362250281.html,"3 bedroom, 2.5 bath NEW Townhome",1175,,3,0,2.5,40.229700,-76.115700,22,10 Redstone Dr Denver PA US
6371131301,2017-11-02 16:04,https://reading.craigslist.org/apa/d/adorable-renovated-craftsman/6371131301.html,Adorable Renovated Craftsman Style 2BDR Bungalow,525,,2,711,1,40.335100,-75.875000,22,2432 Grandview Ave Reading PA US
6371122500,2017-11-02 16:04,https://reading.craigslist.org/apa/d/berkshire-hills-apts-comfort/6371122500.html,Berkshire Hills Apts - Comfort & Convenience,815,Berkshire Hills,1,605,1,,,,
6371139512,2017-11-02 16:04,https://reading.craigslist.org/apa/d/adorable-renovated-craftsman/6371139512.html,Adorable Renovated Craftsman Style 2BDR Bungalow,525,,2,711,1,40.335100,-75.875000,22,2432 Grandview Ave Reading PA US
6357303564,2017-11-02 16:04,https://reading.craigslist.org/apa/d/three-plus-bedroom-near-park/6357303564.html,Three plus bedroom near park,600,Reading,3,0,0,40.327000,-75.917587,22,
6357311261,2017-11-02 16:03,https://reading.craigslist.org/apa/d/recently-remodeled-home-with/6357311261.html,Recently remodeled home with Mountain View,700,Strausstown,2,0,0,40.471586,-76.177483,22,
6357299742,2017-11-02 16:02,https://reading.craigslist.org/apa/d/cozy-2-bedroom-single-on/6357299742.html,Cozy 2 bedroom single on Country Setting,525,Reading,2,0,0,40.329618,-75.918102,22,
6371154904,2017-11-02 16:01,https://reading.craigslist.org/apa/d/2nd-fl-contemporary-kitchen/6371154904.html,"2nd fl Contemporary kitchen, Fireplace, Fitness Ctr, Tennis Ct,",1545,"Royersford, Pottstown, Phoenixville, Oaks, Limerick",2,960,2,40.201281,-75.523410,5,703 Brooke Drive Royersford PA US
6357298225,2017-11-02 16:01,https://reading.craigslist.org/apa/d/easy-approval-nice-3-bedroom/6357298225.html,Easy Approval - Nice 3 bedroom house on Quiet Street,600,Penn Commons,3,0,0,40.327393,-75.919647,22,
