pid,dt,url,title,price,neighb,beds,sqft,baths,lat,lng,accuracy,address
6371439896,2017-11-02 16:44,https://reno.craigslist.org/apa/d/3988-dominus-dr/6371439896.html,3988 Dominus Dr.,1595,Sparks,3,1540,2.5,39.626900,-119.708100,22,3988 Dominus Dr. Sparks NV US
6371434206,2017-11-02 16:44,https://reno.craigslist.org/apa/d/6261-black-cinder/6371434206.html,6261 Black Cinder,1450,Sparks,3,1248,2,39.606462,-119.695628,10,6261 Black Cinder Sparks NV US
6371437820,2017-11-02 16:43,https://reno.craigslist.org/apa/d/make-vizcaya-your-new-home/6371437820.html,Make Vizcaya Your New Home,1323,,1,790,1,39.520688,-119.870503,10,1350 Grand Summit Dr Reno NV US
6371437359,2017-11-02 16:42,https://reno.craigslist.org/apa/d/6080-ingleston-dr-1014/6371437359.html,6080 Ingleston Dr. #1014,1595,Sparks,3,1599,2.5,39.603986,-119.695821,10,6080 Ingleston Dr. Sparks NV US
6361849192,2017-11-02 16:40,https://reno.craigslist.org/apa/d/6982-poco-bueno-cir/6361849192.html,6982 Poco Bueno Cir,1995,Sparks,3,2750,3,39.614396,-119.693721,10,6982 Poco Bueno Cir Sparks NV US
6371417817,2017-11-02 16:37,https://reno.craigslist.org/apa/d/brand-new-lennar-home-for-rent/6371417817.html,Brand New Lennar Home for Rent,2100,3075 Vincinato,4,2175,3,39.626900,-119.708100,22,3075 Vincinato Sparks NV US
6371418208,2017-11-02 16:24,https://reno.craigslist.org/apa/d/gorgeous-2br-2ba-fit-for/6371418208.html,Gorgeous 2BR/2BA Fit for Royalty!,1422,Reno,2,1063,2,39.440634,-119.753187,5,1001 South Meadows Pkwy Reno NV US
6371417826,2017-11-02 16:24,https://reno.craigslist.org/apa/d/gorgeous-2br-2ba-with/6371417826.html,Gorgeous 2BR/2BA with Cathedral Ceilings & a Gourmet Kitchen!,1709,"Reno, NV",2,1134,2,39.440263,-119.752912,10,1001 S Meadows Pkwy Reno NV US
6371417074,2017-11-02 16:23,https://reno.craigslist.org/apa/d/imagine-place-located-to-all/6371417074.html,Imagine a place located to all you need ... great downtown location!,964,Reno,2,718,1,39.533339,-119.809835,5,650 Record St. Reno NV US
6371416977,2017-11-02 16:23,https://reno.craigslist.org/apa/d/reserve-your-new-home-today/6371416977.html,~*~Reserve your new home today and get 1/2 off your deposit!!~*~,1050,"Reno, Sparks, Spanish Springs",1,616,1,39.535894,-119.756047,10,1040 C Street Sparks NV US
6371406360,2017-11-02 16:21,https://reno.craigslist.org/apa/d/the-perfect-home-is-right-here/6371406360.html,THE PERFECT HOME IS RIGHT HERE!,1120,"RENO, SOUTH RENO, CARSON CITY",1,665,1,39.395295,-119.894939,22,
6371405705,2017-11-02 16:13,https://reno.craigslist.org/apa/d/two-bedroom-sparks-duplex/6371405705.html,Two Bedroom Sparks Duplex with Brand New Flooring and Paint Throughout,1100,1760 York Way,2,860,1,39.552977,-119.761884,15,York Way at Rock Blvd Sparks NV US
6371401236,2017-11-02 16:09,https://reno.craigslist.org/apa/d/charming-homes-at-the-verge/6371401236.html,Charming homes at the Verge!,1250,"RENO, SOUTH RENO, SPARKS",2,860,1,39.456934,-119.768026,20,8000 Offenhauser Dr. Reno NV US
6371397857,2017-11-02 16:06,https://reno.craigslist.org/apa/d/tesla-employees-welcomed/6371397857.html,*~*Tesla employees welcomed! Short term leases available.*~*,1050,"Reno, Sparks, Spanish Springs, Tesla",1,616,1,39.535894,-119.756047,10,1040 C Street Sparks NV US
