pid,dt,url,title,price,neighb,beds,sqft,baths,lat,lng,accuracy,address
6371238354,2017-11-02 17:00,https://richmond.craigslist.org/apa/d/patiently-waiting/6371238354.html,Patiently Waiting,775,"2330 Hampstead Ave, Richmond, VA 23230",2,658,1,37.584262,-77.518377,5,2330 Hampstead Ave Richmond VA US
6371236564,2017-11-02 16:58,https://richmond.craigslist.org/apa/d/over-1300-sq-ft-d-in-apt/6371236564.html,"Over 1,300 Sq. Ft.!!!! W/D In Apt.! Hardwood Floors! FREE Parking!",1595,Scott's Addition,2,0,2,37.568732,-77.477753,5,3600 West Broad St Richmond VA US
6371236237,2017-11-02 16:58,https://richmond.craigslist.org/apa/d/welcome-home-to-copper-mill/6371236237.html,"► Welcome home to Copper Mill Apartments,",1215,"West End, Richmond, Short Pump",2,967,2,37.632900,-77.545100,5,3400 Copper Mill Trace Richmond VA US
6371236207,2017-11-02 16:58,https://richmond.craigslist.org/apa/d/richmond-apartment-living/6371236207.html,"► Richmond Apartment Living,",1215,"West End, Richmond, Short Pump",2,967,2,37.632900,-77.545100,5,3400 Copper Mill Trace Richmond VA US
6359165717,2017-11-02 16:56,https://richmond.craigslist.org/apa/d/fully-furnished-efficiency/6359165717.html,Fully Furnished Efficiency Apartment in Emporia VA.,800,Emporia,0,600,1,36.723441,-77.447627,5,29284 Grizzard Rd Emporia VA US
6371233433,2017-11-02 16:56,https://richmond.craigslist.org/apa/d/modern-living-in-unit-washer/6371233433.html,Modern living! In-unit washer/dryer at 2001 East,1385,Richmond,2,910,2,37.534246,-77.423104,10,2001 E Broad St Richmond VA US
6371232029,2017-11-02 16:55,https://richmond.craigslist.org/apa/d/move-in-ready-for-december/6371232029.html,Move In Ready For December!!! ONLY $950!!! ONLY $500 DEPOSIT!!!!!!,950,Museum District,1,0,1,37.558746,-77.473706,10,2900 Kensington Ave Richmond VA US
6371230093,2017-11-02 16:54,https://richmond.craigslist.org/apa/d/move-in-ready-end-apartment/6371230093.html,Move In Ready!!  End Apartment! ONLY $500 DEPOSIT!!!!,1300,Museum District,2,0,1,37.558746,-77.473706,10,2900 Kensington Ave. Richmond VA US
6365498100,2017-11-02 16:53,https://richmond.craigslist.org/apa/d/gorgeous-5-bedroom-house-for/6365498100.html,Gorgeous 5 bedroom house for rent in a quite and posh neighborhood,2400,Mill Rd and Mountain Rd,5,3000,2.5,37.676076,-77.526054,7,
6371226647,2017-11-02 16:51,https://richmond.craigslist.org/apa/d/move-in-ready-only-500/6371226647.html,"Move In Ready!!!  ONLY $500 DEPOSIT!!! PLUS $1,000 Cash At Move In!",1200,Museum District,1,0,1,37.558746,-77.473706,10,2900 Kensington Ave Richmond VA US
6371222488,2017-11-02 16:48,https://richmond.craigslist.org/apa/d/apartment-home-in-richmond/6371222488.html,"֍ Apartment Home in Richmond, Patios and Balconies, Sparkling Pool",1195,"West End, Richmond, Short Pump",2,1010,2,37.632900,-77.545100,5,3400 Copper Mill Trace Richmond VA US
6371222389,2017-11-02 16:48,https://richmond.craigslist.org/apa/d/apartments-available-in/6371222389.html,"☀ Apartments available in RichmondWasher/Dryer, Wood Burning Fireplace",979,"West End, Richmond, Short Pump",1,697,1,37.632900,-77.545100,5,3400 Copper Mill Trace Richmond VA US
6371222265,2017-11-02 16:48,https://richmond.craigslist.org/apa/d/apartment-home-in-richmond/6371222265.html,"❄ Apartment Home in Richmond, Wood & Lake Views, Car Wash Area",1215,"West End, Richmond, Short Pump",2,967,2,37.632900,-77.545100,5,3400 Copper Mill Trace Richmond VA US
6371222046,2017-11-02 16:48,https://richmond.craigslist.org/apa/d/free-gas-free-heat-free/6371222046.html,"Free Gas, Free Heat, Free Cooking, Free Hot Water All for only $865!",865,Behind McGuire Hospital,2,995,1.5,37.490723,-77.464378,10,2231 Chalfont Drive Richmond VA US
6371221908,2017-11-02 16:48,https://richmond.craigslist.org/apa/d/theres-lot-to-love-at/6371221908.html,"There's a lot to love at Williamsburg Park! 2 Bed, 1.5 Bath!",995,Henrico,2,930,1.5,,,,
6371221471,2017-11-02 16:48,https://richmond.craigslist.org/apa/d/hold-your-3-bedroom-apartment/6371221471.html,HOLD YOUR 3 BEDROOM APARTMENT TODAY - MOVE IN JANUARY,1129,Richmond,3,1450,2,,,,
6371218264,2017-11-02 16:45,https://richmond.craigslist.org/apa/d/2-bedroom-apartments-are/6371218264.html,2 BEDROOM APARTMENTS ARE LEASING LIKE CRAZY - DON'T MISS OUT,882,RVA,2,1200,2,37.515800,-77.504700,22,
6343042366,2017-11-02 16:45,https://richmond.craigslist.org/apa/d/hurry-price-drop-alert-1035/6343042366.html,Hurry - Price Drop Alert $1035 for 2 BR 2.5 BA,1035,,2,1154,2.5,37.526374,-77.367666,10,4431B Lakefield Mews Drive Richmond VA US
6371201918,2017-11-02 16:43,https://richmond.craigslist.org/apa/d/right-on-public-transit-for/6371201918.html,"Right on public transit, for easy commuting! Berkshire Apartments",924,Monroe Park,1,693,1,37.545246,-77.445905,10,300 West Franklin Street Richmond VA US
6371214778,2017-11-02 16:43,https://richmond.craigslist.org/apa/d/3-bedrooms/6371214778.html,3 bedrooms,950,Richmond,3,1080,1.5,37.624700,-77.435100,22,
6371193525,2017-11-02 16:39,https://richmond.craigslist.org/apa/d/playground-grilling-station/6371193525.html,"Playground, Grilling station, Sparkling Pool",1250,"705 Pool Road, Richmond, VA 23236",3,1100,1.5,37.478200,-77.585400,5,705 Pool Road Richmond VA US
6371207796,2017-11-02 16:38,https://richmond.craigslist.org/apa/d/lease-your-spacious-1-bedroom/6371207796.html,LEASE YOUR SPACIOUS 1 BEDROOM APARTMENT TODAY,811,RICHMOND,1,765,1.5,,,,
6371205042,2017-11-02 16:36,https://richmond.craigslist.org/apa/d/all-that-we-are-missing-is-you/6371205042.html,All that we are missing is YOU!!!,960,Henrico,1,800,1,37.645500,-77.626600,0,4400 Breezy Bay Circle Henrico VA US
6371204595,2017-11-02 16:36,https://richmond.craigslist.org/apa/d/1x1-apt-with-ceramic-tile/6371204595.html,1x1 Apt. with Ceramic Tile Flooring and Upgraded Lighting Fixtures,1069,"Richmond, VA",1,505,1,37.560628,-77.469430,10,2734 W Grace St Richmond VA US
6371204551,2017-11-02 16:36,https://richmond.craigslist.org/apa/d/precious-bungalow-in-woodland/6371204551.html,PRECIOUS BUNGALOW IN WOODLAND HEIGHTS,1295,richmond,2,0,1,37.518348,-77.467788,5,616 W. 32nd Street richmond VA US
6371203495,2017-11-02 16:35,https://richmond.craigslist.org/apa/d/3-bedrooms-are-huge/6371203495.html,3 Bedrooms are Huge!!,1305,"Henrico, VA",3,1600,2,37.602808,-77.556782,5,8808 Three Chopt Rd. Henrico VA US
6371203506,2017-11-02 16:35,https://richmond.craigslist.org/apa/d/3-bedroom-2-full-bath-house/6371203506.html,3 Bedroom 2 Full Bath House,1175,,3,0,2,37.251873,-77.407389,10,319 Joe Johnson Avenue Colonial Heights VA US
6371204551,2017-11-02 16:36,https://richmond.craigslist.org/apa/d/precious-bungalow-in-woodland/6371204551.html,PRECIOUS BUNGALOW IN WOODLAND HEIGHTS,1295,richmond,2,0,1,37.518348,-77.467788,5,616 W. 32nd Street richmond VA US
6371203495,2017-11-02 16:35,https://richmond.craigslist.org/apa/d/3-bedrooms-are-huge/6371203495.html,3 Bedrooms are Huge!!,1305,"Henrico, VA",3,1600,2,37.602808,-77.556782,5,8808 Three Chopt Rd. Henrico VA US
6371203506,2017-11-02 16:35,https://richmond.craigslist.org/apa/d/3-bedroom-2-full-bath-house/6371203506.html,3 Bedroom 2 Full Bath House,1175,,3,0,2,37.251873,-77.407389,10,319 Joe Johnson Avenue Colonial Heights VA US
6371201104,2017-11-02 16:33,https://richmond.craigslist.org/apa/d/lovely-park-like-setting/6371201104.html,Lovely Park Like Setting!!!,801,"Ashland, VA",2,960,1.5,,,,
6371199440,2017-11-02 16:32,https://richmond.craigslist.org/apa/d/move-on-up-prices-starting-at/6371199440.html,Move On Up !!!!! Prices Starting At $719 !!!!!,719,Eastern Henrico,2,784,1,37.547700,-77.394800,22,
6371184365,2017-11-02 16:31,https://richmond.craigslist.org/apa/d/hugebr-townhomes-with-free/6371184365.html,"HUGE 1, 2, & 3 BR TOWNHOMES WITH FREE WASHER/DRYER!",1230,Richmond,3,1258,2,37.514670,-77.516663,22,St. John's Wood Dr. at Jahnke Rd. Richmond VA US
6371195885,2017-11-02 16:30,https://richmond.craigslist.org/apa/d/waverly-place-apartments-fall/6371195885.html,Waverly Place Apartments *Fall Specials*,880,Louisa,1,0,1,38.013200,-78.034700,22,
6343476092,2017-11-02 16:30,https://richmond.craigslist.org/apa/d/1-bedroom-1-bath-efficiency/6343476092.html,1 Bedroom 1 Bath Efficiency Utilities Included plus Cable TV $180 Week,720,Colonial Heights,1,0,1.5,37.270000,-77.403800,22,1214 Boulevard Colonial Heights VA US
6344403464,2017-11-02 16:29,https://richmond.craigslist.org/apa/d/1-bedroom-bathroom-utilities/6344403464.html,"1 Bedroom, Bathroom Utilities Included $145/week or $580/month",580,Colonial Heights,1,0,1,37.250863,-77.410884,10,1214 Boulevard Colonial Heights VA US
6371193665,2017-11-02 16:28,https://richmond.craigslist.org/apa/d/fantastic-west-end-location/6371193665.html,FANTASTIC WEST END LOCATION! AMAZING 2 BRM APTS AVAILABLE!,1145,West End,2,1060,2,37.645500,-77.626600,22,Chesterbrook Way at Arbor Creek Drive Richmond VA US
6371190357,2017-11-02 16:26,https://richmond.craigslist.org/apa/d/townhouse/6371190357.html,Townhouse,1008,"Henrico, VA",2,1145,1.5,37.602536,-77.557125,5,8808 Three Chopt Rd. Henrico VA US
6371175160,2017-11-02 16:25,https://richmond.craigslist.org/apa/d/make-every-day-an-escape/6371175160.html,Make Every Day An Escape!,980,North Chesterfield,2,1065,1.5,37.515800,-77.504700,22,6923 Starview Court North Chesterfield VA US
6371186230,2017-11-02 16:23,https://richmond.craigslist.org/apa/d/check-us-out-online-for/6371186230.html,Check Us Out Online For Special Offers,989,"Henrico, VA",2,1280,2,37.602536,-77.556782,5,8808 Three Chopt Rd. Henrico VA US
6371184983,2017-11-02 16:22,https://richmond.craigslist.org/apa/d/ramz-apartments-on-broad/6371184983.html,RAMZ Apartments on Broad,809,,2,0,1,37.549800,-77.458800,22,
6371184743,2017-11-02 16:22,https://richmond.craigslist.org/apa/d/elegant-condo-on-monument/6371184743.html,ELEGANT CONDO ON MONUMENT AVENUE,2395,richmond,2,0,2,37.558493,-77.467917,10,2512 monument avenue richmond VA US
6371183863,2017-11-02 16:22,https://richmond.craigslist.org/apa/d/walking-distanc-to-the/6371183863.html,"WALKING DISTANC E TO THE GROCERY STORE, SHOPPING & INCREDIBLE RESTAURA",1100,Old Buckingham Station,2,1099,2,37.510900,-77.642900,22,Buckingham Station Drive at Old buckingham road Midlothian VA US
6371182477,2017-11-02 16:21,https://richmond.craigslist.org/apa/d/bright-and-airy-town-home/6371182477.html,Bright and Airy Town Home,931,"Henrico, VA",2,1027,1,37.602944,-77.556953,5,8808 Three Chopt Rd. Henrico VA US
6348374675,2017-11-02 16:21,https://richmond.craigslist.org/apa/d/beautiful-loft-in-shockoe/6348374675.html,"Beautiful loft in Shockoe near VCU medical, $1025 including cable/wifi",1025,"201 N 19th Street, Richmond, VA",1,900,1,37.534130,-77.424817,5,201 N 19th Street at 201 Richmond VA US
6371181847,2017-11-02 16:20,https://richmond.craigslist.org/apa/d/300-off-1st-full-month-apply/6371181847.html,$300 OFF 1ST FULL MONTH! APPLY NOW!,755,Northern Henrico,2,857,1,37.609629,-77.426507,15,Pony Farm Drive at Tivoli Circle Richmond VA US
6371180476,2017-11-02 16:19,https://richmond.craigslist.org/apa/d/classic-renovated-hardwood/6371180476.html,"Classic, Renovated, Hardwood, Carpet - We have what you're looking for",997,Henrico,2,1000,1.5,,,,
6371179250,2017-11-02 16:18,https://richmond.craigslist.org/apa/d/pick-the-perfect-apartment/6371179250.html,Pick the Perfect Apartment Today!,772,"Henrico, VA",1,620,1,37.603488,-77.556782,5,8808 Three Chopt Rd. Henrico VA US
6371178738,2017-11-02 16:18,https://richmond.craigslist.org/apa/d/move-in-byand-get-december/6371178738.html,Move in by 11/30 and Get December FREE! Call or Come By Today!,800,"Richmond, VA",0,822,,37.529416,-77.385993,20,3508 East Richmond Road Richmond VA US
6367471102,2017-11-02 16:18,https://richmond.craigslist.org/apa/d/second-chance-we-have/6367471102.html,SECOND CHANCE WE HAVE EVERYTHING YOU ARE LOOKING FOR & !PETS ARE WELCOME!,910,LEASE W/ OPTION TO BUY,0,2200,,37.755400,-77.018500,22,
6371177251,2017-11-02 16:17,https://richmond.craigslist.org/apa/d/comfortable-living/6371177251.html,"Comfortable living. Conveniently located, spacious 2 bed 1.5 bath!",1475,Downtown,2,1007,1.5,37.537546,-77.435305,10,1001 E Main St Richmond VA US
6371176773,2017-11-02 16:17,https://richmond.craigslist.org/apa/d/weather-the-seasons-central/6371176773.html,Weather the seasons! Central heat and air at Riverside Apartments,675,Right on the James River!,0,530,1,37.524260,-77.456103,10,2112 Riverside Drive Richmond VA US
6371175924,2017-11-02 16:16,https://richmond.craigslist.org/apa/d/stainless-steel-kitchen/6371175924.html,Stainless Steel Kitchen Appliances Included in This 2BR/1BA Apartment!,1317,Richmond,2,1107,1,37.523715,-77.435054,10,307 Stockton St. Richmond VA US
6371175138,2017-11-02 16:16,https://richmond.craigslist.org/apa/d/2-bed-15-bath-available/6371175138.html,2 bed / 1.5 bath Available Immediately,1092,Henrico,2,1000,1.5,,,,
6361972653,2017-11-02 16:16,https://richmond.craigslist.org/apa/d/two-bed-rooms-two-bathroom/6361972653.html,Two bed rooms/ Two bathroom Trailer For Rent Only $750 A Month,750,King and Queen,2,0,2,,,,
6371174913,2017-11-02 16:15,https://richmond.craigslist.org/apa/d/simply-remarkable-property/6371174913.html,Simply remarkable property! Historic charm in Richmond,1325,Raven Place,2,1098,2,37.535884,-77.425812,10,1710 E Broad Street Richmond VA US
6371161389,2017-11-02 16:14,https://richmond.craigslist.org/apa/d/breathtaking-view-for-only-595/6371161389.html,Breathtaking view for ONLY 595,625,"Richmond, Midtown",0,290,1,37.547900,-77.433793,10,205 N. 4th Street Richmond VA US
6371172147,2017-11-02 16:14,https://richmond.craigslist.org/apa/d/happy-renters-live-at/6371172147.html,"Happy renters live at Sundance Station! Beautiful 2 bed, 2 bath!",1098,henrico,2,894,2,37.633893,-77.555328,22,
6371171901,2017-11-02 16:14,https://richmond.craigslist.org/apa/d/50-off-per-month-on-select-1/6371171901.html,"$50 OFF PER MONTH ON SELECT 1 BDRMS, APPLY BY Nov 3rd!!!",1050,Glen Allen,1,771,1,37.661488,-77.443502,20,Virginia Center Parkway at Centerway Drive Glen Allen VA US
6371160145,2017-11-02 16:12,https://richmond.craigslist.org/apa/d/2-br-2-bath-corner-unit/6371160145.html,2 BR 2 Bath Corner Unit - Utilities & Parking Included - Available NOW,1190,Main Street - Shockoe Bottom,2,841,2,37.531297,-77.423766,5,16 N. 22nd Street at 22nd and Main Street Richmond VA US
6356249077,2017-11-02 16:12,https://richmond.craigslist.org/apa/d/nice-3-bdrm-2-bath-home/6356249077.html,▧ Nice 3 bdrm/2 bath `home. Parking! ▧,400,richmond,3,0,2,37.524200,-77.493200,22,
6371168791,2017-11-02 16:11,https://richmond.craigslist.org/apa/d/live-the-dream-life-in-our/6371168791.html,Live the dream life in our gorgeous community! Stop by for a tour!,979,Sandston,2,1100,1.5,37.515700,-77.275800,22,5194 Gerwyn Circle Sandston VA US
6371168457,2017-11-02 16:11,https://richmond.craigslist.org/apa/d/simply-sensational-877-sqft-2/6371168457.html,"Simply sensational 877 sqft, 2 bed, 1.5 bath! We fit your lifestyle!",744,Richmond,2,877,1.5,37.524014,-77.348095,10,4633 Needham Court Richmond VA US
6371166966,2017-11-02 16:10,https://richmond.craigslist.org/apa/d/gorgeous-great-space-full/6371166966.html,"Gorgeous, Great Space, Full Size W/D",980,North Chesterfield,2,1065,1.5,37.515800,-77.504700,22,6923 Starview Court North Chesterfield VA US
6371166490,2017-11-02 16:09,https://richmond.craigslist.org/apa/d/individual-climate-control/6371166490.html,Individual Climate Control Included in This 2BR/1BA Apartment!,1296,Richmond,2,882,1,37.523715,-77.435054,10,307 Stockton St. Richmond VA US
6371155721,2017-11-02 16:09,https://richmond.craigslist.org/apa/d/just-enough-space-to-keep-you/6371155721.html,Just Enough Space To Keep You Cozy and Warm In Your New Home!,766,"West End,Short Pump,Innsbrook,Downtown",0,288,1,,,,
6371164898,2017-11-02 16:08,https://richmond.craigslist.org/apa/d/best-kept-secret-chefs/6371164898.html,"Best Kept Secret, Chef's Kitchen, Affordable!",980,North Chesterfield,2,1065,1.5,37.515800,-77.504700,22,6923 Starview Court North Chesterfield VA US
6331613264,2017-11-02 16:07,https://richmond.craigslist.org/apa/d/amazing-2-bedroom-2-bath-home/6331613264.html,"Amazing 2 bedroom 2 bath home minutes from Westhampton, Carytown",1595,West End/Leonard Prky,2,1600,2,37.570932,-77.501978,10,4814 Leonard Parkway Richmond VA US
6352392479,2017-11-02 16:07,https://richmond.craigslist.org/apa/d/huge-townhouse-great-location/6352392479.html,"Huge Townhouse, Great Location Available Now!!",795,Redman Rd/West End,2,850,1,37.597701,-77.516947,10,2010 Redman Richmond VA US
6352385993,2017-11-02 16:06,https://richmond.craigslist.org/apa/d/great-priced-2-bedroom/6352385993.html,Great priced 2 bedroom renovated in hopewell Close to Amazon!!!,595,Hopewell/Waren,2,0,1,37.275445,-77.296348,10,1902 Warren Ave Hopewell VA US
6344696685,2017-11-02 16:06,https://richmond.craigslist.org/apa/d/open-house-thursdaybedroom-2/6344696685.html,!Open House Thursday  11/2 @ 6:00! 2 bedroom 2 bath Home Willow Lawn,1595,West End/Leonard Prky,2,1600,2,37.570932,-77.501978,10,4814 Leonard Parkway Richmond VA US
6371148493,2017-11-02 16:05,https://richmond.craigslist.org/apa/d/no-more-tricks-here-just/6371148493.html,NO MORE TRICKS HERE!  JUST TREATS!  APPLY nOW!,1215,"West End, Richmond, Short Pump",2,967,2,37.632900,-77.545100,5,3400 Copper Mill Trace Richmond VA US
6371159329,2017-11-02 16:05,https://richmond.craigslist.org/apa/d/only-few-1-br-floor-plans/6371159329.html,ONLY A FEW 1 BR FLOOR PLANS AVAILABLE AT FANTASTIC PRICES! CALL NOW!,670,Colonial,1,586,1,37.624700,-77.435100,22,
6371158718,2017-11-02 16:04,https://richmond.craigslist.org/apa/d/1bdr-1bth-available-at-the/6371158718.html,1Bdr/1Bth Available at The Preserve At Scott's Addition!,1379,Scott's Addition,1,732,1,37.592100,-77.495200,22,
6339246874,2017-11-02 16:04,https://richmond.craigslist.org/apa/d/beautiful-3-bedroom-rancher/6339246874.html,Beautiful 3 bedroom rancher - Quiet Setting,825,Colonial Heights,3,0,0,37.246269,-77.424431,22,
6339250841,2017-11-02 16:03,https://richmond.craigslist.org/apa/d/riverfront-3-bedroom-2/6339250841.html,Riverfront 3 bedroom 2 bathroom single - Great views!,795,Battersea,3,0,2,37.188717,-77.440567,22,
6371156383,2017-11-02 16:02,https://richmond.craigslist.org/apa/d/pool-playground-6-laundry/6371156383.html,☼ Pool ☼ Playground ☼ 6 Laundry Rooms ☼ On Busline!,1074,"Richmond, VA",3,1190,1.5,,,,
6371155359,2017-11-02 16:02,https://richmond.craigslist.org/apa/d/axis-147-check-out-our-new/6371155359.html,Axis 147 | Check out our NEW Clubhouse and Fitness Center! |Save $200!,1125,"1701 Irondale Road, North Chesterfield, VA 23235",2,1065,1.5,37.513300,-77.564600,5,1701 Irondale Road North Chesterfield VA US
6333577239,2017-11-02 16:02,https://richmond.craigslist.org/apa/d/threer-plus-bedroom-farmhouse/6333577239.html,Threer plus bedroom farmhouse on Acreage,1195,Southside,3,0,2,37.474149,-77.460651,22,
6371155027,2017-11-02 16:02,https://richmond.craigslist.org/apa/d/2-bedroom-short-term-leases/6371155027.html,2 bedroom - Short Term Leases Available!,1205,"3301 Copper Mill trace, Richmond, VA 23294",2,1100,2,37.634044,-77.559088,5,3301 Copper Mill trace Richmond VA US
6333569416,2017-11-02 16:01,https://richmond.craigslist.org/apa/d/beautiful-3-bedroom-single-on/6333569416.html,Beautiful 3 bedroom single on Large lot,875,Broad Rock,3,0,0,37.522225,-77.511806,22,
6371153640,2017-11-02 16:01,https://richmond.craigslist.org/apa/d/its-amazing-we-have-one/6371153640.html,It's amazing! We have a one bedroom for $512 a month`,512,Prince George,0,0,,37.233300,-77.274700,22,4270 Anne Terrace Prince George VA US
