pid,dt,url,title,price,neighb,beds,sqft,baths,lat,lng,accuracy,address
6362251999,2017-11-02 16:51,https://rmn.craigslist.org/apa/d/fabulous-fresh-carpet-fresh/6362251999.html,Fabulous Fresh Carpet Fresh Paint Inside,1020,LOW CREDIT SCORES OK,0,824,,43.566300,-92.014500,22,
6371296025,2017-11-02 16:42,https://rmn.craigslist.org/apa/d/two-bedroom-main-level/6371296025.html,"Two Bedroom Main Level Apartment Available Nov 9:ALERES,LLC",650,"Austin, MN",2,700,1,43.663619,-92.974887,10,107 3rd Avenue SE Austin MN US
6371295213,2017-11-02 16:42,https://rmn.craigslist.org/apa/d/limited-time-999-off-first/6371295213.html,Limited time $999 off first full months rent! Spacious 3 bedroom!,1610,"2301 Crystal Bay Southwest, Rochester, MN 55901",3,1485,2,43.995692,-92.495072,5,2301 Crystal Bay Southwest Rochester MN US
6371294755,2017-11-02 16:41,https://rmn.craigslist.org/apa/d/lovely-2-bedroom-2-car-garage/6371294755.html,"Lovely 2 Bedroom 2 Car Garage Townhome, $999 off first month!",1415,"3202 Avalon Cove Ln NW, Rochester, MN 55901",2,1532,1.5,44.049600,-92.489600,5,3202 Avalon Cove Ln NW Rochester MN US
6371283992,2017-11-02 16:33,https://rmn.craigslist.org/apa/d/999-off-first-full-month-call/6371283992.html,$999 OFF First Full Month! Call for details TODAY!,1576,"3202 Avalon Cove Lane NW, Rochester, MN 55901",3,1530,2.5,44.049600,-92.489600,5,3202 Avalon Cove Lane NW Rochester MN US
6371266041,2017-11-02 16:20,https://rmn.craigslist.org/apa/d/one-bedroom-apartment/6371266041.html,"One Bedroom Apartment Available Nov 1:ALERES, LLC",480,"Austin, MN",1,550,1,43.667346,-92.977409,10,305 1st Avenue NW Austin MN US
6371261838,2017-11-02 16:17,https://rmn.craigslist.org/apa/d/were-now-offering-6-month/6371261838.html,We're now offering 6 month leases at Wedgewood Cove!,1100,Albert Lea,2,1200,1.5,43.640737,-93.398626,10,1458 Wedgewood Cove Albert Lea MN US
6371113560,2017-11-02 16:16,https://rmn.craigslist.org/apa/d/big-ewly-remodeled-2345-br/6371113560.html,"◉ Big Ňewly Remodeled 2,3,4,5 br Family House for Ɍeŋt!",400,rmn,3,0,2,44.049600,-92.489600,22,
6371249733,2017-11-02 16:08,https://rmn.craigslist.org/apa/d/now-accepting-applications/6371249733.html,Now accepting applications for senior and/or disabled at Harmony Manor,,"Harmony, MN",1,0,1,43.549916,-92.010111,10,445 Main Avenue Harmony MN US
6368415179,2017-11-02 16:02,https://rmn.craigslist.org/apa/d/215-2-small-one-bedroom-2/6368415179.html,215-2 Small One Bedroom 2 Blocks from Mayo/Methodist Downtown Rocheste,800,215 5th Ave NW # 2,1,0,1,44.025579,-92.469649,5,215 5th Ave NW at 2nd St NW Rochester MN US
