pid,dt,url,title,price,neighb,beds,sqft,baths,lat,lng,accuracy,address
6371229938,2017-11-02 16:54,https://roanoke.craigslist.org/apa/d/charming-ranch-convenient/6371229938.html,"Charming Ranch, Convenient Location!",1050,2591 Creston Ave,2,1567,2,37.243515,-79.985710,10,2591 Creston Ave Roanoke VA US
6333872134,2017-11-02 16:53,https://roanoke.craigslist.org/apa/d/3bd-3bth-house-close-to/6333872134.html,"3bd/3bth house -Close to Hospitals, Downtown",925,Roanoke,3,1750,3,37.254944,-79.930623,5,Riverland at Ivy Roanoke VA US
6371226092,2017-11-02 16:51,https://roanoke.craigslist.org/apa/d/quiet-street-quiet/6371226092.html,&&&&&&Quiet street & quiet neighborhood close to eve,350,"627 Montrose Ave SE, Roanoke, VA 24013",2,930,1,37.261826,-79.931502,5,627 Montrose Ave SE Roanoke VA US
6371217123,2017-11-02 16:44,https://roanoke.craigslist.org/apa/d/last-10-apartments-for/6371217123.html,Last 10 Apartments for November:  Half off for 4 MONTHS!!!!!,840,Roanoke County,2,965,1.5,37.244531,-80.024586,20,4630 Roxbury Lane ROanoke VA US
6371173291,2017-11-02 16:33,https://roanoke.craigslist.org/apa/d/upgraded-granite-countertop/6371173291.html,Upgraded granite countertop fresh flooring,741,,0,0,,,,,
6371191532,2017-11-02 16:27,https://roanoke.craigslist.org/apa/d/1700-sq-ft-ranch-1250/6371191532.html,"1700 Sq Ft Ranch $1,250",1250,"Rt.24, Moneta, VA",4,1700,3,37.178400,-79.652100,22,5366 Stewartsville rd Moneta VA US
6371168703,2017-11-02 16:11,https://roanoke.craigslist.org/apa/d/hands-up-to-new-home/6371168703.html,Hands Up To A New Home,750,,2,1000,2,37.342996,-79.961352,10,7266 S. Barrens Rd Roanoke VA US
6371168206,2017-11-02 16:11,https://roanoke.craigslist.org/apa/d/botetourt-county-4br-2ba/6371168206.html,Botetourt County 4BR 2BA Country Setting,1000,2082 Nace Rd,4,0,2,37.491100,-79.851100,22,2082 Nace Rd Fincastle VA US
