pid,dt,url,title,price,neighb,beds,sqft,baths,lat,lng,accuracy,address
6371238839,2017-11-02 17:00,https://rochester.craigslist.org/apa/d/batavia-large-2-bedroom-upper/6371238839.html,Batavia -Large 2 Bedroom Upper,750,Batavia,2,1300,1,43.002796,-78.146012,10,5072 clinton street road Batavia NY US
6358324389,2017-11-02 16:59,https://rochester.craigslist.org/apa/d/park-ave-area-4-bedroom/6358324389.html,Park Ave Area- 4 Bedroom,1600,Donlon St,4,0,1,43.146433,-77.577124,5,Donlon at Milburn Rochester NY US
6343144208,2017-11-02 16:58,https://rochester.craigslist.org/apa/d/extra-large-two-bed-1-and-1-2/6343144208.html,"EXTRA-LARGE TWO-BED, 1 and 1/2 BATH",974,WEBSTER,2,1104,1.5,43.199076,-77.502837,5,EMPIRE BLVD at WEBSTER MANOR DRIVE WEBSTER NY US
6371229481,2017-11-02 16:53,https://rochester.craigslist.org/apa/d/maintenance-free-living-well/6371229481.html,Maintenance free living; we'll even change the lightbulbs!!,1260,Victor/Farmington,2,1160,1.5,42.982677,-77.363963,20,6245 Silver Birch Drive Farmington NY US
6371224412,2017-11-02 16:50,https://rochester.craigslist.org/apa/d/fairdale-townhomes-fall/6371224412.html,Fairdale Townhomes Fall Specials!!,1090,Farmington,3,1240,2.5,42.958000,-77.308300,22,1155 Fairdale Glen Farmington NY NY US
6371224009,2017-11-02 16:49,https://rochester.craigslist.org/apa/d/furnished-luxury-short-term/6371224009.html,"Furnished Luxury Short Term Rental in Park Avenue, Private Courtyard!",1800,Park Avenue (NOTA,1,1000,1,43.155260,-77.584457,22,30 Rundel Park Rochester NY US
6371222457,2017-11-02 16:48,https://rochester.craigslist.org/apa/d/spencerport-schools/6371222457.html,spencerport schools,1250,9 Gillette RD,4,1800,2,43.189500,-77.804300,22,
6371216989,2017-11-02 16:44,https://rochester.craigslist.org/apa/d/beautiful-4bd-15-ba-single/6371216989.html,"Beautiful 4BD, 1.5 BA Single Family House near U of R",1350,280 Brooks Avenue,4,0,1.5,43.131025,-77.642678,10,280 Brooks Avenue Rochester NY US
6371109495,2017-11-02 16:21,https://rochester.craigslist.org/apa/d/available-now-in-webster/6371109495.html,Available now in Webster,725,583 ridge road,1,0,1,43.204425,-77.497816,5,
6371053811,2017-11-02 16:17,https://rochester.craigslist.org/apa/d/second-chance-luxury-home-for/6371053811.html,SECOND CHANCE LUXURY HOME FOR RENT!,980,NO BANK QUALIFYING,0,1240,,,,,
6352543222,2017-11-02 16:09,https://rochester.craigslist.org/apa/d/park-ave-harvard/6352543222.html,PARK AVE (Harvard),850,Harvard,2,0,1,43.150100,-77.589000,22,
6352544602,2017-11-02 16:09,https://rochester.craigslist.org/apa/d/webster-southfield-drive/6352544602.html,Webster (Southfield Drive),1225,Southfield Drive,2,0,1.5,43.219600,-77.461600,22,
6371165168,2017-11-02 16:09,https://rochester.craigslist.org/apa/d/beautiful-2-bedroom/6371165168.html,BEAUTIFUL 2 BEDROOM APARTMENTS AVAILABLE!,890,FAIRPORT,2,971,1,43.072927,-77.449129,10,62 Manorshire Dr. Fairport NY US
6371158655,2017-11-02 16:04,https://rochester.craigslist.org/apa/d/upstairs-2-3-bedroom-apartment/6371158655.html,Upstairs 2-3 bedroom apartment,800,231 West Ave.,3,0,1,43.043419,-77.105656,5,West Avenue at Moore St Newark NY US
6371158510,2017-11-02 16:04,https://rochester.craigslist.org/apa/d/owned-and-operated-by-ashley/6371158510.html,Owned and operated by Ashley Management Corp!,850,555 Audino Lane,2,912,1.5,,,,
