pid,dt,url,title,price,neighb,beds,sqft,baths,lat,lng,accuracy,address
6371181249,2017-11-02 16:47,https://rockford.craigslist.org/apa/d/studio-apartment-all-remodel/6371181249.html,"studio apartment ,all remodel for rent...Halsted rd.",575,ROCKFORD IL,0,0,,42.301000,-89.083300,22,
6350865869,2017-11-02 16:43,https://rockford.craigslist.org/apa/d/large-one-bedroom-515-south/6350865869.html,LARGE ONE BEDROOM 515 SOUTH SECOND  STREET,500,515 SOUTH SECOND STREET,1,0,1,42.318500,-88.997200,22,
6350891482,2017-11-02 16:42,https://rockford.craigslist.org/apa/d/one-bedrrom-apartment-and-two/6350891482.html,ONE BEDRROM APARTMENT AND TWO BEDROOM FOR RENT,500,515 SOUTH SECOND STREET,1,0,1,42.318500,-88.997200,22,
6371295334,2017-11-02 16:42,https://rockford.craigslist.org/apa/d/great-1-bedroom-apartment/6371295334.html,Great 1 bedroom Apartment close to St. Peter's Church.,500,1146 North Church Street,1,630,1,42.255400,-89.076800,22,
6350143737,2017-11-02 16:40,https://rockford.craigslist.org/apa/d/large-two-bedroom-with-all/6350143737.html,LARGE TWO BEDROOM WITH ALL UTILITIES FURNISHED,695,511 SOUTH SECOND STREET,2,0,1,42.318500,-88.997200,22,
6371288453,2017-11-02 16:36,https://rockford.craigslist.org/apa/d/large-one-bedroom-only-pay/6371288453.html,LARGE ONE BEDROOM/ONLY PAY ELECTRIC,635,3962 OWEN CENTER ROAD,1,0,1,42.301000,-89.083300,22,
6351134905,2017-11-02 16:33,https://rockford.craigslist.org/apa/d/large-two-bedroom-511-south/6351134905.html,LARGE TWO BEDROOM 511 SOUTH SECOND STREET,695,511 SOUTH SECOND STREET,2,0,1,42.318500,-88.997200,22,
6353544427,2017-11-02 16:33,https://rockford.craigslist.org/apa/d/large-two-bedroom-first-floor/6353544427.html,LARGE TWO BEDROOM/FIRST FLOOR,595,515 SOUTH SECOND STREET,2,0,1,42.318500,-88.997200,22,
6353550161,2017-11-02 16:32,https://rockford.craigslist.org/apa/d/furnished-rooms-for-rent-by/6353550161.html,FURNISHED ROOMS FOR RENT BY THE WEEK,110,511 SOUTH SECOND STREET,0,0,1,42.318500,-88.997200,22,
6361811656,2017-11-02 16:13,https://rockford.craigslist.org/apa/d/950-brick-home/6361811656.html,$950 Brick Home,950,Rockford,3,0,0,42.311986,-89.085467,10,1716 Belmont Rockford IL US
6371249582,2017-11-02 16:08,https://rockford.craigslist.org/apa/d/2-bedroom-upper-apartment/6371249582.html,2 bedroom upper apartment $375.00,375,FREEPORT,2,900,1,42.295929,-89.615414,5,Adams at Washington Freeport IL US
6371246102,2017-11-02 16:05,https://rockford.craigslist.org/apa/d/efficiency-on-stephenson-st/6371246102.html,EFFICIENCY ON STEPHENSON ST,375,FREEPORT,0,500,1,42.296501,-89.630799,5,Stephenson at Grove Freeport IL US
6371241382,2017-11-02 16:02,https://rockford.craigslist.org/apa/d/no-gas-bill-1st-1-2-month/6371241382.html,NO GAS BILL &1ST 1/2 MONTH FREE RENT,375,freeport,1,700,1,42.289730,-89.611573,15,PROSPECT TERRACE at FLOAT FREEPORT IL US
