pid,dt,url,title,price,neighb,beds,sqft,baths,lat,lng,accuracy,address
6371389928,2017-11-02 16:59,https://rockies.craigslist.org/apa/d/studio-in-silverthorne/6371389928.html,Studio in Silverthorne available November 15th,1200,Silverthorne,0,0,1,39.637485,-106.072859,10,771F Rainbow Drive Silverthorne CO US
6371376221,2017-11-02 16:48,https://rockies.craigslist.org/apa/d/spacious-awesome-1-beds-1/6371376221.html,SPACIOUS & AWESOME 1 BEDS & 1 BATH & READY TO MOVE IN!!,1000,"Frisco, CO",1,0,1,39.558900,-106.133200,22,
6371369523,2017-11-02 16:42,https://rockies.craigslist.org/apa/d/aspen-condo-2-bdr-2-ba/6371369523.html,Aspen Condo 2 bdr/2 ba furnished,3500,,2,0,2,39.195100,-106.823600,22,
6371318663,2017-11-02 16:12,https://rockies.craigslist.org/apa/d/camper-for-rent-at-hide-out/6371318663.html,Camper for rent at hide out,1000,Glenwood springs,2,0,1,39.529600,-107.325200,22,
6371323966,2017-11-02 16:04,https://rockies.craigslist.org/apa/d/2-bedroom-2-bath-furnished/6371323966.html,2 bedroom / 2 bath furnished condo with 2 car garage,2000,Fraser,2,0,2,39.945000,-105.817200,22,Bryant at Cranmer Fraser CO US
