pid,dt,url,title,price,neighb,beds,sqft,baths,lat,lng,accuracy,address
6333954736,2017-11-02 16:49,https://sacramento.craigslist.org/apa/d/find-the-two-bedroom-apt/6333954736.html,Find the Two-Bedroom Apt. You've Been Looking for in Rocklin,1558,"Rocklin, CA",2,774,1,38.788418,-121.203461,10,5240 Rocklin Rd Rocklin CA US
6349934020,2017-11-02 16:49,https://sacramento.craigslist.org/apa/d/extra-large-2br-1ba-home-with/6349934020.html,Extra-Large 2BR/1BA Home with Access to a Pool & a Tennis Court!,1453,"Rocklin, CA",2,774,1,38.788418,-121.203461,10,5240 Rocklin Rd Rocklin CA US
6352680388,2017-11-02 16:49,https://sacramento.craigslist.org/apa/d/return-to-2br-1ba-home-with/6352680388.html,Return to a 2BR/1BA Home with Many Appliances!,1637,"Rocklin, CA",2,845,2,38.788418,-121.203461,10,5240 Rocklin Road Rocklin CA US
6361942675,2017-11-02 16:49,https://sacramento.craigslist.org/apa/d/one-bedroom-apartment-with/6361942675.html,ONE-BEDROOM APARTMENT WITH CENTRAL HEAT AND AIR CONDITIONING!,1431,"Rocklin, CA",1,606,1,38.788418,-121.203461,10,5240 Rocklin Road Rocklin CA US
6371443653,2017-11-02 16:48,https://sacramento.craigslist.org/apa/d/3-bedroom-15-bath-2-story/6371443653.html,3 Bedroom 1.5 Bath / 2 Story DUPLEX,1450,Carmichael,3,1325,1.5,38.646622,-121.332063,15,Jana Ct at Hackberry Carmichael CA US
6371443389,2017-11-02 16:48,https://sacramento.craigslist.org/apa/d/beautiful-two-bedroom-with-in/6371443389.html,Beautiful two bedroom with in home washer and dryer!,1359,"Antelope,ca",2,819,2,38.715900,-121.364800,22,4400 Shandwick Drive Antelope CA US
6371442993,2017-11-02 16:47,https://sacramento.craigslist.org/apa/d/3-bed-with-two-car-garage/6371442993.html,&!!#>//*&3 bed with two car garage plus storage and office area&,1250,"Misty Pass Way, Antelope, CA",3,0,2,,,,
6371432796,2017-11-02 16:47,https://sacramento.craigslist.org/apa/d/special-newly-upgraded/6371432796.html,SPECIAL *Newly upgraded Cottage wont last long!,1150,Citrus Heights,1,625,1,38.694600,-121.269200,22,8059 Targa Circle - 09 Citrus Heights CA US
6371442585,2017-11-02 16:47,https://sacramento.craigslist.org/apa/d/very-nice-2-bed-room-1-bath/6371442585.html,VERY NICE! 2 BED ROOM/ 1 BATH CONDO,965,FOOTHILL FARMS,2,840,1,38.672834,-121.356847,22,Walerga Rd. at Hillsdale Blvd. Sacramento CA US
6371442367,2017-11-02 16:47,https://sacramento.craigslist.org/apa/d/antelope-ridge-apartments/6371442367.html,Antelope Ridge Apartments - Simply the Best!,1359,Antelope,2,819,2,38.715900,-121.364800,22,4400 Shandwick Dr Antelope CA US
6371442375,2017-11-02 16:47,https://sacramento.craigslist.org/apa/d/full-remodel/6371442375.html,Full remodel!!,1600,Fair Oaks and Howe,2,0,1.5,38.574910,-121.414504,5,2125 Fair Oaks blvd Sacramento CA US
6371442301,2017-11-02 16:47,https://sacramento.craigslist.org/apa/d/rent-today-rake-in-the-fall/6371442301.html,Rent Today & Rake in the Fall Savings! Reduced Prices!,1536,"2121 Sunset Blvd, Rocklin, CA",1,819,1,38.799608,-121.268124,10,2121 Sunset Blvd ROCKLIN CA US
6371441480,2017-11-02 16:46,https://sacramento.craigslist.org/apa/d/huge-2x1-with-fireplace-and/6371441480.html,Huge 2x1 with fireplace and vaulted ceilings.....reduced pricing!,1375,"sac, arden",2,908,1,38.585160,-121.406092,20,larkspur at futlon Sacramento CA US
6341980405,2017-11-02 16:46,https://sacramento.craigslist.org/apa/d/stop-in-for-tour-today/6341980405.html,*** sTOP IN fOR A tOUR tODAY!***,1195,Sacramento,1,600,1,38.589200,-121.405700,22,2500 Fair Oaks Blvd Sacramento CA US
6371441391,2017-11-02 16:46,https://sacramento.craigslist.org/apa/d/the-perfect-place-to-call-home/6371441391.html,The Perfect place to call home!,1136,Antelope,1,627,1,38.715900,-121.364800,22,4400 Shandwick Dr Antelope CA US
6371440374,2017-11-02 16:45,https://sacramento.craigslist.org/apa/d/rare-luxury-full-size-wd/6371440374.html,RARE LUXURY - FULL SIZE W&D & DETACHED GARAGE INCLUDED,1680,Sacramento / Natomas,1,0,1,38.614032,-121.519989,10,2800 Grasslands Dr Sacramento CA US
6371438891,2017-11-02 16:43,https://sacramento.craigslist.org/apa/d/4-bedroom-in-roseville/6371438891.html,4 Bedroom in Roseville accepting pets,2500,Roseville,4,2259,2.5,38.770300,-121.337200,22,Woodfield at Bob Doyle Roseville CA US
6350402882,2017-11-02 16:43,https://sacramento.craigslist.org/apa/d/the-deals-just-got-better/6350402882.html,The Deals Just Got Better!!!,995,Sacramento,1,600,1,38.574264,-121.404562,10,2500 Fair Oaks Blvd  CA US
6363224525,2017-11-02 16:43,https://sacramento.craigslist.org/apa/d/act-now-and-get-1000-off-move/6363224525.html,******ACT NOW AND GET $1000 OFF MOVE IN************,1125,Sacramento,1,600,1,38.589200,-121.405700,22,
6371438382,2017-11-02 16:43,https://sacramento.craigslist.org/apa/d/best-prices-in-town-beautiful/6371438382.html,Best Prices In Town! Beautiful 1Bed/1Bath Move In Ready!,1515,ROCKLIN,1,714,1,38.817170,-121.308210,20,SUNSET BLVD at BLUE OAKS BLVD ROCKLIN CA US
6371437192,2017-11-02 16:42,https://sacramento.craigslist.org/apa/d/great-location-1bedroom/6371437192.html,"Great Location 1Bedroom w/ Garage, Washer and Dryer in Roseville!!",1495,"Roseville, CA",1,796,1,38.786807,-121.275973,5,
6371436645,2017-11-02 16:41,https://sacramento.craigslist.org/apa/d/dont-miss-out-on-this/6371436645.html,DON'T MISS OUT ON THIS SPACIOUS 1X1!! APP FEES WAIVED ON MOVE IN!!!!,1295,SACRAMENTO/GREENHAVEN/ELK GROVE/DOWNTOWN,1,0,1,38.487268,-121.516190,10,132 FOUNTAIN OAKS CIRCLE SACRAMENTO CA US
6371436270,2017-11-02 16:41,https://sacramento.craigslist.org/apa/d/freedom-is-the-best-deal/6371436270.html,Freedom is the best deal around,795,North Highlands,1,502,1,38.670700,-121.378100,22,3430 Freedom Park Drive NORTh Highlands CA US
6371435651,2017-11-02 16:41,https://sacramento.craigslist.org/apa/d/remodeled/6371435651.html,Remodeled,1349,Citrus Heights,1,680,1,38.669822,-121.268972,10,7951 Kingswood Dr. Fair Oaks CA US
6371435467,2017-11-02 16:40,https://sacramento.craigslist.org/apa/d/get-in-now-while-the-deals/6371435467.html,GET IN NOW WHILE THE DEALS ARE HOTT!!!,1125,Sacramento,1,600,1,38.589200,-121.405700,22,
6371435176,2017-11-02 16:40,https://sacramento.craigslist.org/apa/d/come-fall-in-love-with-the/6371435176.html,Come fall in Love with the upstairs 1X1 Sunset Ridge ON SPECIAL,1125,Antelope,1,641,1,38.704602,-121.376138,5,3825 Little Rock Drive Antelope CA US
6362213545,2017-11-02 16:40,https://sacramento.craigslist.org/apa/d/3536-domich-way/6362213545.html,3536 Domich Way,1495,Sacramento,3,1314,2,38.629152,-121.379893,10,3536 Domich Way Sacramento CA US
6371434754,2017-11-02 16:40,https://sacramento.craigslist.org/apa/d/lovely-fully-renovated-2-br-2/6371434754.html,"Lovely, Fully Renovated, 2 Br 2 Ba  available now at an amazing rate!",1498,"Orangevale, Fair Oaks, Citrus Heights and Folsom",2,0,2,38.678226,-121.209844,10,9237 Greenback Lane Orangevale CA US
6371428298,2017-11-02 16:39,https://sacramento.craigslist.org/apa/d/fall-deals-gorgeous-1-bed/6371428298.html,Fall Deals!! GORGEOUS 1 BED WITH BONUS ROOM! APPLY NOW & SAVE!,1652,ROCKLIN,1,944,1,38.799608,-121.268124,10,2121 sunset ROCKLIN CA US
6371426709,2017-11-02 16:38,https://sacramento.craigslist.org/apa/d/stop-dont-miss-out-on-this/6371426709.html,STOP! Don't miss out on this special on our newly renovated homes!,1150,Citrus Heights,1,625,1,38.694600,-121.269200,22,8059 Targa Circle - 09 Citrus Heights CA US
6371430815,2017-11-02 16:36,https://sacramento.craigslist.org/apa/d/submit-service-requests/6371430815.html,"Submit Service Requests Online, Tennis Court, Basketball Court",,"3600 Data Drive, Rancho Cordova, CA 95670",1,704,1,38.578572,-121.295448,5,3600 Data Drive Rancho Cordova CA US
6371429006,2017-11-02 16:34,https://sacramento.craigslist.org/apa/d/2-bedroom-2-bath-townhouse/6371429006.html,2 Bedroom 2 Bath Townhouse,1400,Sacramento,2,1173,2,38.512445,-121.535568,5,
6371428857,2017-11-02 16:34,https://sacramento.craigslist.org/apa/d/large-luxury-new-smart-homes/6371428857.html,"Large Luxury New Smart Homes,  MOVE IN SPECIALS!!!!",1,"Carmichael, Sacramento Area",3,1300,2,38.609712,-121.326930,10,5959 Van Alstine Carmichael CA US
6371415780,2017-11-02 16:34,https://sacramento.craigslist.org/apa/d/newly-upgraded-ask-how-you/6371415780.html,NEWLY UPGRADED ASK HOW YOU CAN BUILD YOUR CREDIT **PET FRIENDLY**!,,rancho cordova,2,704,1,38.578572,-121.295448,10,3600 Data Drive Rancho Cordova CA US
6371428642,2017-11-02 16:34,https://sacramento.craigslist.org/apa/d/newly-upgraded-apartments/6371428642.html,Newly upgraded apartments available!,1300,Citrus Heights,2,750,1,38.694600,-121.269200,22,8059 Targa Circle - 09 Citrus Heights CA US
6371428599,2017-11-02 16:34,https://sacramento.craigslist.org/apa/d/2-bedroom-2-bath-apartment/6371428599.html,2 Bedroom 2 Bath Apartment,1350,Sacramento,2,1173,2,38.512445,-121.535568,5,
6371427983,2017-11-02 16:33,https://sacramento.craigslist.org/apa/d/large-luxury-new-smart-home/6371427983.html,"Large Luxury New Smart Home, MOVE IN SPECIALS!!",1,"Carmichael,  Sacramento Area",2,1200,2,38.609712,-121.326930,10,5959 Van Alstine Carmichael CA US
6371427619,2017-11-02 16:33,https://sacramento.craigslist.org/apa/d/lovely-interior-full-size-d/6371427619.html,Lovely Interior. Full Size W/D and Fireplace,1650,Rocklin,2,1040,2,38.787700,-121.236600,22,
6371418891,2017-11-02 16:33,https://sacramento.craigslist.org/apa/d/come-home-to-allegria-tour/6371418891.html,COME HOME TO ALLEGRIA!! TOUR TODAY & TAKE ADVANTAGE OF OUR BEST DEALS,1722,"Roseville, Rocklin, Lincoln, Antelope",2,881,2,38.764323,-121.313481,7,5 Marcia Way Roseville CA US
6371426262,2017-11-02 16:32,https://sacramento.craigslist.org/apa/d/you-are-here-everything-else/6371426262.html,"You are HERE, everything else is nearby! Remodeled 2Bed/2Bath",1445,Sacramento,2,885,2,38.547247,-121.361032,0,9130 Kiefer Blvd Sacramento CA US
6371420126,2017-11-02 16:31,https://sacramento.craigslist.org/apa/d/iconic-allegria-living-2/6371420126.html,Iconic Allegria Living! 2 Bedroom 2 Bath!,1722,"Roseville, Rocklin, Lincoln, Antelope",2,881,2,38.764323,-121.313481,7,5 Marcia Way Roseville CA US
6371425399,2017-11-02 16:31,https://sacramento.craigslist.org/apa/d/well-designed-with-your/6371425399.html,Well Designed With Your Convenience in Mind!,1198,"Antelope, CA",2,0,2,38.717682,-121.380262,22,3600 Elverta Road Antelope CA US
6371424536,2017-11-02 16:30,https://sacramento.craigslist.org/apa/d/central-davis-bungalow-open/6371424536.html,CENTRAL DAVIS BUNGALOW- OPEN HOUSE 11/6  5-6 pm,1950,623 C Street,2,1000,1,38.548843,-121.745039,10,623 C Street Davis CA US
6371416838,2017-11-02 16:30,https://sacramento.craigslist.org/apa/d/best-special-v-r-500-off-move/6371416838.html,BEST SPECIAL E-V-E-R! ***$500 OFF MOVE-IN! CALL TODAY TO LOCK IN DEAL!,1395,Fair Oaks,2,0,2,38.655400,-121.261100,22,7061 Madison Ave Sacramento CA US
6371424299,2017-11-02 16:30,https://sacramento.craigslist.org/apa/d/allegria-at-roseville-your/6371424299.html,Allegria at Roseville-Your home sweet home! Tour TODAY!,1234,Roseville,1,618,1,38.764025,-121.311660,10,5 Marcia Way Roseville CA US
6362236084,2017-11-02 16:29,https://sacramento.craigslist.org/apa/d/spacious-d-in-unit-dog-park/6362236084.html,SPACIOUS! W/D IN UNIT! DOG PARK/WASH! REC ROOM! POOL AND MORE!!!,1395,Sacramento,2,0,2,38.661002,-121.360249,20,Madison Ave Sacramento CA US
6371422603,2017-11-02 16:28,https://sacramento.craigslist.org/apa/d/1300sq-3-bedroom-2bath-home/6371422603.html,1300sq 3 bedroom 2bath home for rent with a great yard!!,1950,fair oaks,3,1300,2,38.648399,-121.296131,10,plantation drive fair oaks CA US
6371422318,2017-11-02 16:28,https://sacramento.craigslist.org/apa/d/beautiful-3-bedroom-2-bath/6371422318.html,BEAUTIFUL 3 BEDROOM 2 BATH HOME WAITING FOR YOU!,1675,"Roseville, Rocklin, Lincoln, Antelope",3,1023,2,38.764025,-121.311660,10,5 Marcia Way Roseville CA US
6371422279,2017-11-02 16:28,https://sacramento.craigslist.org/apa/d/be-happy-at-the-fountains/6371422279.html,Be Happy at the Fountains!,1330,Sacramento/Arden-Arcade,0,550,1,38.597678,-121.431298,10,1761 Heritage Lane Sacramento CA US
6341158874,2017-11-02 16:28,https://sacramento.craigslist.org/apa/d/sparkling-pool-great-schools/6341158874.html,*** SPARKLING POOL + GREAT SCHOOLS + NATURE TRAILS! CALL TODAY!,970,Sacramento,1,0,1,38.640108,-121.374863,10,3836 Auburn Blvd. Sacramento CA US
6371421275,2017-11-02 16:27,https://sacramento.craigslist.org/apa/d/fall-in-love-with-our/6371421275.html,FALL IN LOVE WITH OUR BEAUTIFUL 3 BEDROOM 2 BATH HOME WAITING FOR YOU!,1690,"Roseville, Rocklin, Lincoln, Antelope",3,1023,2,38.764025,-121.311660,10,5 Marcia Way Roseville CA US
6371420307,2017-11-02 16:26,https://sacramento.craigslist.org/apa/d/beautiful-location-lowered/6371420307.html,Beautiful Location! Lowered rents and $150 off of your move in :-),1095,ORANGEVALE/FOLSOM/CITRUS HEIGHTS,1,680,1,38.665790,-121.212734,10,9201 Madison Avenue Orangevale CA US
6350352207,2017-11-02 16:23,https://sacramento.craigslist.org/apa/d/spacious-and-cozy-2-bdrm/6350352207.html,Spacious and cozy 2 bdrm apartments @ Arbor Ridge,1050,Sacramento,2,910,1,38.686500,-121.349400,22,4407 Oakhollow Dr Sacramento CA US
6371416531,2017-11-02 16:23,https://sacramento.craigslist.org/apa/d/500-off-my-move-in-yes-please/6371416531.html,$500 off my move in?!?!. . .YES PLEASE! STARTING AT $1454,,"Folsom, El Dorado Hills, Orangevale",2,0,1,38.669814,-121.180122,0,1212 BIDWELL STREET FOLSOM CA US
6371416095,2017-11-02 16:22,https://sacramento.craigslist.org/apa/d/1-bdr-available-150-gift-card/6371416095.html,1 Bdr Available! $150 Gift Card for Applying - this Week Only!,1050,Fair Oaks,1,765,1,38.647071,-121.264257,10,10741 Fair Oaks Blvd Fair Oaks CA US
6371395631,2017-11-02 16:22,https://sacramento.craigslist.org/apa/d/2x2-apt-energy-efficient/6371395631.html,2x2 APT. W/ ENERGY-EFFICIENT APPLIANCES & HUGE OVER-SIZED WINDOWS,2493,"Sacramento, CA",2,1007,2,38.573917,-121.488065,10,1531 N Street Sacramento CA US
6371414495,2017-11-02 16:21,https://sacramento.craigslist.org/apa/d/1-bedroom-1-bath-apartments/6371414495.html,1 Bedroom 1 Bath Apartments for rent,780,375 EL Camino Ave,1,550,1,38.611016,-121.460198,5,375 EL CAMINO AVE SACRAMENTO CA US
6371402180,2017-11-02 16:20,https://sacramento.craigslist.org/apa/d/nice-condo-for-rent/6371402180.html,Nice condo for rent,1485,,3,1185,1.5,38.662392,-121.350603,5,Madison at Gafield Sacramento CA US
6371412451,2017-11-02 16:19,https://sacramento.craigslist.org/apa/d/we-can-help/6371412451.html,We Can Help!!!,1599,NATOMAS AREA,1,879,1,38.628069,-121.522822,5,Duckhorn Dr at San Juan Rd Sacramento CA US
6371412386,2017-11-02 16:19,https://sacramento.craigslist.org/apa/d/two-bedroom-two-bath/6371412386.html,Two Bedroom Two Bath,1530,Rocklin,2,975,2,38.787409,-121.207695,7,Cobble Creek Cir at Sierra College Blvd Rocklin CA US
6371411828,2017-11-02 16:19,https://sacramento.craigslist.org/apa/d/thanksgiving-special-2/6371411828.html,Thanksgiving Special! 2 Bedroom Apartment! Washer/Dryer! Pet Friendly!,1595,"2345 NORTHROP AVE, SACRAMENTO, CA 95825",2,987,2,38.581556,-121.407038,5,2345 NORTHROP AVE SACRAMENTO CA US
6371410784,2017-11-02 16:18,https://sacramento.craigslist.org/apa/d/1br-1ba-downstairs-apartment/6371410784.html,1BR/1BA Downstairs Apartment with Upgraded Flooring!,1476,"Davis, CA",1,600,1,38.559066,-121.741339,5,920 Cranbrook ct Davis CA US
6339751880,2017-11-02 16:18,https://sacramento.craigslist.org/apa/d/cozy-and-rustic-spacious-1/6339751880.html,Cozy and rustic spacious 1 bed Deluxe @ Westwood,1000,"Carmichael, Sacramento",1,680,1,38.617416,-121.350639,10,4900 Marconi Ave Carmichael CA US
6371410653,2017-11-02 16:18,https://sacramento.craigslist.org/apa/d/beautiful-1-bedroom-available/6371410653.html,Beautiful 1 Bedroom Available Mid-November,1050,Fair Oaks,1,765,1,38.647071,-121.264257,10,10741 Fair Oaks Blvd Fair Oaks CA US
6339750930,2017-11-02 16:17,https://sacramento.craigslist.org/apa/d/spacious-and-cozy-1-bdrm/6339750930.html,Spacious and cozy 1 bdrm apartments @ Abor Ridge,900,Sacramento,1,710,1,38.686500,-121.349400,22,4407 Oakhollow Dr Sacramento CA US
6334117895,2017-11-02 16:15,https://sacramento.craigslist.org/apa/d/we-love-your-pets-luxury/6334117895.html,WE LOVE YOUR PETS! LUXURY & SERENITY! ARDEN ARCADE VILLA,1775,"SACRAMENTO, ARDEN ARCADE, DOWNTOWN, MIDTOWN, SAN FRANCISCO",2,960,2,38.577942,-121.409716,10,2400SIERRA BLVD SACRAMENTO CA US
6371407307,2017-11-02 16:15,https://sacramento.craigslist.org/apa/d/barbecue-decks-bicycle-repair/6371407307.html,"Barbecue Decks, Bicycle Repair Studio, Designer Gourmet Kitchens",1834,West Sacramento/ Sacramento/Midtown,1,675,1,38.582819,-121.513899,10,777 5th st West Sacramento CA US
6371402383,2017-11-02 16:14,https://sacramento.craigslist.org/apa/d/make-allegria-at-roseville/6371402383.html,Make Allegria At Roseville Your New HOME!,1701,Roseville,2,881,2,38.764025,-121.311660,10,5 Marcia Way Roseville CA US
6371406202,2017-11-02 16:14,https://sacramento.craigslist.org/apa/d/beautiful-safe-secure-condo/6371406202.html,"Beautiful, Safe & Secure Condo in a Great Location",1295,Fair Oaks,1,0,1,38.676783,-121.261382,5,Fair Oaks at Sun Tree Lane Fair Oaks CA US
6371396956,2017-11-02 16:14,https://sacramento.craigslist.org/apa/d/its-autumn-maticyoull-fall/6371396956.html,🍃 It's Autumn-matic...you'll fall for us! 🍃,1175,"GREENHAVEN, WEST SACRAMENTO, ELK GROVE",1,691,1,38.514510,-121.528294,5,6058 RIVERSIDE BLVD SACRAMENTO CA US
6362265531,2017-11-02 16:12,https://sacramento.craigslist.org/apa/d/updated-fall-pricing-on-newly/6362265531.html,Updated Fall Pricing on Newly Renovated 1 & 2bd Apartment Homes,1080,Sacramento/Carmichael,1,0,0,38.660290,-121.332030,10,5101 Hackberry Ln Sacramento CA US
6371404653,2017-11-02 16:12,https://sacramento.craigslist.org/apa/d/nice-condo-for-rent/6371404653.html,Nice condo for rent,1485,,3,1185,1.5,38.662392,-121.350603,5,Madison at Gafield Sacramento CA US
6371404522,2017-11-02 16:12,https://sacramento.craigslist.org/apa/d/do-you-go-to-american-river/6371404522.html,Do You Go To American River College? Save $$ Here!!!,1050,Carmichael,1,651,1,38.649671,-121.327665,10,4729 Manzanita Avenue CARMICHAEL CA US
6371403441,2017-11-02 16:11,https://sacramento.craigslist.org/apa/d/large-open-concept-2x1-at/6371403441.html,Large/Open Concept 2x1 at Allegria! Roseville's Premier Location!,1445,Roseville,2,856,1,38.764025,-121.311660,10,5 Marcia Way Roseville CA US
6371403062,2017-11-02 16:11,https://sacramento.craigslist.org/apa/d/package-receiving-microwave/6371403062.html,"Package Receiving, Microwave Ovens, Outdoor Fireplace, Ceiling Fans",1610,,0,1030,,38.639250,-121.275649,10,9800 Fair Oaks Blvd Fair Oaks CA US
6371402932,2017-11-02 16:11,https://sacramento.craigslist.org/apa/d/come-home-to-luxury-at/6371402932.html,COME HOME TO LUXURY AT ALLEGRIA!!!,1419,Roseville,2,856,1,38.764025,-121.311660,10,5 Marcia Way Roseville CA US
6371396732,2017-11-02 16:10,https://sacramento.craigslist.org/apa/d/spacious-one-bedroom/6371396732.html,Spacious One-Bedroom Apartment with a Huge Master Suite,1456,"Folsom, CA",1,700,1,38.696681,-121.191258,5,1600 Canyon Terrace Lane Folsom CA US
6350362175,2017-11-02 16:10,https://sacramento.craigslist.org/apa/d/brand-new-apartment-plus-one/6350362175.html,*Brand New Apartment PLUS One Month Rent FREE @ The James In Rocklin!*,1945,"ROCKLIN, ROSEVILLE, FOLSOM, SACRAMENTO",2,0,2,38.813600,-121.267700,22,
6350305437,2017-11-02 16:10,https://sacramento.craigslist.org/apa/d/brand-new-apartment-plus-one/6350305437.html,*Brand New Apartment PLUS One Month Rent FREE @ The James In Rocklin!*,1945,"ROCKLIN, ROSEVILLE, FOLSOM, SACRAMENTO",2,0,2,38.813600,-121.267700,22,
6352460439,2017-11-02 16:10,https://sacramento.craigslist.org/apa/d/brand-new-apartment-plus-one/6352460439.html,Brand New Apartment PLUS One Month Rent FREE @ The James In Rocklin,1695,rocklin,1,0,1,38.813600,-121.267700,22,
6359638615,2017-11-02 16:10,https://sacramento.craigslist.org/apa/d/brand-new-apartment-plus-one/6359638615.html,*Brand New Apartment PLUS One Month Rent FREE @ The James In Rocklin!*,1695,"ROCKLIN, ROSEVILLE, FOLSOM, SACRAMENTO",1,0,1,38.813600,-121.267700,22,
6371401474,2017-11-02 16:10,https://sacramento.craigslist.org/apa/d/allegria-at-roseville-your/6371401474.html,Allegria at Roseville-Your home sweet home! Tour TODAY!,1243,Roseville,1,618,1,38.764025,-121.311660,10,5 Marcia Way Roseville CA US
6346380392,2017-11-02 16:09,https://sacramento.craigslist.org/apa/d/gourmet-kitchen-washer-dryer/6346380392.html,"GOURMET KITCHEN- WASHER/DRYER, PET SPA & PET PARK!",1775,"SACRAMENTO, ARDEN ARCADE, DOWNTOWN, MIDTOWN, SAN FRANCISCO",2,960,2,38.577942,-121.409716,10,2400SIERRA BLVD SACRAMENTO CA US
6371400796,2017-11-02 16:09,https://sacramento.craigslist.org/apa/d/fall-in-love-with-your-new/6371400796.html,Fall In Love With Your New Home!,1697,"Roseville, Rocklin, Lincoln, Antelope",2,881,2,38.764025,-121.311660,10,5 Marcia Way Roseville CA US
6371387058,2017-11-02 16:08,https://sacramento.craigslist.org/apa/d/beautiful-remodeled-one/6371387058.html,Beautiful Remodeled One Bedroom Ready in November,1134,,1,0,1,38.695200,-121.307500,22,
6353036354,2017-11-02 16:07,https://sacramento.craigslist.org/apa/d/fall-in-love-with-luxury/6353036354.html,FALL IN LOVE WITH LUXURY & SERENITY. ARDEN ARCADE AREA/ PET FRIENDLY,1515,ARDEN ARCADE,1,684,1,38.577942,-121.409716,10,2400 Sierra Blvd Sacramento CA US
6371390484,2017-11-02 16:07,https://sacramento.craigslist.org/apa/d/now-leasing-instant-cool/6371390484.html,"Now Leasing, Instant Cool Factor",1715,Elk Grove,2,1119,2,38.415809,-121.458810,20,9589 Four Winds Dr. Elk Grove CA US
6371397571,2017-11-02 16:06,https://sacramento.craigslist.org/apa/d/flexible-lease-terms-to-meet/6371397571.html,Flexible Lease Terms to Meet Your Needs!,1670,Roseville,3,1138,2,38.765503,-121.309181,10,1451 Kingswood Drive Roseville CA US
6371388378,2017-11-02 16:06,https://sacramento.craigslist.org/apa/d/12-arces-farm-land-and-3/6371388378.html,12 ARCES FARM LAND AND 3 BEDROOM HOUSE IN THE COUNTRY Elk Grove,3000,POINT PLEASAND AND FRANKLIN,0,0,,38.408100,-121.429400,22,POINT PLEASANT at FRANKLIN ELK GROVE CA US
6371397063,2017-11-02 16:06,https://sacramento.craigslist.org/apa/d/clubhouse-custom-wood/6371397063.html,"Clubhouse, Custom Wood Cabinetry, BBQ Areas, Pet Friendly, 4 Pools",1545,,2,900,1.5,38.639250,-121.275649,10,9800 Fair Oaks Blvd Fair Oaks CA US
6371395265,2017-11-02 16:04,https://sacramento.craigslist.org/apa/d/dont-waste-your-time-just/6371395265.html,"Don't Waste Your Time, Just Look Here! You'll Be Happy you Did !",1450,Sacramento,2,760,1,38.552201,-121.409300,15,725 Howe Avenue Sacramento CA US
6371395245,2017-11-02 16:04,https://sacramento.craigslist.org/apa/d/best-ever-affordable-rate/6371395245.html,BEST EVER! AFFORDABLE RATE - FULL SIZE WASHER AND DRYER - TOUR TODAY!,1499,SACRAMENTO/GREENHAVEN/ELK GROVE/DOWNTOWN,2,0,2,38.487268,-121.516190,10,132 FOUNTAIN OAKS CIRCLE SACRAMENTO CA US
6355216522,2017-11-02 16:04,https://sacramento.craigslist.org/apa/d/townhouse/6355216522.html,Townhouse,1150,fair oaks,2,1030,1.5,38.644761,-121.267938,10,10515 fair oaks blvd fair oaks CA US
6354463073,2017-11-02 16:03,https://sacramento.craigslist.org/apa/d/amazingly-beautiful-on-sandy/6354463073.html,AMAZINGLY BEAUTIFUL ON SANDY BEACH/LAKE 2 BR,1675,POCKET GREENHAVEN,2,971,1.5,38.513150,-121.534388,5,6241 Riverside Blvd SACRAMENTO CA US
6371393181,2017-11-02 16:02,https://sacramento.craigslist.org/apa/d/2-bedroom-1-bath-roseville/6371393181.html,2 Bedroom/1 Bath Roseville Home for Rent,1750,"Roseville, CA",2,1100,1,38.760900,-121.286700,22,
6371391971,2017-11-02 16:01,https://sacramento.craigslist.org/apa/d/one-story-house-gorgeous/6371391971.html,One story house w/ gorgeous views on peaceful 10 acres,3495,El Dorado Hills,4,2495,2,38.618497,-121.004748,5,6954 Beaver Pond Road El Dorado Hills CA US
6371391651,2017-11-02 16:01,https://sacramento.craigslist.org/apa/d/2-bdr-1-ba-special-for/6371391651.html,2 Bdr/1 Ba Special for a Limited Time Only!,1450,Fair Oaks,1,965,1,38.647071,-121.264257,10,10741 Fair Oaks Blvd Fair Oaks CA US
6371380865,2017-11-02 16:01,https://sacramento.craigslist.org/apa/d/springview-oaks/6371380865.html,Springview Oaks,1185,Rocklin,1,0,1,38.784800,-121.248060,15,5795 Springview Drive Rocklin CA US
