pid,dt,url,title,price,neighb,beds,sqft,baths,lat,lng,accuracy,address
6371214077,2017-11-02 16:42,https://saginaw.craigslist.org/apa/d/welcome-home-leasing/6371214077.html,Welcome Home! Leasing Now...Incredible Move In Specials!,699,Bay City,1,700,1,43.631783,-83.893787,10,3799 State Street Road Bay City MI US
6371205970,2017-11-02 16:37,https://saginaw.craigslist.org/apa/d/no-application-feeleasing-now/6371205970.html,No Application Fee...Leasing Now!  Come In For a Tour!,699,Bay City,1,700,1,43.631783,-83.893787,10,3799 State Street Road Bay City MI US
6371188220,2017-11-02 16:25,https://saginaw.craigslist.org/apa/d/beautiful-2-bedroom-call/6371188220.html,Beautiful 2 Bedroom! Call Today For Details!,750,Reduced Pricing,2,1140,1.5,43.414119,-84.020590,10,295 N. Colony Drive Saginaw MI US
6336702986,2017-11-02 16:19,https://saginaw.craigslist.org/apa/d/brenner-st-3-bedroom-home-for/6336702986.html,Brenner st 3 bedroom home for rent,700,Brenner near state,3,1300,1.5,43.437246,-83.980330,0,
6359847883,2017-11-02 16:03,https://saginaw.craigslist.org/apa/d/sanford-big-yard-4-bed-2-bath/6359847883.html,Sanford Big yard 4 bed 2 bath exquisite,875,Vassar or Reese,4,1436,1.5,43.138800,-83.985100,22,
6371156335,2017-11-02 16:02,https://saginaw.craigslist.org/apa/d/green-acres-village-apartments/6371156335.html,GREEN ACRES VILLAGE APARTMENTS,650,SAGINAW TWP,1,754,1,43.441271,-84.006685,5,hemmeter at state st saginaw MI US
