pid,dt,url,title,price,neighb,beds,sqft,baths,lat,lng,accuracy,address
6369679024,2017-11-02 16:44,https://salem.craigslist.org/apa/d/3-bedroom-2-bathroom-home/6369679024.html,"3 Bedroom, 2 Bathroom Home -- Quiet Cul-de-Sac",1400,"555 Katey Court NE, Salem",3,1220,2,44.932724,-122.970829,5,555 Katey Court NE Salem OR US
6371438507,2017-11-02 16:43,https://salem.craigslist.org/apa/d/dont-miss-this-opportunity-2/6371438507.html,"DON'T MISS THIS OPPORTUNITY!! 2 BEDROOM 1 BATHROOM, READY NOW!!!!",1000,Salem,2,882,1,44.869197,-123.020108,10,1830 Wiltsey Rd Se salem OR US
6371436006,2017-11-02 16:41,https://salem.craigslist.org/apa/d/home-sweet-home/6371436006.html,❤Home Sweet Home❤,1099,SE SALEM,2,1005,2.5,44.911332,-122.960358,5,1569 Whitaker Dr SE Salem OR US
6371435710,2017-11-02 16:41,https://salem.craigslist.org/apa/d/woodside-estates-2bdrm-1bath/6371435710.html,Woodside Estates 2bdrm 1bath $950,950,South Salem,2,982,1,44.873542,-123.024906,15,Commercial south at Fabry Salem OR US
6371435542,2017-11-02 16:40,https://salem.craigslist.org/apa/d/cute-cottage/6371435542.html,Cute cottage,1175,Independence,2,960,1,44.847640,-123.192245,15,G st at 6th Independence OR US
6371434149,2017-11-02 16:39,https://salem.craigslist.org/apa/d/move-in-before-the-holidays/6371434149.html,Move in before the Holidays!,1050,"meadowlawn,55+,Golf,marion",3,950,1,44.921742,-122.983805,15,Meadowlawn Loop SE at Durbin/Bayonne/Meadowlawn Salem OR US
6360922214,2017-11-02 16:25,https://salem.craigslist.org/apa/d/hot-special-2x1-2x2-for/6360922214.html,❀ ✿ HOT Special ✿ ❀  2X1 & 2X2 FOR U,1000,Keizer,2,829,1,44.992700,-123.016700,0,
6371407022,2017-11-02 16:14,https://salem.craigslist.org/apa/d/there-is-no-place-like-home-2/6371407022.html,There is NO Place Like HOME!! 2 Bedroom Available Soon!! Call!!,975,Lancaster Commons,2,910,1,44.957426,-122.986264,0,2489 Coral Ave NE Salem OR US
6371403756,2017-11-02 16:12,https://salem.craigslist.org/apa/d/2-bedroom-home-with-4-large/6371403756.html,2 Bedroom Home with 4 Large Bonus Rooms ~ Fawk 335,1600,SE Salem,2,1800,2.5,44.920061,-123.044000,5,335 Fawk Ave SE Salem OR US
6371402128,2017-11-02 16:10,https://salem.craigslist.org/apa/d/xl-1-bedroom-803sqft/6371402128.html,XL 1 Bedroom 803SqFt,900,,1,0,1,44.996100,-122.912400,22,3900 Santiam Pass Way NE Salem OR US
6371400593,2017-11-02 16:09,https://salem.craigslist.org/apa/d/the-lifestyle-you-deserve/6371400593.html,The Lifestyle You Deserve,980,Salem,1,0,1,44.996100,-122.912400,22,3900 Santiam Pass Way NE Salem OR US
6371399025,2017-11-02 16:07,https://salem.craigslist.org/apa/d/spacious-studio-home/6371399025.html,Spacious studio home,800,Salem,0,472,1,44.996100,-122.912400,22,3900 Santiam Pass Way NE Salem OR US
6371397357,2017-11-02 16:06,https://salem.craigslist.org/apa/d/1-bedroom-1-bath/6371397357.html,1 bedroom 1 bath,900,Salem,1,0,1,44.996100,-122.912400,22,3900 Santiam Pass Way NE Salem OR US
6371395973,2017-11-02 16:05,https://salem.craigslist.org/apa/d/higher-quality-of-living/6371395973.html,A Higher Quality of Living,950,Salem,1,0,1,44.996100,-122.912400,22,3900 Santiam Pass Way NE Salem OR US
6371392131,2017-11-02 16:01,https://salem.craigslist.org/apa/d/weekend-tours-available/6371392131.html,Weekend Tours Available!,1300,Salem,2,0,2,44.996100,-122.912400,22,3900 Santiam Pass Way NE Salem OR US
