pid,dt,url,title,price,neighb,beds,sqft,baths,lat,lng,accuracy,address
6371389095,2017-11-02 16:59,https://saltlakecity.craigslist.org/apa/d/live-life-your-way/6371389095.html,Live Life Your Way,896,,1,710,1,40.689621,-111.948581,10,2240 West 3800 South West Valley UT US
6371387745,2017-11-02 16:57,https://saltlakecity.craigslist.org/apa/d/massive-3-bed-2-bath/6371387745.html,MASSIVE 3 Bed 2 Bath!,1542,"Sandy, UT",3,1187,2,,,,
6371382567,2017-11-02 16:53,https://saltlakecity.craigslist.org/apa/d/shaded-cabana-lounge-linen/6371382567.html,"Shaded Cabana Lounge, Linen Closet, Fireplace (in select floorplan)",1612,"966 Powder Hill Road, Midvale, UT 84047",3,1555,2,40.615200,-111.885100,5,966 Powder Hill Road Midvale UT US
6371381100,2017-11-02 16:52,https://saltlakecity.craigslist.org/apa/d/come-home-and-relax-newly/6371381100.html,Come home and relax!! Newly remodeled 2 bed 1 bath,895,Midvale,2,825,1,40.615200,-111.885100,22,7940 South Main Street Midvale UT US
6371377084,2017-11-02 16:48,https://saltlakecity.craigslist.org/apa/d/granite-counters-valet-trash/6371377084.html,Granite Counters! Valet Trash Service! Lovely Building! - $765,765,Murray,0,453,1,40.664559,-111.886568,5,4916 S. Murray UT US
6371376974,2017-11-02 16:48,https://saltlakecity.craigslist.org/apa/d/get-cozy-and-relax-in-your/6371376974.html,Get cozy and relax in your new top floor 3 bedroom apartment!,1420,North Salt Lake,3,1265,2,40.839673,-111.911807,10,110 S. Main Street North Salt Lake UT US
6371375120,2017-11-02 16:47,https://saltlakecity.craigslist.org/apa/d/free-bike-rentals-for/6371375120.html,FREE Bike rentals for residents!! Beautiful 3 Bedroom!,1125,325 South Orchard Drive,1,725,1,,,,
6371374762,2017-11-02 16:46,https://saltlakecity.craigslist.org/apa/d/2-bed-2-bath-available/6371374762.html,2 bed 2 bath available December 7 with reduced rent of $999,999,"850 N HWY 89 NSL, Utah",2,888,2,40.844600,-111.919100,22,850 N HWY 89 North Salt Lake UT US
6371374219,2017-11-02 16:46,https://saltlakecity.craigslist.org/apa/d/internet-cafe-24-hour-state/6371374219.html,"Internet Cafe, 24 Hour State-of-the-Art Fitness Center, 2-Tone Paint",1209,East Bench,2,991,1,40.704300,-111.814200,22,2260 Foothill Dr. Salt Lake City UT US
6371371878,2017-11-02 16:44,https://saltlakecity.craigslist.org/apa/d/top-floor-home-includes/6371371878.html,"Top floor home includes washer/dryer, massive closets and free parking",1225,"Salt Lake City, Downtown, Sugar House",1,783,1,40.746467,-111.885039,10,
6371371264,2017-11-02 16:44,https://saltlakecity.craigslist.org/apa/d/classic-is-always-better/6371371264.html,Classic is always better,1259,2790 N Commons Blvd,2,950,2,,,,
6371370653,2017-11-02 16:43,https://saltlakecity.craigslist.org/apa/d/two-balconies-hardwood-floors/6371370653.html,"Two Balconies, Hardwood Floors, Washer and Dryer Included!",1199,556 E. 300 S.,1,626,1,40.760000,-111.862700,22,
6371370515,2017-11-02 16:43,https://saltlakecity.craigslist.org/apa/d/come-see-out-new-look-and/6371370515.html,Come See Out New Look and Fully Remodeled 2 Bedrooms!,1063,West Valley City,2,970,1,40.667766,-111.982493,10,4670 South 3860 West Salt Lake City UT US
6371369572,2017-11-02 16:42,https://saltlakecity.craigslist.org/apa/d/dwelo-smart-apartments/6371369572.html,"Dwelo Smart Apartments Available, Large Oval Bathtubs, Yoga Studio",1210,"7650 South Euro Drive, Midvale, UT 84047",1,755,1,40.612095,-111.918283,5,7650 South Euro Drive Midvale UT US
6371357055,2017-11-02 16:39,https://saltlakecity.craigslist.org/apa/d/enjoy-stunning-views-with-24/6371357055.html,Enjoy Stunning Views with 24 Hour Fitness Center,1360,489 East 400 South,1,697,1,,,,
6371362217,2017-11-02 16:36,https://saltlakecity.craigslist.org/apa/d/three-bedroom-two-bathroom/6371362217.html,"THREE-BEDROOM, TWO-BATHROOM APT. W/ FIREPLACE & VAULTED CEILINGS",1065,"Sandy, UT",3,1068,2,40.589789,-111.890668,10,8870 South State Street Sandy UT US
6371347507,2017-11-02 16:32,https://saltlakecity.craigslist.org/apa/d/awesome-floor-plan-just/6371347507.html,Awesome floor plan just opened up! Call for details!,1029,,1,0,1,40.297200,-111.670500,22,
6371340299,2017-11-02 16:30,https://saltlakecity.craigslist.org/apa/d/roommate-style-2-bedroom/6371340299.html,Roommate Style 2 Bedroom Apartment!!!! Move in Today!!!,1119,West Jordan,2,1065,2,40.583169,-112.044394,22,6447 W Wilshire Park Ave West Jordan UT US
6371353619,2017-11-02 16:29,https://saltlakecity.craigslist.org/apa/d/the-pictures-dont-do-it/6371353619.html,The Pictures Don't Do It Justice. Come See It In Person!,,Midvale,1,650,1,40.616119,-111.890133,10,7400 S State St Midvale UT US
6371351286,2017-11-02 16:27,https://saltlakecity.craigslist.org/apa/d/comfortable-apartment-home/6371351286.html,Comfortable Apartment Home Near The University,1185,350 South 600 East,0,626,,40.761324,-111.873669,10,350 S. 600 E. Salt Lake City UT US
6371347812,2017-11-02 16:24,https://saltlakecity.craigslist.org/apa/d/prelease-today-and-get-300-off/6371347812.html,Prelease TODAY and get $300 OFF!,1495,Woods Cross,2,1153,2,40.877500,-111.872700,22,
6371347817,2017-11-02 16:24,https://saltlakecity.craigslist.org/apa/d/1-bedroom-1-bath-pre-lease/6371347817.html,1 Bedroom 1 Bath PRE-LEASE NOW! HURRY IN!,855,,0,0,,40.785700,-111.929100,22,
6371347121,2017-11-02 16:23,https://saltlakecity.craigslist.org/apa/d/beautiful-one-bedroom/6371347121.html,Beautiful One Bedroom Apartment Ready for Immediate Move In!,930,,1,715,1,40.615097,-111.866664,10,880 E. Canyon Ridge Way Midvale UT US
6371344417,2017-11-02 16:21,https://saltlakecity.craigslist.org/apa/d/800-sq-ft-one-bedroom/6371344417.html,800 Sq. Ft. One Bedroom Apartment,857,West Jordan,1,800,1,40.581816,-111.937592,10,9300 S Redwood Road South Jordan UT US
6371342846,2017-11-02 16:20,https://saltlakecity.craigslist.org/apa/d/walk-in-closets-pool-side-bbq/6371342846.html,"Walk-In Closet(s), Pool-Side BBQ Grilling Station, Linen Closet(s)",1442,"11251 South State Street, Sandy, UT 84070",3,1082,2,40.546647,-111.890912,5,11251 South State Street Sandy UT US
6371340925,2017-11-02 16:18,https://saltlakecity.craigslist.org/apa/d/giant-2-bedroom-2-bathroom/6371340925.html,Giant 2 Bedroom 2 Bathroom with HUGE Walk-in Closet,1410,,2,1080,2,40.579400,-111.881600,22,
6371339732,2017-11-02 16:17,https://saltlakecity.craigslist.org/apa/d/beautiful-updated-2-bed-1/6371339732.html,Beautiful Updated 2-Bed 1-Bath For Only $1000,1000,453 West 1500 South,2,930,1,40.874743,-111.889082,10,453 West 1500 South Bountiful UT US
6371336296,2017-11-02 16:14,https://saltlakecity.craigslist.org/apa/d/apartment-in-an-exciting-area/6371336296.html,Apartment in an EXCITING area with 1 bedroom,1300,1243 East Brickyard Road,1,669,1,40.703093,-111.855759,10,1243 East Brickyard Road Salt Lake City UT US
6371326927,2017-11-02 16:13,https://saltlakecity.craigslist.org/apa/d/1-bedroom-new-in-sandy-come/6371326927.html,1 bedroom- New In Sandy- come tour today,1065,32 East Princeton Drive,1,750,1,,,,
6371309515,2017-11-02 16:11,https://saltlakecity.craigslist.org/apa/d/modern-2-bedroom-apt-with/6371309515.html,Modern 2 Bedroom Apt with Pickleball Courts,1350,9700 South Highland,2,1047,2,40.583400,-111.746700,22,
6371331220,2017-11-02 16:10,https://saltlakecity.craigslist.org/apa/d/new-owner-newmanagement-new/6371331220.html,"New Owner, NewManagement, New Attitude !",1085,"Clearfield, UT",3,1088,2,41.086846,-112.025754,10,25 East 1800 South Clearfield UT US
6371330842,2017-11-02 16:10,https://saltlakecity.craigslist.org/apa/d/business-center-interactive/6371330842.html,"Business center, Interactive website, Community clubhouse",915,"974 Olympus Park, Salt Lake City, UT 84117",1,672,1,40.655100,-111.834000,5,974 Olympus Park Drive Salt Lake City UT US
6371324256,2017-11-02 16:09,https://saltlakecity.craigslist.org/apa/d/hurry-in-today-and-reserve/6371324256.html,Hurry in today and reserve your new Studio!,899,3808 South West Temple,0,484,1,,,,
6371330128,2017-11-02 16:09,https://saltlakecity.craigslist.org/apa/d/lovely-1-bedroom-home/6371330128.html,Lovely 1 Bedroom Home!,978,"Salt Lake City, UT",1,640,1,40.749900,-111.926000,22,
6359399566,2017-11-02 16:09,https://saltlakecity.craigslist.org/apa/d/unoccupied-rentals-available/6359399566.html,UNOCCUPIED RENTALS AVAILABLE NOW,547,"Salt Lake City, UT",4,1200,1,,,,
6345654867,2017-11-02 16:08,https://saltlakecity.craigslist.org/apa/d/amazing-place-to-call-your/6345654867.html,AMAZING PLACE TO CALL YOUR NEXT HOME//****,554,"Salt Lake, UT",2,1450,1,,,,
6371320011,2017-11-02 16:01,https://saltlakecity.craigslist.org/apa/d/beautiful-1-bed-1-bath-with/6371320011.html,Beautiful 1 bed/1 bath with Patio Balcony,834,SLC,1,759,1,40.685657,-111.940350,15,845 West 3900 South Salt Lake City UT US
6371319905,2017-11-02 16:01,https://saltlakecity.craigslist.org/apa/d/large-living-room-and-kitchen/6371319905.html,Large Living Room and Kitchen,920,650 West South Temple,1,744,1,40.769996,-111.908906,5,650 West South Temple Salt Lake City UT US
