pid,dt,url,title,price,neighb,beds,sqft,baths,lat,lng,accuracy,address
6371217036,2017-11-02 16:42,https://sanangelo.craigslist.org/apa/d/nice-home-for-rent/6371217036.html,Nice home for rent,1000,"San Angelo, TX",3,2211,2,31.394205,-100.528765,5,
6340098928,2017-11-02 16:19,https://sanangelo.craigslist.org/apa/d/hansome-home-in-phenoenal/6340098928.html,A HAN∂SOME HOME IN A PHENO๓ENAL ₦EIGHBORHOOD,400,san~!@#angelo,3,1200,2,,,,
6340098192,2017-11-02 16:18,https://sanangelo.craigslist.org/apa/d/wndeful-home-in-captivating/6340098192.html,A W໐NDEɾFUL HOME IN A CAPTIVATING ɾEGION,400,s__________a__________n,3,1200,2,,,,
6371241680,2017-11-02 16:02,https://sanangelo.craigslist.org/apa/d/cozy-one-bedroom-move-in/6371241680.html,Cozy One Bedroom Move in TODAY!!! Free Hero's Gym Membership,662,San Angelo,1,526,1,31.424841,-100.464971,22,
