pid,dt,url,title,price,neighb,beds,sqft,baths,lat,lng,accuracy,address
6367698932,2017-11-02 17:00,https://sanantonio.craigslist.org/apa/d/2-and-3-bedrooms-apartments/6367698932.html,2 and 3 bedrooms apartments and townhomes $399 total move in,1495,HENDERSON PASS,3,1614,2.5,,,,
6367702739,2017-11-02 17:00,https://sanantonio.craigslist.org/apa/d/850-off-1st-months-rent-3-bed/6367702739.html,$850 off 1st months rent 3 bed 2 bath with attached garage!,1595,far north,3,1550,2,,,,
6350529169,2017-11-02 17:00,https://sanantonio.craigslist.org/apa/d/40-off-market-rent-every/6350529169.html,$40 off Market Rent Every month!washer and dryer supplied,1030,ne,2,896,1,,,,
6367711143,2017-11-02 17:00,https://sanantonio.craigslist.org/apa/d/up-to-6-weeks-free-rent-at/6367711143.html,UP TO 6 WEEKS FREE RENT AT THIS NEW BEAUTIFUL COMMUNITY FREE MOVERS,1040,NORTH,1,681,1,,,,
6371318843,2017-11-02 17:00,https://sanantonio.craigslist.org/apa/d/medical-center-cute-1-bd-1ba/6371318843.html,"Medical Center, Cute 1 bd/1ba $679 with $500 off 1st full month rent!!",679,11500 Huebner Rd,1,645,1,29.548055,-98.573413,5,11500 Huebner Rd San Antonio TX US
6371316676,2017-11-02 16:58,https://sanantonio.craigslist.org/apa/d/move-in-ready-large-2-bedroom/6371316676.html,Move In Ready Large 2 Bedroom on 1st Floor w/ Wood Style Flooring!,985,"3500 Oakgate, San Antonio, TX 78230",2,1132,2,29.539538,-98.551769,5,3500 Oakgate Dr San Antonio TX US
6371316196,2017-11-02 16:58,https://sanantonio.craigslist.org/apa/d/large-2-bedrooms-rooms-all/6371316196.html,Large 2 bedrooms Rooms. ALL BILLS PAID!!! $300 off first months' rent,795,2903 Hillcrest Dr.,2,950,1,29.483166,-98.560495,5,Hillcrest Dr at Babcock San Antonio TX US
6371283321,2017-11-02 16:56,https://sanantonio.craigslist.org/apa/d/hard-to-find-4-bedroom-1/6371283321.html,Hard to Find 4 Bedroom 1-Story! Spacious Open Layout!,1199,NE San Antonio,4,1904,2,,,,
6371312586,2017-11-02 16:55,https://sanantonio.craigslist.org/apa/d/celebrate-the-holidays-in/6371312586.html,Celebrate the holidays in a beautiful rental home with a private yard,1865,8511 White Shadow,3,1542,2,29.551245,-98.652876,22,8511 White Shadow San Antonio TX US
6371311671,2017-11-02 16:54,https://sanantonio.craigslist.org/apa/d/move-in-ready-1st-floor-built/6371311671.html,Move In Ready 1st Floor w/ Built in Bookcase & Wood Style Flooring!,740,"3500 Oakgate, San Antonio, TX 78230",1,703,1,29.539538,-98.551769,5,3500 Oakgate Dr San Antonio TX US
6342210385,2017-11-02 16:54,https://sanantonio.craigslist.org/apa/d/your-lifestyle-just-got-major/6342210385.html,Your Lifestyle Just Got a Major Upgrade!,1290,North West,2,1120,2,29.540700,-98.552100,22,
6371299920,2017-11-02 16:54,https://sanantonio.craigslist.org/apa/d/beautiful-park-nearby-family/6371299920.html,"BEAUTIFUL Park nearby, family friendly area!",1149,San Antonio,4,2221,2.5,29.505400,-98.668800,22,
6371311056,2017-11-02 16:54,https://sanantonio.craigslist.org/apa/d/huge-1bd-1ba-loft-799-usaa/6371311056.html,Huge 1bd/1ba loft $799 USAA,799,11500 Huebner Rd,1,876,1,29.548055,-98.573381,5,11500 Huebner Rd San Antonio TX US
6371310686,2017-11-02 16:54,https://sanantonio.craigslist.org/apa/d/pass-through-serving-bar/6371310686.html,"Pass-through serving bar, Espresso cabinetry, Glass tile backsplash",790,Medical Center,1,660,1,29.514403,-98.597087,5,8000 Oakdell Way San Antonio TX US
6371308866,2017-11-02 16:52,https://sanantonio.craigslist.org/apa/d/se-renta-un-departamento-para/6371308866.html,Se renta un departamento  para 2 personas que Trabajen $ 350 Cada uno,350,West SA,1,0,1,29.420800,-98.564500,22,
6367700373,2017-11-02 16:52,https://sanantonio.craigslist.org/apa/d/399-total-move-in-townhome/6367700373.html,$399 total move in Townhome Renovated and nonrenovated units availabl,1495,HENDERSON PASS,3,1614,2.5,,,,
6367699365,2017-11-02 16:52,https://sanantonio.craigslist.org/apa/d/2-and-3-bedrooms-apartments/6367699365.html,2 and 3 bedrooms apartments and townhomes $399 total move in,1145,HENDERSON PASS,2,1116,2,,,,
6344542681,2017-11-02 16:52,https://sanantonio.craigslist.org/apa/d/full-renovated-small/6344542681.html,Full Renovated Small Community Churchill HS Low rates!,685,north,1,506,1,,,,
6338067949,2017-11-02 16:51,https://sanantonio.craigslist.org/apa/d/special-first-3-months-then/6338067949.html,SPECIAL First 3 Months then $640 a month 1 Years Lease Bills Paid!,540,KILLEEN,2,0,1,31.119281,-97.721275,10,1015 N Hall St  TX US
6371307416,2017-11-02 16:51,https://sanantonio.craigslist.org/apa/d/move-in-ready-1x1-tons-of/6371307416.html,Move In Ready 1x1 w/ Tons of Space & Upgraded Appliances!,790,"3500 Oakgate, San Antonio, TX 78230",1,805,1,29.539538,-98.551769,5,3500 Oakgate Dr San Antonio TX US
6371307232,2017-11-02 16:51,https://sanantonio.craigslist.org/apa/d/super-spoiled-and-can-only/6371307232.html,Super spoiled and can only live in the Best?  Bad Credit? Who Cares!,2350,stone oak,4,1850,4,29.705500,-98.419100,22,
6371306769,2017-11-02 16:51,https://sanantonio.craigslist.org/apa/d/business-center-free-coffee/6371306769.html,BUSINESS CENTER & FREE COFFEE! REDUCE RENT + NO APP AND ADMIN!,872,2370 NW Military,2,810,1,29.545714,-98.530712,22,NW Military at Lockhill Selma San Antonio TX US
6371306460,2017-11-02 16:50,https://sanantonio.craigslist.org/apa/d/amazing-location-with-nearby/6371306460.html,AMAZING location with nearby parks and easy Freeway access!!,1518,"San Antonio, TX",2,1340,2,29.504607,-98.520584,5,1550 Jackson Keller Rd San Antonio TX US
6371300864,2017-11-02 16:46,https://sanantonio.craigslist.org/apa/d/1br-1ba-apartment-with-access/6371300864.html,1BR/1BA Apartment with Access to Swimming Pool,837,"San Antonio, TX",1,501,1,29.561200,-98.611700,22,
6371298207,2017-11-02 16:44,https://sanantonio.craigslist.org/apa/d/apply-today-get-1-2-nov/6371298207.html,APPLY TODAY! GET 1/2 NOV FREE*Gorgeous 1st Floor 1x1*,767,2370 NW Military,1,656,1,29.546256,-98.530821,22,NW Military at Lockhill Selma San Antonio TX US
6362327795,2017-11-02 16:43,https://sanantonio.craigslist.org/apa/d/0-deposit-low-rent-for-active/6362327795.html,$0 Deposit & Low Rent for ACTIVE SOLDIERS & SENIORS 55+ on SSI!,385,Killeen,1,0,1,31.120398,-97.725227,20,Hall St  TX US
6371285593,2017-11-02 16:42,https://sanantonio.craigslist.org/apa/d/0-deposit-or-income/6371285593.html,$0 Deposit or Income Verification w Paid in Advance Rent! 3 hr Drive!,399,Killeen,0,0,,31.117200,-97.665100,22,
6371295080,2017-11-02 16:42,https://sanantonio.craigslist.org/apa/d/lackland-family-homes-were/6371295080.html,Lackland Family Homes-We're Pet Friendly! (Breed Restrictions Apply),1350,,2,1000,2,29.388700,-98.611200,22,2254 Brian McElroy San Antonio TX US
6371292828,2017-11-02 16:40,https://sanantonio.craigslist.org/apa/d/beautiful-one-bedrooms/6371292828.html,BEAUTIFUL ONE BEDROOMS,639,San Antonio,1,580,1,29.508010,-98.410881,10,2355 Austin Highway San Antonio TX US
6371285489,2017-11-02 16:34,https://sanantonio.craigslist.org/apa/d/three-bedroom-one-bath-ready/6371285489.html,Three Bedroom One Bath Ready For Asap Move In! Come On In Today!,1285,3903 SE Military Dr. San Antonio TX,3,1150,2,29.355659,-98.419111,5,3903 SE Military Dr. San Antonio TX US
6364889941,2017-11-02 16:33,https://sanantonio.craigslist.org/apa/d/0-deposit-or-income/6364889941.html,$0 Deposit or Income Verification w Paid in Advance Rent! 3 hr Drive!,399,Killeen,0,0,,31.117200,-97.665100,22,Hall st  TX US
6371272562,2017-11-02 16:33,https://sanantonio.craigslist.org/apa/d/premier-customer-service/6371272562.html,"Premier customer service, Short term leases available, Business center",1000,"11710 Parliament, San Antonio, TX 78213",2,1050,2,29.547288,-98.512218,5,11710 Parliament St San Antonio TX US
6341695402,2017-11-02 16:32,https://sanantonio.craigslist.org/apa/d/flexible-lease-terms-huge/6341695402.html,"Flexible Lease Terms, Huge Preferred Employer Discounts & First Class",735,North Central,1,565,1,29.540700,-98.552100,22,
6371252907,2017-11-02 16:30,https://sanantonio.craigslist.org/apa/d/get-your-1-bedroom-apartment/6371252907.html,Get your 1 Bedroom Apartment today!,968,,1,668,1,29.563188,-98.334478,10,7828 Pat Booker live oak TX US
6371279970,2017-11-02 16:30,https://sanantonio.craigslist.org/apa/d/super-spoiled-and-can-only/6371279970.html,Super spoiled and can only live in the Best?  Bad Credit? Who Cares!,2350,stone oak,4,1850,4,29.705500,-98.419100,22,
6371265011,2017-11-02 16:30,https://sanantonio.craigslist.org/apa/d/lock-it-in-today-reduced-rent/6371265011.html,➪➪     LOCK IT IN TODAY! REDUCED Rent - ends TOMORROW!,715,,1,728,1,29.421970,-98.657623,10,1431 Cable Ranch Rd San Antonio TX US
6343778991,2017-11-02 16:29,https://sanantonio.craigslist.org/apa/d/beautiful-house-available/6343778991.html,BEAUTIFUL HOUSE AVAILABLE,600,"SAN ANTONIO, Texas",4,0,3,,,,
6371277875,2017-11-02 16:29,https://sanantonio.craigslist.org/apa/d/cozy-1-bedroom/6371277875.html,cozy 1 bedroom,665,,0,0,,29.471100,-98.535600,22,
6357323620,2017-11-02 16:28,https://sanantonio.craigslist.org/apa/d/rental-is-available-now/6357323620.html,RENTAL IS AVAILABLE NOW,800,,3,1400,2,29.556300,-98.364300,22,
6371277689,2017-11-02 16:28,https://sanantonio.craigslist.org/apa/d/1br-1ba-apartment-with/6371277689.html,1BR/1BA Apartment with Fitness Center and Swimming Pool Access,936,"Universal City, TX",1,738,1,,,,
6371276684,2017-11-02 16:28,https://sanantonio.craigslist.org/apa/d/gorgeous-2-bedroom/6371276684.html,Gorgeous 2 Bedroom,900,,0,0,,29.471100,-98.535600,22,
6371276352,2017-11-02 16:27,https://sanantonio.craigslist.org/apa/d/easy-qualifying-broken-leases/6371276352.html,Easy qualifying broken leases ok w/ extra risk fee,600,south east,0,476,1,29.357900,-98.435600,22,
6371275768,2017-11-02 16:27,https://sanantonio.craigslist.org/apa/d/beautiful-1-bedroom/6371275768.html,Beautiful 1 bedroom,695,,0,0,,29.471100,-98.535600,22,
6371260282,2017-11-02 16:27,https://sanantonio.craigslist.org/apa/d/the-canopy-apartments/6371260282.html,The Canopy Apartments,770,,0,0,,29.533400,-98.497500,22,
6371271124,2017-11-02 16:24,https://sanantonio.craigslist.org/apa/d/1-bedrooms-and-free-rent/6371271124.html,1 BEDROOMS AND FREE RENT,739,San Antonio,1,532,1,29.508010,-98.410881,10,2355 Austin Highway San Antonio TX US
6342159881,2017-11-02 16:23,https://sanantonio.craigslist.org/apa/d/dozens-of-benefits-separate/6342159881.html,Dozens of Benefits Separate this Townhome from the Rest!,1130,North Central,2,1084,2.5,29.533400,-98.497500,22,
6371268631,2017-11-02 16:22,https://sanantonio.craigslist.org/apa/d/efficiency-400-all-bills/6371268631.html,EFFICIENCY $400 ALL BILLS PAID!!APARTAMENTO $400 CON UTILIDADES PAGADA,400,DOWNTOWN,0,0,1,29.422900,-98.526000,22,1603 W. Cesar E. Chavez San Antonio TX US
6371264521,2017-11-02 16:19,https://sanantonio.craigslist.org/apa/d/highly-rated-school-district/6371264521.html,"Highly-Rated School District, Community Barbecues, Spacious Closets",969,"2727 Treble Creek , San Antonio, TX 78258",1,914,1,29.604231,-98.539433,5,2727 Treble CreekÂ  San Antonio TX US
6371264254,2017-11-02 16:19,https://sanantonio.craigslist.org/apa/d/cozy-fireplace-close/6371264254.html,"♥ Cozy Fireplace, Close Proximity to USAA, Dishwasher",715,"8630 Fairhaven Street, San Antonio, TX 78229",1,0,1,29.519541,-98.564645,5,8630 Fairhaven Street San Antonio TX US
6371263726,2017-11-02 16:18,https://sanantonio.craigslist.org/apa/d/pick-your-move-in-special/6371263726.html,!!!!! PICK YOUR MOVE IN SPECIAL !!!!!,605,WESTLAKES,1,575,0,29.421970,-98.657623,10,1431 Cable Ranch Rd San Antonio TX US
6371260765,2017-11-02 16:16,https://sanantonio.craigslist.org/apa/d/open-floor-plans-bellhops-san/6371260765.html,"Open Floor Plans, Bellhops San Antonio Movers, Community Barbecues",1817,"2727 Treble Creek , San Antonio, TX 78258",3,1721,2,29.604231,-98.539433,5,2727 Treble CreekÂ  San Antonio TX US
6371259241,2017-11-02 16:15,https://sanantonio.craigslist.org/apa/d/super-spoiled-and-can-only/6371259241.html,Super spoiled and can only live in the Best?  Bad Credit? Who Cares!,2350,stone oak,4,1850,4,29.705500,-98.419100,22,
6371258058,2017-11-02 16:14,https://sanantonio.craigslist.org/apa/d/300-off-first-month-200-off/6371258058.html,"$300 off first month, $200 off second and $100 off third!!!!",1425,Stone Oak,3,1411,2,29.645559,-98.492942,20,21739 Hardy Oak Blvd San Antonio TX US
6371256186,2017-11-02 16:13,https://sanantonio.craigslist.org/apa/d/stunning-poolside-parkside/6371256186.html,"♥ Stunning Poolside & Parkside Views , Denman Park Nearby, Dishwasher",795,"7667 Callaghan Road, San Antonio, TX 78229",1,0,1,29.506484,-98.557054,5,7667 Callaghan Road San Antonio TX US
6371252969,2017-11-02 16:10,https://sanantonio.craigslist.org/apa/d/valet-trash-on-site/6371252969.html,Valet Trash & On-Site Maintenance Available with This 3X2 Apartment,1461,"San Antonio, TX",3,1161,2,29.534389,-98.586051,5,4980 USAA Blvd San Antonio TX US
6371252655,2017-11-02 16:10,https://sanantonio.craigslist.org/apa/d/300-off-first-month-200-off/6371252655.html,"$300 off first month, $200 off second and $100 off third!!!!",929,Stone Oak,1,881,1,29.645559,-98.492942,20,21739 Hardy Oak Blvd San Antonio TX US
6371250230,2017-11-02 16:08,https://sanantonio.craigslist.org/apa/d/private-backyard-1bdrm-1bath/6371250230.html,Private backyard w/ 1bdrm/1bath! Beautiful property! 6 weeks FREE!,1010,,1,557,1,29.675227,-98.638344,5,25051 IH 10 West San Antonio TX US
6371247579,2017-11-02 16:06,https://sanantonio.craigslist.org/apa/d/lovely-2-bedroom-apartment/6371247579.html,Lovely 2 Bedroom Apartment... Waiting for You to Make it Home!,820,8446 Country Village Lane,2,850,1,29.515224,-98.468871,10,8446 Country Village Lane San Antonio TX US
6371247253,2017-11-02 16:06,https://sanantonio.craigslist.org/apa/d/rental-nightmare-your-big/6371247253.html,Rental Nightmare? Your Big DREAM is Possible. CALL US.,1049,San Antonio,3,1739,2,29.571400,-98.541400,22,
6371246270,2017-11-02 16:05,https://sanantonio.craigslist.org/apa/d/retirement-community-cottages/6371246270.html,Retirement community cottages,1300,Kerrville/Fredericksburg,2,1100,2,30.140555,-99.108799,5,
6371242395,2017-11-02 16:03,https://sanantonio.craigslist.org/apa/d/come-look-at-our-awesome/6371242395.html,"Come look at our awesome amenities for adults, children, and dogs!",1254,,2,954,2,29.545086,-98.315792,5,
6353747252,2017-11-02 16:02,https://sanantonio.craigslist.org/apa/d/move-in-ready-townhomes-299/6353747252.html,Move in ready townhomes! $299 TOTAL move ins!!,699,2447 Harry Wurzbach Rd,1,800,1,29.485917,-98.430138,10,2447 Harry Wurzbach Rd San Antonio TX US
6342014308,2017-11-02 16:02,https://sanantonio.craigslist.org/apa/d/299-total-move-in-special-2/6342014308.html,$299 TOTAL move in special 2 beds x 1 bath!!,825,2447 Harry Wurzbach Rd,2,900,1,29.485917,-98.430138,10,2447 Harry Wurzbach Rd San Antonio TX US
6353733642,2017-11-02 16:02,https://sanantonio.craigslist.org/apa/d/spooktacular-specials-299/6353733642.html,SPOOKtacular Specials!!  $299 TOTAL move ins!!,850,2447 Harry Wurzbach Rd,2,1000,2,29.485917,-98.430138,10,2447 Harry Wurzbach Rd San Antonio TX US
6349802596,2017-11-02 16:02,https://sanantonio.craigslist.org/apa/d/299-total-move-in-specials/6349802596.html,$299 TOTAL MOVE IN Specials! Ready for IMMEDIATE Move in!!,599,2447 Harry Wurzbach Rd,0,450,1,29.485917,-98.430138,10,2447 Harry Wurzbach Rd San Antonio TX US
6341814118,2017-11-02 16:02,https://sanantonio.craigslist.org/apa/d/299-total-move-in-spacious/6341814118.html,$299 TOTAL MOVE IN Spacious! Specials! AND Location?!?!,599,2447 Harry Wurzbach Rd,0,0,1,29.485917,-98.430138,10,2447 Harry Wurzbach Rd San Antonio TX US
6341992982,2017-11-02 16:02,https://sanantonio.craigslist.org/apa/d/299-total-move-in-2-bedrooms/6341992982.html,$299 TOTAL move in 2 bedrooms 2 bathrooms ready for move in!!,850,2447 Harry Wurzbach Rd,2,1000,2,29.485917,-98.430138,10,2447 Harry Wurzbach Rd San Antonio TX US
6363364217,2017-11-02 16:02,https://sanantonio.craigslist.org/apa/d/you-cant-beat-this-move-in/6363364217.html,YOU CAN'T BEAT THIS MOVE IN SPECIAL!!! ALL UTILITIES INCLUDED! $199,199,,0,0,,29.449200,-98.344600,22,
6341790231,2017-11-02 16:02,https://sanantonio.craigslist.org/apa/d/scary-good-299-total-move-in/6341790231.html,Scary good $299 total move in TOWNHOMES?!,699,2447 Harry Wurzbach Rd,1,800,1,29.485917,-98.430138,10,2447 Harry Wurzbach Rd San Antonio TX US
6364645238,2017-11-02 16:02,https://sanantonio.craigslist.org/apa/d/we-accept-section-8-total/6364645238.html,We accept Section 8!! Total move in specials!!,750,2447 Harry Wurzbach Rd,1,700,1,29.485917,-98.430138,10,2447 Harry Wurzbach Rd San Antonio TX US
6341805111,2017-11-02 16:01,https://sanantonio.craigslist.org/apa/d/spooky-spacious-one-bed-one/6341805111.html,SPOOKY Spacious One bed One bath!! $299 TOTAL MOVE IN,750,2447 Harry Wurzbach Rd,1,0,1,29.485917,-98.430138,10,2447 Harry Wurzbach Rd San Antonio TX US
