pid,dt,url,title,price,neighb,beds,sqft,baths,lat,lng,accuracy,address
6340735969,2017-11-02 16:53,https://sanmarcos.craigslist.org/apa/d/live-life-to-the-fullest-when/6340735969.html,Live Life To The Fullest When you Make Your Home Here!,509,San Marcos,2,832,shared,29.875400,-97.940400,22,
6340694615,2017-11-02 16:47,https://sanmarcos.craigslist.org/apa/d/tanning-deck-black-appliances/6340694615.html,Tanning Deck ~ Black Appliances ~ Granite Countertops!,605,San Marcos,2,850,shared,29.875400,-97.940400,22,
6371292794,2017-11-02 16:40,https://sanmarcos.craigslist.org/apa/d/roommate-matching-available/6371292794.html,Roommate Matching Available,540,"800 N LBJ , San Marcos, TX 78666",2,925,1,29.892150,-97.940240,5,800 N LBJÂ  San Marcos TX US
6371288554,2017-11-02 16:37,https://sanmarcos.craigslist.org/apa/d/sanctuary-lofts-room/6371288554.html,Sanctuary Lofts Room Available May 2018,684,San Marcos,4,0,4,29.884730,-97.945893,10,350 North St Apt 3402 San Marcos TX US
6340703831,2017-11-02 16:33,https://sanmarcos.craigslist.org/apa/d/lushly-landscaped-so-many/6340703831.html,Lushly Landscaped & So Many Special Amenities!,1280,San Marcos,2,1040,2,29.875400,-97.940400,22,
6340703689,2017-11-02 16:26,https://sanmarcos.craigslist.org/apa/d/have-everything-you-need-to/6340703689.html,Have Everything You Need To Feel At Home!,605,San Marcos,2,850,shared,29.875400,-97.940400,22,
6341880498,2017-11-02 16:13,https://sanmarcos.craigslist.org/apa/d/here-you-can-experience/6341880498.html,Here You Can Experience Living On Top!,1299,San Marcos,3,1064,2,29.875400,-97.940400,22,
6339391653,2017-11-02 16:10,https://sanmarcos.craigslist.org/apa/d/country-livingbedroom-1-bath/6339391653.html,Country Living $800 1 bedroom 1 bath Apartment,800,New Braunfels,2,700,1,29.715504,-98.210944,10,1745 Mission Valley Rd New Braunfels TX US
6340657334,2017-11-02 16:05,https://sanmarcos.craigslist.org/apa/d/relax-after-long-day-by-the/6340657334.html,Relax After A Long Day By The Quiet Serene Pool!,940,New Braunfels,1,720,1,29.722900,-98.074200,22,
