pid,dt,url,title,price,neighb,beds,sqft,baths,lat,lng,accuracy,address
6339341300,2017-11-02 16:32,https://santabarbara.craigslist.org/apa/d/pet-friendly-contemporary-one/6339341300.html,Pet friendly Contemporary One Bedroom One Bath,1795,Goleta,1,680,1,34.429600,-119.861200,22,
6333055001,2017-11-02 16:32,https://santabarbara.craigslist.org/apa/d/old-world-charm-2-bedroom-2/6333055001.html,Old World Charm 2 Bedroom 2 Bath-Downtown,2750,14 E. Valerio,2,1500,2,34.419700,-119.707800,22,
6371418523,2017-11-02 16:25,https://santabarbara.craigslist.org/apa/d/gorgeous-carpinteria-home-on/6371418523.html,Gorgeous Carpinteria home on quiet street,3800,Carpinteria,3,0,2,,,,
6350197899,2017-11-02 16:24,https://santabarbara.craigslist.org/apa/d/spacious-3-bed-25ba-townhouse/6350197899.html,Spacious 3 bed/2.5ba Townhouse,2695,,3,0,2,34.445300,-119.802500,22,Rhoads Ave at Walnut Dr. Santa Barbara CA US
6350210465,2017-11-02 16:24,https://santabarbara.craigslist.org/apa/d/reduced-charming-spacious/6350210465.html,REDUCED!! Charming Spacious Beach Cottage in Carpinteria,2650,,2,0,2,34.403600,-119.518300,22,
6371404734,2017-11-02 16:12,https://santabarbara.craigslist.org/apa/d/move-in-today-3-2-the-towbes/6371404734.html,Move In Today! 3 B 2 B | The Towbes Group,3490,Willow Springs,3,1197,2,34.434806,-119.846935,5,60 Willow Springs Lane Goleta CA US
6359297305,2017-11-02 16:07,https://santabarbara.craigslist.org/apa/d/available-now-2-beds-house/6359297305.html,AVAILABLE NOW! 2+ Beds House Laundry on site + $100 Utility Credit!,2650,Upper East,2,0,1,34.431266,-119.706516,5,
6371391393,2017-11-02 16:01,https://santabarbara.craigslist.org/apa/d/ventura-ca-1-master-bedroom-1/6371391393.html,"VENTURA, C.A. 1 Master Bedroom + 1 Bathroom Private Gated House/Duplex",1650,"VENTURA, CALIFORNIA",1,0,1,34.278800,-119.165100,22,
