pid,dt,url,title,price,neighb,beds,sqft,baths,lat,lng,accuracy,address
6371211759,2017-11-02 16:41,https://sarasota.craigslist.org/apa/d/tgm-palm-aire-no-rent-until/6371211759.html,TGM Palm Aire - No Rent Until Jan 2018! New Low Price! Lease Today!,1531,TGM Palm Aire,3,1337,2,27.390909,-82.486816,10,6104 Turnbury Park Drive Sarasota FL US
6364949173,2017-11-02 16:38,https://sarasota.craigslist.org/apa/d/1-bed-1-bath-private-patio/6364949173.html,1 Bed/1 bath w/private patio,750,Central Bradenton,1,650,1,27.487269,-82.578485,0,14th Ave W at 17th St. W Bradenton FL US
6371203482,2017-11-02 16:35,https://sarasota.craigslist.org/apa/d/picture-is-worth-thousand/6371203482.html,A picture is worth a thousand words! Check this 2 bed 2 bath out!,975,Bay Club Apartments,2,1000,2,27.458780,-82.584996,10,2305 46th Ave W at 26th st. w Bradenton FL US
6367298837,2017-11-02 16:34,https://sarasota.craigslist.org/apa/d/north-vamo-annual-rentals-4/6367298837.html,"North Vamo Annual Rentals - 4 Available From $1,095 and Up",1095,South Sarasota,0,0,,27.264975,-82.524662,22,
6367294751,2017-11-02 16:34,https://sarasota.craigslist.org/apa/d/mirror-lake-condo-annual/6367294751.html,"Mirror Lake Condo Annual Rentals - 3 Available From $1,250 and Up",1250,Bradenton,0,0,,27.454400,-82.635800,22,
6367291692,2017-11-02 16:33,https://sarasota.craigslist.org/apa/d/longboat-key-annual-rentals/6367291692.html,"Longboat Key Annual Rentals -28 Available From $2,000 and Up",2000,Longboat Key,0,0,,27.418679,-82.661476,22,
6367288037,2017-11-02 16:33,https://sarasota.craigslist.org/apa/d/loma-linda-park-annual/6367288037.html,"Loma Linda Park Annual Rentals - 3 Available From $1,400 and Up",1400,Sarasota,0,0,,27.311100,-82.519500,22,
6367284491,2017-11-02 16:33,https://sarasota.craigslist.org/apa/d/las-palmas-of-sarasota-annual/6367284491.html,"Las Palmas of Sarasota Annual Rentals - 7 Available From $1,295 Up",1295,North Sarasota,0,0,,27.373871,-82.462006,22,
6371178149,2017-11-02 16:26,https://sarasota.craigslist.org/apa/d/2-bed-1-bath-apartment-in/6371178149.html,2 Bed 1 Bath Apartment in Bayshore Gardens,950,Golden Pond Villas,2,750,1,27.428366,-82.569755,5,63rd Ave Dr W at 7th St W Bradenton FL US
6358109735,2017-11-02 16:24,https://sarasota.craigslist.org/apa/d/attention-snowbirds-2br-1bath/6358109735.html,Attention Snowbirds  2Br/1Bath Turnkey  Sarasota/Bradenton in Florida,1550,"1215 69th Ave.,W",2,800,1,27.418405,-82.574552,5,"1215 69th Ave., West at U.S. Route 41 Bradenton, FL US"
6371178459,2017-11-02 16:18,https://sarasota.craigslist.org/apa/d/cozy-up-for-the-next-7-mos/6371178459.html,Cozy Up For The Next 7 Mos. Short Term Lease!,2645,Sarasota,1,1161,1,27.326200,-82.472400,22,4 Maggie Lane Sarasota FL US
6371177209,2017-11-02 16:17,https://sarasota.craigslist.org/apa/d/meditate-in-your-new-home/6371177209.html,Meditate in Your New Home - Snowbird special,2261,Sarasota,1,940,1,27.326200,-82.472400,22,4 Maggie Lane Sarasota FL US
6371149680,2017-11-02 16:08,https://sarasota.craigslist.org/apa/d/30000-off-visit-sunchase/6371149680.html,***$300.00 OFF!*** Visit SunChase Today! Limited Time Offer,1080,Bradenton,2,0,2,27.473249,-82.621388,10,5909 30th Avenue West Bradenton FL US
6371162980,2017-11-02 16:07,https://sarasota.craigslist.org/apa/d/washer-and-dryer-in-every/6371162980.html,"Washer and Dryer in Every Unit, Boat Parking, Exterior Storage",1145,,2,1071,2,27.447703,-82.598608,10,4148 53rd Ave West Bradenton FL US
6345674100,2017-11-02 16:03,https://sarasota.craigslist.org/apa/d/1br-1bath-all-utilities/6345674100.html,1BR 1BATH  (all utilities included),900,BRADENTON,1,0,1,27.495135,-82.551680,15,
