pid,dt,url,title,price,neighb,beds,sqft,baths,lat,lng,accuracy,address
6371305254,2017-11-02 16:49,https://shreveport.craigslist.org/apa/d/great-highland-duplex/6371305254.html,Great Highland duplex - downstairs unit,850,Shreveport,2,0,1,32.483000,-93.734900,22,
6371281531,2017-11-02 16:44,https://shreveport.craigslist.org/apa/d/great-upstairs-unit-in/6371281531.html,Great upstairs unit in Highland,850,,2,0,1,32.483000,-93.734900,22,
6371292567,2017-11-02 16:40,https://shreveport.craigslist.org/apa/d/fall-into-fox-trail-if-you/6371292567.html,Fall Into Fox Trail!! If You Were Here You Would Be Home Already!,639,,2,915,1,32.414100,-93.874200,22,
6358886298,2017-11-02 16:36,https://shreveport.craigslist.org/apa/d/3br-2ba-new-orleans-style/6358886298.html,3br/2ba NEW ORLEANS STYLE COURTYARD APARTMENT! PATIO AND POOL!,900,SHREVEPORT,3,1300,2,32.472129,-93.708314,15,Reily Lane at Captain Shreve Shreveport LA US
6371281279,2017-11-02 16:31,https://shreveport.craigslist.org/apa/d/2-bedroom-2-bath-available/6371281279.html,2 Bedroom 2 Bath Available Limited Move IN Special $199.00..No Deposit,695,,2,1080,2,32.544900,-93.703800,22,
6371263082,2017-11-02 16:18,https://shreveport.craigslist.org/apa/d/last-one-ready-apply-today/6371263082.html,LAST ONE READY!!! APPLY TODAY BEFORE ITS GONE!!!,720,,2,940,2,32.450423,-93.865673,20,Pines Road Shreveport LA US
6371260555,2017-11-02 16:16,https://shreveport.craigslist.org/apa/d/4-bedroom-1-bath-in-minden/6371260555.html,4 Bedroom 1 Bath in Minden,475,,4,1000,1,32.598617,-93.288136,10,1205 Cotton St Minden LA US
6346949581,2017-11-02 16:05,https://shreveport.craigslist.org/apa/d/808-woodyard-1/6346949581.html,808 Woodyard #1,645,Natchitoches,2,1000,1,31.742840,-93.073812,20,Woodyard Drive at Quida Natchitoches LA US
6346950971,2017-11-02 16:05,https://shreveport.craigslist.org/apa/d/225-cherrie-loop/6346950971.html,225 Cherrie Loop,795,Natchitoches,4,2400,2,31.797166,-93.092265,22,Cherrie loop at Miller Natchitoches LA US
6362322231,2017-11-02 16:03,https://shreveport.craigslist.org/apa/d/deposit-special-largest/6362322231.html,DEPOSIT SPECIAL! LARGEST APARTMENTS IN SHREVEPORT!,1242,2600 Celebration Cove,1,1044,1,32.469002,-93.690290,5,2600 Celebration Cove Shreveport LA US
