pid,dt,url,title,price,neighb,beds,sqft,baths,lat,lng,accuracy,address
6371316627,2017-11-02 16:58,https://siouxfalls.craigslist.org/apa/d/apply-today-garage-included/6371316627.html,"Apply today, Garage Included, Tree-Lined",1150,"4009 W. Newcomb Dr., Sioux Falls, SD 57105",3,1600,2.5,43.538491,-96.772062,5,4009 W. Newcomb Dr. Sioux Falls SD US
6371296234,2017-11-02 16:42,https://siouxfalls.craigslist.org/apa/d/1500-rent-credit/6371296234.html,$1500 Rent Credit,1140,Donegal Pointe,2,0,2,43.477500,-96.704100,22,5109 S. Rolling Green Sioux Falls SD US
6371294854,2017-11-02 16:41,https://siouxfalls.craigslist.org/apa/d/garage-included-vaulted/6371294854.html,"Garage Included, Vaulted Ceiling, Apply today",855,"1301 E Northstar Lane #101, Sioux Falls, SD 57108",1,956,1,43.492642,-96.707715,5,1301 E Northstar Lane Sioux Falls SD US
6371242705,2017-11-02 16:26,https://siouxfalls.craigslist.org/apa/d/looking-for-lovely-3-bed-2/6371242705.html,Looking for a lovely 3 Bed / 2 bath? Search no more! 1080 Sq Feet,850,Sioux Falls,3,1080,2,43.533921,-96.692699,10,1301 S Majestic View Place Sioux Falls SD US
6371254309,2017-11-02 16:11,https://siouxfalls.craigslist.org/apa/d/pet-friendly-1st-floor/6371254309.html,Pet Friendly 1st Floor Apartment!  Call for Your Tour!,775,"4700 S. Baha Ave., Sioux Falls, SD 57106",1,655,1,43.502916,-96.769869,5,4700 S. Baha Ave. Sioux Falls SD US
