pid,dt,url,title,price,neighb,beds,sqft,baths,lat,lng,accuracy,address
6371286316,2017-11-02 16:35,https://siouxcity.craigslist.org/apa/d/large-one-bedroom-apt-nice/6371286316.html,LARGE ONE BEDROOM APT ***NICE***,625,Sioux City,1,0,1,,,,
6371276799,2017-11-02 16:28,https://siouxcity.craigslist.org/apa/d/luke-am-your-apartment-manager/6371276799.html,"Luke, I AM your Apartment Manager!",530,"2951 Park Avenue, Sioux City, IA 51104",0,470,1,42.521793,-96.393213,5,2951 Park AvenueÂ  Sioux City IA US
6371267680,2017-11-02 16:21,https://siouxcity.craigslist.org/apa/d/move-in-special-expiring-soon/6371267680.html,Move in Special Expiring Soon.,825,Evergreen Village,3,0,2,42.546900,-96.361700,22,5309 Hwy 75 N Sioux City IA US
6371253674,2017-11-02 16:11,https://siouxcity.craigslist.org/apa/d/swimming-pool-24-hour-fitness/6371253674.html,"Swimming Pool, 24 Hour Fitness Center, Dishwasher",790,"3915 Winona Way, Sioux City, IA 51104",2,800,1,42.537135,-96.391938,5,3915 Winona Way Sioux City IA US
