pid,dt,url,title,price,neighb,beds,sqft,baths,lat,lng,accuracy,address
6371445958,2017-11-02 16:50,https://slo.craigslist.org/apa/d/ocean-breeze-great-location/6371445958.html,"Ocean Breeze, Great Location!!",2000,1352 Scott Lee Dr.,3,1335,2,35.104975,-120.603924,20,Scott Lee Dr. at The Pike Oceano CA US
6371443659,2017-11-02 16:48,https://slo.craigslist.org/apa/d/paso-roblesth-street/6371443659.html,Paso Robles -  344 15th Street,1300,,2,0,1,35.640600,-120.700300,22,
6371438946,2017-11-02 16:44,https://slo.craigslist.org/apa/d/please-consider-responsible/6371438946.html,PLEASE consider responsible dog owners for your rental,2000,Grover Beach,2,0,0,35.121000,-120.617300,22,
6371438820,2017-11-02 16:43,https://slo.craigslist.org/apa/d/5557-tunitas-ave-unit/6371438820.html,5557 Tunitas Ave Unit A - Atascadero,1350,,2,0,1,35.475400,-120.663800,22,
6348637951,2017-11-02 16:40,https://slo.craigslist.org/apa/d/9953-flyrod-drive-paso-robles/6348637951.html,9953 Flyrod Drive - Paso Robles,2200,,3,0,2,35.640600,-120.700300,22,
6371434744,2017-11-02 16:40,https://slo.craigslist.org/apa/d/atascadero-8500-santa-ynez/6371434744.html,Atascadero 8500 Santa Ynez Apt G,1100,,2,0,1,35.475400,-120.663800,22,
6371434582,2017-11-02 16:40,https://slo.craigslist.org/apa/d/upstairs-apartment-710-so/6371434582.html,Upstairs Apartment - 710 So. Frontage Rd,1500,Nipomo,0,0,,35.045494,-120.492886,20,710 Frontage Rd Nipomo CA US
6371421890,2017-11-02 16:39,https://slo.craigslist.org/apa/d/adorable-2br1ba-home-1500-mo/6371421890.html,Adorable 2BR:1BA home - $1500/mo - $1500 deposit,1500,Downtown Morro Bay,2,534,1,35.363120,-120.845483,15,Piney Way at Driftwood Morro Bay CA US
6368729282,2017-11-02 16:33,https://slo.craigslist.org/apa/d/apartment-2138-vista-st/6368729282.html,Apartment - 2138 Vista St,1400,Oceano,2,0,1,35.103072,-120.608406,10,2138 Vista St Oceano CA US
6371423638,2017-11-02 16:29,https://slo.craigslist.org/apa/d/adorable-2br15ba-home-2500-mo/6371423638.html,Adorable 2BR:1.5BA Home - $2500/mo - $2500 deposit,2500,Downtown Morro Bay,2,908,1.5,35.362876,-120.845211,5,Piney Way at Driftwood Morro Bay CA US
6368735167,2017-11-02 16:28,https://slo.craigslist.org/apa/d/studio-no-kitchen-1127-shell/6368735167.html,Studio w/no kitchen- 1127 Shell Beach Rd #1,795,Shell Beach,0,0,1,35.156828,-120.670760,5,1127 Shell Beach Shell Beach CA US
6368735559,2017-11-02 16:28,https://slo.craigslist.org/apa/d/studio-house-1251-dolliver/6368735559.html,Studio House - 1251 Dolliver,1050,Pismo Beach,0,0,1,35.144174,-120.644664,10,1251 Dolliver Pismo Beach CA US
6368739479,2017-11-02 16:20,https://slo.craigslist.org/apa/d/custom-home-1064-maple-st/6368739479.html,Custom Home - 1064 Maple St.,2750,Arroyo Grande,3,1626,2,35.117013,-120.595315,5,1064 Maple St Arroyo Grande CA US
6368738872,2017-11-02 16:15,https://slo.craigslist.org/apa/d/house-in-village-404-lierly-ln/6368738872.html,House in Village - 404 Lierly Ln,2550,Arroyo Grande,3,1591,2,35.123987,-120.566481,22,404 Lierly ln Santa Maria CA US
6371399018,2017-11-02 16:14,https://slo.craigslist.org/apa/d/studio-apartment-for-rent/6371399018.html,Studio Apartment for Rent (December 1st),1100,San Luis Obispo,0,0,1,35.290784,-120.664365,5,1145 Murray Ave San Luis Obisop CA US
6371405487,2017-11-02 16:13,https://slo.craigslist.org/apa/d/stand-alone-studio-for-rent/6371405487.html,Stand alone Studio for Rent - $1000/month - $1000 deposit,1000,Downtown Morro Bay,1,216,1,35.363120,-120.845483,15,Piney Way at Driftwood Morro Bay CA US
6366044251,2017-11-02 16:07,https://slo.craigslist.org/apa/d/for-rent-by-owner-in-paso/6366044251.html,For Rent by Owner in Paso Robles - Available Dec 1st,2500,Paso Robles,3,2056,2,35.650291,-120.674639,5,2824 Wedgwood Dr Paso Robles CA US
