pid,dt,url,title,price,neighb,beds,sqft,baths,lat,lng,accuracy,address
6371235589,2017-11-02 16:58,https://smd.craigslist.org/apa/d/can-you-imagine-your-dream/6371235589.html,Can You Imagine! Your Dream Apartment!,2195,Bethesda,1,685,1,38.979434,-77.098577,10,7001 Arlington Road Bethesda MD US
6371235145,2017-11-02 16:57,https://smd.craigslist.org/apa/d/stay-cool-with-in-unit/6371235145.html,Stay cool with in-unit ceiling fans! Now renting at Westchester at the,1851,Waldorf,1,794,1,38.629400,-76.976900,22,"3560 Malvern St, Waldorf MD US"
6350471510,2017-11-02 16:31,https://smd.craigslist.org/apa/d/3-bedroom-3-bathroom-2-master/6350471510.html,3 Bedroom × 3 Bathroom × 2 Master Suites,1800,Waldorf,3,0,0,38.629400,-76.976900,22,
6371168766,2017-11-02 16:11,https://smd.craigslist.org/apa/d/bright-and-beautiful-1-bed-1/6371168766.html,Bright and beautiful 1 bed / 1 bath! Don't wait to call us home!,1869,Waldorf,1,799,1,38.629400,-76.976900,22,"3560 Malvern St, Waldorf MD US"
