pid,dt,url,title,price,neighb,beds,sqft,baths,lat,lng,accuracy,address
6371237838,2017-11-02 16:59,https://southjersey.craigslist.org/apa/d/njaa-award-winning-property/6371237838.html,NJAA AWARD WINNING PROPERTY 2017!!!!!!,1075,Moorestown,2,0,1,39.958833,-74.961262,5,
6371237578,2017-11-02 16:59,https://southjersey.craigslist.org/apa/d/amazing-deal-in-philly-2/6371237578.html,Amazing Deal in Philly!! 2 Bedroom/1.5 Bath,1475,Fishtown,2,956,1.5,39.978544,-75.117107,10,2618 Almond St philadelphia NJ US
6360646260,2017-11-02 16:58,https://southjersey.craigslist.org/apa/d/free-heat-and-water/6360646260.html,FREE HEAT AND WATER!!!!!!!!!!,1075,Moorestown,2,0,1,39.958044,-74.963665,5,
6360653159,2017-11-02 16:58,https://southjersey.craigslist.org/apa/d/as-low-assecurity-deposit/6360653159.html,AS LOW AS $500.00 SECURITY DEPOSIT!!!!!!,1075,Moorestown,2,0,1,39.958307,-74.961605,5,
6360663297,2017-11-02 16:58,https://southjersey.craigslist.org/apa/d/now-available/6360663297.html,**** NOW AVAILABLE*****,1075,Moorestown,2,0,1,39.957912,-74.962635,5,
6360830388,2017-11-02 16:58,https://southjersey.craigslist.org/apa/d/as-low-assecurity-deposit/6360830388.html,AS LOW AS $500.00 SECURITY DEPOSIT!!!!!!,1075,Moorestown,2,0,1,39.958175,-74.962635,5,
6371233207,2017-11-02 16:56,https://southjersey.craigslist.org/apa/d/now-available/6371233207.html,***** NOW AVAILABLE*****,1075,Moorestown,2,0,1,39.958044,-74.962978,5,
6360344164,2017-11-02 16:54,https://southjersey.craigslist.org/apa/d/1-bedroom-apartment-with/6360344164.html,1 Bedroom Apartment with balcony in Ewing~ Renovated Kitchen!,1360,"Ewing, Hamilton, Lawrenceville",1,875,1,40.255523,-74.792707,15,West Farrell Ave at parkway ave ewing NJ US
6368152029,2017-11-02 16:54,https://southjersey.craigslist.org/apa/d/two-bedroom-renovated/6368152029.html,Two Bedroom Renovated Apartment in Bordentown!,1250,Bordentown,2,950,1,40.150308,-74.701022,10,100 Lucas Drive Bordentown NJ US
6368146295,2017-11-02 16:53,https://southjersey.craigslist.org/apa/d/very-spacious-1-bedroom/6368146295.html,Very Spacious 1 Bedroom Apartment in Bellmawr *Offering 1st Month FREE,800,Bellmawr,1,775,1,39.867739,-75.114861,10,928 Creek Road Bellmawr NJ US
6371228793,2017-11-02 16:53,https://southjersey.craigslist.org/apa/d/2-beds-new-carolina-village/6371228793.html,2 BEDS NEW @ CAROLINA VILLAGE! LEASING W/ DISCOUNTS ON RENOVATED APTS!,895,Atlantic City,2,750,1,39.365002,-74.426768,10,124A N North Carolina Ave Atlantic City NJ US
6371217706,2017-11-02 16:52,https://southjersey.craigslist.org/apa/d/great-2-br-in-newfield/6371217706.html,great 2 BR in Newfield,850,Newfield,2,0,1,39.547345,-75.021326,10,
6368165355,2017-11-02 16:52,https://southjersey.craigslist.org/apa/d/one-bedroom-renovated/6368165355.html,One Bedroom RENOVATED Apartment!!,985,Audubon,1,792,1,39.895657,-75.070413,10,35 South White Horse Pike Audubon NJ US
6358821967,2017-11-02 16:51,https://southjersey.craigslist.org/apa/d/two-bedroom-with-large-den/6358821967.html,Two Bedroom with a Large Den *Offering First Month Free Special*,1100,Stratford,2,1070,1,39.828800,-75.014700,22,856-783-8080 Leasing Office NJ US
6333940186,2017-11-02 16:51,https://southjersey.craigslist.org/apa/d/one-bedroom-renovated/6333940186.html,One Bedroom Renovated ApartmentAVAILABLE NOW!!!,985,Audubon,1,792,1,39.895657,-75.070413,10,35 S White Horse Pike Audubon NJ US
6352416777,2017-11-02 16:50,https://southjersey.craigslist.org/apa/d/spacious-1-bedroom-in-audubon/6352416777.html,Spacious 1 Bedroom in Audubon! Recently Upgraded...,985,Audubon,1,0,1,39.895657,-75.070413,10,35 S. White horse Pike Audubon NJ US
6352482884,2017-11-02 16:50,https://southjersey.craigslist.org/apa/d/spacious-1-bedroom-apartment/6352482884.html,Spacious 1 Bedroom Apartment in Bellmawr *Offering 1st Month FREE!,800,Bellmawr,1,0,1,39.867739,-75.114861,10,928 Creek Road Bellmawr NJ US
6360343386,2017-11-02 16:49,https://southjersey.craigslist.org/apa/d/let-us-welcome-you-home-99/6360343386.html,"Let us welcome you HOME! ~ $99 Security Deposit & a 50""Flat Screen TV!",1325,"Ewing, Hamilton, Lawrenceville",1,875,1,40.255523,-74.792707,15,West Farrell Ave at parkway ave ewing NJ US
6349611920,2017-11-02 16:49,https://southjersey.craigslist.org/apa/d/now-offering-3-months-free-2/6349611920.html,*Now Offering 3 Months Free* 2 bedroom with a den apartment!!!,1100,Stratford,2,1070,1,39.814475,-74.989181,10,506 S White Horse Pike Stratford NJ US
6349617162,2017-11-02 16:48,https://southjersey.craigslist.org/apa/d/newly-renovated-two-bedroom/6349617162.html,Newly Renovated Two Bedroom Apartment *Offering First Month FREE*,1250,Bordentown,2,950,1,40.150308,-74.701022,10,100 Lucas Drive Bordentown NJ US
6360340390,2017-11-02 16:48,https://southjersey.craigslist.org/apa/d/let-us-welcome-you-home-99/6360340390.html,"Let us welcome you HOME! ~ $99 Security Deposit & a 50""Flat Screen",1475,"Ewing, Hamilton, Lawrenceville",2,1075,1,40.237700,-74.782100,22,
6349599666,2017-11-02 16:47,https://southjersey.craigslist.org/apa/d/two-bedroom-apartment/6349599666.html,Two Bedroom Apartment *Offering First Month FREE!!!*,920,Stratford,2,820,1,39.814475,-74.989181,10,506 S White Horse Pike Stratford NJ US
6349595154,2017-11-02 16:47,https://southjersey.craigslist.org/apa/d/two-bedroom-renovated/6349595154.html,Two Bedroom Renovated Apartment Coming Soon! Apply Today!,1000,Stratford,2,820,1,39.814475,-74.989181,10,506 S White Horse Pike Stratford NJ US
6349621606,2017-11-02 16:47,https://southjersey.craigslist.org/apa/d/one-bedroom-apartment-in/6349621606.html,One Bedroom Apartment In Bellmawr..*1st Month Rent Free!*,800,Bellmawr,1,775,1,39.867739,-75.114861,10,928 Creek Road Bellmawr NJ US
6371205646,2017-11-02 16:46,https://southjersey.craigslist.org/apa/d/private-owner-currently-2-6/6371205646.html,PRIVATE OWNER CURRENTLY 2-6 BEDROOMS AVAIL IN NORTHUMBERLAND COUNTY,595,PETS OK-GARAGE-LRG YARD-FREE RENT,6,0,2,,,,
6360607263,2017-11-02 16:46,https://southjersey.craigslist.org/apa/d/100-off-first-6-months-99/6360607263.html,$100 Off first 6 months & $99 Security ~ 2 Bdrm Apartment in Ewing NJ,1524,"Ewing, Hamilton, Lawrenceville",2,1075,1,40.255523,-74.792707,15,West Farrell Ave at Parkway Avenue Ewing NJ US
6368180259,2017-11-02 16:46,https://southjersey.craigslist.org/apa/d/two-bedroom-apartment-in/6368180259.html,Two Bedroom Apartment in Stratford!! *1st Month FREE*,920,Stratford,2,820,1,39.814475,-74.989181,10,506 S White Horse Pike Stratford NJ US
6371219537,2017-11-02 16:46,https://southjersey.craigslist.org/apa/d/move-in-today-large-size-2/6371219537.html,Move In Today. Large Size 2 Bedroom. Low Move In Cost*,1330,"Downbeach, close to Ventnor",3,820,1,39.355962,-74.452203,5,3300 Fairmount Ave Atlantic City NJ US
6368198407,2017-11-02 16:46,https://southjersey.craigslist.org/apa/d/now-offering-3-months-free/6368198407.html,Now Offering 3 Months Free Special!!!!!! 2 Bedroom Apartment w/ Den,1100,Stratford,2,1070,1,39.814475,-74.989181,10,506 S White Horse Pike Stratford NJ US
6349582997,2017-11-02 16:45,https://southjersey.craigslist.org/apa/d/goregous-renovated-one/6349582997.html,Goregous Renovated One Bedroom Apartment in Audubon,985,Audubon,1,792,1,39.895657,-75.070413,10,35 S. White horse Pike Audubon NJ US
6371214005,2017-11-02 16:42,https://southjersey.craigslist.org/apa/d/2-bedroom-playground-9ft/6371214005.html,"2 bedroom - Playground, 9ft Ceilings, Walk-in Closets",1659,"1 Courtney Way, Mt. Laurel, NJ 08054",2,1149,2,39.947800,-74.903600,5,1 Courtney Way Mt. Laurel NJ US
6344480847,2017-11-02 16:41,https://southjersey.craigslist.org/apa/d/goregous-renovated-one/6344480847.html,Goregous Renovated One Bedroom Apartment in Audubon,985,Audubon,1,792,1,39.895657,-75.070413,10,35 South White Horse Pike Audubon NJ US
6344473919,2017-11-02 16:40,https://southjersey.craigslist.org/apa/d/very-spacious-two-bedroom/6344473919.html,Very Spacious Two Bedroom Apartment * FIRST MONTH FREE!*,920,Stratford,2,820,1,39.814475,-74.989181,10,506 S White Horse Pike Stratford NJ US
6352546136,2017-11-02 16:40,https://southjersey.craigslist.org/apa/d/2-bedroom-apartment-at-the/6352546136.html,2 Bedroom Apartment at the Haddonfield Manor! *1st Month FREE*,1300,Haddonfield,2,952,1,39.895626,-75.036948,10,2-10 Linden Ave Haddonfield NJ US
6341813718,2017-11-02 16:40,https://southjersey.craigslist.org/apa/d/renovated-two-bedroom/6341813718.html,Renovated Two Bedroom Apartment in Stratford *1st Month Free*,1000,Stratford,2,820,1,39.814475,-74.989181,10,506 S White Horse Pike Stratford NJ US
6352553974,2017-11-02 16:39,https://southjersey.craigslist.org/apa/d/one-bedroom-at-the/6352553974.html,One Bedroom at the Haddonfield Manor *1st Month Free*,1025,Haddonfield,1,0,1,39.895626,-75.036948,10,2-10 Linden Ave Haddonfield NJ US
6339445482,2017-11-02 16:39,https://southjersey.craigslist.org/apa/d/two-bedroom-apartment-in/6339445482.html,Two Bedroom Apartment in Haddonfield.....*1st Month Free!*,1300,Haddonfield,2,897,1,39.895626,-75.036948,10,2-10 Linden Ave Haddonfield NJ US
6371198845,2017-11-02 16:39,https://southjersey.craigslist.org/apa/d/cherry-hill-school-district/6371198845.html,Cherry Hill School district - Gorgeous condo for rent!,1800,,3,1574,2,39.880500,-74.970600,22,301 BROWNING LANE CHERRY HILL NJ US
6352647255,2017-11-02 16:39,https://southjersey.craigslist.org/apa/d/goregous-renovated-one/6352647255.html,Goregous Renovated One Bedroom Apartment in Audubon,985,Audubon,1,0,1,39.895657,-75.070413,10,35 South White Horse Pike Audubon NJ US
6341726997,2017-11-02 16:38,https://southjersey.craigslist.org/apa/d/one-bedroom-in-bellmawr-first/6341726997.html,One Bedroom in Bellmawr *First Month FREE!!!*,800,Bellmawr,1,775,1,39.867739,-75.114861,10,928 Creek Road Bellmawr NJ US
6341803578,2017-11-02 16:38,https://southjersey.craigslist.org/apa/d/two-bedroom-in-stratford/6341803578.html,Two Bedroom in Stratford *Offering First Month FREE*,920,Stratford,2,820,1,39.814475,-74.989181,10,506 S White Horse Pike Stratford NJ US
6371207330,2017-11-02 16:38,https://southjersey.craigslist.org/apa/d/now-available-at-carriage/6371207330.html,***** NOW AVAILABLE AT CARRIAGE HOUSE APARTMENTS*****,1175,Woodbury,2,0,1,39.958307,-74.963322,5,
6341817939,2017-11-02 16:37,https://southjersey.craigslist.org/apa/d/renovated-two-bedroom-in/6341817939.html,Renovated Two Bedroom in Bordentown *Offering 1st month FREE*,1250,Bordentown,2,950,1,40.150308,-74.701022,10,100 Lucas Drive Bordentown NJ US
6339433386,2017-11-02 16:37,https://southjersey.craigslist.org/apa/d/two-bedroom-apartment-in/6339433386.html,Two Bedroom Apartment in Stratford *1st Month FREE*,920,Stratford,2,820,1,39.814475,-74.989181,10,506 S White Horse Pike Stratford NJ US
6341916502,2017-11-02 16:37,https://southjersey.craigslist.org/apa/d/beautiful-one-bedroom/6341916502.html,Beautiful One Bedroom Renovated Apartment $985.00 Audubon,985,Audubon,1,792,1,39.895657,-75.070413,10,35 South White Horse Pike Audubon NJ US
6343032616,2017-11-02 16:36,https://southjersey.craigslist.org/apa/d/one-bedroom-renovated/6343032616.html,One Bedroom Renovated Apartment *NOW OFFERING SPECIALS!*,985,Audubon,1,792,1,39.895657,-75.070413,10,35 S White Horse Pike Audubon NJ US
6333914187,2017-11-02 16:35,https://southjersey.craigslist.org/apa/d/spacious-two-bedroom/6333914187.html,Spacious Two Bedroom Apartment **1st Month FREE SPECIAL!**,920,Stratford,2,820,1,39.814475,-74.989181,10,506 S White Horse Pike Stratford NJ US
6343511184,2017-11-02 16:34,https://southjersey.craigslist.org/apa/d/spacious-and-beautiful-one/6343511184.html,Spacious and Beautiful One Bedroom in Bellmawr **1st Month Free**,800,Bellmawr,1,775,1,39.867739,-75.114861,10,928 Creek Road Bellmawr NJ US
6340311656,2017-11-02 16:34,https://southjersey.craigslist.org/apa/d/one-bedroom-renovated/6340311656.html,One Bedroom Renovated Apartment,985,Audubon,1,792,1,39.895657,-75.070413,10,35 S White Horse Pike Audubon NJ US
6340469322,2017-11-02 16:34,https://southjersey.craigslist.org/apa/d/two-bedroom-renovated-unit-in/6340469322.html,Two Bedroom Renovated Unit in Bordentown *1st month free SPECIAL*,1250,Bordentown,2,950,1,40.150308,-74.701022,10,100 Lucas Drive Bordentown NJ US
6348085219,2017-11-02 16:33,https://southjersey.craigslist.org/apa/d/very-spacious-1-bedroom/6348085219.html,Very Spacious 1 Bedroom Apartment in Bellmawr *Offering 1st Month FREE,800,Bellmawr,1,775,1,39.867739,-75.114861,10,928 Creek Road Bellmawr NJ US
6344485148,2017-11-02 16:33,https://southjersey.craigslist.org/apa/d/very-spacious-1-bedroom/6344485148.html,Very Spacious 1 Bedroom Apartment in Bellmawr *Offering 1st Month FREE,800,Bellmawr,1,775,1,39.867739,-75.114861,10,928 Creek Road Bellmawr NJ US
6371199091,2017-11-02 16:32,https://southjersey.craigslist.org/apa/d/new-construction-townhomes-in/6371199091.html,New Construction Townhomes in South Amboy,2165,,2,1200,2.5,40.464000,-74.274200,22,244 John T. O'Leary Blvd South Amboy NJ US
6333944405,2017-11-02 16:31,https://southjersey.craigslist.org/apa/d/spacious-one-bedroom/6333944405.html,Spacious One Bedroom Apartment Available **1st month FREE SPECIAL!!**,800,Bellmawr,1,775,1,39.867739,-75.114861,10,928 Creek Road Bellmawr NJ US
6339426781,2017-11-02 16:31,https://southjersey.craigslist.org/apa/d/beautifully-renovated-one/6339426781.html,Beautifully Renovated One Bedroom in Audubon AVAILABE NOW!!!!!!!,985,Audubon,1,792,1,39.891000,-75.072400,22,35 South Horse Pike Audubon NJ US
6334989981,2017-11-02 16:31,https://southjersey.craigslist.org/apa/d/beautifully-renovated-two/6334989981.html,Beautifully Renovated Two Bedroom Apartment *Offering 1st month FREE*,1000,Stratford,2,820,1,39.814475,-74.989181,10,506 S White Horse PIke Stratford NJ US
6333957942,2017-11-02 16:31,https://southjersey.craigslist.org/apa/d/two-bedroom-at-haddonfield/6333957942.html,Two Bedroom at Haddonfield Manor! *1st month FREE*,1300,Haddonfield,2,952,1,39.895626,-75.036948,10,2-10 Linden Haddonfield NJ US
6333968705,2017-11-02 16:30,https://southjersey.craigslist.org/apa/d/beautiful-renovated-two/6333968705.html,Beautiful Renovated Two Bedroom Apartment *1st month FREE*,1250,Bordentown,2,950,2,40.150308,-74.701022,10,100 Lucas Drive Bordentown NJ US
6354202123,2017-11-02 16:30,https://southjersey.craigslist.org/apa/d/two-bedroom-renovated/6354202123.html,Two Bedroom Renovated Apartment!!!!!,1000,Stratford,2,920,1,39.814475,-74.989181,10,506 S White Horse Pike Stratford NJ US
6345862047,2017-11-02 16:30,https://southjersey.craigslist.org/apa/d/2-bedroom-renovated-apartment/6345862047.html,2 Bedroom Renovated Apartment *1st Month FREE*,1000,Stratford,2,820,1,39.814475,-74.989181,10,506 S White Horse Pike Stratford NJ US
6334987247,2017-11-02 16:28,https://southjersey.craigslist.org/apa/d/spacious-two-bedroom/6334987247.html,Spacious Two Bedroom Apartment *Offering First Month FREE*,920,Stratford,2,820,1,39.814475,-74.989181,10,506 S White Horse Pike Stratford NJ US
6335009765,2017-11-02 16:28,https://southjersey.craigslist.org/apa/d/one-bedroom-in-bellmawr-1st/6335009765.html,One Bedroom in Bellmawr *1st Month FREE*,800,Bellmawr,1,775,1,39.867739,-75.114861,10,928 Creek Road Bellmawr NJ US
6371192453,2017-11-02 16:27,https://southjersey.craigslist.org/apa/d/as-low-assecurity-deposit/6371192453.html,AS LOW AS $500.00 SECURITY DEPOSIT!!!!!!,1175,Woodbury,2,0,1,39.842286,-75.143909,5,
6333924986,2017-11-02 16:27,https://southjersey.craigslist.org/apa/d/renovated-two-bedroom/6333924986.html,Renovated Two Bedroom Apartment Available November 1st!!!,1000,Stratford,2,820,1,39.814475,-74.989181,10,506 S White Horse Pike Stratford NJ US
6354192483,2017-11-02 16:27,https://southjersey.craigslist.org/apa/d/2-bedroom-in-lovely/6354192483.html,2 Bedroom in Lovely Haddonfield...*1st Month Free!*,1300,Haddonfield Manor,2,0,1,39.895626,-75.036948,10,2-10 Linden Ave Haddonfield NJ US
6354195444,2017-11-02 16:27,https://southjersey.craigslist.org/apa/d/one-bedroom-apartment-at/6354195444.html,One bedroom apartment at Haddonfield Manor! *1st Month FREE*,1025,Haddonfield,1,0,1,39.895626,-75.036948,10,2-10 Linden Ave Haddonfield NJ US
6354205340,2017-11-02 16:26,https://southjersey.craigslist.org/apa/d/one-bedroom-renovated/6354205340.html,One Bedroom Renovated Apartment,985,Audubon,1,792,1,39.891000,-75.072400,22,35 South Horse Pike Audubon NJ US
6371190248,2017-11-02 16:26,https://southjersey.craigslist.org/apa/d/1-2-month-free-on-renovated/6371190248.html,1/2 MONTH FREE on RENOVATED TOWNHOUSES! HUGE BASEMENT STORAGE SPACE!!,840,Bridgeton / Vineland,2,0,1,39.420054,-75.244095,10,111 Wayne Road Bridgeton NJ US
6354239890,2017-11-02 16:25,https://southjersey.craigslist.org/apa/d/one-bedroom-renovated/6354239890.html,One Bedroom Renovated Apartment,985,Audubon,1,792,1,39.891000,-75.072400,22,35 South Horse Pike Audubon NJ US
6354243702,2017-11-02 16:25,https://southjersey.craigslist.org/apa/d/one-bedroom-apartment-in/6354243702.html,One Bedroom Apartment In Bellmawr..*1st Month Rent Free!*,800,Bellmawr,1,775,1,39.867739,-75.114861,10,928 Creek Road Bellmawr NJ US
6354241385,2017-11-02 16:24,https://southjersey.craigslist.org/apa/d/2-bedroom-in-lovely/6354241385.html,2 Bedroom in Lovely Haddonfield...*1st Month Free!*,1300,Haddonfield,2,0,1,39.895626,-75.036948,10,2-10 Linden Ave Haddonfield NJ US
6357344712,2017-11-02 16:24,https://southjersey.craigslist.org/apa/d/spacious-one-bedroom/6357344712.html,Spacious One Bedroom Apartment For November **1st Month FREE**,800,Bellmawr,1,775,1,39.867739,-75.114861,10,928 Creek Road Bellmawr NJ US
6371184348,2017-11-02 16:22,https://southjersey.craigslist.org/apa/d/now-available/6371184348.html,**** NOW AVAILABLE*****,1175,Woodbury,2,0,1,39.957912,-74.963150,5,
6371160135,2017-11-02 16:19,https://southjersey.craigslist.org/apa/d/millville-2000-ranch-3-br-se/6371160135.html,"Millville, 2000 Ranch, 3 BR, Se Renta/For Rent",1250,Millville,3,0,1,39.401067,-75.017803,5,1705 Coventry Way Millville NJ US
6357333194,2017-11-02 16:19,https://southjersey.craigslist.org/apa/d/beautifully-renovated/6357333194.html,Beautifully Renovated Apartment Available Now!,985,Audubon,1,792,1,39.895657,-75.070413,10,35 South White Horse Pike Audubon NJ US
6371143594,2017-11-02 16:04,https://southjersey.craigslist.org/apa/d/99-first-month-special/6371143594.html,🍁🍂 $99 FIRST MONTH SPECIAL 🍁🍂,1005,Vineland,2,0,1,39.473692,-75.017496,10,771 S East Ave Vineland NJ US
