pid,dt,url,title,price,neighb,beds,sqft,baths,lat,lng,accuracy,address
6335245583,2017-11-02 16:34,https://southbend.craigslist.org/apa/d/approved-today-move-in-next/6335245583.html,Approved Today? Move in next week! No application fee,379,Baroda,3,1056,2,41.942858,-86.491147,10,1558 W Shawnee Rd. Lot 133 Baroda IN US
6371195589,2017-11-02 16:30,https://southbend.craigslist.org/apa/d/coffee-bar-heated-underground/6371195589.html,"Coffee Bar, Heated underground parking available, Range",1200,dtsb,2,1151,2,41.680016,-86.249494,5,307 E. Lasalle AvenueÂ  South Bend IN US
6371178039,2017-11-02 16:30,https://southbend.craigslist.org/apa/d/brand-new-2018-home-coming/6371178039.html,Brand New 2018 Home Coming Soon!,899,62430 Locust Rd,3,1456,2,41.587395,-86.281823,5,Locust Rd at Roosevelt Rd South Bend IN US
6371132659,2017-11-02 16:27,https://southbend.craigslist.org/apa/d/spacious-bedrooms-adjacent-to/6371132659.html,"Spacious Bedrooms, Adjacent to Campus, Central AC and Heat",560,South Bend,3,1000,2,41.697045,-86.222742,5,1710 Turtle Creek Drive South Bend IN US
6371174507,2017-11-02 16:23,https://southbend.craigslist.org/apa/d/1-bedroom-apartment/6371174507.html,1 BEDROOM APARTMENT,560,214 E CRAWFORD,1,0,1,41.694149,-85.974786,10,214 E CRAWFORD ST ELKHART IN US
6368058470,2017-11-02 16:03,https://southbend.craigslist.org/apa/d/sun-open-house-spacious-house/6368058470.html,"Sun. Open House!  Spacious House for Rent - 3 Bath, 2 Car Garage!",850,"Mishawaka, IN",3,1246,3,41.652582,-86.182081,10,211 W 11th Street at 11th and Main St. Mishawaka IN US
6368009382,2017-11-02 16:03,https://southbend.craigslist.org/apa/d/sat-open-house-spacious-house/6368009382.html,"Sat. Open House!  Spacious House For Rent, Penn School, 2 Car!",850,Mishawaka,3,1594,1,41.651252,-86.214648,0,
