pid,dt,url,title,price,neighb,beds,sqft,baths,lat,lng,accuracy,address
6371225699,2017-11-02 16:59,https://spacecoast.craigslist.org/apa/d/covered-parking-granite/6371225699.html,"Covered Parking, Granite Countertops, Upgraded Sink & Faucet Fixtures",1690,Viera,2,1451,2,28.245158,-80.730085,5,2185 Judge Fran Jamieson Way Melbourne FL US
6371220710,2017-11-02 16:57,https://spacecoast.craigslist.org/apa/d/2-bedroom-2-bathroom-luxury/6371220710.html,2 Bedroom 2 Bathroom Luxury Living,1205,Melbourne,2,950,2,28.153041,-80.656836,5,2201 Hampton Greens Blvd. Melbourne FL US
6371212024,2017-11-02 16:41,https://spacecoast.craigslist.org/apa/d/designer-clubhouse-on-site/6371212024.html,"Designer Clubhouse, On-site Management, Resident Lounge",1275,"3151 S, Melbourne, FL 32901",3,1157,2,28.069100,-80.620000,5,3151 S Melbourne FL US
6371211843,2017-11-02 16:41,https://spacecoast.craigslist.org/apa/d/24-hour-guaranteed-emergency/6371211843.html,"24-Hour Guaranteed Emergency Maintenance, Resident Lounge, Bark Park",1075,"3151 S, Melbourne, FL 32901",2,924,2,28.069100,-80.620000,5,3151 S Melbourne FL US
6371146305,2017-11-02 16:03,https://spacecoast.craigslist.org/apa/d/2-bedroom-2-bath-1500-month/6371146305.html,"2 Bedroom 2 Bath $ 1,500 a month",1500,Cape Canaveral,2,1091,2,28.378703,-80.607757,5,Cape Shores Circle at Cape Shores Drive Cape Canaveral FL US
