pid,dt,url,title,price,neighb,beds,sqft,baths,lat,lng,accuracy,address
6371447788,2017-11-02 16:52,https://spokane.craigslist.org/apa/d/awesome-1-bed-apartment-in/6371447788.html,"Awesome 1 bed apartment in convenient location!Washer, dryer, garage!",880,North Spokane,1,800,1,,,,
6371446055,2017-11-02 16:50,https://spokane.craigslist.org/apa/d/this-beautiful-one-bedroom/6371446055.html,This Beautiful One Bedroom Apartment Is Waiting For You!,1285,,1,0,1,,,,
6371444992,2017-11-02 16:49,https://spokane.craigslist.org/apa/d/1117-5th-1-bedroom/6371444992.html,1117 W. 5th-1 Bedroom,560,South Hill,1,0,1,47.651391,-117.429546,15,5th Ave. at Jefferson St. Spokane WA US
6371440645,2017-11-02 16:45,https://spokane.craigslist.org/apa/d/time-to-find-cozy-community/6371440645.html,Time To Find A Cozy Community You Can Call Home,1005,Spokane Valley,2,957,1,,,,
6371436323,2017-11-02 16:41,https://spokane.craigslist.org/apa/d/beautiful-apartment-with/6371436323.html,Beautiful Apartment with Large Front Porch! Pets Welcome!,955,Trail Lodge Apartments,2,959,2,47.713492,-116.808668,22,3825 N Ramsey Rd Coeur d'Alene WA US
6371435469,2017-11-02 16:40,https://spokane.craigslist.org/apa/d/enjoy-your-new-view-from-your/6371435469.html,enjoy your New View from your New Home~Tour Eastgate today,825,Spokane Valley,1,657,1,47.654172,-117.189274,5,15913 E 4th Ave at Sullivan Spokane Valley WA US
6371434663,2017-11-02 16:40,https://spokane.craigslist.org/apa/d/just-what-you-have-been/6371434663.html,Just what you have been Looking for 2 Bedroom 1 Bath~Top Floor,950,Spokane Valley,2,828,1,47.654057,-117.189102,5,15913 E 4th Ave at Sullivan Spokane Valley WA US
6371432349,2017-11-02 16:37,https://spokane.craigslist.org/apa/d/choose-eastgate-for-your-new/6371432349.html,Choose Eastgate for your New Home! 1 Bedroom 1 Bath!,825,Spokane Valley,1,657,1,47.654288,-117.189617,5,15913 E 4th Ave at Sullivan Spokane Valley WA US
6371430138,2017-11-02 16:35,https://spokane.craigslist.org/apa/d/new-flooring-new-paint/6371430138.html,"New Flooring, New paint, Excellent Logan Neighborhood",650,Logan Neighborhood,1,0,1,47.671933,-117.409022,5,307 e mission spokane WA US
6371427035,2017-11-02 16:33,https://spokane.craigslist.org/apa/d/brand-new-ground-floor-one/6371427035.html,"Brand new, ground floor one-bedroom apartment w/attached garage!",1075,Spokane,1,774,1,47.601200,-117.351027,10,5805 S. Ben Burr Rd. Spokane WA US
6371426938,2017-11-02 16:32,https://spokane.craigslist.org/apa/d/hurry-september-is-filling-up/6371426938.html,Hurry September is filling up fast Grab this 3x2 before it's too late!,1225,Biltmore,3,1237,2,47.607025,-117.369969,22,
6371426038,2017-11-02 16:32,https://spokane.craigslist.org/apa/d/3br-2ba-home-big-apartment/6371426038.html,3br/2ba Home! ☆ BIG Apartment Awesome Rates ☆,1200,Biltmore,3,1237,2,47.606961,-117.369990,22,
6371425011,2017-11-02 16:31,https://spokane.craigslist.org/apa/d/finish-your-apartment-search/6371425011.html,🏁Finish Your Apartment Search Here... Ready for November Move In,910,BILTMORE APARTMENTS,2,1100,2,47.606834,-117.369432,22,
6371423574,2017-11-02 16:29,https://spokane.craigslist.org/apa/d/500-off-your-move-in-at/6371423574.html,$500 OFF YOUR MOVE IN AT BRIANWOOD APARTMENTS! PLUS NEW FLOORING!!!!!!,895,"Spokane Valley, WA",2,1062,2,47.649600,-117.258100,22,9407 E Mission Spokane Valley WA US
6371423172,2017-11-02 16:29,https://spokane.craigslist.org/apa/d/deals-deals-deals-stop-by/6371423172.html,DEALS! DEALS! DEALS! STOP BY BENTLEY TODAY TO LOOK AT THIS TWO BEDROOM,955,"Spokane,WA",2,962,2,47.638429,-117.560888,10,1715 S. Hayford Rd Spokane WA US
6371417846,2017-11-02 16:24,https://spokane.craigslist.org/apa/d/log-cabin-house-for-rent/6371417846.html,Log Cabin house for rent,725,Pinehurst,1,0,1,47.552200,-116.443100,22,
6371417072,2017-11-02 16:23,https://spokane.craigslist.org/apa/d/move-in-byand-pay-no-rent/6371417072.html,"Move in by 11/30/2017 and pay No Rent until Jan 1, 2018.",911,Spokane,0,1109,,47.676080,-117.452002,5,2865 W Elliot Dr Spokane WA US
6371407119,2017-11-02 16:21,https://spokane.craigslist.org/apa/d/only-7-mondays-until/6371407119.html,Only 7 Mondays Until Christmas.. Save An Entire Months Rent!,1475,,3,1296,2,47.668046,-117.179489,5,17016 E. Indiana Parkway Spokane Valley WA US
6371414353,2017-11-02 16:21,https://spokane.craigslist.org/apa/d/2-bedroom-1-bathroom-for-694/6371414353.html,2 Bedroom 1 Bathroom For $694 ! Call TODAY,694,Spokane,2,719,1,47.722396,-117.409799,10,43 E. Weile Spokane WA US
6371412678,2017-11-02 16:19,https://spokane.craigslist.org/apa/d/stellar-studio-apartment-now/6371412678.html,Stellar Studio Apartment Now - Medical District 7 Month Lease Okay,615,328 W 8th Avenue,0,0,1,47.648520,-117.417498,5,328 W 8th spokane WA US
6371401049,2017-11-02 16:18,https://spokane.craigslist.org/apa/d/we-offer-short-term-leases/6371401049.html,We offer short term leases... Call today!,1095,Liberty Lake,1,762,1,47.664573,-117.091137,20,21900 E Country Vista Drive Liberty Lake WA US
6344040066,2017-11-02 16:17,https://spokane.craigslist.org/apa/d/metaline-falls-1-bed-apt/6344040066.html,Metaline falls 1 bed. Apt.,535,100 miles of Spokane,0,0,shared,48.862303,-117.371375,20,224 E. 5th Ave Metaline Falls WA US
6344039692,2017-11-02 16:17,https://spokane.craigslist.org/apa/d/metaline-falls-wa-1-bed/6344039692.html,Metaline falls wa 1 bed apartment,550,Metaline falls,1,600,1,48.862303,-117.371375,20,224 E 5th. Ave Metaline Falls WA US
6371407097,2017-11-02 16:14,https://spokane.craigslist.org/apa/d/open-floor-planoff-leash-dog/6371407097.html,Open Floor Plan~Off Leash Dog Park~ Fitness Center!,1225,Spokane Valley,3,1128,2,47.653941,-117.189617,5,15913 E 4th Ave at Sullivan Spokane Valley WA US
6353141220,2017-11-02 16:14,https://spokane.craigslist.org/apa/d/cozy-studio-apartments-with/6353141220.html,Cozy Studio Apartments With River View For Rent! Going Fast!,1035,Liberty Lake,0,691,1,47.682263,-117.104988,5,22495 E Clairmont Lane Liberty Lake WA US
6355172458,2017-11-02 16:13,https://spokane.craigslist.org/apa/d/carport-storage-ev-schools-12/6355172458.html,@@@ CARPORT/STORAGE; E.V. SCHOOLS 1&2 BDRM AVAIL TRAILS; SPOK.RIVER,1090,"spokane valley, wa",3,1008,1.5,47.694281,-117.228413,7,
6371405748,2017-11-02 16:13,https://spokane.craigslist.org/apa/d/only-1-left-beautiful-brand/6371405748.html,Only 1 Left!  Beautiful Brand New Ground Floor 2 Bedroom 1 Bath,950,Spokane Valley,2,828,1,47.653941,-117.189789,5,15913 E 4th Ave at Sullivan Spokane Valley WA US
6371405382,2017-11-02 16:13,https://spokane.craigslist.org/apa/d/this-3-bedroom-home-has-it-all/6371405382.html,This 3 bedroom home has it all!,1200,Spokane,3,1237,2,47.615600,-117.362200,22,
6371404526,2017-11-02 16:12,https://spokane.craigslist.org/apa/d/exciting-news-no-rent/6371404526.html,Exciting News! No Rent till 12/01! Move in Today!,825,Spokane Valley,1,828,1,47.654172,-117.189617,5,15913 E 4th Ave at Sullivan Spokane Valley WA US
6371404240,2017-11-02 16:12,https://spokane.craigslist.org/apa/d/cozy-up-to-the-fireplace-this/6371404240.html,Cozy up to the fireplace this fall!,910,South Hill,2,1100,2,47.607019,-117.369819,22,
6371403017,2017-11-02 16:11,https://spokane.craigslist.org/apa/d/ground-floor-unit-available/6371403017.html,Ground floor unit available for October!,1225,South Hill,3,1237,2,47.606730,-117.370162,22,
6344906122,2017-11-02 16:10,https://spokane.craigslist.org/apa/d/2-bed-1-bath-house-for-rent/6344906122.html,2 bed/1 bath House for Rent,775,Coulee Dam,2,1000,1,47.965783,-118.977447,20,Birch St Coulee Dam WA US
6371402206,2017-11-02 16:10,https://spokane.craigslist.org/apa/d/warm-toes-can-be-all-yours/6371402206.html,Warm toes can be all yours this winter! In this 2x1 w/ heated floors.,912,Spokane Valley,2,875,1,47.679027,-117.237167,5,2424 N Cherry St Spokane Valley WA US
6371402069,2017-11-02 16:10,https://spokane.craigslist.org/apa/d/move-in-ready-receive-move-in/6371402069.html,MOVE IN READY! Receive A Move In GIFT!,935,South Hill,1,814,1,,,,
6371401340,2017-11-02 16:09,https://spokane.craigslist.org/apa/d/come-share-the-holiday-with/6371401340.html,Come share the holiday with us! warm fire places in every unit too!!!,1330,Post Falls,3,1186,2,47.719463,-116.935558,5,3011N Charleville Rd Post Falls WA US
6360836932,2017-11-02 16:07,https://spokane.craigslist.org/apa/d/2bd-1ba-furnished-waterfront/6360836932.html,♠ 2bd/1ba Furnished Waterfront Condo Available 1/5 to 5/15!,975,Sandpoint,2,1100,1,48.279559,-116.550082,5,720 N. 3rd Avenue Sandpoint WA US
6349023369,2017-11-02 16:07,https://spokane.craigslist.org/apa/d/2bd-1ba-furnished-home/6349023369.html,♦ 2bd/1ba Furnished Home - Available until June 1st! ♦,1050,Sandpoint,2,920,1,48.246661,-116.611708,5,Pomerankey Loop Dover WA US
6371397860,2017-11-02 16:06,https://spokane.craigslist.org/apa/d/waitlist/6371397860.html,waitlist,865,spokane,3,946,2,47.673529,-117.473248,5,
6371394721,2017-11-02 16:04,https://spokane.craigslist.org/apa/d/one-block-to-sacred-heart/6371394721.html,"One block to Sacred Heart, Tons of Extras, Gorgeously Renovated",785,328 W. 8th Avenue,1,640,1,47.648477,-117.417498,5,328 W 8th spokane WA US
6371393475,2017-11-02 16:02,https://spokane.craigslist.org/apa/d/near-gonzaga-2-bedroom/6371393475.html,Near Gonzaga-2 Bedroom,725,Northeast,2,0,1,47.670591,-117.397946,15,Sinto at Cincinnati Spokane WA US
6371392543,2017-11-02 16:02,https://spokane.craigslist.org/apa/d/pets-the-biltmore-ready-in/6371392543.html,PETS 🆗  @ The Biltmore = Ready in November,775,Biltmore,1,690,1,47.606499,-117.369390,22,
