pid,dt,url,title,price,neighb,beds,sqft,baths,lat,lng,accuracy,address
6371314799,2017-11-02 16:57,https://springfield.craigslist.org/apa/d/2-bedrrom-15-bath-town-home/6371314799.html,"2 Bedrrom, 1.5 Bath Town Home with Rental Special!",625,Townhomes at Quail Ridge,2,1044,1.5,37.167351,-93.226220,10,2546 S. Ingram Mill Rd Springfield MO US
6371299627,2017-11-02 16:57,https://springfield.craigslist.org/apa/d/pretty-tudor-all-brick-in/6371299627.html,Pretty Tudor all brick in great area,950,So/East springfield,3,1865,2,,,,
6371229013,2017-11-02 16:55,https://springfield.craigslist.org/apa/d/450-gets-you-charming/6371229013.html,$450 Gets You a Charming Spacious 1BD 1BA Apt in Convenient Location!,450,Page Crossing,1,725,1,37.199057,-93.261158,5,1830 E. PAGE ST. SPRINGFIELD MO US
6371312183,2017-11-02 16:55,https://springfield.craigslist.org/apa/d/beautifully-renovated-2/6371312183.html,"Beautifully Renovated 2 Bedroom, 1.5 Bath Townhome Ready Now!",625,Townhomes at Quail Ridge,2,1044,1.5,37.167351,-93.226220,10,2546 S. Ingram Mill Rd Springfield MO US
6368569765,2017-11-02 16:51,https://springfield.craigslist.org/apa/d/719-oak-grove-3-br-15-baths-2/6368569765.html,"719 S Oak Grove, 3 br 1.5 baths, 2 car garage",800,719 S Oak Grove,3,1400,1.5,37.200595,-93.244314,5,719 S Oak Grove Springfield MO US
6371306378,2017-11-02 16:50,https://springfield.craigslist.org/apa/d/2-bedroom-townhome-ready-for/6371306378.html,2 Bedroom Townhome Ready for You!!,625,Townhomes at Quail Ridge,2,1044,1.5,37.167351,-93.226220,10,2546 S. Ingram Mill Rd. Springfield MO US
6371304687,2017-11-02 16:49,https://springfield.craigslist.org/apa/d/3-br-home-north/6371304687.html,3 BR Home North,900,FR 80,3,0,2,37.259300,-93.291200,22,804 E FR 80 Springfield MO US
6371297251,2017-11-02 16:43,https://springfield.craigslist.org/apa/d/dont-drink-and-drive-live/6371297251.html,Don't drink and Drive! Live close enough to walk!,519,Springfield,0,0,,37.211700,-93.299000,22,
6371296752,2017-11-02 16:43,https://springfield.craigslist.org/apa/d/does-your-current-lease-end/6371296752.html,Does your current lease end after the start of the semester?,519,Springfield,4,0,4,37.203748,-93.275058,10,
6371296052,2017-11-02 16:42,https://springfield.craigslist.org/apa/d/home-sweet-home/6371296052.html,Home Sweet Home!,419,springfield,0,0,,37.211700,-93.299000,22,
6371294435,2017-11-02 16:41,https://springfield.craigslist.org/apa/d/bad-credit-dont-sweat-it/6371294435.html,Bad Credit? Don't Sweat it!,419,,0,0,,37.205013,-93.275154,10,1234 E Elm Springfield MO US
6368552435,2017-11-02 16:40,https://springfield.craigslist.org/apa/d/15000-wk-1-br-come-in-today/6368552435.html,150.00 / WK 1 br COME IN TODAY ! Truck Parking!,150,"Springfield, mo",0,0,,37.259300,-93.291200,22,3550 E Evergreen Springfied MO US
6368557976,2017-11-02 16:40,https://springfield.craigslist.org/apa/d/quality-guaranteed-comfort/6368557976.html,Quality Guaranteed! Comfort Beyond Imagination! Come Stay,150,"Springfield, mo",0,0,,37.249549,-93.219649,10,3550 E Evergreen Springfield MO US
6368602362,2017-11-02 16:40,https://springfield.craigslist.org/apa/d/new-rooms-great-rates-come/6368602362.html,NEW ROOMS!! GREAT RATES!! COME AND CHECK IT OUT!!!!!!!,150,"Springfield, mo",0,0,,37.259300,-93.291200,22,3550 E Evergreen Springfied MO US
6368538311,2017-11-02 16:40,https://springfield.craigslist.org/apa/d/weekly-rates-revovated-roms/6368538311.html,Weekly Rates! Revovated roms! Check in Today! tractor tailer parking!,150,"Springfield, mo",0,0,,37.259300,-93.291200,22,3550 E Evergreen Springfied MO US
6368550506,2017-11-02 16:39,https://springfield.craigslist.org/apa/d/15000-wk-1-br-come-in-today/6368550506.html,150.00 / WK 1 br COME IN TODAY ! Truck Parking!,150,"Springfield, mo",0,0,,37.259300,-93.291200,22,3550 E Evergreen Springfied MO US
6371286978,2017-11-02 16:35,https://springfield.craigslist.org/apa/d/ambassador-1-bedrooms-699-all/6371286978.html,Ambassador 1 bedrooms 699 all inclusive pricing,699,,0,0,1,37.205013,-93.275154,10,1235 E Elm Springfield MO US
6371286146,2017-11-02 16:35,https://springfield.craigslist.org/apa/d/university-park-apartments/6371286146.html,University Park Apartments!,489,springfield,0,0,,37.211700,-93.299000,22,
6361892011,2017-11-02 16:32,https://springfield.craigslist.org/apa/d/enjoy-your-large-space-live/6361892011.html,Enjoy your large space (live @ Parkwood ),825,2650 n Barnes,3,1200,2,37.243889,-93.251959,10,2650 N. Barnes Springfield MO US
6371282029,2017-11-02 16:32,https://springfield.craigslist.org/apa/d/does-your-current-lease-end/6371282029.html,Does your current lease end after the start of the semester?,619,Springfield,4,0,4,37.203748,-93.275058,10,
6357375742,2017-11-02 16:32,https://springfield.craigslist.org/apa/d/fall-in-to-beauty-parkwood/6357375742.html,FAll in to Beauty @ PARKWOOD,650,2650 n Barnes,2,1100,2,37.243889,-93.251959,10,2650 N. Barnes Springfield MO US
6371280223,2017-11-02 16:30,https://springfield.craigslist.org/apa/d/moving-to-the-states-move/6371280223.html,Moving to the States? Move into East Cherry Flats,619,Springfield,4,0,4,37.203748,-93.275058,10,1243 E Cherry St springfield MO US
6371279715,2017-11-02 16:30,https://springfield.craigslist.org/apa/d/university-park-apartments/6371279715.html,University Park Apartments!,469,springfield,0,0,,37.211700,-93.299000,22,
6371277339,2017-11-02 16:28,https://springfield.craigslist.org/apa/d/roommates/6371277339.html,Roommates???,519,,0,0,,37.211700,-93.299000,22,
6360984489,2017-11-02 16:27,https://springfield.craigslist.org/apa/d/great-space-parkwood/6360984489.html,Great Space @ Parkwood Apartments,650,2650 n Barnes,2,1100,2,37.243889,-93.251959,10,2650 N. Barnes Springfield MO US
6343267391,2017-11-02 16:27,https://springfield.craigslist.org/apa/d/read-below-then-come-see/6343267391.html,Read Below Then come SEE  beauty@ Parkwood,845,2650 n Barnes,3,1200,2,37.243889,-93.251959,10,2650 N. Barnes  MO US
6363439537,2017-11-02 16:20,https://springfield.craigslist.org/apa/d/how-home-should-feel-spacious/6363439537.html,*~How Home Should Feel~* SPACIOUS 2BR *Available NOW! No App Fee!,585,2010 S Ingram Mill Rd,2,0,1,37.176253,-93.225560,5,2010 S Ingram Mill Rd Springfield MO US
6371264054,2017-11-02 16:18,https://springfield.craigslist.org/apa/d/studio-with-private-balcony/6371264054.html,"Studio with a private balcony available to pre-lease, pet friendly.",505,Springfield,0,525,1,37.129230,-93.293536,10,4730 S Robberson Ave Springfield MO US
6357495908,2017-11-02 16:17,https://springfield.craigslist.org/apa/d/east-sprd-large-1br-apt/6357495908.html,East Sprd Large 1Br Apt- Laundry Room-Convenient Location-Ck It OuT~!,375,S Glenstone and E Grand Area,1,733,1,37.197276,-93.257500,10,933 S Wildan Springfield MO US
6341685013,2017-11-02 16:17,https://springfield.craigslist.org/apa/d/sprd-large-2-br-apt/6341685013.html,E Sprd Large 2 Br Apt-Convenient Area 4 Students-Ck It OuT~!,425,S Glenstone and E Grand Area,2,890,1,37.197262,-93.257575,5,933 S Wildan Springfield MO US
6352809175,2017-11-02 16:17,https://springfield.craigslist.org/apa/d/sprd-large-2br-ravenwood/6352809175.html,S Sprd Large 2Br Ravenwood Patio Home-Super Nice-Ck It OuT~!,700,E Republic Rd and S Charleston Area,2,1311,2,37.136060,-93.264431,10,1731 E Lark Springfield MO US
6344284657,2017-11-02 16:17,https://springfield.craigslist.org/apa/d/sprd-large-2-br-apt/6344284657.html,E Sprd Large 2 Br Apt-Convenient Area 4 Students-Ck It OuT~!,425,S Glenstone and E Grand Area,2,890,1,37.197262,-93.257575,5,933 S Wildan Springfield MO US
6352691199,2017-11-02 16:17,https://springfield.craigslist.org/apa/d/best-deal-around-for-2br-1br/6352691199.html,"Best Deal Around for a 2Br, 1Br, or Studio Apt!",350,Southeast Springfield,0,0,1,37.173865,-93.226167,0,2120 S Ingram Mill Rd Springfield MO US
