pid,dt,url,title,price,neighb,beds,sqft,baths,lat,lng,accuracy,address
6364889971,2017-11-02 16:54,https://statesboro.craigslist.org/apa/d/today-for-more-details-or-to/6364889971.html,today for more details or to set up a tour. Available August,588,,4,0,2,,,,
6364881301,2017-11-02 16:54,https://statesboro.craigslist.org/apa/d/bedroom-1-bath-house-available/6364881301.html,bedroom/1 bath house available,855,statesboro,2,0,1,,,,
6371196594,2017-11-02 16:30,https://statesboro.craigslist.org/apa/d/luxury-living-with-convenient/6371196594.html,Luxury living with a convenient location at AMAZING rates!✿★,539,,2,0,2.5,32.440800,-81.774000,22,
6371177156,2017-11-02 16:22,https://statesboro.craigslist.org/apa/d/gorgeous-renovations/6371177156.html,Gorgeous renovations & waterfront views!,329,,4,0,2,32.440800,-81.774000,22,
6371167409,2017-11-02 16:10,https://statesboro.craigslist.org/apa/d/social-and-recreational/6371167409.html,"Social and recreational programs, Washer/Dryer connections, Clubhouse",560,"136 N. 10th St , Lyons, GA 30436",2,1217,2,32.205899,-82.313238,5,136 N. 10th StÂ  Lyons GA US
