pid,dt,url,title,price,neighb,beds,sqft,baths,lat,lng,accuracy,address
6371306396,2017-11-02 16:50,https://stcloud.craigslist.org/apa/d/move-in-special-call-today/6371306396.html,"Move In Special, Call Today for a Tour, Dishwasher, On-Site Leasing",1195,"1615 15th Ave SE, St. Cloud, MN 56304",3,1675,2.5,45.552100,-94.128400,5,1615 15th Ave SE St. Cloud MN US
6365699170,2017-11-02 16:40,https://stcloud.craigslist.org/apa/d/3br-1ba-main-level-duplex-for/6365699170.html,"3Br 1Ba, Main Level Duplex for rent",1000,Saint Cloud,3,1200,1,45.561642,-94.185250,5,23rd Ave N Saint Cloud MN US
6368369044,2017-11-02 16:40,https://stcloud.craigslist.org/apa/d/3br-1ba-main-level-duplex-for/6368369044.html,"3Br 1Ba, Main Level Duplex for rent",1000,Saint Cloud,3,1200,1,45.557093,-94.185276,5,
6342978411,2017-11-02 16:26,https://stcloud.craigslist.org/apa/d/2br-on-river-no-app-fee-200/6342978411.html,2BR / On River! No App Fee & $200 Off First Month - Low Rent @ $640/mo,640,Saint Cloud,2,800,1,45.562742,-94.159355,7,5th Avenue North at 2nd Street North Saint Cloud MN US
6333600421,2017-11-02 16:26,https://stcloud.craigslist.org/apa/d/2br-sartell-patio-homes/6333600421.html,2BR SARTELL PATIO HOMES!   PINECONE VILLAS - UNDER NEW MGMT! CALL DOUG,1180,,0,1100,,45.599251,-94.212892,5,Brianna Drive at Lelander Drive Sartell MN US
6333601119,2017-11-02 16:25,https://stcloud.craigslist.org/apa/d/huge-2-bedrooms-first-month/6333601119.html,HUGE 2 BEDROOMS!   FIRST MONTH FREE!  NO APP FEE! CALL TODAY!,715,Saint Cloud,2,1030,0,45.566588,-94.132383,7,2nd Street SE at 14th Ave SE Saint Cloud MN US
6352707896,2017-11-02 16:25,https://stcloud.craigslist.org/apa/d/1br-560-heat-paid-quiet-12/6352707896.html,1BR - $560!  Heat Paid! Quiet 12-Plex Call Doug 293-6977,560,Saint Cloud,1,700,1,45.569727,-94.151802,5,5th Avenue NE at 2nd Street North Saint Cloud MN US
6359457353,2017-11-02 16:25,https://stcloud.craigslist.org/apa/d/sauk-rapids-2-3brs-1-2-off/6359457353.html,SAUK RAPIDS 2 &3BR'S!  1/2 OFF THE FIRST MO - NO APP FEE! CAT & DOGS!,885,SAUK RAPIDS,3,1000,2,45.605571,-94.189053,5,18th Street NW at Benton Drive Sauk Rapaids MN US
6371253460,2017-11-02 16:11,https://stcloud.craigslist.org/apa/d/mooooove-on-in-before-the/6371253460.html,MoOoOove on in Before the SNOW Flies! Cozy and Warm 2 bedroom split!!,703,"St. Cloud, MN",2,745,1,45.575600,-94.179955,5,1240 15th St. North at Apt 23 (office at #2 in 1310) Saint Cloud MN US
6371249692,2017-11-02 16:08,https://stcloud.craigslist.org/apa/d/movie-theater-garage/6371249692.html,"Movie Theater, Garage Available, Off-Street Parking",1165,"906 Cypress Road, St. Cloud, MN 56303",2,1218,2,45.567549,-94.246044,5,906 Cypress Road St. Cloud MN US
6371244637,2017-11-02 16:04,https://stcloud.craigslist.org/apa/d/ground-floor-1br-ready-for/6371244637.html,Ground Floor 1Br Ready for YOU! Pet Friendly! FREE HEAT!,675,"St. Cloud, MN",1,615,1,45.575480,-94.180126,5,1300 15th St. North at Office in #2 of the 1310 building St. Cloud MN US
