pid,dt,url,title,price,neighb,beds,sqft,baths,lat,lng,accuracy,address
6357463767,2017-11-02 17:00,https://stlouis.craigslist.org/apa/d/affordable-one-bedroom/6357463767.html,Affordable one bedroom apartment near 270!,510,63138,1,660,1,38.803300,-90.206500,22,
6371318317,2017-11-02 17:00,https://stlouis.craigslist.org/apa/d/unbelievable-deals-in-ucity-1/6371318317.html,UNBELIEVABLE DEALS IN U.CITY! 1 BED FOR $775!!!!,775,University City,1,700,1,38.637200,-90.377600,22,
6371318267,2017-11-02 17:00,https://stlouis.craigslist.org/apa/d/just-lowered-enormous-2-bed-2/6371318267.html,**JUST LOWERED** Enormous 2 Bed 2 Bath Apartment Available NOW!,1125,Ballwin,2,1353,2,38.597553,-90.539855,10,500 Seven Trails Drive Ballwin MO US
6371317818,2017-11-02 16:59,https://stlouis.craigslist.org/apa/d/newly-renovated-2-bedroom/6371317818.html,Newly Renovated 2 Bedroom - Great Location in South St. Louis County,725,South County,2,860,1,38.508566,-90.321093,5,Lemay Ferry Rd at Covington Manor Ln Saint Louis MO US
6371317260,2017-11-02 16:59,https://stlouis.craigslist.org/apa/d/large-one-bedroom-loft-move/6371317260.html,LARGE ONE BEDROOM LOFT! Move Before Christmas!,1402,St Louis,1,1018,1,38.629477,-90.283284,5,
6332955754,2017-11-02 16:58,https://stlouis.craigslist.org/apa/d/south-city-1-bedroom-apartment/6332955754.html,South City 1 Bedroom Apartment,510,South City,1,0,1,38.581400,-90.262500,22,Quincy at Gravois St. Louis MO US
6360792339,2017-11-02 16:57,https://stlouis.craigslist.org/apa/d/south-city-apartment/6360792339.html,South City Apartment,520,South City,1,0,1,38.585500,-90.292900,22,Milentz at Kinghighway St. Louis MO US
6371314392,2017-11-02 16:57,https://stlouis.craigslist.org/apa/d/hate-snow-we-have-free-garage/6371314392.html,HATE SNOW? WE HAVE FREE GARAGE PARKING!,809,7315 Hampshire Drive,2,937,1,38.566213,-90.293884,22,7315 Hampshire Drive St. Louis MO US
6371313851,2017-11-02 16:56,https://stlouis.craigslist.org/apa/d/1-bedroom-coming-available/6371313851.html,1 Bedroom Coming Available SOON! Make It YOURS Today!!,751,Ballwin,1,717,1,38.597553,-90.539855,10,500 Seven Trails Drive Ballwin MO US
6371313657,2017-11-02 16:56,https://stlouis.craigslist.org/apa/d/we-are-thankful-for-you/6371313657.html,We are Thankful for You!  Receive $250 gift card to shop!,850,"13630 RIVERWAY DR, CHESTERFIELD, MO 63017",1,625,1,38.680767,-90.504266,5,13630 RIVERWAY DR CHESTERFIELD MO US
6371309647,2017-11-02 16:53,https://stlouis.craigslist.org/apa/d/fall-in-love-with-the-avalon/6371309647.html,FALL IN LOVE WITH THE AVALON,980,CHESTERFIELD,2,806,1,38.680518,-90.503976,5,Riverway Dr at Olive Chesterfield MO US
6336809439,2017-11-02 16:52,https://stlouis.craigslist.org/apa/d/totally-remodelled-im/6336809439.html,TOTALLY REMODELLED I'M AVAILABLE!! ARE YOU?,910,LEASE 2 BUY,0,1380,,39.109200,-84.610800,22,
6371307963,2017-11-02 16:52,https://stlouis.craigslist.org/apa/d/fully-furnished-apartment/6371307963.html,Fully Furnished Apartment Available! Ready QUICKLY!,1850,Ballwin,2,1353,2,38.597553,-90.539855,10,500 Seven Trails Drive Ballwin MO US
6371303609,2017-11-02 16:48,https://stlouis.craigslist.org/apa/d/1-bedroom-penthouse-level/6371303609.html,1 Bedroom | Penthouse Level | City Views | Immediate Move-in,699,"University City, Delmar Loop, CWE",1,575,1,38.653950,-90.282230,22,Delmar at Clara Saint Louis MO US
6370072351,2017-11-02 16:47,https://stlouis.craigslist.org/apa/d/work-in-the-city-play-on-the/6370072351.html,Work in the City | Play on the Loop | Delmar Loop Apartments,699,"University City, Delmar Loop, CWE",1,535,1,38.661600,-90.281900,22,Delmar at Clara Saint Louis MO US
6371301486,2017-11-02 16:46,https://stlouis.craigslist.org/apa/d/665-pets-welcome-no-breed/6371301486.html,$665- Pets Welcome-NO BREED RESTRICTIONS!!,665,DOWNTOWN,1,0,1,38.636282,-90.194449,5,1115 CARR STREET ST. LOUIS MO US
6371300347,2017-11-02 16:46,https://stlouis.craigslist.org/apa/d/apply-today-and-receive-one/6371300347.html,Apply Today And Receive One Month Free!,1030,University City,0,600,1,38.674600,-90.374700,22,1001 North McKnight Road St. Louis MO US
6371299682,2017-11-02 16:45,https://stlouis.craigslist.org/apa/d/tower-grove-south-2-bedroom/6371299682.html,Tower Grove South 2 Bedroom apt,1100,3665 wyoming,2,930,1,38.581400,-90.262500,22,3665 WYOMING St. Louis MO US
6371298546,2017-11-02 16:44,https://stlouis.craigslist.org/apa/d/apply-today-at-bristol-place/6371298546.html,Apply Today At Bristol Place Townhomes we are now leasing!!!,700,,2,952,1,38.644200,-90.208200,22,1207 Bristol  MO US
6371297414,2017-11-02 16:43,https://stlouis.craigslist.org/apa/d/call-cityside-today/6371297414.html,CALL CITYSIDE TODAY,665,DOWNTOWN,2,0,1,38.636115,-90.194449,5,1115 Carr Street St. Louis MO US
6359510638,2017-11-02 16:42,https://stlouis.craigslist.org/apa/d/location-location-location/6359510638.html,Location! Location! Location! **HALF OFF RENT** 2 Bedroom Deluxe***,1050,University City/Ladue/Clayton,2,0,1,38.674600,-90.374700,22,633 N McKnight Rd St Louis MO US
6371292731,2017-11-02 16:40,https://stlouis.craigslist.org/apa/d/two-bedroom-huge-master/6371292731.html,Two bedroom- huge master closet & bath,1053,Wildwood/ Ellisville,2,1030,2,,,,
6368611817,2017-11-02 16:36,https://stlouis.craigslist.org/apa/d/guest-suite-available-onsite/6368611817.html,"Guest Suite available onsite, Business Center, Green Globes Certified",2344,Clayton,1,805,1,38.647406,-90.339864,5,212 South Meramec Avenue Clayton MO US
6371286021,2017-11-02 16:35,https://stlouis.craigslist.org/apa/d/1-bedroom-apartment/6371286021.html,1 BEDROOM APARTMENT!!,569,"Saint Louis, MO",1,659,1,38.674106,-90.345244,10,8077 Hafner Court University City MO US
6371285995,2017-11-02 16:35,https://stlouis.craigslist.org/apa/d/corporate-fully-furnished/6371285995.html,Corporate Fully Furnished Loft in Soulard,1700,Soulard Market Lofts,1,780,1,38.612800,-90.218500,22,S 8th St at Carrol saint louis MO US
6371285538,2017-11-02 16:34,https://stlouis.craigslist.org/apa/d/spacious-1-bedroom-available/6371285538.html,SPACIOUS 1 BEDROOM AVAILABLE IN UNIVERSITY CITY!,599,"Saint Louis, MO",1,659,1,38.674106,-90.345244,10,8077 Hafner Court University City MO US
6371284814,2017-11-02 16:34,https://stlouis.craigslist.org/apa/d/looking-for-convenience-well/6371284814.html,"Looking For Convenience? Well, Look No Further!",599,UNIVERSITY CITY,1,659,1,38.674106,-90.345244,10,8077 Hafner Court University City MO US
6371269631,2017-11-02 16:33,https://stlouis.craigslist.org/apa/d/spacious-updated-3-bedroom-2/6371269631.html,Spacious & Updated 3 Bedroom / 2 Bath House located in st louis,400,,0,0,,,,,
6371283864,2017-11-02 16:33,https://stlouis.craigslist.org/apa/d/pet-friendly-1-bedroom/6371283864.html,PET FRIENDLY 1 BEDROOM APARTMENT!!,569,"Saint Louis, MO",1,659,1,38.674106,-90.345244,10,8077 Hafner Court University City MO US
6371283622,2017-11-02 16:33,https://stlouis.craigslist.org/apa/d/pre-lease-today-at-hafner/6371283622.html,Pre-Lease Today at Hafner Court!,569,"Saint Louis, MO",1,659,1,38.674106,-90.345244,10,8077 Hafner Court University City MO US
6371269619,2017-11-02 16:31,https://stlouis.craigslist.org/apa/d/spacious-updated-3-bedroom-2/6371269619.html,Spacious & Updated 3 Bedroom / 2 Bath House located in st louis,400,,0,0,,,,,
6364708728,2017-11-02 16:31,https://stlouis.craigslist.org/apa/d/1050-2br-1088ft-updated-condo/6364708728.html,"$1050 / 2br - 1088ft²  Updated Condo, W/D, POOL, GARAGE, DECK",1050,Homefield Gardens,2,1088,2,38.826269,-90.689306,5,
6355055580,2017-11-02 16:30,https://stlouis.craigslist.org/apa/d/3-bedroom-2-bath-mobile-home/6355055580.html,3 Bedroom 2 Bath Mobile Home,750,Troy,3,0,2,39.001200,-90.962400,22,
6371279903,2017-11-02 16:30,https://stlouis.craigslist.org/apa/d/st-peters-duplex/6371279903.html,St Peters Duplex,895,110 Del Oro,3,0,1,38.793610,-90.667216,5,110 Del Oro Saint Peters MO US
6371156805,2017-11-02 16:30,https://stlouis.craigslist.org/apa/d/pets-welcome-unit-available/6371156805.html,PETS WELCOME!! Unit Available For Rent Saint Louis $1060!,1060,Saint Louis MO,3,0,2,,,,
6355055964,2017-11-02 16:30,https://stlouis.craigslist.org/apa/d/3-bedroom-2-bath-mobile-home/6355055964.html,3 Bedroom 2 Bath Mobile Home,750,Troy,3,0,2,39.001200,-90.962400,22,
6371269603,2017-11-02 16:29,https://stlouis.craigslist.org/apa/d/spacious-updated-3-bedroom-2/6371269603.html,Spacious & Updated 3 Bedroom / 2 Bath House located in st louis,400,,0,0,,,,,
6371278996,2017-11-02 16:29,https://stlouis.craigslist.org/apa/d/2-bed-2-bath-duplex-in-fox/6371278996.html,2 bed/2 bath Duplex in Fox Park | Modern Life in a Historic Rehab,1100,Fox Park,2,1000,2,38.609976,-90.225670,22,Accomac at California Saint Louis MO US
6371276181,2017-11-02 16:27,https://stlouis.craigslist.org/apa/d/affordable-1-br-with/6371276181.html,"Affordable 1 BR with Conveniences You Expect, Amenities You Deserve!",573,Saint Louis,1,513,1,38.659000,-90.249600,22,2601 Whittier Saint Louis MO US
6371272205,2017-11-02 16:24,https://stlouis.craigslist.org/apa/d/in-pursuit-of-leisure/6371272205.html,In Pursuit of Leisure,1330,University City,1,800,1,38.674600,-90.374700,22,1001 North McKnight Road St. Louis MO US
6361823568,2017-11-02 16:24,https://stlouis.craigslist.org/apa/d/1-bedroom-at-waterford-square/6361823568.html,1 Bedroom at Waterford Square! Call us today!!,644,,1,624,1,38.788462,-90.301962,10,"650 Waterford Square Apt D Florissant, 63033 MO US"
6364707073,2017-11-02 16:24,https://stlouis.craigslist.org/apa/d/large-two-bedroom-two-bath/6364707073.html,Large Two Bedroom Two Bath Loft in the Heart of Soulard,1345,Soulard Market Lofts,2,1072,2,38.612800,-90.218500,22,S 8th St at Carrol saint louis MO US
6368541487,2017-11-02 16:23,https://stlouis.craigslist.org/apa/d/beautiful-two-bedroom-two/6368541487.html,Beautiful Two Bedroom Two Bath Loft in the Heart of Soulard,1275,Soulard Market Lofts,2,990,2,38.612800,-90.218500,22,S 8th St at Carrol saint louis MO US
6352818303,2017-11-02 16:23,https://stlouis.craigslist.org/apa/d/one-month-free-large-two/6352818303.html,ONE MONTH FREE-Large Two Bedroom Two Bath Loft in the Heart of Soulard,1525,Soulard Market Lofts,2,1250,2,38.612800,-90.218500,22,S 8th St at Carrol saint louis MO US
6371269010,2017-11-02 16:22,https://stlouis.craigslist.org/apa/d/extend-your-stay-at-river/6371269010.html,EXTEND YOUR STAY AT RIVER CHASE,745,"FLORISSANT, MO",0,950,,38.808150,-90.366315,15,Montezuma at Keeven FLORISSANT MO US
6371267875,2017-11-02 16:21,https://stlouis.craigslist.org/apa/d/great-apartments-at-great/6371267875.html,Great Apartments at Great Rates! It doesn't get better than that!,725,"Fenton, St. Louis",2,780,1,38.506054,-90.470221,15,May Valley Drive at Summit Rd Fenton MO US
6361801923,2017-11-02 16:21,https://stlouis.craigslist.org/apa/d/rare-contemporary-condo-for/6361801923.html,Rare Contemporary Condo for Rent,950,Soulard/Benton Park,2,1000,1,38.602920,-90.215596,5,1900 Sidney St. Louis MO US
6371265363,2017-11-02 16:19,https://stlouis.craigslist.org/apa/d/where-the-city-is-your/6371265363.html,Where The City is your Backyard,1195,Downtown STL. Washington Avenue,2,1051,2,38.634600,-90.191300,22,
6360367506,2017-11-02 16:19,https://stlouis.craigslist.org/apa/d/on-site-professional/6360367506.html,"On-Site Professional Management, Sports Court, Breakfast Bar",1078,"1 Prairie Point, O'Fallon, MO 63368",2,1159,2,38.748101,-90.691299,5,1 Prairie Point O'Fallon MO US
6371264241,2017-11-02 16:19,https://stlouis.craigslist.org/apa/d/affordable-prices-courteous/6371264241.html,"AFFORDABLE PRICES, COURTEOUS STAFF, EXCELLENT CUSTOMER SERIVICE",675,"FLORISSANT, MO",2,783,1,38.805625,-90.362440,15,KEEVEN LANE at HOWDERSHELL FLORISSANT MO US
6371238879,2017-11-02 16:18,https://stlouis.craigslist.org/apa/d/free-rent-until-january-1st/6371238879.html,FREE RENT UNTIL JANUARY 1st and $199 Deposit w/Free Parking,1380,Downtown,1,1300,1,38.635200,-90.186400,22,
6371262696,2017-11-02 16:17,https://stlouis.craigslist.org/apa/d/amenities-you-deserve-rates/6371262696.html,Amenities you deserve @ rates that you'll love.,965,"Bridgeton, STL, 63146",2,920,1.5,38.703300,-90.461800,22,2037 Chablis Drive Saint Louis MO US
6334225758,2017-11-02 16:16,https://stlouis.craigslist.org/apa/d/2-bedroom-2-full-bath-near/6334225758.html,2 Bedroom 2 Full Bath near Mark Twain Lake,450,"Shelbina, MO",2,0,2,37.829600,-90.698400,22,
6366813037,2017-11-02 16:16,https://stlouis.craigslist.org/apa/d/3-bedroom-house-1-2-acre-yard/6366813037.html,3 Bedroom House 1/2 acre yard,1000,"Pacific, MO",3,1500,1,38.492200,-90.748000,22,
6371260166,2017-11-02 16:16,https://stlouis.craigslist.org/apa/d/prime-location-lake-view/6371260166.html,Prime Location-Lake view-Party Patio,1281,Creve Coeur,2,1299,2,38.670631,-90.467189,10,807 Cross Creek Drive Creve Coeur MO US
6371260087,2017-11-02 16:15,https://stlouis.craigslist.org/apa/d/only-one-available3-bedroom/6371260087.html,ONLY ONE AVAILABLE...3 BEDROOM TOWN HOME  Trilogy Apartments,1131,University City,3,0,1,38.660448,-90.358944,5,8650 Kingsbridge Dr St Louis MO US
6371259791,2017-11-02 16:15,https://stlouis.craigslist.org/apa/d/lovely-two-bedroom-homecoburg/6371259791.html,Lovely Two Bedroom Home - 10237 Coburg Lands,800,St. Louis,2,992,1,38.746800,-90.213100,22,
6353505335,2017-11-02 16:15,https://stlouis.craigslist.org/apa/d/brighten-your-day-with-this/6353505335.html,"☼☼Brighten Your Day With This Beautiful 2BR, 2BA Home in Olivette!",1215,Olivette,2,1250,2,38.660751,-90.362016,15,Delmar Boulevard at LePere Street Olivette MO US
6371256983,2017-11-02 16:13,https://stlouis.craigslist.org/apa/d/pets-welcome-no-breed/6371256983.html,PETS WELCOME!! No Breed Restrictions!,665,DOWNTOWN,1,0,1,38.636098,-90.194449,5,1115 Carr Street St. Louis MO US
6371256455,2017-11-02 16:13,https://stlouis.craigslist.org/apa/d/600-per-person-spacious-2/6371256455.html,$600 Per Person! Spacious 2 Bedroom - Limited Time Special - Call Now,1200,Central West End,2,1075,2,38.648919,-90.273285,5,5607 Waterman Blvd St Louis MO US
6371255972,2017-11-02 16:12,https://stlouis.craigslist.org/apa/d/apartment-home-with/6371255972.html,Apartment Home With Incredible Location in Downtown St. Louis!,737,Downtown,1,675,1,38.634600,-90.191300,22,1133 Washington Ave St. Louis MO US
6371255428,2017-11-02 16:12,https://stlouis.craigslist.org/apa/d/available-now/6371255428.html,AVAILABLE NOW!!,725,Downtown,2,0,1,38.634600,-90.191300,22,1115 Carr Street St. Louis MO US
6371253510,2017-11-02 16:11,https://stlouis.craigslist.org/apa/d/new-pricing-get-lions-share/6371253510.html,NEW PRICING! Get a Lion's Share of  Apartment  & The St. Louis Zoo!!,895,6726 Clayton Ave.,2,0,1,38.631220,-90.302467,5,Clayton Ave. at Grand View Pl. St. Louis MO US
6334441972,2017-11-02 16:09,https://stlouis.craigslist.org/apa/d/small-all-electric-2-bedroom/6334441972.html,Small All electric 2 bedroom HOUSE with garage,750,Lemay area,1,0,1,38.542829,-90.273972,5,
6334437904,2017-11-02 16:09,https://stlouis.craigslist.org/apa/d/senior-discounts1-bedroom-all/6334437904.html,Senior discounts....1 bedroom ALL ELECTRIC DUPLEX,600,south of Loughborough,1,0,1,38.554341,-90.257492,5,
6371253510,2017-11-02 16:11,https://stlouis.craigslist.org/apa/d/new-pricing-get-lions-share/6371253510.html,NEW PRICING! Get a Lion's Share of  Apartment  & The St. Louis Zoo!!,895,6726 Clayton Ave.,2,0,1,38.631220,-90.302467,5,Clayton Ave. at Grand View Pl. St. Louis MO US
6334441972,2017-11-02 16:09,https://stlouis.craigslist.org/apa/d/small-all-electric-2-bedroom/6334441972.html,Small All electric 2 bedroom HOUSE with garage,750,Lemay area,1,0,1,38.542829,-90.273972,5,
6334437904,2017-11-02 16:09,https://stlouis.craigslist.org/apa/d/senior-discounts1-bedroom-all/6334437904.html,Senior discounts....1 bedroom ALL ELECTRIC DUPLEX,600,south of Loughborough,1,0,1,38.554341,-90.257492,5,
6354707681,2017-11-02 16:09,https://stlouis.craigslist.org/apa/d/coming-soon-1-bedroom-house/6354707681.html,Coming soon 1 bedroom house for lease in south city,575,5048 Dewey,1,0,1,38.573334,-90.255561,5,5048 Dewey Saint Louis MO US
6371250640,2017-11-02 16:09,https://stlouis.craigslist.org/apa/d/going-fast-one-month-free-two/6371250640.html,GOING FAST! ONE Month FREE! Two Blocks From Forest PARK!,670,6726 Clayton Ave.,1,0,1,38.631220,-90.301952,5,Clayton Ave. at Grand View St. Louis MO US
6371249666,2017-11-02 16:08,https://stlouis.craigslist.org/apa/d/going-fast-one-month-free-two/6371249666.html,GOING FAST! ONE Month FREE! Two Blocks From Forest PARK!,670,6726 Clayton Ave.,1,0,1,38.631220,-90.301952,5,Clayton Ave. at Grand View St. Louis MO US
6371248973,2017-11-02 16:07,https://stlouis.craigslist.org/apa/d/one-month-free-rent-cup-of/6371248973.html,ONE Month FREE Rent  & A CUP OF JOE !!!!!!!!!!!!!!,670,6726 Clayton Ave.,1,0,1,38.631220,-90.301094,5,Clayton Ave. at Grand View St. Louis MO US
6371247206,2017-11-02 16:06,https://stlouis.craigslist.org/apa/d/utilities-included-no/6371247206.html,Utilities Included/No Application fee/Huge Studio/Recently Renovated,525,South City,0,0,1,38.594300,-90.230900,22,California at Keokuk St Louis MO US
6371246923,2017-11-02 16:06,https://stlouis.craigslist.org/apa/d/4-bedroom-2-bath-townhome-in/6371246923.html,4 Bedroom 2 Bath Townhome in neighborhood with great amenities!,1224,Belleville,4,2280,2,38.523228,-89.936648,0,
6371246135,2017-11-02 16:05,https://stlouis.craigslist.org/apa/d/love-your-home-again-steps-to/6371246135.html,"Love your home again, steps to Forest Park, Wash U & Clayton",830,"63139, Wash U, Clayton, Forest Park",1,760,1,38.627975,-90.296631,22,6605 Clayton Ave ST. LOUIS MO US
6335674069,2017-11-02 16:05,https://stlouis.craigslist.org/apa/d/welcome-to-your-new-home/6335674069.html,♥ ♡ Welcome to Your New Home ♡ ♥,1745,Saint Louis,3,2040,4,38.682177,-90.464365,5,12545 Markaire Drive Creve Coeur MO US
6358032694,2017-11-02 16:05,https://stlouis.craigslist.org/apa/d/heart-of-creve-coeur-call-now/6358032694.html,☏ ☎ Heart of Creve Coeur!! Call Now!! ☎ ☏,1745,Saint Louis,3,2040,4,38.682244,-90.464387,5,12545 Markaire Drive Creve Coeur MO US
6371245765,2017-11-02 16:05,https://stlouis.craigslist.org/apa/d/2-bedroom-lowered-from-1085/6371245765.html,2 Bedroom *Lowered from $1085 to only $995* Just $498 per person!,995,Central West End,2,850,1,38.649623,-90.281181,5,5607 Waterman Blvd St Louis MO US
6341104682,2017-11-02 16:05,https://stlouis.craigslist.org/apa/d/pets-are-welcome-at/6341104682.html,✿ Pets are Welcome At Whispering Hills ✿,1745,Saint Louis,2,1600,2.5,38.682227,-90.464301,5,12545 Markaire Drive Creve Coeur MO US
6341113192,2017-11-02 16:04,https://stlouis.craigslist.org/apa/d/luxury-location-and/6341113192.html,"♥ Luxury, Location, and Convenience ♥",1745,Saint Louis,2,1600,2.5,38.682244,-90.464430,5,12545 Markaire Drive Creve Coeur MO US
6371209312,2017-11-02 16:04,https://stlouis.craigslist.org/apa/d/this-home-is-nice-newly/6371209312.html,This home is  nice newly updated . Part Bills Paid,600,Off Broadway,2,0,1,38.594300,-90.230900,22,
6371222447,2017-11-02 16:03,https://stlouis.craigslist.org/apa/d/3-beds-basement-part-bills/6371222447.html,"3 Beds, Basement, Part Bills Paid",600,Goodfellow,3,0,1,38.661600,-90.281900,22,
6371218901,2017-11-02 16:03,https://stlouis.craigslist.org/apa/d/very-spacious-st-ann-2/6371218901.html,Very Spacious St. Ann 2 Bedroom In the heart of the ritenour school di,600,Wismer,2,0,1,38.725900,-90.386400,22,
6371242164,2017-11-02 16:02,https://stlouis.craigslist.org/apa/d/prime-location-charming/6371242164.html,"Prime Location! Charming, traditional 3 bedroom, 1 1/2 bath townhome!",949,"Belleville, IL",3,1280,1.5,38.519799,-89.937123,10,
6371241703,2017-11-02 16:02,https://stlouis.craigslist.org/apa/d/come-home-with-confidence-at/6371241703.html,Come home with confidence. At Bennington Heights!,965,"Bridgeton, STL, 63146",2,920,1.5,,,,
6371230187,2017-11-02 16:02,https://stlouis.craigslist.org/apa/d/2bd1ba-1200sqft-apt-with/6371230187.html,2BD1BA 1200sqft APT with GARAGE next to GRANTS TRAIL,720,AFFTON,2,1200,1,38.539112,-90.343289,10,10242 squire meadows dr affton MO US
6360164102,2017-11-02 16:02,https://stlouis.craigslist.org/apa/d/spacious-newly-renovated-1/6360164102.html,Spacious & Newly Renovated 1 Bedroom in the Cherokee Neighborhood,695,Saint Louis,1,0,1,38.590433,-90.230842,22,California at Miami Saint Louis MO US
