pid,dt,url,title,price,neighb,beds,sqft,baths,lat,lng,accuracy,address
6371419251,2017-11-02 16:38,https://stockton.craigslist.org/apa/d/pay-no-rent-until-december/6371419251.html,*~* PAY NO RENT UNTIL DECEMBER! *~*,1515,Stockton,2,1156,2,37.987215,-121.329181,20,Grouse Run Drive Stockton CA US
6371429409,2017-11-02 16:35,https://stockton.craigslist.org/apa/d/apartment-homes-ready-for-you/6371429409.html,Apartment homes ready for you! Apply today!,875,Stockton,1,539,1,38.044244,-121.295331,15,6465 N West Lane Stockton CA US
6371429288,2017-11-02 16:35,https://stockton.craigslist.org/apa/d/country-club-village/6371429288.html,Country Club Village!!!,875,2733 Country Club Boulevard Stockton,1,535,1,37.963869,-121.337520,10,2733 Country Club Blvd Stockton CA US
6342056080,2017-11-02 16:29,https://stockton.craigslist.org/apa/d/beautiful-community-interior/6342056080.html,BEAUTIFUL COMMUNITY! INTERIOR IS UPDATE! CALL TODAY FOR TOUR!,1050,Stockton,2,0,1,38.022149,-121.315445,10,8003 N El Dorado St Stockton CA US
6359300370,2017-11-02 16:27,https://stockton.craigslist.org/apa/d/wine-country-is-calling-free/6359300370.html,WINE COUNTRY IS CALLING! FREE WIFI AND CABLE!,895,LODI,1,0,1,38.122375,-121.262777,10,950 S. Garfield Street LODI CA US
6342118479,2017-11-02 16:27,https://stockton.craigslist.org/apa/d/beautiful-community-interior/6342118479.html,BEAUTIFUL COMMUNITY! INTERIOR IS UPDATE! CALL TODAY FOR TOUR!,1050,Stockton,2,0,1,38.022149,-121.315445,10,8003 N El Dorado St Stockton CA US
6371419665,2017-11-02 16:26,https://stockton.craigslist.org/apa/d/located-between-university-of/6371419665.html,"Located Between University of the Pacific & Delta College, Microwave",1100,,2,860,1,37.985853,-121.320476,10,4415 N Pershing Ave Stockton CA US
6371405370,2017-11-02 16:24,https://stockton.craigslist.org/apa/d/resort-style-pool-electronic/6371405370.html,"Resort Style Pool, Electronic Gated Entry, Covered Parking",1100,,2,852,1,37.967183,-121.324123,10,1946 Country Club Blvd Stockton CA US
6371400408,2017-11-02 16:23,https://stockton.craigslist.org/apa/d/november-move-in-ready/6371400408.html,NOVEMBER MOVE IN READY!!!,895,,0,605,,38.002400,-121.323800,22,Tyrol Lane at March Lane Stockton CA US
6371396217,2017-11-02 16:13,https://stockton.craigslist.org/apa/d/start-relaxing-here-lakeview/6371396217.html,Start relaxing here @ Lakeview village and enjoy the views,1545,Stockton,2,986,2,38.019252,-121.360184,10,7565 Shoreline Dr Stockton CA US
6371394051,2017-11-02 16:10,https://stockton.craigslist.org/apa/d/lake-front-view-washer-dryer/6371394051.html,"LAKE FRONT VIEW, WASHER/ DRYER HOOK UPS, HUGE LAYOUT!!",1595,Stockton,2,986,2,38.019252,-121.360184,10,7565 Shoreline Dr Stockton CA US
6361164749,2017-11-02 16:08,https://stockton.craigslist.org/apa/d/very-nice-2-story-4-bed-25/6361164749.html,Very nice 2 Story 4 bed 2.5 home is available now,1600,French camp/ Stockton,4,2250,2.5,37.914091,-121.421363,22,
6366059866,2017-11-02 16:08,https://stockton.craigslist.org/apa/d/beautiful-2-story-home-in/6366059866.html,.Beautiful 2 story home in a quiet area. Opposite park close school,1650,LATHROP CITY,3,1700,2.5,37.820900,-121.282700,22,
6371395639,2017-11-02 16:05,https://stockton.craigslist.org/apa/d/beautiful-1-bedroom-apartment/6371395639.html,Beautiful 1 bedroom apartment with a Lake Front View!,1345,Stockton,1,708,1,38.019252,-121.360184,10,7565 Shoreline Dr Stockton CA US
6371394785,2017-11-02 16:04,https://stockton.craigslist.org/apa/d/savetodayeasy-freeway-access/6371394785.html,SAVE 500.00 TODAY!!!EASY FREEWAY ACCESS! CALL TODAY!!,1545,Stockton,2,986,2,38.019252,-121.360184,10,7565 Shoreline Dr Stockton CA US
6363092542,2017-11-02 16:01,https://stockton.craigslist.org/apa/d/deposit-moves-you-in-open/6363092542.html,DEPOSIT MOVES YOU IN! OPEN SATURDAY 10A-3P!!,1145,"1918 S. Church St. Lodi, Ca",1,644,1,38.107502,-121.276262,15,Church at century Lodi CA US
