pid,dt,url,title,price,neighb,beds,sqft,baths,lat,lng,accuracy,address
6371223789,2017-11-02 16:58,https://swmi.craigslist.org/apa/d/4-bedroom-home-coming-soon-no/6371223789.html,4 Bedroom home coming soon- No Application Fee!,379,Baroda,4,1456,2,41.942858,-86.491147,10,1558 W. Shawnee Rd. Lot 104 Baroda MI US
6371216547,2017-11-02 16:56,https://swmi.craigslist.org/apa/d/honey-stop-the-car/6371216547.html,Honey - Stop the Car!,379,Baroda,3,1056,2,41.942858,-86.491147,10,1558 W. Shawnee Rd. lot 133 Baroda MI US
6351509481,2017-11-02 16:35,https://swmi.craigslist.org/apa/d/available-soon-4-bedroom-no/6351509481.html,Available Soon- 4 Bedroom- No Application Fee!,379,Baroda,4,1456,2,41.942858,-86.491147,10,1558 W. Shawnee Rd. Lot 104 Baroda MI US
6340687614,2017-11-02 16:35,https://swmi.craigslist.org/apa/d/on-site-management/6340687614.html,On Site Management-www.fourleafprop.com-360 Tours,379,Baroda,3,1056,2,41.942858,-86.491147,10,1558 W Shawnee Rd. Lot 133 Baroda MI US
6340688611,2017-11-02 16:35,https://swmi.craigslist.org/apa/d/large-wooded-home-sites/6340688611.html,Large Wooded Home Sites!,379,Baroda,3,1216,2,41.942858,-86.491147,10,1558 W Shawnee Rd. Lot 130 Baroda MI US
6343605483,2017-11-02 16:34,https://swmi.craigslist.org/apa/d/readysetmove/6343605483.html,Ready...Set...Move!,379,Baroda,4,1456,2,41.942858,-86.491147,10,1558 W. Shawnee Rd. Lot 104 Baroda MI US
6349516989,2017-11-02 16:34,https://swmi.craigslist.org/apa/d/beautiful-spacious-wooded/6349516989.html,Beautiful Spacious Wooded Lots- No App. Fee!,379,Baroda,3,1056,2,41.942858,-86.491147,10,1558 W. Shawnee Rd. Lot 133 Baroda MI US
6358899214,2017-11-02 16:34,https://swmi.craigslist.org/apa/d/approved-todaymove-in-next/6358899214.html,Approved Today...Move in NEXT WEEK! No Application Fee!,379,Baroda,3,1056,2,41.942858,-86.491147,10,1558 W Shawnee Rd. Lot 133 Baroda MI US
6359402220,2017-11-02 16:34,https://swmi.craigslist.org/apa/d/do-you-feel-lucky/6359402220.html,Do you Feel Lucky?,379,Baroda,3,1056,2,41.942858,-86.491147,10,1558 W. Shawnee Rd. Lot 133 Baroda MI US
6360617928,2017-11-02 16:34,https://swmi.craigslist.org/apa/d/coming-soon-run-dont-walk/6360617928.html,Coming Soon-RUN-Don't Walk,379,Baroda,4,1456,2,41.942858,-86.491147,10,1558 W Shawnee Rd. Lot 104 Baroda MI US
6360627208,2017-11-02 16:34,https://swmi.craigslist.org/apa/d/find-your-nook/6360627208.html,Find Your Nook,379,Baroda,3,1056,2,41.942858,-86.491147,10,1558 W Shawnee Rd. Lot 133 Baroda MI US
6368305514,2017-11-02 16:34,https://swmi.craigslist.org/apa/d/dont-let-this-one-get-away/6368305514.html,Don't Let This one Get Away!,379,Baroda,3,1056,2,41.942858,-86.491147,10,1558 W. Shawnee Rd. Lot 133 Baroda MI US
6332616913,2017-11-02 16:06,https://swmi.craigslist.org/apa/d/dream-home-needs-dream-buyer/6332616913.html,Dream home needs a dream buyer!,895,South Haven,3,1296,2,42.404100,-86.254200,22,73100 CR 388 South Haven MI US
