pid,dt,url,title,price,neighb,beds,sqft,baths,lat,lng,accuracy,address
6371216339,2017-11-02 16:55,https://syracuse.craigslist.org/apa/d/brand-new-luxury-housing/6371216339.html,Brand New Luxury Housing steps from Campus! Opening 2018,1015,Syracuse,3,0,3,43.041575,-76.136606,5,746 S Crouse St Syracuse NY US
6359519267,2017-11-02 16:33,https://syracuse.craigslist.org/apa/d/lakeport-2-bedroom-newly/6359519267.html,Lakeport 2 bedroom newly remodeled 1 mile lake rights Oneida Lake,900,canastota,2,800,1,43.087800,-75.760200,22,rt 31  NY US
6371159452,2017-11-02 16:24,https://syracuse.craigslist.org/apa/d/watertree-of-dewitt-1-br/6371159452.html,"Watertree of Dewitt 1 BR condo available DECEMBER 1, 2017",750,Watertree of Dewitt,1,0,1,43.074693,-76.068058,20,Watertree Drive East Syracuse NY US
6371184381,2017-11-02 16:22,https://syracuse.craigslist.org/apa/d/side-wolf-st-1-bdrm/6371184381.html,N/SIDE WOLF ST. 1 BDRM,450,WOLF ST,1,0,1,43.076662,-76.160188,5,WOLF ST at GRANT BLVD SYRACUSE NY US
6368172573,2017-11-02 16:20,https://syracuse.craigslist.org/apa/d/2bdrm-meadowbrook-area/6368172573.html,2BDRM / MEADOWBROOK AREA,675,EAST AVE,2,0,1,43.042798,-76.105320,5,EAST AVE at E GENESEE ST SYRACUSE NY US
6364895662,2017-11-02 16:20,https://syracuse.craigslist.org/apa/d/hawley-green-area/6364895662.html,HAWLEY/GREEN AREA,800,Syracuse,3,0,1,43.053350,-76.140023,22,HAWLEY AVE at HOWARD ST SYRCUSE NY US
6360730820,2017-11-02 16:20,https://syracuse.craigslist.org/apa/d/2br-large-2bed2bath/6360730820.html,"2br - Large 2Bed,2Bath  Meadowbrook Area",795,Meadowbrook,2,0,2,43.042735,-76.105406,5,EAST AVE at E GENESEE ST SYRACUSE NY US
6353081360,2017-11-02 16:17,https://syracuse.craigslist.org/apa/d/syracuse-graduation/6353081360.html,Syracuse Graduation,100,Liverpool,0,0,,43.109900,-76.187000,22,
6371165496,2017-11-02 16:09,https://syracuse.craigslist.org/apa/d/spacious-three-floor-single/6371165496.html,Spacious Three Floor Single Family Home!,2000,University Area,5,0,2.5,43.035599,-76.116527,10,225 Lennox Pl. Syracuse NY US
6368767028,2017-11-02 16:03,https://syracuse.craigslist.org/apa/d/3bedroom-apt-avail-sec-8-pa/6368767028.html,3bedroom apt avail sec 8 PA TRA,800,w side,3,0,1,43.050429,-76.177871,10,215 lakeview ave syracuse NY US
