pid,dt,url,title,price,neighb,beds,sqft,baths,lat,lng,accuracy,address
6371229866,2017-11-02 17:00,https://tallahassee.craigslist.org/apa/d/available/6371229866.html,available NOWWWWWWWWWWWWWWWWWWWWWWWWWWWWWWWWWWWWWWWWWWWWWWWWWWWWWWWWWW,1600,4917 PARKVIEW,3,0,2,,,,
6371218334,2017-11-02 17:00,https://tallahassee.craigslist.org/apa/d/available/6371218334.html,available NOWWWWWWWWWWWWWWWWWWWWWWWWWWWWWWWWWWWWWWWWWWWWWWWWWWWWWWWWWW,850,4009 CHIPOLA,2,0,2.5,,,,
6334928879,2017-11-02 16:58,https://tallahassee.craigslist.org/apa/d/spacious-house-for-coordinate/6334928879.html,Spacious House for Coordinate Families,400,Tallahassee,0,2300,2,30.419782,-84.252262,22,
6371235079,2017-11-02 16:57,https://tallahassee.craigslist.org/apa/d/bring-your-home-here/6371235079.html,BRING YOUR HOME HERE!,,Tallahassee,0,0,,30.383428,-84.306568,10,1630 Balkin Road Tallahassee FL US
6371210050,2017-11-02 16:53,https://tallahassee.craigslist.org/apa/d/available/6371210050.html,available NOWWWWWWWWWWWWWWWWWWWWWWWWWWWWWWWWWWWWWWWWWWWWWWWWWWWWWWWWWW,800,1545 PROCTOR,3,0,1,,,,
6371218528,2017-11-02 16:45,https://tallahassee.craigslist.org/apa/d/one-bedroom-ready-now-1st/6371218528.html,One Bedroom! Ready now! 1st floor! No Carpet & Pet Friendly :),1005,Call The Oasis at 1800  Now!,1,0,1,,,,
6371210414,2017-11-02 16:40,https://tallahassee.craigslist.org/apa/d/wanting-space-style-and/6371210414.html,"Wanting space, style, and a sophisticated place to call home?",1005,Call The Oasis at 1800  Now!,1,0,1,,,,
6371181297,2017-11-02 16:38,https://tallahassee.craigslist.org/apa/d/available/6371181297.html,available NOWWWWWWWWWWWWWWWWWWWWWWWWWWWWWWWWWWWWWWWWWWWWWWWWWWWWWWWWWW,800,1206 ARKANSAS,3,0,1,,,,
6371207453,2017-11-02 16:38,https://tallahassee.craigslist.org/apa/d/split-floorplan-with-washer/6371207453.html,Split Floorplan with Washer/Dryer and Stainless Steel Appliances!,995,Call The Oasis at 1800  Now!,2,0,2,,,,
6371201719,2017-11-02 16:34,https://tallahassee.craigslist.org/apa/d/green-living-in-great/6371201719.html,Green Living in Great Tallahassee Neighborhood,940,,0,0,,30.392322,-84.228472,20,2000 Merchants Row Boulevard Tallahassee FL US
6371200433,2017-11-02 16:33,https://tallahassee.craigslist.org/apa/d/dont-miss-this-offer/6371200433.html,Don't Miss This Offer!,380,,0,0,,30.447800,-84.321100,22,1001 Ocala Rd Tallahassee FL US
6371192922,2017-11-02 16:28,https://tallahassee.craigslist.org/apa/d/spacious-2-bedroom-2-bathroom/6371192922.html,Spacious 2 bedroom/2 bathroom Apartment Home,1014,1655 Eagles Landing Blvd.,2,1205,2,30.477100,-84.224600,22,
6371188146,2017-11-02 16:25,https://tallahassee.craigslist.org/apa/d/hakuna-matata-we-have-the-1-1/6371188146.html,Hakuna Matata! We have the 1/1 for you!,904,1655 Eagles Landing Blvd.,1,935,1,30.496401,-84.249215,0,
6371185903,2017-11-02 16:23,https://tallahassee.craigslist.org/apa/d/ft2-need-roomate-to-share/6371185903.html,$485 / 1066ft2 - Need Roomate to Share Nice Apartment,485,Tallahassee,1,1066,1,30.480960,-84.295574,22,
6371166683,2017-11-02 16:18,https://tallahassee.craigslist.org/apa/d/serena-inn-lowest-rates-ever/6371166683.html,Serena Inn Lowest Rates Ever,700,Thomasville,0,0,,,,,
6371167601,2017-11-02 16:10,https://tallahassee.craigslist.org/apa/d/serena-inn-lowest-rates-ever/6371167601.html,Serena Inn Lowest Rates Ever,700,Thomasville,0,0,,,,,
6371165009,2017-11-02 16:08,https://tallahassee.craigslist.org/apa/d/2-bed-1-bath-pool-side/6371165009.html,"2 Bed, 1 Bath - Pool Side Sundeck, Spacious Clubhouse",975,"1112 S. Magnolia Drive, Tallahassee, FL 32301",2,1159,1,30.433199,-84.261843,5,1112 S. Magnolia DriveÂ  Tallahassee FL US
