pid,dt,url,title,price,neighb,beds,sqft,baths,lat,lng,accuracy,address
6371237779,2017-11-02 16:59,https://tampa.craigslist.org/psc/apa/d/clean-3-2-1/6371237779.html,CLEAN 3/2/1,1250,Port Richey,3,1500,2,28.301100,-82.692700,22,9036 Hunt Club Port Richey FL US
6371228739,2017-11-02 16:58,https://tampa.craigslist.org/hil/apa/d/brand-new-bainbridge-ybor/6371228739.html,"BRAND NEW!! Bainbridge Ybor City Apartments! Studio, 1B, 2B",1410,Tampa,0,677,1,27.963859,-82.441555,10,1512 East 12th Avenue Tampa FL US
6371235114,2017-11-02 16:57,https://tampa.craigslist.org/pnl/apa/d/3-2-2-updated-dunedin-pool/6371235114.html,3/2/2 Updated Dunedin Pool Home,2400,1263 Royal Oak Dr. N,3,1602,2,28.035448,-82.770395,15,Royal Oak at Pinehurst Dunedin FL US
6371228151,2017-11-02 16:57,https://tampa.craigslist.org/hil/apa/d/home-sweet-home/6371228151.html,Home Sweet Home.,745,Swan Lake Apartments,2,600,2,28.076300,-82.485200,22,
6343847841,2017-11-02 16:57,https://tampa.craigslist.org/hil/apa/d/shake-rattle-and-roll-down-to/6343847841.html,"SHAKE, RATTLE AND ROLL DOWN TO OUR MOBILE HOME COMMUNITY TODAY!!!",856,HUDSON,3,0,1,28.350600,-82.628800,22,11337 HUDSON AVE  FL US
6353658523,2017-11-02 16:56,https://tampa.craigslist.org/hdo/apa/d/very-best-site-iii-bedrooms/6353658523.html,VERY best site (iii) bedrooms obtainable.,500,,3,1200,2,27.996100,-82.582000,22,
6352684973,2017-11-02 16:56,https://tampa.craigslist.org/hdo/apa/d/outstanding-32-bed-room-home/6352684973.html,:::☄:::Outstanding 3:::☄:::2 bed room home:::☄:::,500,:::☄:::,3,1200,2,27.996100,-82.582000,22,
6353658502,2017-11-02 16:56,https://tampa.craigslist.org/hdo/apa/d/very-best-site-iii-bedrooms/6353658502.html,VERY best site (iii) bedrooms obtainable.,500,,3,1200,2,27.996100,-82.582000,22,
6350039264,2017-11-02 16:56,https://tampa.craigslist.org/hdo/apa/d/pretty-absolutely-reworked/6350039264.html,"短短Pretty, absolutely reworked 短single loved ones 'home for",500,,3,1200,2,27.996100,-82.582000,22,
6350040126,2017-11-02 16:56,https://tampa.craigslist.org/hdo/apa/d/pretty-absolutely-reworked/6350040126.html,"短短Pretty, absolutely reworked 短single loved ones 'home for",500,,3,1200,2,27.996100,-82.582000,22,
6343861540,2017-11-02 16:56,https://tampa.craigslist.org/hil/apa/d/affordable-mobile-home/6343861540.html,AFFORDABLE MOBILE HOME COMMUNITY! COME CHECK US OUT TODAY!!!,756,VALRICO,2,0,1,27.960563,-82.252832,20,1221 N. VALRICO RD  FL US
6371214847,2017-11-02 16:56,https://tampa.craigslist.org/pnl/apa/d/hurry-large-1-bed-apartments/6371214847.html,Hurry Large - 1 Bed Apartments 1 Bathroom,825,St. Petersburg,1,0,1,27.800096,-82.683363,7,
6371233085,2017-11-02 16:56,https://tampa.craigslist.org/pnl/apa/d/enclave-on-east-299-moves-you/6371233085.html,Enclave on East $299 MOVES YOU IN AND $500 OFF OF DECEMBERS RENT,1065,3660 East Bay Dr.,2,956,1,27.917487,-82.747393,5,3660 East Bay Dr. Largo FL US
6371231789,2017-11-02 16:55,https://tampa.craigslist.org/hil/apa/d/location-community-quality/6371231789.html,"Location, Community, Quality Living. It Starts Here!",1090,Brandon,1,764,1,27.917185,-82.319896,10,1210 Westbury Pointe Drive Brandon FL US
6343661348,2017-11-02 16:55,https://tampa.craigslist.org/hil/apa/d/find-your-happiness-in-mobile/6343661348.html,FIND YOUR HAPPINESS IN A MOBILE HOME!,753,HUDSON,2,0,1,28.350600,-82.628800,22,11337 HUDSON AVE  FL US
6371228630,2017-11-02 16:53,https://tampa.craigslist.org/pnl/apa/d/waterfront-apartment-in/6371228630.html,"Waterfront apartment in Gulfport, reserve for 2018",1669,Gulfport,1,689,1,27.738238,-82.711953,10,3205 58th St S Gulfport FL US
6371227393,2017-11-02 16:52,https://tampa.craigslist.org/hil/apa/d/convenient-location-we-have/6371227393.html,Convenient location! We have shopping nearby! Tour today!,1479,,2,1203,2,27.922379,-82.338753,5,10440 Sanderling Shores Dr Tampa FL US
6371227091,2017-11-02 16:52,https://tampa.craigslist.org/pnl/apa/d/enclave-on-east/6371227091.html,Enclave on East,865,3660 East Bay Dr.,1,579,1,27.917354,-82.747350,5,3660 East Bay Dr. Largo FL US
6371173104,2017-11-02 16:51,https://tampa.craigslist.org/pnl/apa/d/mobile-home-for-rent/6371173104.html,mobile home for rent,1000,,2,0,2,27.868800,-82.734400,22,
6371225208,2017-11-02 16:50,https://tampa.craigslist.org/hil/apa/d/unparalleled-views/6371225208.html,Unparalleled Views. Exceptional Style. Best Location!!,1095,Brandon,2,980,1,27.917185,-82.319896,10,1210 Westbury Pointe Dr Brandon FL US
6371224580,2017-11-02 16:50,https://tampa.craigslist.org/pnl/apa/d/convenientemente-ubicados-en/6371224580.html,Convenientemente ubicados en el area de Countryside.,1019,Countryside area,2,950,1.5,,,,
6371224608,2017-11-02 16:50,https://tampa.craigslist.org/hil/apa/d/come-home-to-your-newly/6371224608.html,Come Home to Your Newly Upgraded 2x2 Located in the Heart of South TPA,1550,South Tampa,2,892,2,27.893858,-82.526820,10,4800 S. WEST SHORE BLVD Tampa FL US
6334931894,2017-11-02 16:49,https://tampa.craigslist.org/hil/apa/d/seminole-heights-2-story/6334931894.html,SEMINOLE HEIGHTS 2 STORY DUPLEX ON A HUGE LOT!!!!!!!!!!!!!!!!!!!!!!!!,650,TAMPA,1,600,1,28.018893,-82.459628,10,113 w hanlon st tampa FL US
6341648048,2017-11-02 16:49,https://tampa.craigslist.org/hil/apa/d/seminole-heights-special/6341648048.html,SEMINOLE HEIGHTS SPECIAL!!!!!!!!!!!!!!!!!!!!,895,TAMPA,3,1200,1,28.017585,-82.451155,10,907 E Patterson st. tampa FL US
6345177917,2017-11-02 16:49,https://tampa.craigslist.org/hil/apa/d/executive-mansion-in-cheval/6345177917.html,EXECUTIVE MANSION IN CHEVAL ON 1 ACRE LOT ON GOLF COURSE AND LAKE!!!!!,6900,LUTZ/CHEVAL,5,5700,5,28.136700,-82.461000,0,
6341648048,2017-11-02 16:49,https://tampa.craigslist.org/hil/apa/d/seminole-heights-special/6341648048.html,SEMINOLE HEIGHTS SPECIAL!!!!!!!!!!!!!!!!!!!!,895,TAMPA,3,1200,1,28.017585,-82.451155,10,907 E Patterson st. tampa FL US
6345177917,2017-11-02 16:49,https://tampa.craigslist.org/hil/apa/d/executive-mansion-in-cheval/6345177917.html,EXECUTIVE MANSION IN CHEVAL ON 1 ACRE LOT ON GOLF COURSE AND LAKE!!!!!,6900,LUTZ/CHEVAL,5,5700,5,28.136700,-82.461000,0,
6364245135,2017-11-02 16:49,https://tampa.craigslist.org/hil/apa/d/westchase-executive-home/6364245135.html,WESTCHASE EXECUTIVE HOME!!!!!!!!!!!!!!!!!!!!!!!!!!!!!!!!!!!!!!!!!!!!!!,2795,westchase,5,3500,3,28.050900,-82.616400,22,9401 woodbay dr tampa FL US
6334966539,2017-11-02 16:49,https://tampa.craigslist.org/hil/apa/d/two-story-condo-in-the-villas/6334966539.html,TWO STORY CONDO IN THE VILLAS OF NEW TAMPA!!!!HOUSES4RENTFLORIDA.COM!!,895,TAMPA,2,1000,1,28.145592,-82.310851,10,18108 VILLA CREEK DR tampa FL US
6361859782,2017-11-02 16:49,https://tampa.craigslist.org/psc/apa/d/land-lakes-wesley-chapel-home/6361859782.html,LAND O LAKES/WESLEY CHAPEL HOME ON 2 ACRES NEAR TAMPA PREMIUM OUTLETS!,1395,LAND O LAKES,4,1800,2,28.263700,-82.349300,22,6737 angus valley zephyrhills FL US
6368601345,2017-11-02 16:49,https://tampa.craigslist.org/hil/apa/d/forest-hills-bungalow/6368601345.html,FOREST HILLS BUNGALOW!!!!!!!!!!!!!!!!!!!!!!!!!!!!!,595,FOREST HILLS,1,700,1,28.038421,-82.469746,10,9700 n newport ave TAMPA FL US
6368604861,2017-11-02 16:49,https://tampa.craigslist.org/hil/apa/d/lutz-cozy-3-1-under-huge/6368604861.html,LUTZ COZY 3/1 UNDER HUGE GRANDFATHER OAKS!!!!!!!!!!!!!!!!!!!!!!!!!!!!!,895,off of 41 and w lutz lake fern rd,3,1100,1,28.153945,-82.467446,10,402 W LUTZ LAKE FERN RD LUTZ FL US
6368605181,2017-11-02 16:49,https://tampa.craigslist.org/hil/apa/d/lutz-cozy-3-1-under-huge/6368605181.html,LUTZ COZY 3/1 UNDER HUGE GRANDFATHER OAKS!!!!!!!!!!!!!!!!!!!!!!!!!!!!!,895,off of 41 and w lutz lake fern rd,3,1100,1,28.153945,-82.467446,10,402 W LUTZ LAKE FERN RD LUTZ FL US
6334967244,2017-11-02 16:49,https://tampa.craigslist.org/hil/apa/d/usf-2-story-town-house-in/6334967244.html,USF 2 STORY TOWN HOUSE IN TEMPLE TERRACE!!!!!!!!!!!!!!!!!!!!!!!!!!!!!!,1145,TAMPA,2,1200,2,28.068385,-82.397401,10,5207 oak charter ct tampa FL US
6334967579,2017-11-02 16:49,https://tampa.craigslist.org/hil/apa/d/westchase-executive-home/6334967579.html,WESTCHASE EXECUTIVE HOME!!!!!!!!!!!!!!!!!!!!!!!!!!!!!!!!!!!!!!!!!!!!!!,2795,westchase,5,3500,3,28.050900,-82.616400,22,9401 woodbay dr tampa FL US
6371221369,2017-11-02 16:47,https://tampa.craigslist.org/pnl/apa/d/have-smooth-move-to-park/6371221369.html,HAVE A SMOOTH MOVE TO PARK VILLAGE APARTMENTS!! $700 OFF DECEMBER RENT,1150,LARGO,2,1050,2,27.893846,-82.728864,15,11300 66th Street N at Bryan Dairy Road Largo FL US
6371220943,2017-11-02 16:47,https://tampa.craigslist.org/pnl/apa/d/enclave-on-east-299-moves-you/6371220943.html,Enclave On East $299 MOVES YOU IN AND $500 OFF OF DECEMBERS RENT,1015,3660 East Bay Dr.,1,761,1,27.917335,-82.747672,5,3660 East Bay Dr. Largo FL US
6333691783,2017-11-02 16:46,https://tampa.craigslist.org/pnl/apa/d/40th-ave-2-bedroom/6333691783.html,40th Ave N - 2 Bedroom,895,"St. Petersburg, FL",2,0,1,27.807878,-82.699370,7,
6333690366,2017-11-02 16:46,https://tampa.craigslist.org/hil/apa/d/river-oaks-apartments-1/6333690366.html,River Oaks Apartments 1 Bedroom - Labor Day Special 1st Month Free**,695,Tampa,1,690,1,28.010543,-82.411451,5,oak Knoll Court Tampa FL US
6333691474,2017-11-02 16:46,https://tampa.craigslist.org/hil/apa/d/river-oaks-2-bed-2-bath-labor/6333691474.html,River Oaks  2 Bed 2 Bath - Labor Day Special 1st Month Free**,835,Tampa,2,890,2,28.010770,-82.411709,5,
6371218582,2017-11-02 16:45,https://tampa.craigslist.org/hil/apa/d/apartamentos-southern-cove-el/6371218582.html,Apartamentos Southern Cove El Lugar Que Puede Llamar Casa!,875,,2,950,1,28.030505,-82.395379,10,8741 Grove Terrace Temple Terrace FL US
6333689635,2017-11-02 16:45,https://tampa.craigslist.org/hil/apa/d/river-oaks-2-bedroom/6333689635.html,River Oaks 2 Bedroom Apartments - Labor Day Special 1st Month Free**,795,Tampa,2,865,1,28.011225,-82.411194,5,
6333692399,2017-11-02 16:45,https://tampa.craigslist.org/hil/apa/d/regency-square-apartments/6333692399.html,Regency Square Apartments,725,Tampa,1,700,1,28.051227,-82.443380,5,
6371218386,2017-11-02 16:45,https://tampa.craigslist.org/hil/apa/d/apartamentos-disponibles-en/6371218386.html,Apartamentos Disponibles en Southern Cove!!,895,,2,1150,2,28.030505,-82.395379,10,8741 Grove Terrace Temple Terrace FL US
6345689423,2017-11-02 16:45,https://tampa.craigslist.org/pnl/apa/d/40th-ave-1-bedroom/6345689423.html,40th Ave N - 1 Bedroom,825,"St. Petersburg, FL",1,0,1,27.807878,-82.699370,7,
6371218185,2017-11-02 16:45,https://tampa.craigslist.org/hil/apa/d/ven-renat-tu-apartamento-hoy/6371218185.html,Ven Y Renat Tu Apartamento Hoy En Southen Cove!!,875,,2,950,1,28.030505,-82.395379,10,8741 Grove Terrace Temple Terrace FL US
6371196507,2017-11-02 16:44,https://tampa.craigslist.org/hil/apa/d/3x2-nice-location-great-price/6371196507.html,"3x2 Nice Location, Great Price, Fantastic Amenities!!!",1330,,3,1453,2,27.938200,-82.375600,22,
6371215532,2017-11-02 16:43,https://tampa.craigslist.org/pnl/apa/d/695-1br-55-mobile-home/6371215532.html,$695 / 1br - 55+ Mobile Home,695,Seminole,1,0,0,27.851086,-82.786124,5,86th Ave N at Seminole Blvd Seminole FL US
6371215396,2017-11-02 16:43,https://tampa.craigslist.org/hil/apa/d/tennis-courts-gym-pool-access/6371215396.html,"Tennis Courts, Gym, & Pool Access with This 2BR/2BA Luxury Home!",1758,Tampa,2,1290,2,28.030100,-82.604800,22,12802 Saddle Club Circle Tampa FL US
6371215337,2017-11-02 16:43,https://tampa.craigslist.org/pnl/apa/d/enclave-on-east/6371215337.html,Enclave on East,915,3660 East Bay Dr.,1,702,1,27.917316,-82.747543,5,3660 East Bay Dr. Largo FL US
6371214743,2017-11-02 16:43,https://tampa.craigslist.org/hil/apa/d/899-moves-you-in-carlyle-at/6371214743.html,899 Moves You In! Carlyle at Waters (8415 N Armenia Ave),865,,1,606,1,28.025661,-82.484266,10,8415 N Armenia Ave Tampa FL US
6371214550,2017-11-02 16:43,https://tampa.craigslist.org/pnl/apa/d/take-500-off-of-your-1st/6371214550.html,"Take $500 Off Of Your 1st Month In This Newly Renovated, Cozy 1/1!",1025,St. Petersburg,1,0,1,27.779898,-82.684436,5,3700 9th av N Saint Petersburg FL US
6368674349,2017-11-02 16:43,https://tampa.craigslist.org/hil/apa/d/rent-to-own-mobile-home/6368674349.html,RENT TO OWN MOBILE HOME,650,Tampa,2,0,2,28.031033,-82.637544,0,
6371199902,2017-11-02 16:43,https://tampa.craigslist.org/hil/apa/d/no-place-like-home-3-2-ready/6371199902.html,No place like home! 3/2 ready this month! Call today!,1350,"2211 Grand Isle Drive, Brandon, FL 33511",3,1265,2,27.916075,-82.322856,5,2211 Grand Isle Drive Brandon FL US
6371203063,2017-11-02 16:42,https://tampa.craigslist.org/hil/apa/d/rent-ready-section-8-approved/6371203063.html,➣Rent ready! Section 8 approved! Pet friendly!,1100,Tampa,4,1224,1,27.996310,-82.359753,10,8312 N Hillsborough Tampa FL US
6351045131,2017-11-02 16:42,https://tampa.craigslist.org/hdo/apa/d/cheap-3-4-bed-room-home-in/6351045131.html,▇ Cheap 3-4 bed room `home in top location. Nearby to School & Park!,400,tampa,3,0,2,27.996100,-82.582000,22,
6371202687,2017-11-02 16:41,https://tampa.craigslist.org/pnl/apa/d/lovely-1br-1ba-apartment-with/6371202687.html,Lovely 1BR/1BA Apartment with a Balcony and a Deep Walk-In Closet,1355,"Clearwater, FL",1,763,1,27.960606,-82.721473,10,2855 Gulf To Bay Blvd Clearwater FL US
6371210947,2017-11-02 16:40,https://tampa.craigslist.org/hil/apa/d/welcome-to-your-new-home/6371210947.html,Welcome To Your New Home!,1395,501,2,1160,2,28.032572,-82.426331,15,N. 30th St at E. Busch Blvd Tampa FL US
6371195158,2017-11-02 16:39,https://tampa.craigslist.org/hil/apa/d/1-bedroom-1-bath-great/6371195158.html,"1 Bedroom, 1 Bath!!! Great Location, Beautiful Community!!!!",990,,1,911,1,27.938200,-82.375600,22,
6371197116,2017-11-02 16:39,https://tampa.craigslist.org/pnl/apa/d/enjoy-remodeled-kitchen-and/6371197116.html,➝Enjoy remodeled kitchen and hardwood floors! Section 8 Ok!,1195,St Petersburg,3,1000,1.5,27.739100,-82.643500,22,1500 15th St S St Petersburg FL US
6371207989,2017-11-02 16:38,https://tampa.craigslist.org/pnl/apa/d/house-for-rent-fenced-back/6371207989.html,House for Rent Fenced back yard Roll-in Shower Accessible Front Entry,1399,,3,1296,3,27.975238,-82.745717,10,2205 Palmetto St E Clearwater FL US
6371207484,2017-11-02 16:38,https://tampa.craigslist.org/pnl/apa/d/updated-and-well-maintained/6371207484.html,➨Updated and well maintained! Section 8 approved!,1095,St Petersburg,3,928,1,27.746500,-82.689700,22,344 35th St S - 1/2 St Petersburg FL US
6371206838,2017-11-02 16:37,https://tampa.craigslist.org/hil/apa/d/two-bedroom-1-bath-in/6371206838.html,A TWO BEDROOM 1 BATH IN HISTORIC HYDE PARK,1300,Hyde Park - Tampa,0,1300,,27.930600,-82.465300,22,
6348027817,2017-11-02 16:37,https://tampa.craigslist.org/psc/apa/d/gorgeously-renovated-2-15-in/6348027817.html,Gorgeously renovated 2/1.5 in Cedar Pointe NPR must be 55 or older,875,Cedar Point,2,870,1.5,28.217838,-82.711580,5,"6177 CHESHAM DR, NEW PORT RICHEY FL US"
6371205039,2017-11-02 16:36,https://tampa.craigslist.org/hil/apa/d/welcome-to-your-new-2-bed-2/6371205039.html,"Welcome to your new 2 bed, 2 bath! Washer & dryer in unit!",1455,Tampa,2,1182,2,28.064407,-82.625771,5,12065 Tuscany Bay Drive Tampa FL US
6371203968,2017-11-02 16:35,https://tampa.craigslist.org/pnl/apa/d/we-would-love-for-you-to-make/6371203968.html,WE WOULD LOVE FOR YOU TO MAKE PARK VILLAGE YOUR HOME $700 OFF,1150,LARGO,2,1050,2,27.893846,-82.728864,15,11300 66th Street N at Bryan Dairy Road Largo FL US
6337711656,2017-11-02 16:34,https://tampa.craigslist.org/hil/apa/d/soho-madison-condo-for-rent/6337711656.html,SoHo @Madison Condo for rent,1975,South Howard,2,1231,2,27.942500,-82.505700,22,501 S Moody Ave UNIT Tampa FL US
6371198727,2017-11-02 16:32,https://tampa.craigslist.org/hil/apa/d/just-right-for-you-gorgeous/6371198727.html,Just right for you! A gorgeous apartment awaits!,820,Tampa,3,1190,2,28.050200,-82.450000,22,1807 Canberra Lane Tampa FL US
6345732574,2017-11-02 16:28,https://tampa.craigslist.org/pnl/apa/d/location-2b-2b-spotless-blk/6345732574.html,"LOCATION!!!  2B/2B SPOTLESS, BLK TO BEACH, PARK, FISHING",1195,St Petersburg,2,1400,2,27.753810,-82.632787,5,17th Ave SE at Bay St Southeast St Petersburg FL US
6371180064,2017-11-02 16:24,https://tampa.craigslist.org/hil/apa/d/at-last-this-is-what-youve/6371180064.html,"At Last, This Is What You've Been Searching For!",1425,Brandon,3,1198,2,27.905600,-82.288100,22,1210 WestburyPointe Drive Brandon FL US
6371159813,2017-11-02 16:23,https://tampa.craigslist.org/hil/apa/d/section-8-ok-pets-ok/6371159813.html,☞☞Section 8 Ok! Pets Ok!,1350,Tampa,4,1508,2,28.034992,-82.437552,10,9405 N 19th St Tampa FL US
6371184736,2017-11-02 16:22,https://tampa.craigslist.org/hil/apa/d/one-bedroom-first-floor/6371184736.html,one bedroom first floor,1120,,1,814,1,27.917185,-82.319896,10,1210 Westbury Pointe Dr Brandon FL US
6371183125,2017-11-02 16:21,https://tampa.craigslist.org/hil/apa/d/ask-me-how-to-save-500-move/6371183125.html,Ask me how to save $500??  Move in ready - open this weekend - stop in,1052,Plant City,2,900,2,28.013000,-82.133900,22,
6371171012,2017-11-02 16:21,https://tampa.craigslist.org/hil/apa/d/we-meet-all-your-must-haves/6371171012.html,We meet all your must haves! Great amenities! Fantastic 2 bed 2 bath,1025,Central Tampa,2,1150,1,27.984500,-82.463000,22,5205 North Boulevard Tampa FL US
6371181976,2017-11-02 16:20,https://tampa.craigslist.org/hil/apa/d/three-bedroom-two-bath-first/6371181976.html,three bedroom two bath first floor,1400,,3,1198,2,27.917185,-82.319896,10,1210 Westbury Pointe dr Brandon FL US
6334134045,2017-11-02 16:20,https://tampa.craigslist.org/pnl/apa/d/check-out-our-spacious-1/6334134045.html,CHECK OUT OUR SPACIOUS 1 BEDROOM APARTMENTS!!,790,Clearwater,1,862,1,27.995554,-82.775488,10,2065 N. Highland Ave. Clearwater FL US
6371180431,2017-11-02 16:19,https://tampa.craigslist.org/hil/apa/d/managers-gone-crazy-4-weeks/6371180431.html,Managers gone crazy!  4 WEEKS OFF RENT ON A 1 BEDROOM - MOVE IN NOW!,849,Plant City,1,716,1,28.013000,-82.133900,22,
6358986488,2017-11-02 16:19,https://tampa.craigslist.org/hil/apa/d/2-bed-2-bath-cable-water/6358986488.html,2 Bed/2 Bath cable & water included,1500,South Tampa,2,1245,2,27.937449,-82.493322,15,Swann at Macdill Tampa FL US
6371178836,2017-11-02 16:18,https://tampa.craigslist.org/pnl/apa/d/business-center-access-to/6371178836.html,"Business Center, Access to neighborhood pool, Attached garage (select)",1806,Carillon Park,3,1369,2,27.885242,-82.662793,5,540 Carillon Parkway St. Petersburg FL US
6371178424,2017-11-02 16:18,https://tampa.craigslist.org/pnl/apa/d/3rd-floor-with-private/6371178424.html,3rd Floor with Private Balcony and On-site Laundry,775,"5473 27th Street South #A, St. Petersburg, FL 33712",1,680,1,27.718029,-82.670403,5,5473 27th Street South St. Petersburg FL US
6371152104,2017-11-02 16:16,https://tampa.craigslist.org/pnl/apa/d/coming-soon-hardwood-floors/6371152104.html,☛Coming soon! Hardwood floors!,1450,Clearwater,4,0,2,27.996423,-82.782436,10,1330 Arbelia - Main Clearwater FL US
6371162922,2017-11-02 16:16,https://tampa.craigslist.org/pnl/apa/d/upgraded-2-bedroom-directly/6371162922.html,Upgraded 2-bedroom directly on Boca Ciega Bay. Last one!,2419,"Boca Ciega Bay, Gulfport",2,1115,1.5,27.736092,-82.712760,5,3209 58th St S Gulfport FL US
6371174286,2017-11-02 16:15,https://tampa.craigslist.org/pnl/apa/d/we-have-the-perfect-apartment/6371174286.html,WE HAVE THE PERFECT APARTMENT HOME JUST FOR YOU!!!! $700 OFF,1150,LARGO,2,1050,2,27.893846,-82.728864,15,11300 66th Street N at Bryan Dairy Road Largo FL US
6371161838,2017-11-02 16:14,https://tampa.craigslist.org/hil/apa/d/remodeled-apt-annual-busch/6371161838.html,$865 2 X 1 REMODELED APT!! ANNUAL BUSCH GARDEN PASS!!,865,TAMPA/USF AREA,2,0,1,28.050200,-82.450000,22,
6371172791,2017-11-02 16:14,https://tampa.craigslist.org/pnl/apa/d/make-paradise-on-north/6371172791.html,"Make Paradise On North Redington Beach Home, Call TODAY!",1309,north redington beach,1,880,1,27.818727,-82.823836,10,17035 Gulf Blvd North Redington Beach FL US
6371164470,2017-11-02 16:13,https://tampa.craigslist.org/pnl/apa/d/section-8-ok-pets-ok-rent/6371164470.html,⎷Section 8 Ok! Pets Ok! Rent ready!,1195,St Petersburg,3,1192,2,27.746500,-82.689700,22,344 35th St S - Main St Petersburg FL US
6371104231,2017-11-02 16:13,https://tampa.craigslist.org/pnl/apa/d/mobile-home-for-rent/6371104231.html,mobile home for rent,1000,,2,0,2,27.868800,-82.734400,22,seminole blvd seminole FL US
6368440211,2017-11-02 16:11,https://tampa.craigslist.org/hil/apa/d/economicial-living/6368440211.html,ECONOMICIAL LIVING,650,TAMPA,1,0,1,28.017300,-82.457800,22,
6368454975,2017-11-02 16:11,https://tampa.craigslist.org/hil/apa/d/home-you-can-be-proud-of/6368454975.html,A Home You Can Be Proud Of,795,TAMPA,2,0,2,28.017300,-82.457800,22,
6371155102,2017-11-02 16:11,https://tampa.craigslist.org/hil/apa/d/playscape-area-tennis-court/6371155102.html,"Playscape Area, Tennis Court, Public Park Nearby",943,"512 Camino Real Ct, Brandon, FL 33510",1,500,1,27.945567,-82.284165,5,512 Camino Real Ct Brandon FL US
6371154960,2017-11-02 16:10,https://tampa.craigslist.org/pnl/apa/d/2-bedroom-condo-in-bellair/6371154960.html,2 bedroom condo in bellair bluffs,1200,bellair,2,0,0,,,,
6351035707,2017-11-02 16:10,https://tampa.craigslist.org/hdo/apa/d/renttoown-awesomebedroom/6351035707.html,♐ 'renttoown' awesome 2-3-4-5 bedroom HOUSE! Aval. T-O-DAY! ♐,400,tampa,3,0,2,27.996100,-82.582000,22,
6350935947,2017-11-02 16:09,https://tampa.craigslist.org/pnl/apa/d/turn-to-turnbury-for-your/6350935947.html,Turn to Turnbury For your Next Apartment~Call and Reserve!! 2nd Floor,1019,Countryside/Palm Harbor/Dunedin/Gulf/Saf,2,950,1.5,,,,
6371166278,2017-11-02 16:09,https://tampa.craigslist.org/hil/apa/d/remodelado-pase-anual-para/6371166278.html,$865 2 X 1 REMODELADO!! PASE ANUAL PARA BUSCH GARDEN!!,865,TAMPA/USF AREA,2,0,1,28.050200,-82.450000,22,
6371166293,2017-11-02 16:09,https://tampa.craigslist.org/pnl/apa/d/urban-style-flats-looking-for/6371166293.html,Urban Style Flats    looking for a studio we have one just for you !!!,775,300  10th Street,0,400,1,27.739100,-82.643500,22,300 10th St South St Petersburg FL US
6371152440,2017-11-02 16:08,https://tampa.craigslist.org/pnl/apa/d/best-deal-in-st-pete/6371152440.html,⋗⋗Best deal in St Pete!,1495,St Petersburg,4,2293,3,27.735300,-82.666300,22,935 Union St S - Main House St Petersburg FL US
6371162947,2017-11-02 16:07,https://tampa.craigslist.org/pnl/apa/d/great-specials-call-now/6371162947.html,GREAT SPECIALS!! CALL NOW!!,2010,St. Petersburg,2,1149,2,27.870189,-82.628345,5,10601 Gandy Blvd N St. Petersburg FL US
6371162818,2017-11-02 16:07,https://tampa.craigslist.org/hil/apa/d/hyde-park-town-home-avalible/6371162818.html,Hyde Park Town Home Avalible!,1550,408 Arrawana,2,1122,1.5,27.940180,-82.487605,5,Arrawana at Azeele Tampa FL US
6368448276,2017-11-02 16:07,https://tampa.craigslist.org/pnl/apa/d/host-guests-and-loved-ones-in/6368448276.html,Host Guests and Loved Ones In Your Open Living and Dinning Space!,1599,"South Pasadena, St Petersburg",2,967,1,27.757494,-82.731750,5,6740 Gulfport Blvd S South Pasadena FL US
6371162002,2017-11-02 16:06,https://tampa.craigslist.org/hil/apa/d/200-give-away-just-for-moving/6371162002.html,$200 Give Away Just For Moving In!!! Call Now!!,930,"7402 Heritage Hills Drive, Temple Terrace, FL 33637",2,850,1,28.031654,-82.371726,5,7402 Heritage Hills DriveÂ  Temple Terrace FL US
6371158370,2017-11-02 16:04,https://tampa.craigslist.org/pnl/apa/d/must-see-great-value-spacious/6371158370.html,MUST SEE! Great VALUE! Spacious! Lake View! Washer & Dryer Included!,1416,Pinellas Park,2,1055,2,27.848768,-82.674018,10,2901 Gandy Blvd. Pinellas Park FL US
6339167292,2017-11-02 16:04,https://tampa.craigslist.org/pnl/apa/d/2-2s-are-amazing-apt-homes/6339167292.html,2/2'S ARE AMAZING APT HOMES!!!! CALL FOR MORE DETAILS!!!,1150,11300 66th Street N. #1003 Largo,2,1050,2,27.893846,-82.728864,15,11300 66th Street N. at Bryan Dairy Road Largo FL US
6342927693,2017-11-02 16:03,https://tampa.craigslist.org/hil/apa/d/youre-gonna-like-what-we-have/6342927693.html,"YOU'RE GONNA LIKE WHAT WE HAVE, EVEN THE MOVE IN SPECIAL!!!",235,,1,0,1,27.841100,-82.369800,22,
6371156764,2017-11-02 16:03,https://tampa.craigslist.org/hil/apa/d/2-bedroom-townhouse-sublease/6371156764.html,2 bedroom Townhouse Sublease for 635 a month by USF,635,Tampa,1,0,1,28.063463,-82.431488,10,13003 Leeds Ct tampa FL US
6371154527,2017-11-02 16:01,https://tampa.craigslist.org/pnl/apa/d/2-2s-are-spacious-apt-homes/6371154527.html,2/2'S ARE SPACIOUS APT HOMES!!! WASHER/DRYER INCLUDED!!,1150,11300 66th Street N. #1003 Largo,2,1050,2,27.893846,-82.728864,15,11300 66th Street N. at Bryan Dairy Road Largo FL US
6371153932,2017-11-02 16:01,https://tampa.craigslist.org/pnl/apa/d/3-1-vaulted-ceilingsjust/6371153932.html,3/1 VAULTED CEILINGS..JUST REMODELED..FENCED YARD,1275,Lake St George Palm Harbor,3,1100,1,28.053979,-82.726386,10,3623 Ashley Court Palm Harbor FL US
