pid,dt,url,title,price,neighb,beds,sqft,baths,lat,lng,accuracy,address
6371314731,2017-11-02 16:57,https://texarkana.craigslist.org/apa/d/reserve-your-apartment-home/6371314731.html,Reserve Your Apartment Home TODAY!,1050,,3,1408,2,33.477754,-94.104282,10,5911 Richmond Rd Texarkana AR US
6371260265,2017-11-02 16:40,https://texarkana.craigslist.org/apa/d/home-available-for-rent/6371260265.html,HOME AVAILABLE FOR RENT,700,,3,1400,2,33.431000,-93.876500,22,
6371261670,2017-11-02 16:36,https://texarkana.craigslist.org/apa/d/beautiful-rental-available/6371261670.html,BEAUTIFUL RENTAL AVAILABLE,790,,3,1500,2,33.431000,-93.876500,22,
6371231173,2017-11-02 16:03,https://texarkana.craigslist.org/apa/d/rustic-4-bedroom-15-bath-house/6371231173.html,Rustic 4 Bedroom 1.5 Bath House,950,"1712 E 47th, Texarkana AR",4,1568,1.5,33.467535,-94.024118,5,
