pid,dt,url,title,price,neighb,beds,sqft,baths,lat,lng,accuracy,address
6358817130,2017-11-02 16:35,https://tippecanoe.craigslist.org/apa/d/discover-new-tradition-at-hub/6358817130.html,Discover a New Tradition at Hub West Lafayette! Call for availability.,869,,4,0,4,40.423935,-86.906929,10,202 South St. West Lafayette IN US
6358817447,2017-11-02 16:35,https://tippecanoe.craigslist.org/apa/d/discover-new-tradition-at-hub/6358817447.html,Discover a New Tradition at Hub West Lafayette! Call for availability.,869,,4,0,4,40.423935,-86.906929,10,202 South St. West Lafayette IN US
6348335354,2017-11-02 16:35,https://tippecanoe.craigslist.org/apa/d/amazing-four-bedroom/6348335354.html,Amazing four bedroom Townhouse close to Purdue campus!,999,Hub West Lafayette,4,0,4.5,40.423935,-86.906929,10,202 South St. West Lafayette IN US
6340406711,2017-11-02 16:35,https://tippecanoe.craigslist.org/apa/d/fantastic-location-discover/6340406711.html,Fantastic Location! Discover a New Tradition at Hub West Lafayette!,1099,,0,0,,40.423935,-86.906929,10,202 South St. West Lafayette IN US
6342208263,2017-11-02 16:35,https://tippecanoe.craigslist.org/apa/d/floor-plans-going-fast-luxury/6342208263.html,Floor plans going fast! Luxury living ultra close to campus!,989,Hub West Lafayette,2,0,1,40.423935,-86.906929,10,202 South St. West Lafayette IN US
6339124346,2017-11-02 16:35,https://tippecanoe.craigslist.org/apa/d/townhouse-discover-new/6339124346.html,Townhouse - Discover a New Tradition at Hub West Lafayette!,859,,4,0,2.5,40.423935,-86.906929,10,202 South St. West Lafayette IN US
6349520156,2017-11-02 16:35,https://tippecanoe.craigslist.org/apa/d/perfect-living-space-on/6349520156.html,Perfect living space on campus! Discover a New Tradition.,1099,Hub West Lafayette,0,0,,40.423935,-86.906929,10,202 South St. West Lafayette IN US
6349534440,2017-11-02 16:35,https://tippecanoe.craigslist.org/apa/d/luxury-living-like-no-where/6349534440.html,Luxury living like no where else! Love living at the Hub,1049,Hub West Lafayette,2,0,2,40.423935,-86.906929,10,202 South St. West Lafayette IN US
6351424381,2017-11-02 16:35,https://tippecanoe.craigslist.org/apa/d/four-bedroom-options-for/6351424381.html,Four bedroom options for everyone! Live like royalty @ the Hub!,849,Hub West Lafayette,4,0,3,40.423935,-86.906929,10,202 South St. West Lafayette IN US
6352612671,2017-11-02 16:34,https://tippecanoe.craigslist.org/apa/d/perfect-single-apartments/6352612671.html,Perfect single apartments available! Live at Hub West Lafayette!,1099,Hub West Lafayette,0,0,,40.423935,-86.906929,10,202 South St. West Lafayette IN US
6353951414,2017-11-02 16:34,https://tippecanoe.craigslist.org/apa/d/your-new-home-in-luxury/6353951414.html,Your new home in luxury! Discover a New Tradition.,1049,Hub West Lafayette,2,0,2,40.423935,-86.906929,10,202 South St. West Lafayette IN US
6360888034,2017-11-02 16:34,https://tippecanoe.craigslist.org/apa/d/live-small-in-big-way-0/6360888034.html,Live Small in a Big Way! $0 security deposit for all Efficiency units!,1099,West Lafayette,0,0,,40.423935,-86.906929,10,202 South St. West Lafayette IN US
6361846186,2017-11-02 16:34,https://tippecanoe.craigslist.org/apa/d/living-is-easy-at-the-hub/6361846186.html,Living is easy at The Hub! Discover a New Tradition.,1099,West Lafayette,0,0,,40.423935,-86.906929,10,202 South St. West Lafayette IN US
6363548349,2017-11-02 16:34,https://tippecanoe.craigslist.org/apa/d/your-new-home-is-your-new/6363548349.html,Your new home is your new destination. Live at the Hub!,1049,Hub West Lafayette,2,0,2,40.423935,-86.906929,10,202 South St. West Lafayette IN US
