pid,dt,url,title,price,neighb,beds,sqft,baths,lat,lng,accuracy,address
6334223609,2017-11-02 17:00,https://toledo.craigslist.org/apa/d/cozy-1-bedroom-villa-ready/6334223609.html,Cozy 1 bedroom villa ready for move in!,704,Toledo,1,607,1,41.653992,-83.658752,10,1599 Twin Oaks Drive Toledo OH US
6371238094,2017-11-02 17:00,https://toledo.craigslist.org/apa/d/dont-get-left-out-in-the-cold/6371238094.html,Don't get left out in the cold... Stop by Today!,659,Toledo,2,980,1,41.602800,-83.629200,22,Cheyenne Blvd at Heatherdowns Toledo OH US
6371236612,2017-11-02 16:58,https://toledo.craigslist.org/apa/d/fall-into-our-upgraded-lower/6371236612.html,"Fall into our upgraded, lower level home!",911,Toledo,3,1130,2,41.602800,-83.629200,22,Cheyenne Blvd at Heatherdowns Toledo OH US
6353853040,2017-11-02 16:58,https://toledo.craigslist.org/apa/d/cut-down-on-moving-costs-with/6353853040.html,✂✂✂ Cut Down on Moving Costs with FREE Rent!✂✂,945,Uptown/Downtown/UT/MCO,2,1206,1,41.655676,-83.546133,10,241 16th Street  OH US
6371212524,2017-11-02 16:55,https://toledo.craigslist.org/apa/d/dont-let-this-one-slip-away/6371212524.html,Don't let this one slip away! You can't beat this SIZE at this PRICE.,734,,2,1200,1.5,41.607019,-83.668560,10,1801 Brownstone Blvd Toledo OH US
6371232069,2017-11-02 16:55,https://toledo.craigslist.org/apa/d/one-bedroom-apartment-with/6371232069.html,One Bedroom Apartment with Private Backyard!,715,,1,699,1,41.592838,-83.674354,10,5569 Ryewyck Ct. Toledo OH US
6371215633,2017-11-02 16:54,https://toledo.craigslist.org/apa/d/fall-is-here-dont-wait-until/6371215633.html,"Fall is here, don't wait until winter to move! Upgraded, 1st floor!",834,Toledo,2,1200,1.5,41.607988,-83.664630,20,Brownstone Blvd at Heatherdowns Toledo OH US
6371214633,2017-11-02 16:52,https://toledo.craigslist.org/apa/d/beautiful-first-floor/6371214633.html,Beautiful first floor apartment home!!,734,,2,1200,1.5,41.607019,-83.668560,10,1801 Brownstone Blvd Toledo OH US
6371222217,2017-11-02 16:48,https://toledo.craigslist.org/apa/d/dont-let-the-deals-blow-away/6371222217.html,Dont let the deals blow away! Apply today!,739,Maumee,2,966,1,41.597344,-83.694145,10,6400 Glenhurst Drive Maumee OH US
6371218078,2017-11-02 16:45,https://toledo.craigslist.org/apa/d/your-new-studio-home-is/6371218078.html,YOUR NEW STUDIO HOME IS WAITING!!!! BEAT THE SNOW AND MOVE IN NOW!!!,469,6801 W. Bancroft,0,0,1,41.660294,-83.703804,22,bancroft at green glen north toledo OH US
6353879995,2017-11-02 16:42,https://toledo.craigslist.org/apa/d/apartment-lots-of-space-3/6353879995.html,APARTMENT w/lots of space! - 3 bedrooms/2 baths - $800,800,3620 Douglas,3,1600,2,41.686182,-83.603468,5,Douglas Road at Monroe Road Toledo OH US
6351683127,2017-11-02 16:40,https://toledo.craigslist.org/apa/d/3-bedroom-townhome-move-in/6351683127.html,3 bedroom townhome move in ready!,1074,Toledo,3,1270,1.5,41.653992,-83.658752,10,1599 Twin Oaks Drive Toledo OH US
6371123978,2017-11-02 16:38,https://toledo.craigslist.org/apa/d/west-millgrove-super-updated/6371123978.html,West Millgrove Super updated 3 bedroom 1.5bth,1275,Portage   Sand Creek,3,1113,1.5,,,,
6371184363,2017-11-02 16:31,https://toledo.craigslist.org/apa/d/1-bedroom-mobile-home-for/6371184363.html,1 Bedroom Mobile Home for Rent or Sale,450,Northern Toledo,1,0,1,41.721983,-83.547415,15,
6371197061,2017-11-02 16:31,https://toledo.craigslist.org/apa/d/cute-and-cozy-apartments-at/6371197061.html,Cute and Cozy Apartments At GeorgeTown Village!!,579,,2,0,1,41.677425,-83.618538,15,Middlesex at Central Toledo OH US
6352415064,2017-11-02 16:26,https://toledo.craigslist.org/apa/d/spacious-washer-and-dryer/6352415064.html,"SPACIOUS!!  Washer and Dryer, Patio, Carport, Walkin Closet",739,Ridgewood of Perrysburg/28842 Oregon Rd,2,926,1,41.523206,-83.538435,20,oregon rd at 795 perrysburg OH US
6361568395,2017-11-02 16:26,https://toledo.craigslist.org/apa/d/updated-2-bed-ex-storage/6361568395.html,UPDATED 2 BED! EX STORAGE! CENTRAL AIR! GAS COOKING! PATIO!,619,POINT PLACE/MAPLE GROVE TOWNHOMES,2,771,1,41.664239,-83.513846,20,summit at 131st street toledo OH US
6361566580,2017-11-02 16:26,https://toledo.craigslist.org/apa/d/ranch-style-patio-off-master/6361566580.html,RANCH STYLE W/PATIO OFF MASTER! PETS WELCOME!,559,BEDFORD MEADOWS/7265 WHITEFORD CENTER/MI,1,528,1,41.768300,-83.685600,22,whiteford center rd at sterns ottawa lake OH US
6368475921,2017-11-02 16:26,https://toledo.craigslist.org/apa/d/no-credit-check-free-rent/6368475921.html,NO CREDIT CHECK! FREE RENT!,899,west toledo,4,1300,1.5,41.649200,-83.670600,22,
6352512289,2017-11-02 16:25,https://toledo.craigslist.org/apa/d/3-bedroom-courtyard-view/6352512289.html,3 bedroom courtyard view available for move in!,1074,Toledo,3,1270,1.5,41.653992,-83.658752,10,1599 Twin Oaks Drive Toledo OH US
6351325879,2017-11-02 16:24,https://toledo.craigslist.org/apa/d/2-bedroom-single-story/6351325879.html,2 bedroom single story apartment,804,Toledo,2,864,1,41.653992,-83.658752,10,1599 Twin Oaks Drive Toledo OH US
6371186052,2017-11-02 16:23,https://toledo.craigslist.org/apa/d/dont-be-left-in-the-cold-rent/6371186052.html,Don't be Left in the Cold ~ Rent Today,1150,Perrysburg,2,1163,2,41.542900,-83.592700,22,
6371183964,2017-11-02 16:22,https://toledo.craigslist.org/apa/d/sylvania-condokirkland-sylv/6371183964.html,"Sylvania Condo, 5611-21 Kirkland, Sylv. Twp.",795,"5613 Kirkland, Sylvania Township",2,1200,1.5,41.675604,-83.675737,5,Kirkland at Central near Reynolds Sylvania Township OH US
6364836034,2017-11-02 16:14,https://toledo.craigslist.org/apa/d/840-sqft-1-bedroom-with-lake/6364836034.html,840 sqft 1 bedroom with a lake view!,989,Maumee,1,840,1,41.555995,-83.705993,5,4623 Lakeside Dr. Maumee OH US
6364836884,2017-11-02 16:14,https://toledo.craigslist.org/apa/d/upper-floor-2x2-with-lake-view/6364836884.html,Upper Floor 2x2 with a Lake View!,1189,Lakeside At Fallen Timbers,1,1075,2,41.556220,-83.705971,5,4623 Lakeside Dr. Maumee OH US
6368466363,2017-11-02 16:11,https://toledo.craigslist.org/apa/d/conklin-estates-community/6368466363.html,Conklin Estates Community,745,Tecumseh,1,700,1,42.003755,-83.931276,10,1082 East Chicago Blvd. Tecumseh OH US
6348344768,2017-11-02 16:08,https://toledo.craigslist.org/apa/d/conklin-estates-community/6348344768.html,Conklin Estates Community!,810,Tecumseh,2,960,1,42.003755,-83.931276,10,1082 East Chicago Blvd. Tecumseh OH US
6361875240,2017-11-02 16:06,https://toledo.craigslist.org/apa/d/99-deposits-20-applications/6361875240.html,"$99 Deposits, $20 Applications, November Move In- Maumee/Toledo",669,ALL ELECTRIC,2,815,1,41.591832,-83.642018,10,2647 Eastgate Rd Toledo OH US
