pid,dt,url,title,price,neighb,beds,sqft,baths,lat,lng,accuracy,address
6354220626,2017-11-02 16:45,https://topeka.craigslist.org/apa/d/sw-3br-townhomegreat-location/6354220626.html,SW 3BR TOWNHOME...GREAT LOCATION! GREAT SAVINGS!!,1150,2266 SW Rother,3,1600,2.5,39.025040,-95.797216,20,SW Rother Rd at SW 23rd Terrace Topeka KS US
6371294277,2017-11-02 16:41,https://topeka.craigslist.org/apa/d/right-around-the-corner-near/6371294277.html,"Right Around The Corner, Near Everywhere You Want To Be",860,27th and Wanamaker,3,1280,1.5,39.017250,-95.766621,5,2744 SW Villa West Drive Topeka KS US
6363677678,2017-11-02 16:38,https://topeka.craigslist.org/apa/d/special-price-sw-3br-townhome/6363677678.html,SPECIAL PRICE SW 3BR TOWNHOME IN USD 437,1130,2321 SW Romar Rd,3,1422,2.5,39.023782,-95.796082,15,SW Romar Rd at SW 23rd Terrace Topeka KS US
6371285119,2017-11-02 16:34,https://topeka.craigslist.org/apa/d/we-are-slashing-prices-left/6371285119.html,We are slashing prices left and right! Get in today!,809,,3,0,2,38.991900,-95.668100,22,
6371256680,2017-11-02 16:13,https://topeka.craigslist.org/apa/d/bring-your-tv-cable-ready/6371256680.html,Bring your TV! Cable ready apartments at Cascade Apartments,620,,1,727,1,39.005190,-95.703804,10,3441 SW Burlingame Rd  KS US
6371256303,2017-11-02 16:13,https://topeka.craigslist.org/apa/d/free-netflix-hulu-for-whole/6371256303.html,Free Netflix/Hulu for a whole year at Cascade!,790,,2,1280,2,39.005190,-95.703804,10,3441 SW Burlingame Rd  KS US
6371253688,2017-11-02 16:11,https://topeka.craigslist.org/apa/d/enjoy-the-college-life-at/6371253688.html,Enjoy the college life at Cascade Apartments! We're near campus!,750,,2,1092,2,39.005190,-95.703804,10,3441 SW Burlingame Rd Topeka KS US
