pid,dt,url,title,price,neighb,beds,sqft,baths,lat,lng,accuracy,address
6371224800,2017-11-02 16:50,https://treasure.craigslist.org/apa/d/king-sized-bedrooms-outdoor/6371224800.html,"King-Sized Bedrooms, Outdoor Tot Lot, 2 Community Pools, Barbecue Area",1362,"7700 Pine Lakes Boulevard, Port St. Lucie, FL 34952",3,1259,2,27.288900,-80.298000,5,7700 Pine Lakes Boulevard Port St. Lucie FL US
6364851856,2017-11-02 16:47,https://treasure.craigslist.org/apa/d/real-nice-3-bedroom-2-bath-1/6364851856.html,"Real Nice 3 Bedroom, 2 Bath, 1 Car Carport",975,,3,0,2,,,,
6364855859,2017-11-02 16:47,https://treasure.craigslist.org/apa/d/real-nice-3-bedroom-1-bath-1/6364855859.html,"Real Nice 3 Bedroom, 1 Bath, 1 Car Carport",975,,3,0,1,,,,
6371159391,2017-11-02 16:11,https://treasure.craigslist.org/apa/d/lighted-tennis-court-washer/6371159391.html,"Lighted tennis court, Washer and dryer in every unit, Heated Jacuzzi",1103,Tradition,1,766,1,27.260600,-80.477100,5,", , FL 34987 Treasure coast FL US"
6332743555,2017-11-02 16:11,https://treasure.craigslist.org/apa/d/marsh-harbour-of-riviera/6332743555.html,Marsh Harbour of Riviera Beach 2 & 3 Bedrooms gated Community,1250,,0,0,,26.783200,-80.063800,22,
6332702261,2017-11-02 16:11,https://treasure.craigslist.org/apa/d/brair-bay-2-bedroom-2-bath/6332702261.html,Brair Bay 2 bedroom 2 bath 910 sq ft  Condo in a gatd community,1250,,0,0,,26.664400,-80.174100,22,
6371168356,2017-11-02 16:11,https://treasure.craigslist.org/apa/d/beautiful-2-1-with-washer/6371168356.html,Beautiful 2/1 with washer/dryer/pool/central air near downtown wpb,1450,"435 nottingham blvd, west palm beach, fl",2,960,1,26.674328,-80.056171,10,433 Nottingham Blvd West Palm Beach FL US
6332755810,2017-11-02 16:11,https://treasure.craigslist.org/apa/d/black-diamond-of-wellington-4/6332755810.html,Black Diamond of Wellington 4 & 5 Bedrooms Single Family Home,2400,,0,0,,26.662700,-80.253000,22,
6332705521,2017-11-02 16:10,https://treasure.craigslist.org/apa/d/versailles-of-wellington-5/6332705521.html,Versailles of Wellington 5 bedrms 4.5 bath 3 cars Single Family Home,3200,,0,0,,26.662700,-80.253000,22,
6371140451,2017-11-02 16:09,https://treasure.craigslist.org/apa/d/only-1st-security-required/6371140451.html,Only 1st & security required w/ decent credit,1389,Floresta,3,0,2,27.316505,-80.328872,5,
6371156821,2017-11-02 16:03,https://treasure.craigslist.org/apa/d/for-rent-in-west-palm-beach-fl/6371156821.html,for rent in west palm beach  fl.,725,west palm beach,1,520,1,26.664188,-80.084808,10,2791 holly rd west palm beach FL US
6360698754,2017-11-02 16:02,https://treasure.craigslist.org/apa/d/vast-house-requiring-littleto/6360698754.html,"a vast house =,= REQUIRING LITTLE=,=to no EFFORT",,coast,0,0,,27.139800,-80.212900,22,
