pid,dt,url,title,price,neighb,beds,sqft,baths,lat,lng,accuracy,address
6350632245,2017-11-02 16:47,https://tricities.craigslist.org/apa/d/downtown-kingsport-loft/6350632245.html,Downtown Kingsport Loft,600,Market St.,1,0,1,,,,
6371217414,2017-11-02 16:45,https://tricities.craigslist.org/apa/d/1br-upstairs-apartment-fully/6371217414.html,"1BR Upstairs Apartment, Fully Furnished!",610,Kingsport,1,0,1,36.531330,-82.511807,10,3220 Memorial Blvd Kingsport TN US
6340535521,2017-11-02 16:43,https://tricities.craigslist.org/apa/d/fall-into-savings-at/6340535521.html,Fall into Savings at Bridgewater Retreat-1 MONTH FREE!,540,Kingsport,1,510,1,36.550655,-82.522410,10,1920 Bowater Drive Kingsport TN US
6341795469,2017-11-02 16:14,https://tricities.craigslist.org/apa/d/move-in-special-1-bedroom-1/6341795469.html,Move In Special -  1 Bedroom / 1 Bath - Country Living Cabin Home,540,2390 W. Allens Bridge Rd #9,2,650,1,,,,
6371165319,2017-11-02 16:09,https://tricities.craigslist.org/apa/d/2-bedroom-1-bath-in-heart-of/6371165319.html,2 Bedroom / 1 Bath In Heart Of Johnson City,625,326.5 Greenway Dr,2,750,1,36.310700,-82.381000,22,
6356696850,2017-11-02 16:01,https://tricities.craigslist.org/apa/d/townhouse-available/6356696850.html,Townhouse Available,650,"Johnson City, TN",2,0,1.5,36.292394,-82.386914,22,Colony Park Drive at Greenwood Drive Johnson City TN US
