pid,dt,url,title,price,neighb,beds,sqft,baths,lat,lng,accuracy,address
6371431782,2017-11-02 16:37,https://tucson.craigslist.org/apa/d/not-only-place-for-you-but/6371431782.html,"Not only a place for you, but your pets also!",699,Eastside,2,721,1,32.234395,-110.806863,10,1050 N. Camino Seco Tucson AZ US
6371424493,2017-11-02 16:36,https://tucson.craigslist.org/apa/d/location-location-location/6371424493.html,LOCATION! LOCATION ! LOCATION!,499,Eastside,1,5202,1,32.234395,-110.806863,10,1050 N. Camino Seco Tucson AZ US
6371423328,2017-11-02 16:36,https://tucson.craigslist.org/apa/d/right-around-the-corner-near/6371423328.html,"Right Around the Corner, Near Everywhere You Want to Be.",499,Pantano/Broadway,1,0,1,32.226160,-110.823693,10,445 N. Pantano Rd. Tucson AZ US
6371430510,2017-11-02 16:36,https://tucson.craigslist.org/apa/d/call-today-for-your-new-home/6371430510.html,Call Today For Your New Home!,718,22nd and Pantano,3,800,2,32.213800,-110.824000,22,1800 S Pantano Rd Tucosn AZ US
6360856730,2017-11-02 16:36,https://tucson.craigslist.org/apa/d/available-for-quick/6360856730.html,AVAILABLE FOR QUICK POSSESSION. Amenities,700,"Tucson, AZ",3,1200,2.5,32.337900,-110.985500,22,
6363629570,2017-11-02 16:35,https://tucson.craigslist.org/apa/d/perfect-rental-available-now/6363629570.html,Perfect Rental Available Now,698,,3,0,2,,,,
6363631750,2017-11-02 16:35,https://tucson.craigslist.org/apa/d/perfect-rental-available-now/6363631750.html,Perfect Rental Available Now,698,,3,1200,2,32.337900,-110.985500,22,
6371429536,2017-11-02 16:35,https://tucson.craigslist.org/apa/d/10th-euclid-cottage/6371429536.html,10th & Euclid Cottage,675,725 E. 10TH,1,700,1,32.222552,-110.960304,10,725 E. 10TH at Euclid and 10th Tucson AZ US
6371428909,2017-11-02 16:34,https://tucson.craigslist.org/apa/d/more-than-home-family-mc-life/6371428909.html,"More Than a Home, A Family! MC Life Rocks! Luxury Apartment Homes!",1271,East Tucson,3,1112,2,32.235282,-110.779991,10,9971 E. Speedway Blvd Tucson AZ US
6371428810,2017-11-02 16:34,https://tucson.craigslist.org/apa/d/spring-semester-6-month-lease/6371428810.html,"Spring Semester 6 Month Lease, 1 Bed 1 Bath, Free WiFi & Parking",895,Drachman,1,544,1,32.239575,-110.953546,10,1201 E. Drachman St Tucson AZ US
6371419692,2017-11-02 16:34,https://tucson.craigslist.org/apa/d/right-around-the-corner-near/6371419692.html,"Right Around the Corner, Near Everywhere You Want to Be.",499,Pantano/Broadway,1,420,1,32.226160,-110.823693,10,445 N. Pantano Rd. Tucson AZ US
6371420509,2017-11-02 16:33,https://tucson.craigslist.org/apa/d/remarkable-value-unbeatable/6371420509.html,Remarkable Value. Unbeatable Location.,499,Pantano/Broadway,1,0,1,32.226160,-110.823693,10,445 N. Pantano Rd. Tucson AZ US
6371427577,2017-11-02 16:33,https://tucson.craigslist.org/apa/d/amazing-location-galeria-del/6371427577.html,"Amazing Location, Galeria Del Rio Luxury Town homes Available Now!",1350,River/La Cholla,4,1800,3.5,32.337900,-110.985500,22,5132 N Prairie Clover Trail Tucson AZ US
6371418581,2017-11-02 16:33,https://tucson.craigslist.org/apa/d/we-are-your-new-home-great/6371418581.html,We are your new home. Great specials!,449,Pantano/Broadway,0,0,1,32.226160,-110.823693,10,445 N. Pantano Rd. Tucson AZ US
6364708577,2017-11-02 16:31,https://tucson.craigslist.org/apa/d/green-valley-short-term-rental/6364708577.html,Green Valley short term rental,1000,Green Valley,0,0,,31.826900,-111.075500,0,
6371417133,2017-11-02 16:29,https://tucson.craigslist.org/apa/d/love-where-you-live-corner/6371417133.html,LOVE WHERE YOU LIVE! Corner Location! Great Lighting!,1009,East Tucson - Large dogs welcome!,2,1097,2,32.208685,-110.796385,10,9190 E Old Spanish Trail Tucson AZ US
6371423360,2017-11-02 16:29,https://tucson.craigslist.org/apa/d/gorgeous-1-bedroom-apartment/6371423360.html,"Gorgeous 1 Bedroom Apartment in East Tucson, New apartment Community!",839,East Tucson,1,769,1,32.208685,-110.796385,10,9190 E. Old Spanish Trail Tucson AZ US
6371423293,2017-11-02 16:29,https://tucson.craigslist.org/apa/d/roommate-option-available-for/6371423293.html,"Roommate Option Available for Spring Semester, 2 Bed 1 Bath!!!",552,Drachman,2,720,1,32.239575,-110.953546,10,1201 E. Drachman St Tucson AZ US
6371417079,2017-11-02 16:28,https://tucson.craigslist.org/apa/d/today-only2500-off-two/6371417079.html,Today Only...$25.00 off Two Bedroom Two Bath Ready Immediately!!!,749,550 S. Camino Seco,2,1250,2,32.214260,-110.806821,10,550 S Camino Seco Tucson AZ US
6371411463,2017-11-02 16:27,https://tucson.craigslist.org/apa/d/today-only2500-off-two/6371411463.html,Today Only...$25.00 off Two Bedroom Two Bath Ready Immediately!!!,749,550 S. Camino Seco,2,1250,2,32.214260,-110.806821,10,550 S Camino Seco Tucson AZ US
6360279147,2017-11-02 16:27,https://tucson.craigslist.org/apa/d/teatro-carmen-luxury-downtown/6360279147.html,"""Teatro Carmen"": Luxury Downtown Apartment with Backyard For Rent!",2025,Downtown Tucson,1,830,1,32.220716,-110.971431,5,Broadway Blvd. at Stone Avenue Tucson AZ US
6357371341,2017-11-02 16:27,https://tucson.craigslist.org/apa/d/the-rialto-1-east-broadway/6357371341.html,"""The Rialto""@ 1 East Broadway: Upscale living in Downtown near to UA!",1653,Downtown Tucson,1,815,1,32.221206,-110.970894,5,Broadway Blvd. at Stone Avenue Tucson AZ US
6333178290,2017-11-02 16:27,https://tucson.craigslist.org/apa/d/the-elysian-grove-beautiful/6333178290.html,"""The Elysian Grove"" Beautiful apartment with backyard in Downtown",2250,Downtown Tucson,2,1187,2,32.220544,-110.971538,5,Broadway Blvd. at Stone Avenue Tucson AZ US
6358346796,2017-11-02 16:27,https://tucson.craigslist.org/apa/d/the-congress-an-upscale/6358346796.html,"""The Congress"": An Upscale Living on street car route in Downtown",1480,Downtown Tucson,1,718,1,32.221161,-110.970830,5,Broadway Blvd. at Stone Avenue tucson AZ US
6368630083,2017-11-02 16:27,https://tucson.craigslist.org/apa/d/the-cushing-stunning-downtown/6368630083.html,"""The Cushing"": Stunning Downtown Apartment on Street Car Stop!",2025,Downtown Tucson,1,832,1,32.220725,-110.971398,5,Broadway Blvd. at Stone Avenue Tucson AZ US
6371414229,2017-11-02 16:27,https://tucson.craigslist.org/apa/d/today-only2500-off-two/6371414229.html,Today Only..$25.00 off Two Bedroom Two Bath Ready Immediately!!!,749,550 S. Camino Seco,2,1250,2,32.214260,-110.806821,10,550 S Camino Seco Tucson AZ US
6371420656,2017-11-02 16:27,https://tucson.craigslist.org/apa/d/today-only2500-off-two/6371420656.html,Today Only...$25.00 off Two Bedroom Two Bath Ready Immediately!!!,749,550 S. Camino Seco,2,1250,2,32.214260,-110.806821,10,550 S Camino Seco Tucson AZ US
6371420215,2017-11-02 16:26,https://tucson.craigslist.org/apa/d/contemporary-stylish-2/6371420215.html,Contemporary & Stylish 2 Bedroom in East Tucson Starting at $1049,1029,East Tucson,2,1165,2,32.208685,-110.796385,10,9190 E. Old Spanish Trail Tucson AZ US
6371419363,2017-11-02 16:25,https://tucson.craigslist.org/apa/d/new-community-stylish-2/6371419363.html,"New Community, Stylish 2 Bedroom Apartment with View of  Mt.Lemmon",1029,East Tucson,2,1165,2,32.208685,-110.796385,10,9190 E. Old Spanish Trail Tucson AZ US
6348275034,2017-11-02 16:25,https://tucson.craigslist.org/apa/d/fortress-rental/6348275034.html,Fortress Rental,1100,HWY 90,3,2200,2,31.559295,-110.220208,5,
6371418499,2017-11-02 16:25,https://tucson.craigslist.org/apa/d/new-1-bedroom-apartment-home/6371418499.html,New 1 Bedroom Apartment Home In Tucson's Amazing East Side!,839,East Tucson,1,769,1,32.208685,-110.796385,10,9190 E. Old Spanish Trail Tucson AZ US
6371417861,2017-11-02 16:24,https://tucson.craigslist.org/apa/d/eastside-living-at-an/6371417861.html,Eastside living at an affordable price! 1 bedroom available now!,839,East Tucson,1,769,1,32.208685,-110.796385,10,9190 E. Old Spanish Trail Tucson AZ US
6371404762,2017-11-02 16:22,https://tucson.craigslist.org/apa/d/spacious-1-bedroom-apartment/6371404762.html,Spacious 1 Bedroom Apartment!!,479,,1,470,1,32.133870,-110.970959,10,180 W Valencia RD Tucson AZ US
6371415662,2017-11-02 16:22,https://tucson.craigslist.org/apa/d/1-bedroom-2-blocks-from-of/6371415662.html,1 Bedroom 2 blocks from U of A- It's a Must See!,875,Drachman,1,544,1,32.239575,-110.953546,10,1201 E. Drachman St Tucson AZ US
6371415197,2017-11-02 16:22,https://tucson.craigslist.org/apa/d/courtesy-night-patrol-24-hour/6371415197.html,"Courtesy Night Patrol, 24 Hour Emergency Maintenance, Playground",565,"1800 South Pantano Road, Tucson, AZ 85710",1,500,1,32.199685,-110.825961,5,1800 South Pantano Road Tucson AZ US
6371407093,2017-11-02 16:21,https://tucson.craigslist.org/apa/d/one-bedroom-apartments/6371407093.html,ONE BEDROOM APARTMENTS AVAILABLE!! GREAT MOVE IN SPECIALS!!,530,East Tucson,1,500,1,32.191876,-110.852753,10,6502 E Golf Links Tucson AZ US
6371412609,2017-11-02 16:19,https://tucson.craigslist.org/apa/d/now-preleasing-2-bedroom/6371412609.html,NOW PRELEASING 2 BEDROOM APARTMENTS! YOU WILL ENJOY LIVING HERE!,895,415 E. UNIVERSITY BLVD,2,754,1,32.231675,-110.965247,15,UNIVERSITY BLVD at 4TH AVE TUCSON AZ US
6371412138,2017-11-02 16:19,https://tucson.craigslist.org/apa/d/get-on-the-waitlist-to/6371412138.html,GET ON THE WAITLIST TO RESERVE YOUR APARTMENT FOR THE SPRING SEMESTER!,695,415 E. UNIVERSITY BLVD,1,520,1,32.231675,-110.965247,15,UNIVERSITY BLVD at 4TH AVE TUCSON AZ US
6371411448,2017-11-02 16:18,https://tucson.craigslist.org/apa/d/its-not-to-early-to-get-on/6371411448.html,IT'S NOT TO EARLY TO GET ON THE WAITLIST FOR THE 2018/2019 SEMESTER!,615,415 E. UNIVERSITY BLVD,1,440,1,32.231675,-110.965247,15,UNIVERSITY BLVD at 4TH AVE TUCSON AZ US
6371402263,2017-11-02 16:16,https://tucson.craigslist.org/apa/d/an-upstairs-two-bedroom-one/6371402263.html,An Upstairs Two Bedroom One Bathroom Apartment!,625,Montclair,2,725,1,32.231888,-110.909545,10,835 N. Alvernon Way Tucson AZ US
6363571256,2017-11-02 16:16,https://tucson.craigslist.org/apa/d/midtown-house-on-large-lot/6363571256.html,Midtown house on large lot,850,5215 E. Fairmount,2,900,1,32.239964,-110.881160,5,Fairmount at Rosemont Tucson AZ US
6371407227,2017-11-02 16:15,https://tucson.craigslist.org/apa/d/november-is-here-so-are-our/6371407227.html,November Is Here & So Are Our Specials! Come Take A Tour To Find Out!,1095,Springs at Continental Ranch,2,1000,2,32.349289,-111.096686,10,7901 N. Cortaro Rd. Tucson AZ US
6371396145,2017-11-02 16:14,https://tucson.craigslist.org/apa/d/move-in-ready/6371396145.html,MOVE-IN READY!!!!,675,,2,863,2,32.235176,-110.819159,10,8110 E Speedway Blvd Tucson AZ US
6371406236,2017-11-02 16:14,https://tucson.craigslist.org/apa/d/today-only2500-off-two/6371406236.html,Today Only...$25.00 off Two Bedroom Two Bath Ready Immediately!!!,749,550 S. Camino Seco,2,1250,2,32.214260,-110.806821,10,550 S Camino Seco Tucson AZ US
6371402828,2017-11-02 16:11,https://tucson.craigslist.org/apa/d/best-priced-housing-close-to/6371402828.html,BEST PRICED HOUSING CLOSE TO CAMPUS!,594,Tucson,4,1392,4,32.231775,-110.971447,10,1 W. University Blvd. Tucson AZ US
6371402663,2017-11-02 16:11,https://tucson.craigslist.org/apa/d/visit-your-new-home/6371402663.html,Visit Your New Home!!!,599,,2,676,1,32.133870,-110.970959,10,180 W Valencia RD Tucson AZ US
6371401750,2017-11-02 16:10,https://tucson.craigslist.org/apa/d/today-only2500-off-two/6371401750.html,Today Only...$25.00 off Two Bedroom Two Bath Ready Immediately!!!,749,550 S. Camino Seco,2,1250,2,32.214260,-110.806821,10,550 S Camino Seco Tucson AZ US
6364901133,2017-11-02 16:10,https://tucson.craigslist.org/apa/d/washer-and-dryer-in-your-new/6364901133.html,Washer and dryer in your new apartment home. How can you say no??,775,Tucson,2,900,2,32.222901,-110.819249,10,207 N. Maguire Ave. Tucson AZ US
6371401245,2017-11-02 16:09,https://tucson.craigslist.org/apa/d/save-up-to-514-on-your-move-in/6371401245.html,SAVE UP TO $514 ON YOUR MOVE IN!!!!!!!,650,,2,803,1,32.235176,-110.819159,10,8110 E Speedway Blvd Tucson AZ US
6371401016,2017-11-02 16:09,https://tucson.craigslist.org/apa/d/near-st-marys-hospital/6371401016.html,Near St. Mary's Hospital/Downtown,500,1345 W. Emery St.,0,0,1,32.225636,-110.993725,5,1345 W. Emery Street Tucson AZ US
6371400557,2017-11-02 16:09,https://tucson.craigslist.org/apa/d/who-doesnt-love-free-rent/6371400557.html,Who doesn't love free rent!!!,599,,1,676,1,32.133870,-110.970959,10,180 W Valencia RD Tucson AZ US
6371399138,2017-11-02 16:08,https://tucson.craigslist.org/apa/d/today-only2500-off-two/6371399138.html,Today Only...$25.00 off Two Bedroom Two Bath Ready Immediately!!!,749,550 S. Camino Seco,2,1250,2,32.214260,-110.806821,10,550 S Camino Seco Tucson AZ US
6371399083,2017-11-02 16:08,https://tucson.craigslist.org/apa/d/maguire-hill-is-your-hidden/6371399083.html,Maguire Hill is your hidden oasis with the perfect location!,775,Tucson,2,900,2,32.222901,-110.819249,10,207 N. Maguire Ave. Tucson AZ US
6371341996,2017-11-02 16:06,https://tucson.craigslist.org/apa/d/brand-new-condition-two-room/6371341996.html,Brand New Condition Two Room 3 Shower Apt,550,tucson House Rent Appartment,2,1400,3,32.213800,-110.824000,22,
6371397206,2017-11-02 16:06,https://tucson.craigslist.org/apa/d/brand-new-3-story-townhomes/6371397206.html,Brand New 3 Story Townhomes! ONLY 2 LEFT AT REDUCED RATES,1899,Downtown Tucson,2,1503,2.5,32.218976,-110.970547,10,201 S. Stone Ave. Tucson AZ US
6371396672,2017-11-02 16:05,https://tucson.craigslist.org/apa/d/check-out-these-deals-on/6371396672.html,***Check out these deals on select 2 bedrooms***,479,,1,470,1,32.133870,-110.970959,10,180 W Valencia RD Tucson AZ US
6371396144,2017-11-02 16:05,https://tucson.craigslist.org/apa/d/weve-found-your-next/6371396144.html,"We've found your next apartment, and it's amazing! 201 South Kolb Rd.",575,Tucson,1,566,1,32.218376,-110.840842,10,201 S Kolb Rd Tucson AZ US
6371396083,2017-11-02 16:05,https://tucson.craigslist.org/apa/d/today-only2500-off-two/6371396083.html,Today Only...$25.00 off Two Bedroom Two Bath Ready Immediately!!!,749,550 S. Camino Seco,0,1250,,32.214260,-110.806821,10,550 S Camino Seco Tucson AZ US
