pid,dt,url,title,price,neighb,beds,sqft,baths,lat,lng,accuracy,address
6371318285,2017-11-02 17:00,https://tulsa.craigslist.org/apa/d/apartments-available-in/6371318285.html,"► Apartments available in TulsaPrivate Balcony, 9' Ceilings",1280,"5091 South 136th East Avenue, Tulsa, OK 74134",3,1378,2,36.116200,-95.822500,5,5091 South 136th East Avenue Tulsa OK US
6340896058,2017-11-02 16:59,https://tulsa.craigslist.org/apa/d/hashtag-three-bedroom-amazing/6340896058.html,HASHTAG# THREE BEDROOM! AMAZING PRICES,989,OAKMONT,3,1083,2,36.172100,-95.727300,22,
6341137144,2017-11-02 16:59,https://tulsa.craigslist.org/apa/d/distinguishing-affordable/6341137144.html,DISTINGUISHING AFFORDABLE LUXURY WITH HUGE LAYOUT!,975,NO CREDIT/BAD CREDIT OK,0,1760,,36.694600,-95.640400,22,
6345968475,2017-11-02 16:57,https://tulsa.craigslist.org/apa/d/planta-grande-primer-piso/6345968475.html,Planta Grande - Primer Piso - Hablamos Espanol,420,,1,700,1,36.146176,-95.867340,10,9743 E 12th St Tulsa OK US
6371300871,2017-11-02 16:55,https://tulsa.craigslist.org/apa/d/1-2-off-app-admin-1-month/6371300871.html,1/2 off app & admin & 1 month free rent on ready units! Until 11/11!,540,1703 South Jackson Ave,0,0,,36.137522,-96.003301,10,1703 South Jackson Ave Tulsa OK US
6359396816,2017-11-02 16:55,https://tulsa.craigslist.org/apa/d/fully-remodeled-duplux-for/6359396816.html,Fully Remodeled Duplux for Rent,950,6606 S Victor Ave,3,1500,2,36.068250,-95.965276,5,
6371302910,2017-11-02 16:48,https://tulsa.craigslist.org/apa/d/first-months-rent-only-9900/6371302910.html,First Month's Rent only $99.00 Ivy Place Apartments,499,139 N Garnett Rd,1,740,1,36.162547,-95.851246,10,139 North Garnett Road Tulsa OK US
6371302406,2017-11-02 16:47,https://tulsa.craigslist.org/apa/d/beautiful-tulsa-apartments/6371302406.html,"֍ Beautiful Tulsa apartments, Wooded Views Available, Dishwasher",905,"5091 South 136th East Avenue, Tulsa, OK 74134",2,1012,2,36.116200,-95.822500,5,5091 South 136th East Avenue Tulsa OK US
6371302142,2017-11-02 16:47,https://tulsa.craigslist.org/apa/d/home-very-clean-w-tulsa/6371302142.html,HOME VERY CLEAN S/W TULSA,639,I44 & 33rd WAve,2,800,1,36.093083,-96.030121,0,
6371298021,2017-11-02 16:44,https://tulsa.craigslist.org/apa/d/parc-at-east-51st-in-tulsa/6371298021.html,"❄ Parc at East 51st in Tulsa, Clubroom With Pool Table, Dishwasher",1280,"5091 South 136th East Avenue, Tulsa, OK 74134",3,1378,2,36.116200,-95.822500,5,5091 South 136th East Avenue Tulsa OK US
6371151169,2017-11-02 16:43,https://tulsa.craigslist.org/apa/d/very-nice-rental-available/6371151169.html,VERY NICE RENTAL AVAILABLE TODAY,800,,3,1300,2,36.094800,-95.965500,22,
6341957650,2017-11-02 16:42,https://tulsa.craigslist.org/apa/d/todos-biles-pagados-especial/6341957650.html,**Todos Biles Pagados! Especial de $250! Cerca 1-69!!**,625,4414 s garnett rd,1,700,1,36.098853,-95.851077,10,4414 s garnett rd tulsa OK US
6371294981,2017-11-02 16:41,https://tulsa.craigslist.org/apa/d/stop-collaborate-listen-we/6371294981.html,STOP! Collaborate & Listen! We got a special that you cant be missin'!,579,,1,675,1,36.060500,-95.945200,22,
6371293482,2017-11-02 16:40,https://tulsa.craigslist.org/apa/d/call-the-movers-you-just/6371293482.html,Call The Movers! You Just Found Your New Apartment Home! ☏,773,South Tulsa,2,1130,2,36.046400,-95.872446,10,9303 E 81st Street Tulsa OK US
6354335788,2017-11-02 16:40,https://tulsa.craigslist.org/apa/d/brand-new-4-br-2-ba-simmons/6354335788.html,Brand New 4 BR 2 BA Simmons Home -  Community Pool - 3 Car Garage,1068,Broken Arrow,4,1967,2,35.978961,-95.832131,5,
6371285392,2017-11-02 16:39,https://tulsa.craigslist.org/apa/d/brand-new-lofts-and/6371285392.html,Brand New Lofts and Penthouses! 2nd Phase Now Open!,1099,Tulsa,1,0,1,36.154069,-95.985880,10,401 South Elgin Ave Tulsa OK US
6371286861,2017-11-02 16:35,https://tulsa.craigslist.org/apa/d/dont-delay-move-in-today-2/6371286861.html,"""Don't Delay Move-In Today 2 Bedrooms Immediate Move-In $575""",575,6609 S. Lewis,1,814,1,36.060500,-95.945200,22,
6355986122,2017-11-02 16:28,https://tulsa.craigslist.org/apa/d/completely-remodeled/6355986122.html,Completely Remodeled Riverside Apartment Available Now **Reduced**,450,61st and Riverside,2,1000,1,36.069569,-95.978119,10,6443 S Newport Ave Tulsa OK US
6331815969,2017-11-02 16:28,https://tulsa.craigslist.org/apa/d/large-updated-riverside-2-1/6331815969.html,"Large, Updated Riverside 2/1 w/ Central Heat/Air Avail Now - REDUCED!",495,61st and Riverside,2,1000,1,36.069569,-95.978119,10,6443 S Newport Ave Tulsa OK US
6371276598,2017-11-02 16:28,https://tulsa.craigslist.org/apa/d/great-apartments-located-in/6371276598.html,"☀ Great apartments located in Tulsa, Hardwood Flooring, Dark Cabinetry",905,"5091 South 136th East Avenue, Tulsa, OK 74134",2,1012,2,36.116200,-95.822500,5,5091 South 136th East Avenue Tulsa OK US
6371276406,2017-11-02 16:27,https://tulsa.craigslist.org/apa/d/live-the-dream-life-in-our/6371276406.html,Live the dream life in our gorgeous LOFT! Stop by for a tour!,1299,Downtown Tulsa,2,0,2,36.154069,-95.985880,10,401 South Elgin Ave Tulsa OK US
6371272281,2017-11-02 16:24,https://tulsa.craigslist.org/apa/d/studio-apartment-available-now/6371272281.html,STUDIO APARTMENT AVAILABLE NOW,395,MUSKOGEE,0,452,,35.772895,-95.319845,10,3711 CLUB ESTATES DRIVE MUSKOGEE OK US
6371270466,2017-11-02 16:23,https://tulsa.craigslist.org/apa/d/two-bedroom-one-bath/6371270466.html,TWO BEDROOM ONE BATH APARTMENT WITH HOOKUPS AVAILABLE NOW,549,MUSKOGEE,0,833,,35.772895,-95.319845,10,3711 CLUB ESTATES DRIVE MUSKOGEE OK US
6371268895,2017-11-02 16:22,https://tulsa.craigslist.org/apa/d/two-bedroom-townhouse-with/6371268895.html,TWO BEDROOM TOWNHOUSE WITH HOOKUPS AVAILABLE NOW,579,MUSKOGEE,0,1076,,35.772895,-95.319845,10,3711 CLUB ESTATES DRIVE MUSKOGEE OK US
6371267479,2017-11-02 16:21,https://tulsa.craigslist.org/apa/d/two-bedroom-two-bath/6371267479.html,TWO BEDROOM TWO BATH APARTMENT AVAILABLE NOW,896,MUSKOGEE,0,896,,35.772895,-95.319845,10,3711 CLUB ESTATES DRIVE MUSKOGEE OK US
6371267373,2017-11-02 16:21,https://tulsa.craigslist.org/apa/d/3-bedrooms-washer-and-dryer/6371267373.html,3 Bedrooms!!! Washer and Dryer Included!  Pet Friendly!,1036,Broken Arrow,3,1200,2,36.074736,-95.759346,7,East Albany at 193rd Broken Arrow OK US
6371266690,2017-11-02 16:20,https://tulsa.craigslist.org/apa/d/two-bath-full-size-washer/6371266690.html,"Two Bath, Full Size Washer Dryer, Amazing Special!----UPDATED!",809,Broken Arrow,2,1000,2,36.074771,-95.759325,5,
6371264835,2017-11-02 16:19,https://tulsa.craigslist.org/apa/d/one-bedroom-apartment-with/6371264835.html,ONE BEDROOM APARTMENT WITH HOOKUPS AVAILABLE NOW,480,MUSKOGEE,0,669,,35.772895,-95.319845,10,3711 CLUB ESTATES DRIVE MUSKOGEE OK US
6371255727,2017-11-02 16:12,https://tulsa.craigslist.org/apa/d/12-3-bedrooms-available-now/6371255727.html,"1,2 & 3 Bedrooms Available Now!!",690,101 Carlyle Drive,0,710,,,,,
6371251018,2017-11-02 16:09,https://tulsa.craigslist.org/apa/d/gorgeous-craftsman-style/6371251018.html,Gorgeous Craftsman Style Carnegie Home,1600,3617 E. 56th Street,5,4208,3,36.083130,-95.934634,5,56th at harvard tulsa OK US
6371246429,2017-11-02 16:05,https://tulsa.craigslist.org/apa/d/broken-arrow-4-bedroom-or-3/6371246429.html,Broken Arrow 4 Bedroom or 3 Bedroom with Office!,995,"Broken Arrow, OK",4,1400,2,36.036937,-95.810480,5,1620 S. Poplar Ave Broken Arrow OK US
6371243523,2017-11-02 16:03,https://tulsa.craigslist.org/apa/d/dont-miss-this-rent-special-3/6371243523.html,Don't Miss This Rent Special!!! 3 Bedroom/2 Full Bath,590,Bartlesville,3,1060,2,36.745882,-95.967786,5,Adams at Choctaw Bartlesville OK US
6353672823,2017-11-02 16:01,https://tulsa.craigslist.org/apa/d/spacious-homes-available-now/6353672823.html,Spacious homes available NOW at Green Country!,609,"Green Country - Pryor, OK",3,1216,2,36.292100,-95.312900,0,
6353661406,2017-11-02 16:01,https://tulsa.craigslist.org/apa/d/this-3-br-home-is-ready-for/6353661406.html,This 3 BR home is ready for you NOW!,609,"Green Country -- Pryor, OK",3,1216,2,36.314647,-95.318714,10,
6368538515,2017-11-02 16:01,https://tulsa.craigslist.org/apa/d/freshly-renovated-3-br-2br/6368538515.html,Freshly renovated 3 BR/2BR available today!,609,"Green Country -- Pryor, OK",3,1216,2,36.314647,-95.318714,0,
