pid,dt,url,title,price,neighb,beds,sqft,baths,lat,lng,accuracy,address
6364659509,2017-11-02 16:21,https://twinfalls.craigslist.org/apa/d/nice-open-floorpan-3-bed-2/6364659509.html,Nice Open Floorpan 3 Bed/ 2 Bth w/ Vaulted ceilings and Large Fenced Y,1195,Twin Falls,3,1470,2,,,,
6364525837,2017-11-02 16:20,https://twinfalls.craigslist.org/apa/d/beautiful-3-bedroom-2-bath/6364525837.html,Beautiful 3 Bedroom/2 Bath duplex in Twin Falls!,1100,Twin falls,3,1300,2,,,,
6362116141,2017-11-02 16:13,https://twinfalls.craigslist.org/apa/d/nice-open-floorpan-3-bed-2/6362116141.html,Nice Open Floorpan 3 Bed/ 2 Bth w/ Vaulted ceilings and Large Fenced Y,1195,Twin Falls,3,1470,2,,,,
6361851593,2017-11-02 16:13,https://twinfalls.craigslist.org/apa/d/lovely-3-bed-2-bath-in/6361851593.html,Lovely 3 Bed/ 2 Bath in Caldwell w/Open Floorplan! Must See!!!,1250,Caldwell,3,1102,2,,,,
6361841727,2017-11-02 16:13,https://twinfalls.craigslist.org/apa/d/grand-4-bed-25-bath-formal/6361841727.html,"Grand 4 bed, 2.5 bath w/ Formal Dining, Den/Office, Bonus Room, & Beau",1785,Meridian,4,2100,2.5,,,,
6361832554,2017-11-02 16:12,https://twinfalls.craigslist.org/apa/d/beautiful-3-bedroom-2-bath/6361832554.html,Beautiful 3 Bedroom/2 Bath duplex in Twin Falls!,1100,Twin Falls,3,1300,2,,,,
6368559771,2017-11-02 16:11,https://twinfalls.craigslist.org/apa/d/nice-open-floorpan-3-bed-2/6368559771.html,Nice Open Floorpan 3 Bed/ 2 Bth w/ Vaulted ceilings and Large Fenced Y,1195,Twin Falls,3,1470,2,,,,
6368632292,2017-11-02 16:10,https://twinfalls.craigslist.org/apa/d/beautiful-3-bedroom-2-bath/6368632292.html,Beautiful 3 Bedroom/2 Bath duplex in Twin Falls!,1000,Twin Falls,3,1300,2,,,,
