pid,dt,url,title,price,neighb,beds,sqft,baths,lat,lng,accuracy,address
6371224191,2017-11-02 16:49,https://utica.craigslist.org/apa/d/1-bedroom-apartment-private/6371224191.html,1 Bedroom Apartment (Private),450,Little Falls,1,0,1,43.047400,-74.860600,22,
6371060136,2017-11-02 16:45,https://utica.craigslist.org/apa/d/3-br-home-available-for-rent/6371060136.html,▰ 3 Br 'home Available_ for rent! ▰,400,utica,3,0,2,43.087100,-75.231500,22,
6359524696,2017-11-02 16:33,https://utica.craigslist.org/apa/d/newer-home-remodeled-1-mile/6359524696.html,Newer Home remodeled 1 mile Lake Rights Oneida Lake,900,CANASTOTA,0,800,,43.087800,-75.760200,22,
6371187309,2017-11-02 16:24,https://utica.craigslist.org/apa/d/2bedrm-utilities-washerdryer/6371187309.html,2Bedrm w/ Utilities + washer&dryer,750,Oriskany,2,0,1,,,,
6371026912,2017-11-02 16:24,https://utica.craigslist.org/apa/d/must-see-nice-3-4-bed-room/6371026912.html,♭ ^must See^! Nice 3-4 Bed Room Home for Ȑenŧ. Large Balcony!,400,utica,3,0,2,43.087100,-75.231500,22,
6371151314,2017-11-02 16:14,https://utica.craigslist.org/apa/d/1000ft2-loft-apartment-in-the/6371151314.html,1000ft2 Loft apartment in the historic Bagg square district,850,bagg square district,1,1000,1,43.103011,-75.227973,10,
6371064044,2017-11-02 16:04,https://utica.craigslist.org/apa/d/must-see-nice-3-4-bdrm-house/6371064044.html,☬ +must See+! Nice 3-4 Bdrm House!! for Rent. Large Balcony! ☬,400,utica,3,0,2,43.087100,-75.231500,22,
