pid,dt,url,title,price,neighb,beds,sqft,baths,lat,lng,accuracy,address
6371424116,2017-11-02 16:39,https://ventura.craigslist.org/apa/d/room-for-rent-in-oxnard/6371424116.html,Room for Rent in Oxnard!,650,,1,0,shared,,,,
6371433140,2017-11-02 16:38,https://ventura.craigslist.org/apa/d/renovated-great-floor-plan/6371433140.html,Renovated  Great Floor Plan 1x1   W/D  included . Available 11/11/17,1945,THOUSAND OAKS,1,756,1,34.174321,-118.870114,10,300 Rolling Oaks Dr Thousand Oaks CA US
6371430467,2017-11-02 16:36,https://ventura.craigslist.org/apa/d/immediate-move-in-1st-floor/6371430467.html,"Immediate Move In, 1st Floor One Bedroom!!!",1526,Oxnard,1,616,1,34.194269,-119.180181,5,711 South B Street Oxnard CA US
6371429625,2017-11-02 16:35,https://ventura.craigslist.org/apa/d/special-beautiful-11/6371429625.html,SPECIAL - Beautiful 1+1 apartment close to ALL amentities!!!!! i1,1577,Camarillo,1,672,1,,,,
6371427410,2017-11-02 16:33,https://ventura.craigslist.org/apa/d/studio-apartment-large/6371427410.html,Studio Apartment Large!!!,1650,Newbury Park,0,550,1,34.187247,-118.922407,10,2088 W Hillcrest Dr Newbury Park CA US
6371421660,2017-11-02 16:28,https://ventura.craigslist.org/apa/d/new-home-with-pool-view/6371421660.html,A NEW HOME WITH A POOL VIEW! TOURING ALL DAY!,2035,MOORPARK,2,820,2,34.276470,-118.882041,15,MAJESTIC COURT at MOORPARK MOORPARK CA US
6356453011,2017-11-02 16:26,https://ventura.craigslist.org/apa/d/stunning-amenities-great/6356453011.html,"Stunning Amenities, Great Location, We're Pet Friendly at Colony Parc!",2160,848 Weber Circle,2,1020,2,34.264831,-119.229189,10,848 Weber Circle Ventura CA US
6339160376,2017-11-02 16:25,https://ventura.craigslist.org/apa/d/gather-your-family-and/6339160376.html,Gather your family and friends this Holiday Season! It's Moving time!,1635,848 Weber Circle,1,520,1,34.264831,-119.229189,10,848 Weber Circle Ventura CA US
6356460055,2017-11-02 16:24,https://ventura.craigslist.org/apa/d/spectacular-amenities-at/6356460055.html,"Spectacular Amenities at Colony Parc! Pet Friendly,Close to Everything",2160,848 Weber Circle,2,1020,2,34.264831,-119.229189,10,848 Weber Circle Ventura CA US
6371406983,2017-11-02 16:22,https://ventura.craigslist.org/apa/d/199-special-security-deposit/6371406983.html,*** $199 SPECIAL Security Deposit *** 2 Bed / 2 Bath ending SOON!,2213,"Simi Valley, CA",2,1062,2,34.285162,-118.771305,5,1579 E Jefferson Way Simi Valley CA US
6371408664,2017-11-02 16:16,https://ventura.craigslist.org/apa/d/renovatedoff-first-month-call/6371408664.html,"RENOVATED 3+2, $500 OFF FIRST MONTH, CALL TODAY!!",2855,Thousand Oaks,3,1600,2.5,34.185813,-118.871148,15,Laurie Ln. at Wilbur St. Thousand Oaks CA US
6371406400,2017-11-02 16:14,https://ventura.craigslist.org/apa/d/beautiful-open-2-bedroom-15/6371406400.html,"Beautiful open 2 bedroom 1.5 bath, steal this deal!! L1",1765,Camarillo,2,880,1.5,,,,
6371399761,2017-11-02 16:08,https://ventura.craigslist.org/apa/d/studio/6371399761.html,Studio,950,Newbury park,1,2020,1,,,,
6371394680,2017-11-02 16:04,https://ventura.craigslist.org/apa/d/ablehomefenced/6371394680.html,&&ABLEHOME&Fenced backyard&remodeled floor&basement&Good,1540,"Varsity St, Ventura, CA",3,2082,2,34.284600,-119.222200,22,
6371391972,2017-11-02 16:01,https://ventura.craigslist.org/apa/d/ablehomefenced/6371391972.html,&&ABLEHOME&Fenced backyard&remodeled floor&basement&Good,1540,"Varsity St, Ventura, CA",3,2082,2,34.284600,-119.222200,22,
