pid,dt,url,title,price,neighb,beds,sqft,baths,lat,lng,accuracy,address
6371221595,2017-11-02 16:57,https://vermont.craigslist.org/apa/d/2-bed-2-bath-in-unit-laundry/6371221595.html,2 bed 2 bath in unit laundry apartment,1575,Waterbury,2,0,2,,,,
6371147772,2017-11-02 16:57,https://vermont.craigslist.org/apa/d/single-one-bedroom-3rd-floor/6371147772.html,Single One Bedroom 3rd floor Apartment,600,"Bellows Falls, VT",1,0,1,43.126122,-72.440757,10,17 Granger Street Bellows Falls VT US
6360734530,2017-11-02 16:53,https://vermont.craigslist.org/apa/d/apt-or-whole-house-in-dorset/6360734530.html,Apt. or whole house in E. Dorset for rent,1000,East Dorset,3,1250,1,43.239419,-73.009386,5,
6371222865,2017-11-02 16:49,https://vermont.craigslist.org/apa/d/lovely-furnished-loft/6371222865.html,Lovely furnished loft apartment available Dec 17th,1200,Thetford,1,864,1,43.885800,-72.270000,22,1017 Barker Rd. Post ills VT US
6365491109,2017-11-02 16:12,https://vermont.craigslist.org/apa/d/burlington-3-bedroom/6365491109.html,"Burlington 3 Bedroom Apartment-Walk to UVM, Hospital-Large/Clean",2475,"307 Colchester Avenue, Burlington",3,0,1,44.483249,-73.189459,5,Colchester Avenue Burlington VT US
6361423030,2017-11-02 16:12,https://vermont.craigslist.org/apa/d/fabulous-3-bedroom-farmhouse/6361423030.html,"Fabulous 3 bedroom farmhouse with two bathrooms, sun-room, dining room",1950,1244 Silver Street Extension Monkton,3,0,2,44.240400,-73.134700,22,1244 Bristol Rd. Monkotn VT US
6365500428,2017-11-02 16:12,https://vermont.craigslist.org/apa/d/burlington-4-bedroom-aparment/6365500428.html,"Burlington 4 Bedroom Aparment-Walk to UVM, Hospital",3200,"303 Colchester Avenue, Burlington",4,0,1,44.483280,-73.189502,5,Colchester Avenue Burlington VT US
6371162218,2017-11-02 16:06,https://vermont.craigslist.org/apa/d/if-you-like-the-beach/6371162218.html,"If you like the Beach, Kayaking, Bikepath, Park, and on site laundry",895,46 Conger Ave. Apt. 22 Burlington,2,0,1,44.460082,-73.219435,5,Conger Ave at Wright Avenue. Burlington VT US
6352727127,2017-11-02 16:06,https://vermont.craigslist.org/apa/d/86-pitkin-1-large-3-bedroom/6352727127.html,86 Pitkin #1-Large 3 Bedroom Downtown-Available November 1st 2017,1950,86 Pitkin St,3,0,1,44.486840,-73.220374,10,86 Pitkin Burlington VT US
6343431316,2017-11-02 16:06,https://vermont.craigslist.org/apa/d/100-north-street-6-renovated/6343431316.html,100 North Street #6-Renovated One Bedroom-November 15th 2017,1300,100 North Street,1,0,1,44.484589,-73.218045,10,100 North Street Burlington VT US
6352732327,2017-11-02 16:06,https://vermont.craigslist.org/apa/d/86-pitkin-2-renovated-2/6352732327.html,86 Pitkin #2-Renovated 2 Bedroom 2 Bath-Available December 1st 2017,1750,86 Pitkin St,2,0,2,44.486840,-73.220374,10,86 Pitkin Burlington VT US
6354247655,2017-11-02 16:06,https://vermont.craigslist.org/apa/d/114-buell-street-large-1/6354247655.html,114 Buell Street-Large 1 Bedroom-Available November 1st 2017,1350,114 Buell Street,1,0,1,44.479176,-73.206669,10,114 Buell Street Burlington VT US
6363170399,2017-11-02 16:06,https://vermont.craigslist.org/apa/d/53-saint-mary-st-beautiful/6363170399.html,53 Saint Mary St - BEAUTIFUL 3BR TOWNHOUSE! June 1st 2018,2150,53 Saint Mary St,3,0,1.5,44.490231,-73.210493,10,53 Saint Mary St Burlington VT US
6371154274,2017-11-02 16:01,https://vermont.craigslist.org/apa/d/single-bedroom-for-rent-in/6371154274.html,Single bedroom for rent in Colchester,950,106 College parkway #7,0,0,,44.536000,-73.202200,22,
