pid,dt,url,title,price,neighb,beds,sqft,baths,lat,lng,accuracy,address
6371310851,2017-11-02 16:54,https://waco.craigslist.org/apa/d/life-just-got-better-luxe/6371310851.html,Life just got better @ Luxe.. Amazing specials for November move ins!,1105,WACO,2,947,1,31.517100,-97.119800,22,1300 PLACID CIRCLE Waco TX US
6371295185,2017-11-02 16:42,https://waco.craigslist.org/apa/d/holiday-special-50-off/6371295185.html,Holiday Special 50% off December rent .  ****2 Bedrooms****,955,Waco,2,885,1.5,31.519343,-97.188788,10,344 Richland Dr. Waco TX US
6371289793,2017-11-02 16:37,https://waco.craigslist.org/apa/d/all-bills-paid-now-leasing-3/6371289793.html,ALL BILLS PAID ****NOW LEASING!!!  3 bedroom,1199,Waco,3,1107,2,31.519343,-97.188788,10,344 Richland Dr. Waco TX US
6349810070,2017-11-02 16:37,https://waco.craigslist.org/apa/d/cozy-up-in-your-new-one/6349810070.html,Cozy up in your new one bedroom just in time for the holidays! - $595,595,,1,456,1,31.640300,-97.096300,22,3500 Meyers Lane Lacy Lakeview TX US
6371277334,2017-11-02 16:28,https://waco.craigslist.org/apa/d/vantage-at-waco-upscale-living/6371277334.html,Vantage at Waco - Upscale Living,1075,,1,742,1,31.517100,-97.119800,22,
6371271212,2017-11-02 16:24,https://waco.craigslist.org/apa/d/stuff-yourself-with-specials/6371271212.html,🍂🍂 STUFF YOURSELF WITH SPECIALS at The Cove on 21st🍂,650,The Cove on 21st,2,835,2,31.525897,-97.124431,10,2425 South 21st at Primrose Waco TX US
6371265668,2017-11-02 16:20,https://waco.craigslist.org/apa/d/move-in-today-no-deposit-half/6371265668.html,MOVE-IN TODAY!! NO DEPOSIT!! HALF OFF APP FEE!!,745,5000 Sanger Ave,1,600,1,31.526824,-97.181041,15,Sanger at Towne Oaks Waco TX US
6368359343,2017-11-02 16:19,https://waco.craigslist.org/apa/d/99-move-in-specialvillage-1/6368359343.html,$99 MOVE-IN SPECIAL(Village 1 Flat),975,waco,2,905,2,31.542775,-97.126186,10,1301 S 11th st waco TX US
6368656415,2017-11-02 16:19,https://waco.craigslist.org/apa/d/99-move-in-special/6368656415.html,$99 MOVE-IN SPECIAL,650,waco,1,509,1,31.542640,-97.126030,10,1321 s 11th st waco TX US
6368449234,2017-11-02 16:19,https://waco.craigslist.org/apa/d/99-move-in-special-stop-by/6368449234.html,$99 MOVE-IN SPECIAL ; stop by today!,650,waco,1,509,1,31.542640,-97.126030,10,1321 s 11th st waco TX US
6368431191,2017-11-02 16:17,https://waco.craigslist.org/apa/d/great-holiday-specials-one/6368431191.html,Great Holiday Specials! One bedrooms! All bills paid! just $695!!,695,,1,456,1,31.640300,-97.096300,22,3500 Meyers Lane Lacy Lakeview TX US
6362055555,2017-11-02 16:16,https://waco.craigslist.org/apa/d/we-offer-all-bills-paid/6362055555.html,We offer all bills paid! Beautiful one bedrooms! Just $695!,695,,0,0,,31.640300,-97.096300,22,3500 Meyers Lane Lacy Lakeview TX US
6349757194,2017-11-02 16:14,https://waco.craigslist.org/apa/d/discover-how-lease-option-can/6349757194.html,Discover how a Lease-Option can Work For You,555,4522 Springfield,3,1200,2,35.203200,-101.842100,22,
6371251637,2017-11-02 16:09,https://waco.craigslist.org/apa/d/furnished-studio-only-2-month/6371251637.html,Furnished Studio - Only 2 Month Minimum!,1155,"5903 Woodway Dr. Waco, TX",0,0,,31.505100,-97.231100,22,
6371241557,2017-11-02 16:02,https://waco.craigslist.org/apa/d/one-bedroom-available-for/6371241557.html,One bedroom! Available for immediate move in! Just $595,595,,1,0,1,31.640300,-97.096300,22,3500 Meyers Lane Lacy Lakeview TX US
