pid,dt,url,title,price,neighb,beds,sqft,baths,lat,lng,accuracy,address
6351559191,2017-11-02 16:51,https://watertown.craigslist.org/apa/d/southside-1-bedroom/6351559191.html,"Southside, 1 bedroom",565,Watertown,1,0,1,43.974300,-75.912200,22,
6371194245,2017-11-02 16:29,https://watertown.craigslist.org/apa/d/utilities-included-2-br-1/6371194245.html,Utilities included!! 2 BR 1 Bath upper apartment for Rent [13MAIN-2],1000,Carthage,2,0,1,43.974574,-75.616362,10,
6371192076,2017-11-02 16:27,https://watertown.craigslist.org/apa/d/4-5-br-2-bath-home-for-rent/6371192076.html,4-5 BR 2 Bath Home for Rent [195MEC-H],1250,Watertown,4,0,2,43.974803,-75.903484,10,195 Mechanic Street Watertown NY US
6371186161,2017-11-02 16:23,https://watertown.craigslist.org/apa/d/1-br-1-bath-apartment-for/6371186161.html,1 BR 1 Bath Apartment for Rent [608MER],600,Clayton,1,0,1,44.238215,-76.082610,10,608 Merrick Clayton NY US
6371185707,2017-11-02 16:23,https://watertown.craigslist.org/apa/d/october-special-move-inbr-1/6371185707.html,October special-move in 1/2! 2 BR 1 Bath Apartment for Rent [320WIN-2],850,Watertown,2,0,1,43.968486,-75.904652,10,320 Winslow Street Watertown NY US
6371183440,2017-11-02 16:21,https://watertown.craigslist.org/apa/d/4-bedroom-homes/6371183440.html,4 Bedroom Homes,1145,,4,1525,2.5,44.026500,-75.849900,22,
6371179827,2017-11-02 16:19,https://watertown.craigslist.org/apa/d/3-bedroom-silver-home/6371179827.html,3 Bedroom Silver Home,1195,,3,1354,2.5,44.026500,-75.849900,22,
6371166360,2017-11-02 16:09,https://watertown.craigslist.org/apa/d/special-300-off-first-month/6371166360.html,SPECIAL* $300 Off First Month Rent!,665,Watertown / close to FT. Drum,2,0,1,43.966802,-76.004989,20,Arsenal Street at William Watertown NY US
