pid,dt,url,title,price,neighb,beds,sqft,baths,lat,lng,accuracy,address
6368254589,2017-11-02 16:59,https://wausau.craigslist.org/apa/d/upper-apartment/6368254589.html,Upper Apartment,550,Marshfield,2,0,1,44.667293,-90.151931,20,Weber Marshfield WI US
6371265934,2017-11-02 16:20,https://wausau.craigslist.org/apa/d/1br-lower-incl-all-utilities/6371265934.html,1BR Lower-Incl All Utilities,425,316 E 2nd,1,0,1,45.181029,-89.695594,5,2nd st at douglas st merrill WI US
6371245994,2017-11-02 16:05,https://wausau.craigslist.org/apa/d/this-cute-1-bedroom-apartment/6371245994.html,This cute 1 bedroom apartment is located on Becker Street in Rothschil,525,Rothschild,1,0,1,44.884447,-89.628591,10,17 Becker St Rothschild WI US
6371245890,2017-11-02 16:05,https://wausau.craigslist.org/apa/d/plover-2-bedroombath/6371245890.html,Plover 2 bedroom 1 1/2 bath townhouse with deck- W & D,800,2800 Maple Dr.,2,0,1.5,44.450042,-89.545195,10,2800 Maple Dr. Plover WI US
6371245805,2017-11-02 16:05,https://wausau.craigslist.org/apa/d/this-spacious-2-bedroom/6371245805.html,This spacious 2 bedroom apartment is located on Alexander Ave in Roths,675,Rothschild,2,0,1,44.888794,-89.624285,10,29 alexander ave rothschild WI US
6371245692,2017-11-02 16:05,https://wausau.craigslist.org/apa/d/wis-rapids-studio-heat-ac-and/6371245692.html,Wis Rapids Studio heat A.C. and garage,430,1430 21st. Ave. S.,0,0,1,44.388100,-89.922800,22,1430 21st Ave. S. Wis. Rapids WI US
6371245552,2017-11-02 16:05,https://wausau.craigslist.org/apa/d/this-roomy-2-bedroom/6371245552.html,This roomy 2 bedroom apartment is located on First Street in Rothschil,600,Rothschild,2,0,1,44.887531,-89.623635,10,202 1st St rothschild WI US
