pid,dt,url,title,price,neighb,beds,sqft,baths,lat,lng,accuracy,address
6371239406,2017-11-02 17:00,https://westernmass.craigslist.org/apa/d/available-january-1st-top/6371239406.html,Available January 1st-Top Floor Two Bedroom on Elm St. Northampton,1300,"Elm St. Northampton, MA",2,0,1,42.319869,-72.637955,20,Elm St. Northampton MA US
6371232707,2017-11-02 16:56,https://westernmass.craigslist.org/apa/d/free-heat-january-2018/6371232707.html,"FREE Heat! January 2018 Availability! Gym, Close to Amherst Center",1429,Amherst MA,2,850,1,42.349854,-72.527639,20,Brittany Manor Drive Amherst MA US
6371232567,2017-11-02 16:55,https://westernmass.craigslist.org/apa/d/850sqft-apartment-available/6371232567.html,850sqft Apartment Available! Free Heat! November Move In !!!,1429,Amherst Ma,2,850,1,42.382975,-72.617396,20,Brittany Manor Drive Amherst MA US
6371231528,2017-11-02 16:55,https://westernmass.craigslist.org/apa/d/open-housesingle-family-video/6371231528.html,"Open House,Single Family, video",1300,East Forest Park / Springfield,3,1537,1,,,,
6371230763,2017-11-02 16:54,https://westernmass.craigslist.org/apa/d/we-have-the-perfect-place-for/6371230763.html,WE HAVE THE PERFECT PLACE FOR YOU TO CALL HOME!,1400,,2,920,1,42.333757,-72.639878,10,73 BARRETT STREET NORTHAMPTON MA US
6371230580,2017-11-02 16:54,https://westernmass.craigslist.org/apa/d/available-now-two-bedroom-sf/6371230580.html,Available NOW-Two Bedroom SF Home on River Rd. Whately,850,"River Rd. Whately, Ma",2,0,1,42.475600,-72.615300,22,River Rd. Whately MA US
6371224568,2017-11-02 16:50,https://westernmass.craigslist.org/apa/d/were-the-change-youre-looking/6371224568.html,We're the Change You're Looking for ~ Come See the Difference!,985,Memorial Drive - Chicopee/South Hadley,0,0,1,,,,
6371209909,2017-11-02 16:46,https://westernmass.craigslist.org/apa/d/mobile-home-community-lot/6371209909.html,Mobile Home Community Lot Rentals in Pine Haven MHC,345,Castleton-On-Hudson,0,0,,,,,
6371214423,2017-11-02 16:43,https://westernmass.craigslist.org/apa/d/avail-dec-1-maycharming-1-bdr/6371214423.html,"Avail, Dec. 1-May 31,2018-Charming 1 Bdr Home North Main St. S. Hadley",1090,"North Main St. South Hadley, Ma",1,0,1,42.220033,-72.601069,20,North Main St. South Hadley MA US
6356168823,2017-11-02 16:42,https://westernmass.craigslist.org/apa/d/sunderland-amherst-2br-modern/6356168823.html,Sunderland Amherst  2BR MODERN & SPACIOUS,1275,392 Montague Rd,2,850,1,42.490562,-72.557108,20,
6371213255,2017-11-02 16:42,https://westernmass.craigslist.org/apa/d/amherst-sunderland-1-bedroom/6371213255.html,Amherst-Sunderland 1-BEDROOM November 1,1125,392 Montague Rd,1,650,1,42.502417,-72.540081,10,
6371206794,2017-11-02 16:37,https://westernmass.craigslist.org/apa/d/4-room-townhouse-close-to/6371206794.html,4 room townhouse close to town and arts district,950,gaston st,1,0,1,42.267256,-72.664355,15,gaston at clifford easthampton MA US
6371204133,2017-11-02 16:36,https://westernmass.craigslist.org/apa/d/available-now-top-floor-one/6371204133.html,Available NOW-Top Floor One Bedroom on North St. Northampton,1000,"North St. Northampton, MA",1,0,1,42.327995,-72.628830,20,North Street Northampton MA US
6371200119,2017-11-02 16:33,https://westernmass.craigslist.org/apa/d/writer-or-artist-studio-for/6371200119.html,Writer or Artist Studio for Rent,1200,North Egremont,1,0,1,42.195900,-73.360700,22,
6371192542,2017-11-02 16:28,https://westernmass.craigslist.org/apa/d/available-january-1st/6371192542.html,Available January 1st-Spacious 1st Flr 1 Bdr on North St. Northampton,1050,"North St. Northampton, MA",1,0,1,42.327995,-72.628830,20,North St. Northampton MA US
6371185734,2017-11-02 16:23,https://westernmass.craigslist.org/apa/d/charming-quiet-1-bedroom-in/6371185734.html,"Charming, Quiet 1-Bedroom in Walking Distance to Downtown Dalton",1850,Pittsfield,1,0,1,,,,
6371184055,2017-11-02 16:22,https://westernmass.craigslist.org/apa/d/625-each-student-beautiful/6371184055.html,$625 each student.  Beautiful off campus housing.,625,"Sixteen Acres, WNEU, Springfield, Mass AIC, Springfield Coll",0,0,,,,,
6371175829,2017-11-02 16:16,https://westernmass.craigslist.org/apa/d/available-dec-1st-one-plus/6371175829.html,Available Dec. 1st-One Plus Bedroon Hawley St. Northampton in Downtown,1025,"Hawley St. Northampton, MA",1,0,1,42.319223,-72.625407,20,Hawley St. at Main St. Northampton MA US
6367969296,2017-11-02 16:10,https://westernmass.craigslist.org/apa/d/on-the-hill-very-nice1/6367969296.html,"ON THE HILL, VERY NICE,1 BEDROOM , 1ST FLOOR",1100,Turners Falls,1,0,1,42.595400,-72.555700,0,
6371165543,2017-11-02 16:09,https://westernmass.craigslist.org/apa/d/available-now-heat-included/6371165543.html,Available Now-HEAT INCLUDED-Second Floor 2 Bdr Elm St. Northampton,1750,"Elm St. Northampton, MA",2,0,1,42.319869,-72.637955,20,Elm St. Northampton MA US
6371164824,2017-11-02 16:08,https://westernmass.craigslist.org/apa/d/available-now-one-bedroom-on/6371164824.html,Available NOW-One Bedroom on South Street Northampton Ma,800,103 South Street Northampton Ma,1,0,1,42.314401,-72.633255,20,South Street Northampton MA US
6371160981,2017-11-02 16:06,https://westernmass.craigslist.org/apa/d/available-now-freshly-painted/6371160981.html,Available NOW-Freshly Painted 3 Bdr. 1st Flr on Rocky Hill Northampton,1200,"Rocky Hill Rd. Northampton, MA",3,0,1,42.322300,-72.631300,22,Rocky Hill Rd. Northampton MA US
6371160473,2017-11-02 16:05,https://westernmass.craigslist.org/apa/d/available-now-all-inclusive-1/6371160473.html,Available NOW- ALL INCLUSIVE! 1 Bdr. Old Goshen Rd Williamsburg,875,Old Goshen Road Williamsburg Ma,1,0,1,42.407365,-72.745088,20,Old Goshen Road Williamsburg MA US
6371159801,2017-11-02 16:05,https://westernmass.craigslist.org/apa/d/new-price-available-now-bi/6371159801.html,NEW PRICE-Available NOW-Bi-level 2 Bdr. Liberty St. Easthampton,1100,"Liberty St. Easthampton, MA",2,0,1,42.267942,-72.666404,20,Liberty St. Easthampton MA US
6371157644,2017-11-02 16:03,https://westernmass.craigslist.org/apa/d/available-december-1st/6371157644.html,Available December 1st-Updated One Bedroom on Leonard St. Leeds,850,"Leonard St. Leeds, Ma",1,0,1,42.354604,-72.695088,20,Leonard St. Leeds MA US
