pid,dt,url,title,price,neighb,beds,sqft,baths,lat,lng,accuracy,address
6371318374,2017-11-02 17:00,https://westky.craigslist.org/apa/d/choose-the-park-on-country/6371318374.html,Choose The Park on Country Club Today!,684,Hopkinsville,2,925,1,36.843221,-87.500367,10,300 Hickory Ridge Circle Hopkinsville KY US
6371317323,2017-11-02 16:59,https://westky.craigslist.org/apa/d/our-residents-love-it-here/6371317323.html,Our residents love it here and so will you!,684,Hopkinsville,2,925,1,36.843221,-87.500367,10,300 Hickory Ridge Circle Hopkinsville KY US
6371315083,2017-11-02 16:57,https://westky.craigslist.org/apa/d/half-off-november/6371315083.html,HALF OFF NOVEMBER!,684,Hopkinsville,2,925,1,36.843221,-87.500367,10,300 Hickory Ridge Circle Hopkinsville KY US
6371313304,2017-11-02 16:56,https://westky.craigslist.org/apa/d/half-off-novembers-rent/6371313304.html,Half off November's rent!,684,Hopkinsville,2,925,1,36.843221,-87.500367,10,300 Hickory Ridge Circle Hopkinsville KY US
6371309132,2017-11-02 16:52,https://westky.craigslist.org/apa/d/pet-friendly-move-in-specials/6371309132.html,Pet friendly!!! MOVE-IN SPECIALS!,684,Hopkinsville,2,925,1,36.843221,-87.500367,10,300 Hickory Ridge Circle Hopkinsville KY US
6371305880,2017-11-02 16:50,https://westky.craigslist.org/apa/d/spacious-3-bedrooom-is/6371305880.html,Spacious 3 bedrooom is available to lease! 1/2 off rent!,789,Hopkinsville,3,1250,1.5,36.843221,-87.500367,10,300 Hickory Ridge Circle Hopkinsville KY US
6371304396,2017-11-02 16:49,https://westky.craigslist.org/apa/d/walk-in-closets-hardwood-look/6371304396.html,Walk-in closets! Hardwood look flooring! Call for a tour!,684,Hopkinsville,2,925,1,36.843221,-87.500367,10,300 Hickory Ridge Circle Hopkinsville KY US
6371303499,2017-11-02 16:48,https://westky.craigslist.org/apa/d/join-us-at-the-park-on/6371303499.html,Join Us at The Park on Country Club,684,Hopkinsville,2,925,1,36.843221,-87.500367,10,300 Hickory Ridge Circle Hopkinsville KY US
6371298732,2017-11-02 16:44,https://westky.craigslist.org/apa/d/up-to-400-off-novembers-rent/6371298732.html,Up to $400 off November's rent! Call today!,684,Hopkinsville,2,925,1,36.843221,-87.500367,10,300 Hickory Ridge Circle Hopkinsville KY US
6342337761,2017-11-02 16:28,https://westky.craigslist.org/apa/d/fang-tastic-location-fang/6342337761.html,Fang-tastic Location! Fang-tastic Prices! Fang-tastic Apartments!,610,Morris Estates,2,960,1,36.828465,-87.480296,10,452 Sivley Rd Hopkinsville KY US
6335736092,2017-11-02 16:28,https://westky.craigslist.org/apa/d/your-savings-will-be/6335736092.html,Your Savings will be Monstrous at Morris Estates!!!,610,Morris Estates,2,960,1,36.828465,-87.480296,10,452 Sivley Rd Hopkinsville KY US
6342319199,2017-11-02 16:28,https://westky.craigslist.org/apa/d/carve-out-good-life-at-morris/6342319199.html,"""Carve"" Out a Good Life at Morris Estates",610,Morris Estates,2,960,1,36.828465,-87.480296,10,452 Sivley Rd Hopkinsville KY US
6342312280,2017-11-02 16:27,https://westky.craigslist.org/apa/d/abracadabra-presto-chango/6342312280.html,"Abracadabra, Presto-Chango - Service Request Completed just like that!",610,Morris Estates,2,960,1,36.828465,-87.480296,10,452 Sivley Rd Hopkinsville KY US
6335752576,2017-11-02 16:27,https://westky.craigslist.org/apa/d/morris-estates-has-freak-fab/6335752576.html,Morris Estates has Freak Fab-BOO-Lous Rates!!,610,Morris Estates,2,960,1,36.828465,-87.480296,10,452 Sivley Rd Hopkinsville KY US
6335742795,2017-11-02 16:27,https://westky.craigslist.org/apa/d/hocus-pocus-alakazam-we-have/6335742795.html,Hocus Pocus Alakazam - We have the Apartment you've Wished For!,610,Morris Estates,2,960,1,36.828465,-87.480296,10,452 Sivley Rd Hopkinsville KY US
6335749562,2017-11-02 16:27,https://westky.craigslist.org/apa/d/abracadabra-presto-chango/6335749562.html,"Abracadabra, Presto-Chango - Service Request Completed just like that!",610,Morris Estates,2,960,1,36.828465,-87.480296,10,452 Sivley Rd Hopkinsville KY US
6335744849,2017-11-02 16:25,https://westky.craigslist.org/apa/d/horri-fic-great-boo-ve-in/6335744849.html,Horri-i-fic Great Boo-ve In Specials at Morris Estates,610,"Hopkinsville, KY",2,960,1,36.828465,-87.480296,10,452 Sivley Rd Hopkinsville KY US
6335261718,2017-11-02 16:25,https://westky.craigslist.org/apa/d/youll-fall-in-love-with/6335261718.html,You'll Fall in Love with Morris Estates with These Specials!!!,610,Morris Estates,2,960,1,36.828465,-87.480296,10,452 Sivley Rd Hopkinsville KY US
6342324288,2017-11-02 16:25,https://westky.craigslist.org/apa/d/dont-get-left-out-in-the-cold/6342324288.html,Don't Get Left Out in the Cold This Winter! Morris Has FREE HEAT!!,610,Morris Estates,2,960,1,36.828465,-87.480296,10,452 Sivley Rd Hopkinsville KY US
6342328729,2017-11-02 16:25,https://westky.craigslist.org/apa/d/dont-be-afraid-to-fall-in/6342328729.html,Don't Be Afraid to Fall in Love with Morris Estates!!,610,Morris Estates,2,960,1,36.828465,-87.480296,10,452 Sivley Rd Hopkinsville KY US
6342342406,2017-11-02 16:25,https://westky.craigslist.org/apa/d/falling-leaves-falling-prices/6342342406.html,Falling Leaves. . Falling Prices! They're Both Happening at Morris!,610,Morris Estates,2,960,1,36.828465,-87.480296,10,452 Sivley Rd Hopkinsville KY US
6335714231,2017-11-02 16:24,https://westky.craigslist.org/apa/d/morris-estates-has-fall/6335714231.html,Morris Estates has Fall-Tastic Move In Specials!!!,610,Morris Estates,2,960,1,36.828465,-87.480296,10,452 Sivley Rd Hopkinsville KY US
