pid,dt,url,title,price,neighb,beds,sqft,baths,lat,lng,accuracy,address
6371372784,2017-11-02 16:57,https://westslope.craigslist.org/apa/d/river-front-cottage/6371372784.html,#!#!#! River Front Cottage !#!#!#,925,1287 CR 154 #6,1,0,1,39.513819,-107.311441,10,1287 County Road 154 Glenwood Springs CO US
6371375494,2017-11-02 16:47,https://westslope.craigslist.org/apa/d/aspen-condo-2-bdr-2-ba/6371375494.html,Aspen Condo 2 bdr/ 2 ba furnished,3500,,2,0,2,,,,
6371368262,2017-11-02 16:41,https://westslope.craigslist.org/apa/d/renovated-pet-friendly-home/6371368262.html,!#!#!#RENOVATED Pet Friendly Home in Downtown #!#!#!,1395,396 E Main St #A,2,0,1,39.571574,-107.528858,5,396 E. Main St. New Castle CO US
6371348069,2017-11-02 16:24,https://westslope.craigslist.org/apa/d/reduced-lower-level-3bed-1ba/6371348069.html,**REDUCED** Lower Level 3bed/1ba House,1750,"W. Glenwood Springs,Co",3,1500,1,39.554751,-107.334366,7,
6336012169,2017-11-02 16:20,https://westslope.craigslist.org/apa/d/creek-side/6336012169.html,Creek Side,1800,Durango - Hermosa,4,1800,2,,,,
6371322957,2017-11-02 16:03,https://westslope.craigslist.org/apa/d/1-bedroom-2-story-condo-close/6371322957.html,"1 Bedroom, 2-Story Condo Close to CMU",775,"948 Northern Way #2, Grand Junction, CO",1,540,1.5,39.092034,-108.556311,10,948 Northern Way Grand Junction CO US
6371321753,2017-11-02 16:02,https://westslope.craigslist.org/apa/d/2bd-15ba-condo/6371321753.html,2BD/1.5BA Condo,850,,2,864,1.5,38.734900,-108.060400,22,
