pid,dt,url,title,price,neighb,beds,sqft,baths,lat,lng,accuracy,address
6371201408,2017-11-02 16:34,https://wheeling.craigslist.org/apa/d/wheeling-two-bedroom-minutes/6371201408.html,"WHEELING TWO BEDROOM, MINUTES TO DOWNTOWN!",1200,WHEELING,2,0,1,40.065222,-80.715803,10,105 15th Street Wheeling WV US
6371179180,2017-11-02 16:18,https://wheeling.craigslist.org/apa/d/wheeling-3-bedroom-fenced-yard/6371179180.html,"WHEELING 3 BEDROOM, FENCED YARD!",1600,WHEELING,3,0,1.5,40.076772,-80.723953,10,607 N Market Wheeling WV US
6361765355,2017-11-02 16:07,https://wheeling.craigslist.org/apa/d/2-bedroom-newly-remodeled/6361765355.html,2 bedroom newly remodeled House,850,Martins Ferry,0,700,,40.111918,-80.712240,5,1602 North 9th Martins Ferry WV US
6349061503,2017-11-02 16:07,https://wheeling.craigslist.org/apa/d/2-bedroom-water-garbage-and/6349061503.html,"2 Bedroom Water, Garbage, and Sewer Included",700,Wheeling,2,800,2,40.069254,-80.734212,5,98 Virginia Wheeling WV US
