pid,dt,url,title,price,neighb,beds,sqft,baths,lat,lng,accuracy,address
6340580347,2017-11-02 16:59,https://wichita.craigslist.org/apa/d/beautiful-2-bedroom-25-bath/6340580347.html,Beautiful 2 bedroom 2.5 bath townhome - On Special for $1096,1096,8220 E Oxford Cir,2,1220,2.5,37.730471,-97.241428,5,8220 E Oxford Cir Wichita KS US
6343142071,2017-11-02 16:56,https://wichita.craigslist.org/apa/d/2-bedroom-2-bath-available/6343142071.html,2 bedroom 2 bath available for immediate move in,850,8220 E Oxford Cir-Windemere at Tallgrass,2,1115,2,37.731353,-97.244496,5,8220 E Oxford Cir Wichita KS US
6351020311,2017-11-02 16:52,https://wichita.craigslist.org/apa/d/crisp-days-of-fall/6351020311.html,Crisp Days of Fall,460,Wichita,1,625,1,37.691489,-97.345171,10,550 W Central  KS US
6351636746,2017-11-02 16:52,https://wichita.craigslist.org/apa/d/fall-in-love-with-our/6351636746.html,Fall in Love with Our Apartments,460,Wichita,1,625,1,37.691489,-97.345171,10,550 W Central Wichita KS US
6362219555,2017-11-02 16:51,https://wichita.craigslist.org/apa/d/un-mes-gratis-no-revisamos/6362219555.html,UN MES GRATIS! NO REVISAMOS CREDITO!,543,2720 S.Seneca,2,742,1,37.645495,-97.352624,10,2720 S Seneca Wichita KS US
6352968111,2017-11-02 16:50,https://wichita.craigslist.org/apa/d/madison-park-dont-miss-this/6352968111.html,*MADISON PARK * DON'T MISS THIS INCREDIBLE SPECIAL 1/2 OFF 1&2 MONTH!`,475,Wichita,1,625,1,37.708797,-97.385318,10,3625 W. 13TH ST N. at West St. Wichita KS US
6358091483,2017-11-02 16:50,https://wichita.craigslist.org/apa/d/amazing-move-in-special-save/6358091483.html,AMAZING MOVE IN SPECIAL! SAVE 1/2 OFF ON YOUR FIRST 2 MONTHS !!!,475,3625 W 13st,1,625,1,37.708797,-97.385318,10,3625 W. 13TH ST N. at West St. Wichita KS US
6351078520,2017-11-02 16:42,https://wichita.craigslist.org/apa/d/beautifulmadison-park/6351078520.html,BEAUTIFUL>>>MADISON PARK APARTMENTS<<<RELAXING,475,Wichita,1,625,1,37.708797,-97.385318,10,3625 W. 13TH ST N. at West St. Wichita KS US
6337933560,2017-11-02 16:42,https://wichita.craigslist.org/apa/d/beautifulmadison-park/6337933560.html,BEAUTIFUL>>>MADISON PARK APARTMENTS<<<RELAXING,420,Wichita,2,525,1,37.708797,-97.385318,10,3625 W. 13TH ST. N. at West St. Wichita KS US
6336972386,2017-11-02 16:41,https://wichita.craigslist.org/apa/d/scooby-dooby-doo-where-are/6336972386.html,SCOOBY DOOBY DOO WHERE ARE YOU? >>MADISON PARK APARTMENTS<<,420,Wichita,2,525,1,37.708797,-97.385318,10,3625 W. 13TH. ST. N. at West St. Wichita KS US
6350069895,2017-11-02 16:38,https://wichita.craigslist.org/apa/d/amazingmadison-park/6350069895.html,AMAZING>>>MADISON PARK APARTMENTS<<<FABULOUS,550,3625 W 13st,2,750,1,37.708797,-97.385318,10,3625 W. 13TH ST N. at West St. Wichita KS US
6371286771,2017-11-02 16:35,https://wichita.craigslist.org/apa/d/2-br-housetopeka-450-monthly/6371286771.html,"2 BR House, 2312 1/2 S. Topeka, $450 Monthly Rent.",450,5518 E. Mt. Vernon,0,0,,37.666200,-97.316500,22,2312 1/2 S TOPEKA Wichita KS US
6371275019,2017-11-02 16:34,https://wichita.craigslist.org/apa/d/if-hate-apt-livingtry-this3bd/6371275019.html,***IF U HATE APT LIVING....TRY THIS!!***3BD/3BA DUPLEX AVAIL NOW,1175,7503 W. Cornelison,3,2000,3,37.721930,-97.429471,10,7503 W. Cornelison Wichita KS US
6371279912,2017-11-02 16:30,https://wichita.craigslist.org/apa/d/all-two-bedrooms-on-limited/6371279912.html,ALL TWO BEDROOMS ON A LIMITED TIME SPECIAL! $699 MONTHLY,699,1000 S. WOODLAWN,3,1698,0,,,,
6354351166,2017-11-02 16:25,https://wichita.craigslist.org/apa/d/personalized-service/6354351166.html,"Personalized Service, Outstanding Results",460,Wichita,1,625,1,37.691489,-97.345171,10,550 W Central Wichita KS US
6360610349,2017-11-02 16:25,https://wichita.craigslist.org/apa/d/no-other-leaves-seem-as-gold/6360610349.html,no other leaves seem as gold as these,460,Wichita,1,625,1,37.691489,-97.345171,10,550 W Central Wichita KS US
6352441063,2017-11-02 16:25,https://wichita.craigslist.org/apa/d/caramel-apples-pumpkin-pie/6352441063.html,"Caramel Apples, Pumpkin Pie, Fall Is Here! My Oh My",460,Wichita,1,625,1,37.691489,-97.345171,10,550 W Central Wichita KS US
6359257797,2017-11-02 16:25,https://wichita.craigslist.org/apa/d/the-lifestyle-you-deserve/6359257797.html,The Lifestyle you Deserve- BARCLAY SQUARE,460,Wichita,1,625,1,37.691489,-97.345171,10,550 W Central Wichita KS US
6359642227,2017-11-02 16:25,https://wichita.craigslist.org/apa/d/we-have-greener-grass-taller/6359642227.html,We have Greener Grass & Taller Trees,460,Wichita,1,625,1,37.691489,-97.345171,10,550 W Central Wichita KS US
6371272883,2017-11-02 16:25,https://wichita.craigslist.org/apa/d/family-home-in-great-area/6371272883.html,FAMILY HOME IN GREAT AREA,685,WICHITA,2,1000,1,37.675047,-97.295429,10,726 S Vassar WICHITA KS US
6353526963,2017-11-02 16:18,https://wichita.craigslist.org/apa/d/your-apartment-home-is-ready/6353526963.html,YOUR APARTMENT HOME IS READY NOW- NEWLY REMODELED UNITS!!!,599,,2,932,1.5,37.766700,-97.280500,22,
6353529305,2017-11-02 16:18,https://wichita.craigslist.org/apa/d/great-special/6353529305.html,**Great Special!*,599,,2,932,1.5,37.766700,-97.280500,22,
6353537848,2017-11-02 16:17,https://wichita.craigslist.org/apa/d/your-apartment-home-is-ready/6353537848.html,YOUR APARTMENT HOME IS READY NOW- NEWLY REMODELED UNITS!!!,599,,2,932,1.5,37.766700,-97.280500,22,
6341862070,2017-11-02 16:14,https://wichita.craigslist.org/apa/d/ground-floor-with-walk-out/6341862070.html,Ground Floor with a Walk-Out Patio!,520,1503 N. West st,1,0,1,37.709315,-97.390069,5,West at 13th Wichita KS US
6368476187,2017-11-02 16:13,https://wichita.craigslist.org/apa/d/balcony-view-of-the-pool/6368476187.html,Balcony View of the Pool!,510,1503 N West st,1,0,1,37.709356,-97.390104,5,West at 13th Wichita KS US
6371256958,2017-11-02 16:13,https://wichita.craigslist.org/apa/d/we-have-your-new-home/6371256958.html,WE HAVE YOUR NEW HOME,646,,3,1676,2,37.603486,-97.334056,15,50th St. at Broadway Wichita KS US
6371255020,2017-11-02 16:12,https://wichita.craigslist.org/apa/d/no-rent-until-december/6371255020.html,NO RENT UNTIL DECEMBER,646,,3,1676,2,37.622300,-97.313600,22,50th St. S. at Broadway St Wichita KS US
6361623940,2017-11-02 16:11,https://wichita.craigslist.org/apa/d/updated-counters-new-windows/6361623940.html,Updated Counters! New Windows! Balcony View!,610,1503 N West st,2,0,1,37.709315,-97.390001,5,West at 13th Wichita KS US
6338175095,2017-11-02 16:10,https://wichita.craigslist.org/apa/d/come-on-down-to-madison-park/6338175095.html,COME ON DOWN TO >>MADISON PARK APARTMENTS<< THE PRICE IS RIGHT.,420,Wichita,1,525,1,37.708797,-97.385318,10,3625 W. 13TH ST. N. at West St. Wichita KS US
6366144553,2017-11-02 16:08,https://wichita.craigslist.org/apa/d/make-madison-park-your-new/6366144553.html,MAKE MADISON PARK YOUR NEW HOME!,475,Wichita,1,625,1,37.708797,-97.385318,10,3625 W 13TH ST N at West St. Wichita KS US
6356683047,2017-11-02 16:08,https://wichita.craigslist.org/apa/d/amazingmadison-park/6356683047.html,AMAZING>>>MADISON PARK APARTMENTS>1/2 OFF 1st TWO MONTHS,550,Wichita,2,750,1,37.708797,-97.385318,10,3625 W 13TH ST N at West St. Wichita KS US
6359489970,2017-11-02 16:07,https://wichita.craigslist.org/apa/d/perfect-location-and-even/6359489970.html,Perfect Location and Even Better Prices- Renovated Units,460,Wichita,1,625,1,37.691489,-97.345171,10,550 W Central Wichita KS US
6354135219,2017-11-02 16:07,https://wichita.craigslist.org/apa/d/november-at-barclay-square/6354135219.html,NOVEMBER AT BARCLAY SQUARE,460,Wichita,1,625,1,37.691489,-97.345171,10,550 W Central Wichita KS US
6361623686,2017-11-02 16:07,https://wichita.craigslist.org/apa/d/the-lifestyle-you-deserve/6361623686.html,The Lifestyle you Deserve- BARCLAY SQUARE,460,Wichita,1,625,1,37.691489,-97.345171,10,550 W Central Wichita KS US
6352436178,2017-11-02 16:07,https://wichita.craigslist.org/apa/d/affordable-riverside-living/6352436178.html,"Affordable Riverside Living, in Downtown Wichita, Quiet Community",460,Wichita,1,625,1,37.691489,-97.345171,10,550 W Central Wichita KS US
6371247878,2017-11-02 16:06,https://wichita.craigslist.org/apa/d/glen-acres-is-the-place-to/6371247878.html,GLEN ACRES IS THE PLACE TO EASE!!,646,,3,1676,2,37.603486,-97.334056,15,50th St. S. at Broadway Wichita KS US
6352352324,2017-11-02 16:06,https://wichita.craigslist.org/apa/d/applica-hoy-sin-ningun-costo/6352352324.html,Applica Hoy Sin Ningun Costo!,463,2720 S Seneca,1,580,1,37.645495,-97.352624,10,2720 S Seneca  KS US
6349901975,2017-11-02 16:06,https://wichita.craigslist.org/apa/d/amazingmadison-park/6349901975.html,AMAZING>>>MADISON PARK APARTMENTS<<<FABULOUS,475,Wichita,1,625,1,37.708797,-97.385318,10,3625 W. 13TH ST N. at West St. Wichita KS US
6348860673,2017-11-02 16:05,https://wichita.craigslist.org/apa/d/three-one-six-nine-four-three/6348860673.html,THREE ONE SIX NINE FOUR THREE SIX SIX ONE ONE >>MADISON PARK APTS<<,550,3625 W 13st,2,750,1,37.708797,-97.385318,10,3625 W. 13TH ST. N. at West St. Wichita KS US
6358967896,2017-11-02 16:05,https://wichita.craigslist.org/apa/d/recibe-un-mes-gratis-ben/6358967896.html,Recibe un mes gratis! Ben Y Aplica Sin Ningun Costo!,543,2720 S.Seneca,2,742,1,37.645495,-97.352624,10,2720 S Seneca Wichita KS US
6354935269,2017-11-02 16:04,https://wichita.craigslist.org/apa/d/come-make-kingsborough-your/6354935269.html,Come Make Kingsborough your new home!,643,Wichita,2,868,2,37.645495,-97.352624,10,2720 S Seneca Wichita KS US
6341680961,2017-11-02 16:04,https://wichita.craigslist.org/apa/d/scooby-dooby-doo-where-are/6341680961.html,SCOOBY DOOBY DOO WHERE ARE YOU? >>MADISON PARK APARTMENTS<<,475,Wichita,1,625,1,37.708797,-97.385318,10,3625 W. 13TH ST N. at West St. Wichita KS US
6350193047,2017-11-02 16:04,https://wichita.craigslist.org/apa/d/beautifulmadison-park/6350193047.html,BEAUTIFUL>>>MADISON PARK APARTMENTS<<<RELAXING,475,,1,625,1,37.708797,-97.385318,10,3625 W. 13TH ST at West St. WICHITA KS US
6355382745,2017-11-02 16:02,https://wichita.craigslist.org/apa/d/come-check-out-kingsborough/6355382745.html,Come check out Kingsborough TODAY!,643,Wichita,2,868,2,37.645495,-97.352624,10,2720 S Seneca Wichita KS US
6347385256,2017-11-02 16:01,https://wichita.craigslist.org/apa/d/apartments-available-now/6347385256.html,Apartments Available NOW @ Kingsborough,543,Wichita,2,742,1,37.645495,-97.352624,10,2720 S Seneca Wichita KS US
6346268973,2017-11-02 16:01,https://wichita.craigslist.org/apa/d/kingsborough-apartments/6346268973.html,Kingsborough apartments available now,463,Wichita,1,580,1,37.645495,-97.352624,10,2720 S Seneca Wichita KS US
