pid,dt,url,title,price,neighb,beds,sqft,baths,lat,lng,accuracy,address
6335523577,2017-11-02 16:59,https://williamsport.craigslist.org/apa/d/walk-out-backdoor-to-jackson/6335523577.html,Walk out backdoor to Jackson Elem - 3 Bed 1 Bath,800,2518 Grand Street,3,1200,1,41.239259,-77.062402,10,2518 grand street williamsport PA US
6371221544,2017-11-02 16:48,https://williamsport.craigslist.org/apa/d/gas-oil-field-workers/6371221544.html,Gas & Oil Field Workers,525,Williamsport,8,0,3,41.364000,-76.934000,22,West Fourth Street Willaimsport PA US
6371189470,2017-11-02 16:25,https://williamsport.craigslist.org/apa/d/2-bedroom-2nd-floor-jersey/6371189470.html,"2 Bedroom, 2nd Floor (Jersey Shore)",650,,2,0,0,41.200822,-77.275331,10,1423 Allegheny Street Jersey Shore PA US
6371180669,2017-11-02 16:25,https://williamsport.craigslist.org/apa/d/1-2-house-3-bedroom-avis/6371180669.html,"1/2 House, 3 Bedroom (Avis)",795,,3,0,0,41.247000,-77.270600,22,118 E Central Ave Avis PA US
6350188332,2017-11-02 16:23,https://williamsport.craigslist.org/apa/d/2-bedrooms-apartments/6350188332.html,2 Bedrooms Apartments  Williamsport,850,Williamsport,2,0,1,41.237884,-77.014890,10,737-739 West Third Street Williamsport PA US
6340394968,2017-11-02 16:23,https://williamsport.craigslist.org/apa/d/large-2-bedroom-secure/6340394968.html,Large 2 Bedroom Secure Building,770,Williamsport,2,0,1,41.240067,-77.008440,20,West Fourth Street Williamsport PA US
6340429931,2017-11-02 16:23,https://williamsport.craigslist.org/apa/d/beautiful-4-bedroom-half/6340429931.html,Beautiful 4 Bedroom Half Double,785,Williamsport,4,0,1.5,41.238707,-77.019891,20,Vine Avenue Williamsport PA US
6340438740,2017-11-02 16:23,https://williamsport.craigslist.org/apa/d/beautiful-whole-house-quite/6340438740.html,Beautiful Whole House (Quite Neighborhood),1095,williamsport,4,0,2,41.239848,-77.032431,20,Rose Street Williamsport PA US
6340443070,2017-11-02 16:23,https://williamsport.craigslist.org/apa/d/nice-large-3-bedroom/6340443070.html,Nice Large 3 Bedroom,760,Williamsport,3,0,1,41.238381,-77.008303,20,West Third Street Williamsport PA US
6340483085,2017-11-02 16:23,https://williamsport.craigslist.org/apa/d/student-housing-available-2018/6340483085.html,Student Housing Available 2018,,Williamsport,1,0,1,41.364000,-76.934000,22,
6360641408,2017-11-02 16:23,https://williamsport.craigslist.org/apa/d/4-bedroom-half-double/6360641408.html,4 bedroom Half Double,785,Williamsport,2,0,4,41.238707,-77.019891,20,Vine Avenue Williamsport PA US
6354180219,2017-11-02 16:21,https://williamsport.craigslist.org/apa/d/off-campus-housing-available/6354180219.html,Off Campus Housing Available  ( January 18 ),,Williamsport,1,0,1,41.364000,-76.934000,22,
6340385557,2017-11-02 16:20,https://williamsport.craigslist.org/apa/d/private-owned-currently-2-5/6340385557.html,PRIVATE OWNED. CURRENTLY 2-5 BDRMS AVAILABLE IN NORTHUMBERLAND COUNTY,575,PETS OK-GARAGES-LARGE YARDS,5,0,2,,,,
6371176581,2017-11-02 16:17,https://williamsport.craigslist.org/apa/d/1-bedroom-lock-haven/6371176581.html,1 Bedroom (Lock Haven),550,,1,0,0,41.136710,-77.457906,10,400 Fairview Street Lock Haven PA US
6371172808,2017-11-02 16:14,https://williamsport.craigslist.org/apa/d/2-bedroom-lock-haven/6371172808.html,2 Bedroom (Lock Haven),625,,2,0,0,41.136710,-77.457906,10,400 Fairview Street Lock Haven PA US
6341946450,2017-11-02 16:13,https://williamsport.craigslist.org/apa/d/2-bedroom-house-jersey-shore/6341946450.html,2 Bedroom House (Jersey Shore),795,,2,0,1,41.203047,-77.280609,10,525 Meadow Alley Jersey Shore PA US
6353736225,2017-11-02 16:13,https://williamsport.craigslist.org/apa/d/2-bedroom-jersey-shore/6353736225.html,2 Bedroom (Jersey Shore),650,,2,0,1,41.247000,-77.270600,22,
6371127971,2017-11-02 16:12,https://williamsport.craigslist.org/apa/d/upstairs-two-bedroom/6371127971.html,Upstairs two bedroom apartment for rent,600,"Knoxville, PA",2,0,1,41.956475,-77.437481,20,Main Street Knoxville PA US
6371148005,2017-11-02 16:09,https://williamsport.craigslist.org/apa/d/the-leaves-may-turn-to-gold/6371148005.html,"The Leaves May Turn To Gold, But The Green Will Stay In Your Wallet.",999,2500 Federal Ave,3,802,1,41.235656,-77.063770,5,2500 Federal Ave Williamsport PA US
6333560758,2017-11-02 16:05,https://williamsport.craigslist.org/apa/d/nice-2-bedroom-utilities-in/6333560758.html,Nice 2 bedroom/utilities in Montoursville,900,Montoursville,2,865,1,,,,
