pid,dt,url,title,price,neighb,beds,sqft,baths,lat,lng,accuracy,address
6366318787,2017-11-02 17:00,https://wilmington.craigslist.org/apa/d/stephens-pointe-apartment/6366318787.html,Stephens Pointe Apartment,1399,Wilmington/Porters Neck,3,1280,2,34.308136,-77.797966,5,8651 O Stephens Church Rd Wilmington NC US
6347620945,2017-11-02 17:00,https://wilmington.craigslist.org/apa/d/house-2-bd-2-ba-garage-fenced/6347620945.html,"House 2 BD, 2 BA, Garage & Fenced Yard",1250,"Ogden,Wilmington",2,1300,2,34.287509,-77.854843,10,2504 Hidden Pointe Drive  NC US
6365783802,2017-11-02 16:54,https://wilmington.craigslist.org/apa/d/quiet-3bed-with-huge-master/6365783802.html,Quiet 3bed with HUGE master!,1055,Canterbury Woods,3,1200,2,34.200800,-77.925210,5,Cameron Court at Canterwood Drive Wilmington NC US
6357293532,2017-11-02 16:49,https://wilmington.craigslist.org/apa/d/3-bedroom-2-full-bath-home/6357293532.html,"3 Bedroom 2 Full Bath Home for Rent $1,200.00 LARGE YARD!!!",1200,Linden Ridge,3,1250,2,34.155152,-77.914927,10,203 Hedingham Lane Wilmington NC US
6371221615,2017-11-02 16:48,https://wilmington.craigslist.org/apa/d/wrightsville-sound-village/6371221615.html,Wrightsville Sound Village,1000,Military Cutoff & Eastwood,2,1032,2,34.224380,-77.830163,0,
6371219902,2017-11-02 16:46,https://wilmington.craigslist.org/apa/d/new-wave-of-living-come-sea/6371219902.html,A New Wave Of Living! Come Sea Us At Mayfaire Flats!,1641,Wilmington,2,1143,2,34.242084,-77.824938,10,1813 Sir Tyler Dr Wilmington NC US
6354829176,2017-11-02 16:45,https://wilmington.craigslist.org/apa/d/topsail-cottage-utilities/6354829176.html,Topsail Cottage - Utilities Included - Upstairs,1195,N Topsail Beach,2,800,1,34.467276,-77.474347,10,6703 13th Ave at Island Dr North Topsail Beach NC US
6371218022,2017-11-02 16:45,https://wilmington.craigslist.org/apa/d/going-going-almost-gone-call/6371218022.html,Going..... going..... almost GONE!! CALL TODAY!!,839,Wilmington,1,667,1,34.157200,-77.914100,22,2440 Salinger Court Wilmington NC US
6371215821,2017-11-02 16:44,https://wilmington.craigslist.org/apa/d/large-one-bed-one-bath-apt/6371215821.html,Large One Bed One Bath Apt. w/Screened Porch,1060,Barclay Place,1,974,1,34.192423,-77.907937,5,Shipyard Blvd at Independence Blvd Wilmington NC US
6371215334,2017-11-02 16:43,https://wilmington.craigslist.org/apa/d/two-miles-from-beach/6371215334.html,Two Miles from beach!,1050,Military Cutoff & Eastwood,2,1032,2,34.224380,-77.830163,10,
6366650290,2017-11-02 16:43,https://wilmington.craigslist.org/apa/d/move-in-today-2-bed-25-bath/6366650290.html,Move In Today! 2 Bed 2.5 Bath Townhome,1355,Barclay Place,2,1363,2.5,34.192316,-77.907958,5,Shipyard Blvd at Independence Blvd Wilmington NC US
6371194549,2017-11-02 16:29,https://wilmington.craigslist.org/apa/d/come-look-lease-stephens/6371194549.html,"Come, Look, & Lease- Stephens Pointe - Ask about Specials",1285,"Wilmington, NC",2,1150,2,,,,
6371186362,2017-11-02 16:23,https://wilmington.craigslist.org/apa/d/great-location-close-to/6371186362.html,Great Location! Close to shopping and dining!,680,"734 N MacMillan Ave , Wilmington, NC 28403",1,495,1,34.216644,-77.881068,5,734 N MacMillan AveÂ  Wilmington NC US
6371157002,2017-11-02 16:22,https://wilmington.craigslist.org/apa/d/open-island-kitchen-on/6371157002.html,Open Island kitchen on special!! One bedroom/bath in Mayfaire!,1089,Wilmington,1,860,1,34.234356,-77.837381,10,1411 Parkview Circle Wilmington NC US
6349179448,2017-11-02 16:10,https://wilmington.craigslist.org/apa/d/3-br-2-bath-near-uncw-central/6349179448.html,3 BR 2 Bath Near UNCW Central Wilmington,1375,Wilmington,3,1300,2,34.217054,-77.875042,5,N Macmillian at wrightsville ave Wilmington NC US
6371150265,2017-11-02 16:06,https://wilmington.craigslist.org/apa/d/17-palomino-2br-25-bath/6371150265.html,17 Palomino - 2BR/2.5 bath Townhouse for Rent,600,Havelock,2,0,2.5,34.896800,-76.890000,22,17 Palomino Court Havelock NC US
