pid,dt,url,title,price,neighb,beds,sqft,baths,lat,lng,accuracy,address
6344968154,2017-11-02 16:58,https://winstonsalem.craigslist.org/apa/d/one-bedroom-fully-renovated/6344968154.html,ONE BEDROOM FULLY RENOVATED! READY FOR MOVE IN BY THIS MONTH!,828,,1,704,1,36.067100,-80.302500,22,
6344971362,2017-11-02 16:58,https://winstonsalem.craigslist.org/apa/d/one-bedroom-fully-renovated/6344971362.html,ONE BEDROOM FULLY RENOVATED! READY FOR MOVE IN BY THIS MONTH!,808,,1,704,1,36.067100,-80.302500,22,
6344976105,2017-11-02 16:57,https://winstonsalem.craigslist.org/apa/d/one-bedroom-fully-renovated/6344976105.html,ONE BEDROOM FULLY RENOVATED! READY FOR MOVE IN BY THIS MONTH!,828,,1,704,1,36.067100,-80.302500,22,
6331588841,2017-11-02 16:56,https://winstonsalem.craigslist.org/apa/d/start-your-fall-in-this/6331588841.html,START YOUR FALL IN THIS CHARMING 2 BEDROOM!!,675,ALDER RIDGE APARTMENTS,2,770,1,36.092000,-80.322400,22,
6331568054,2017-11-02 16:56,https://winstonsalem.craigslist.org/apa/d/say-goodbye-to-summer-and/6331568054.html,SAY GOODBYE TO SUMMER AND FALL INTO THIS LOVELY 2 BR!!,675,ALDER RIDGE APARTMENTS,2,770,1,36.092000,-80.322400,22,
6331553306,2017-11-02 16:55,https://winstonsalem.craigslist.org/apa/d/check-out-our-sweet-deals-at/6331553306.html,~CHECK OUT OUR SWEET DEALS AT ALDER RIDGE APARTMENTS~,675,"3890 Old Vineyard Rd, Winston Salem",2,770,1,36.092000,-80.322400,22,
6331542074,2017-11-02 16:55,https://winstonsalem.craigslist.org/apa/d/stop-in-today-move-in/6331542074.html,STOP IN TODAY!  MOVE IN SPECIALS! 2 BEDROOM AVAILABLE NOW!,675,ALDER RIDGE APARTMENTS,2,770,1,36.092000,-80.322400,22,
6331540015,2017-11-02 16:54,https://winstonsalem.craigslist.org/apa/d/alder-ridge-is-the-place-to/6331540015.html,ALDER RIDGE IS THE PLACE TO LIVE!!  STOP BY TODAY!!,675,"3890 Old Vineyard Rd, Winston Salem",2,770,1,36.092000,-80.322400,22,
6331537867,2017-11-02 16:54,https://winstonsalem.craigslist.org/apa/d/make-it-november-to-remember/6331537867.html,MAKE IT A NOVEMBER TO REMEMBER AT ALDER RIDGE! 2 BR AVAILABLE NOW!,675,"3890 Old Vineyard Rd, Winston Salem",2,770,1,36.092000,-80.322400,22,
6331569652,2017-11-02 16:53,https://winstonsalem.craigslist.org/apa/d/make-it-november-to-remember/6331569652.html,MAKE IT A NOVEMBER TO REMEMBER AT ALDER RIDGE! 2 BR AVAILABLE NOW!,675,"3890 Old Vineyard Rd, Winston Salem",2,770,1,36.092000,-80.322400,22,
6361724514,2017-11-02 16:53,https://winstonsalem.craigslist.org/apa/d/great-prices-great-location/6361724514.html,GREAT PRICES!  GREAT LOCATION! GREAT SPECIALS! ALDER RIDGE APARTMENTS!,675,ALDER RIDGE APARTMENTS,2,770,1,36.092000,-80.322400,22,
6361679255,2017-11-02 16:52,https://winstonsalem.craigslist.org/apa/d/fly-on-by-today-and-take-look/6361679255.html,FLY ON BY TODAY AND TAKE A LOOK AT YOUR NEW HOME!!,675,ALDER RIDGE APARTMENTS,2,770,1,36.092000,-80.322400,22,
6361677965,2017-11-02 16:52,https://winstonsalem.craigslist.org/apa/d/life-is-sweeter-at-alder/6361677965.html,LIFE IS SWEETER AT ALDER RIDGE!!  STOP IN TODAY!!,675,Winston Salem,2,770,1,36.092000,-80.322400,22,
6361673913,2017-11-02 16:49,https://winstonsalem.craigslist.org/apa/d/we-are-berry-sure-you-will/6361673913.html,WE ARE BERRY SURE YOU WILL LOVE THIS 1 BR AT ALDER RIDGE APARTMENTS!,575,"3890 Old Vineyard Rd, Winston Salem",1,644,1,36.092000,-80.322400,22,
6371223207,2017-11-02 16:49,https://winstonsalem.craigslist.org/apa/d/farmwood-garden-apts-one/6371223207.html,***Farmwood Garden Apts. ONE BEDROOMS***,525,,1,675,1,36.131671,-80.071709,10,120 Farmwood Dr Kernersville NC US
6361676324,2017-11-02 16:49,https://winstonsalem.craigslist.org/apa/d/come-see-what-all-the-talk-is/6361676324.html,COME SEE WHAT ALL THE TALK IS ABOUT AT ALDER RIDGE!!,675,"3890 Old Vineyard Rd, Winston Salem",2,770,1,36.092000,-80.322400,22,
6361675082,2017-11-02 16:49,https://winstonsalem.craigslist.org/apa/d/nacho-ordinary-apartments-2/6361675082.html,NACHO ORDINARY APARTMENTS!  2 BR AVAILABLE NOW!  $675!,675,ALDER RIDGE APARTMENTS,2,770,1,36.092000,-80.322400,22,
6361667442,2017-11-02 16:48,https://winstonsalem.craigslist.org/apa/d/home-is-where-the-heart-is/6361667442.html,~HOME IS WHERE THE HEART IS~  ALDER RIDGE APARTMENTS,575,"3890 Old Vineyard Rd, Winston Salem",1,644,1,36.092000,-80.322400,22,
6371222388,2017-11-02 16:48,https://winstonsalem.craigslist.org/apa/d/ranch-3br-home-convenient-to/6371222388.html,Ranch 3BR home convenient to HW52 and Downtown,785,1015 Claremont Ave.,3,1090,1.5,36.102400,-80.222800,22,1015 Claremont Ave. Winston Salem NC US
6361666949,2017-11-02 16:48,https://winstonsalem.craigslist.org/apa/d/alder-ridge-is-the-place-to/6361666949.html,ALDER RIDGE IS THE PLACE TO LIVE!!  STOP BY TODAY!!,675,Winston Salem,2,770,1,36.092000,-80.322400,22,
6361665791,2017-11-02 16:47,https://winstonsalem.craigslist.org/apa/d/place-you-can-call-home-alder/6361665791.html,A PLACE YOU CAN CALL HOME!! ALDER RIDGE APARTMENTS,675,"3890 Old Vineyard Rd, Winston Salem",2,770,1,36.092000,-80.322400,22,
6361664789,2017-11-02 16:47,https://winstonsalem.craigslist.org/apa/d/come-by-today-make-alder/6361664789.html,COME BY TODAY & MAKE ALDER RIDGE YOUR NEW HOME!,675,"3890 Old Vineyard Rd, Winston Salem",2,770,1,36.092000,-80.322400,22,
6361663439,2017-11-02 16:47,https://winstonsalem.craigslist.org/apa/d/check-out-our-amazing-deals/6361663439.html,CHECK OUT OUR AMAZING DEALS AT ALDER RIDGE APARTMENTS!! BIG $AVINGS!!,675,"3890 Old Vineyard Rd, Winston Salem",2,770,1,36.092000,-80.322400,22,
6371213304,2017-11-02 16:47,https://winstonsalem.craigslist.org/apa/d/the-apple-of-your-eye/6371213304.html,The apple of your eye!,880,,3,0,2,36.116500,-80.083100,22,
6334264922,2017-11-02 16:44,https://winstonsalem.craigslist.org/apa/d/this-apt-is-too-sweet-to-miss/6334264922.html,* THIS APT IS TOO SWEET TO MISS! 3 BR STARTING AT $795! *,795,Lexington,3,0,1,35.804386,-80.252387,10,812 Fairview Dr. Lexington NC US
6334268282,2017-11-02 16:44,https://winstonsalem.craigslist.org/apa/d/unbeleafablebrs-renting-now/6334268282.html,"* UNBELEAFABLE! 1, 2, & 3 BR'S RENTING NOW AT FAIRVIEW VILLAGE!! *",595,Lexington,1,0,1,35.804386,-80.252387,10,812 Fairview Dr. Lexington NC US
6371193093,2017-11-02 16:37,https://winstonsalem.craigslist.org/apa/d/great-two-bedroom-apartment/6371193093.html,Great Two Bedroom Apartment - 1222 Sq Ft,1175,,2,1222,2.5,36.067100,-80.302500,22,1315 Creekshire WAy Winston Salem NC US
6338832204,2017-11-02 16:33,https://winstonsalem.craigslist.org/apa/d/3-bedroom-house-in-the-country/6338832204.html,3 Bedroom house in the country,765,Lexington,3,0,2,35.777894,-80.146602,10,533 RABBIT RIDGE DR  NC US
6351300355,2017-11-02 16:27,https://winstonsalem.craigslist.org/apa/d/beautiful-one-bedroom/6351300355.html,Beautiful One Bedroom Apartment For Rent!,950,,1,937,1.5,36.067100,-80.302500,22,1315 Creekshire Way Winston Salem NC US
6351316997,2017-11-02 16:27,https://winstonsalem.craigslist.org/apa/d/great-one-bedroom-apartment/6351316997.html,Great One Bedroom Apartment - 937 Sq Ft,950,,1,937,1.5,36.067100,-80.302500,22,1315 Creekshire Way Winston-Salem NC US
6371183262,2017-11-02 16:21,https://winstonsalem.craigslist.org/apa/d/small-community-great-living/6371183262.html,"small community, great living. stop in lease today!",634,Winston Salem,0,0,,36.092000,-80.322400,22,231 Brierhurst Dr. Winston Salem NC US
6371170850,2017-11-02 16:21,https://winstonsalem.craigslist.org/apa/d/immediate-move-ins-available/6371170850.html,"Immediate move ins available now! trash, pest control & CABLE included",655,Winston-Salem,1,619,1,36.115437,-80.275883,10,2700 Reynolda Rd Winston-Salem NC US
6340319143,2017-11-02 16:19,https://winstonsalem.craigslist.org/apa/d/professional-neighborhood-2bd/6340319143.html,Professional Neighborhood (2bd/2.5bth; Garage; W/D; Stainless Steel),975,Academic Dr,2,1340,2.5,36.142800,-80.306900,22,Academic Dr at Collegian Terrace Winston Salem NC US
6371177799,2017-11-02 16:17,https://winstonsalem.craigslist.org/apa/d/spectacular-homes-top-notch/6371177799.html,"SPECTACULAR HOMES, TOP NOTCH AMENITIES & AMAZING SPECIALS!!!",645,HIGH POINT,1,0,1,35.985309,-80.013675,10,2120 CHESTER RIDGE DR High Point NC US
6371173385,2017-11-02 16:14,https://winstonsalem.craigslist.org/apa/d/stunning-2x2-available-now/6371173385.html,Stunning 2x2 Available Now ~ Half Off App and Admin! Ends Today!,855,Savannah Place,2,1215,2,36.073800,-80.355206,5,400 Magnolia Branch Drive Winston-Salem NC US
6371170808,2017-11-02 16:13,https://winstonsalem.craigslist.org/apa/d/perfect-2-bedroom-apartment/6371170808.html,Perfect 2 Bedroom Apartment On A Budget! Going Fast!,549,Kernersville,2,700,1,36.116500,-80.083100,22,Jefferson St. Kernersville NC US
6361641374,2017-11-02 16:05,https://winstonsalem.craigslist.org/apa/d/the-search-is-over-welcome/6361641374.html,THE SEARCH IS OVER!  WELCOME HOME! ALDER RIDGE APARTMENTS!,675,"3890 Old Vineyard Rd, Winston Salem",2,770,1,36.092000,-80.322400,22,
6361656447,2017-11-02 16:04,https://winstonsalem.craigslist.org/apa/d/come-warm-up-in-this-cozy-2/6361656447.html,COME WARM UP IN THIS COZY 2 BEDROOM AT ALDER RIDGE! AVAILABLE NOW!,675,"3890 Old Vineyard Rd, Winston Salem",2,770,1,36.092000,-80.322400,22,
6361648450,2017-11-02 16:04,https://winstonsalem.craigslist.org/apa/d/create-your-own-sunshine-at/6361648450.html,CREATE YOUR OWN SUNSHINE AT ALDER RIDGE! 2 BEDROOM AVAILABLE NOW!,675,"3890 Old Vineyard Rd, Winston Salem",2,770,1,36.092000,-80.322400,22,
6361640910,2017-11-02 16:04,https://winstonsalem.craigslist.org/apa/d/apply-today-no-app-fee-500/6361640910.html,APPLY TODAY!! NO APP FEE & $500 OFF!   ALDER RIDGE APARTMENTS!,675,"3890 Old Vineyard Rd, Winston Salem",2,770,1,36.092000,-80.322400,22,
6361639763,2017-11-02 16:03,https://winstonsalem.craigslist.org/apa/d/great-prices-great-location/6361639763.html,GREAT PRICES!  GREAT LOCATION! GREAT SPECIALS! ALDER RIDGE APARTMENTS!,675,"3890 Old Vineyard Rd, Winston Salem",2,770,1,36.092000,-80.322400,22,
6361637193,2017-11-02 16:02,https://winstonsalem.craigslist.org/apa/d/fall-into-avings-at-alder/6361637193.html,FALL INTO $AVINGS AT ALDER RIDGE!  2 BR AVAILABLE NOW!,675,Winston Salem,2,770,1,36.092000,-80.322400,22,
6361638816,2017-11-02 16:02,https://winstonsalem.craigslist.org/apa/d/limited-time-only-no-app-fee/6361638816.html,LIMITED TIME ONLY!!  NO APP FEE & $500 OFF!!  IMMEDIATE MOVE IN!!,675,ALDER RIDGE APARTMENTS,2,770,1,36.092000,-80.322400,22,
6361602438,2017-11-02 16:02,https://winstonsalem.craigslist.org/apa/d/were-the-best-in-the-bunch/6361602438.html,WE'RE THE BEST IN THE BUNCH!  SUNNY 2 BR AVAILABLE NOW!,675,ALDER RIDGE APARTMENTS,2,770,1,36.092000,-80.322400,22,
6361603016,2017-11-02 16:01,https://winstonsalem.craigslist.org/apa/d/place-you-can-call-home-alder/6361603016.html,A PLACE YOU CAN CALL HOME!! ALDER RIDGE APARTMENTS,675,"3890 Old Vineyard Rd, Winston Salem",2,770,1,36.092000,-80.322400,22,
6361601329,2017-11-02 16:01,https://winstonsalem.craigslist.org/apa/d/were-going-nuts-with-this/6361601329.html,WE'RE GOING NUTS WITH THIS BEAUTIFUL 2 BEDROOM 1BATH!,675,ALDER RIDGE APARTMENTS,2,770,1,36.092000,-80.322400,22,
6361600921,2017-11-02 16:01,https://winstonsalem.craigslist.org/apa/d/come-warm-up-in-this-cozy-2/6361600921.html,COME WARM UP IN THIS COZY 2 BEDROOM AT ALDER RIDGE! AVAILABLE NOW!,675,"3890 Old Vineyard Rd, Winston Salem",2,770,1,36.092000,-80.322400,22,
