pid,dt,url,title,price,neighb,beds,sqft,baths,lat,lng,accuracy,address
6363563155,2017-11-02 16:59,https://worcester.craigslist.org/apa/d/newly-renovated-3-bed-common/6363563155.html,"NEWLY Renovated 3 Bed! Common Laundry,Parking!",1050,,3,0,1,,,,
6333747844,2017-11-02 16:59,https://worcester.craigslist.org/apa/d/immaculate-1-bed-1-bath-condo/6333747844.html,"IMMACULATE 1 Bed/1 Bath Condo! Brand New Top of The Line, PET OK!",1550,,1,0,1,,,,
6363547945,2017-11-02 16:59,https://worcester.craigslist.org/apa/d/steps-to-umass-super-clean/6363547945.html,STEPS TO UMASS Super Clean + MODERN 2 Bed Condo!,1250,,2,0,1,,,,
6371234477,2017-11-02 16:57,https://worcester.craigslist.org/apa/d/walk-to-shops-restaurants/6371234477.html,"Walk to Shops, Restaurants, & Entertainment near Two-Bedroom Apt.",1935,,2,1062,2,42.104309,-71.473531,10,151 N Main St Bellingham MA US
6371233684,2017-11-02 16:56,https://worcester.craigslist.org/apa/d/tot-lot-valet-dry-cleaning/6371233684.html,"Tot lot, Valet dry cleaning service, Bark Park, Package Receiving",1633,Marlborough,1,703,1,42.321113,-71.575069,5,65 Silver Leaf Way Marlborough MA US
6355006328,2017-11-02 16:52,https://worcester.craigslist.org/apa/d/waterfront-in-law-log-home/6355006328.html,WATERFRONT/ IN-LAW LOG HOME,1250,Worcester area,1,0,1,42.196800,-71.764400,22,
6355144199,2017-11-02 16:52,https://worcester.craigslist.org/apa/d/apartment-space-waterfront/6355144199.html,Apartment Space-WATERFRONT-LOG HOME,1250,Worcester area,1,0,1,42.196800,-71.764400,22,
6355148101,2017-11-02 16:52,https://worcester.craigslist.org/apa/d/in-law-space-waterfront-log/6355148101.html,In-Law Space-WATERFRONT/LOG HOME,1250,Worcester Area,1,0,1,42.196800,-71.764400,22,
6371223106,2017-11-02 16:49,https://worcester.craigslist.org/apa/d/avail-now-4-rm-2-bed-apt-prof/6371223106.html,**AVAIL NOW** 4 RM 2 BED APT Prof Mgmnt,850,Woonsocket,2,800,1,42.000782,-71.501610,15,Roberts at Carrington Woonsocket MA US
6371198725,2017-11-02 16:32,https://worcester.craigslist.org/apa/d/1-mile-from-marlborough-state/6371198725.html,1 Mile from Marlborough State Forest,1455,"19 Royal Crest Dr, Marlborough, MA 01752",1,800,1,42.354940,-71.536816,5,19 Royal Crest Dr Marlborough MA US
6371192763,2017-11-02 16:28,https://worcester.craigslist.org/apa/d/brand-new-luxury-apartments/6371192763.html,Brand New Luxury Apartments - Hudson,1595,Matrix,2,0,2,42.391800,-71.560900,22,1000 Matrix Way Hudson MA US
6371181929,2017-11-02 16:20,https://worcester.craigslist.org/apa/d/2-bedroom-apartment-second/6371181929.html,2 Bedroom Apartment - Second Floor,900,415 Park Ave,2,0,1,42.256555,-71.823270,5,415 Park Ave Worcester MA US
6362347836,2017-11-02 16:15,https://worcester.craigslist.org/apa/d/cute-2-bedroom-2nd-floor/6362347836.html,Cute 2 bedroom 2nd floor apartment with deck,1000,,2,0,1,42.526266,-71.742096,5,
6371161551,2017-11-02 16:06,https://worcester.craigslist.org/apa/d/live-in-the-lap-of-luxury-at/6371161551.html,Live in the Lap of Luxury at The Lofts at Lancaster Mills!,1550,,2,0,1,42.412075,-71.680547,10,55 Green Street Clinton MA US
6371156868,2017-11-02 16:03,https://worcester.craigslist.org/apa/d/wow-west-side-single-family-4/6371156868.html,*WOW* West Side Single Family w/ 4 Bedroom 2 Baths + 2 Car Garage!!,2100,Worcester-West Side,4,0,0,42.270300,-71.841700,22,
