pid,dt,url,title,price,neighb,beds,sqft,baths,lat,lng,accuracy,address
6337389962,2017-11-02 16:59,https://wyoming.craigslist.org/apa/d/6000-solar-starter-kit/6337389962.html,$6000 Solar Starter Kit,,,0,0,,,,,
6371387416,2017-11-02 16:57,https://wyoming.craigslist.org/apa/d/3br-1b-home-with-large-back/6371387416.html,3BR 1B HOME WITH LARGE BACK YARD,945,358 Sinclair,3,1000,1,42.847559,-106.285880,5,S Sinclair at 2nd Street Casper WY US
6371373288,2017-11-02 16:52,https://wyoming.craigslist.org/apa/d/1-bed-1-bath-on-site/6371373288.html,"1 bed 1 bath On-Site Management, On-site Laundry Center",595,"760 Landmark Dr. Casper, WY",1,582,1,42.841910,-106.260296,5,760 Landmark DriveÂ  Casper WY US
6362963841,2017-11-02 16:35,https://wyoming.craigslist.org/apa/d/our-perfect-rental-is-waiting/6362963841.html,OUR PERFECT RENTAL is WAITING FOR YOU////,540,,2,1200,2.5,42.762600,-105.385500,22,
6362961449,2017-11-02 16:34,https://wyoming.craigslist.org/apa/d/our-perfect-rental-is-waiting/6362961449.html,OUR PERFECT RENTAL is WAITING FOR YOU////,550,,2,0,2.5,42.762600,-105.385500,22,
6371352735,2017-11-02 16:28,https://wyoming.craigslist.org/apa/d/discounted-price-fantastic/6371352735.html,"Discounted Price!  Fantastic Location, Completely Renovated Home!",2950,Jackson Hole,3,1200,2,43.467857,-110.790096,10,1195 Meadowlark Lane Jackson WY US
6371352101,2017-11-02 16:27,https://wyoming.craigslist.org/apa/d/6331-buckboard/6371352101.html,6331 Buckboard #G,1000,6331 Buckboard #G,2,0,2.5,42.815064,-106.417769,10,6331 Buckboard Casper WY US
6371345960,2017-11-02 16:22,https://wyoming.craigslist.org/apa/d/reserve-your-beautiful/6371345960.html,Reserve Your Beautiful Apartment Home Today!,990,East Casper,2,1191,2,42.842241,-106.224575,7,550 Granite Peak Dr. Casper WY US
6371342577,2017-11-02 16:20,https://wyoming.craigslist.org/apa/d/4000-gannett/6371342577.html,4000 Gannett,800,,2,1500,1.5,42.846565,-106.272327,10,4000 Gannett Casper WY US
6371341729,2017-11-02 16:19,https://wyoming.craigslist.org/apa/d/1714-laramie/6371341729.html,1714 Laramie,875,1714 Laramie,3,0,1,42.832667,-106.360083,10,1714 Laramie Casper WY US
