pid,dt,url,title,price,neighb,beds,sqft,baths,lat,lng,accuracy,address
6371049691,2017-11-02 16:43,https://york.craigslist.org/apa/d/great-value-4-bed-home-near/6371049691.html,Great Value 4 Bed Home near Park,525,York City,4,0,0,39.955105,-76.727099,22,
6362911145,2017-11-02 16:41,https://york.craigslist.org/apa/d/available-now-2-bdrm-1-bath/6362911145.html,"Available NOW! 2 bdrm 1 bath, $300 off Move In Special! Great Location",925,"1700 Yorktowne Drive, York PA",2,912,1,39.977656,-76.777255,5,1700 Yorktowne Drive YORK PA US
6371034166,2017-11-02 16:40,https://york.craigslist.org/apa/d/two-plus-bedroom-converted/6371034166.html,Two Plus Bedroom Converted Farmhouse Apartment,775,Hellam TWP,2,0,0,39.990710,-76.611357,22,
6371043116,2017-11-02 16:34,https://york.craigslist.org/apa/d/charming-rancher-in-perfect/6371043116.html,Charming Rancher in Perfect Location,1195,Mount Wolf,3,0,0,40.073713,-76.708689,22,
6371036535,2017-11-02 16:31,https://york.craigslist.org/apa/d/cozy-2-bed-apartment-just/6371036535.html,"Cozy 2 Bed Apartment, Just Repainted!",650,Manchester,2,0,0,40.065503,-76.776495,22,
6371196434,2017-11-02 16:30,https://york.craigslist.org/apa/d/1-bed-1-bath-off-campus/6371196434.html,"1 Bed 1 Bath - Off Campus Living, Resident Events, Fitness Center",659,"239 E Boundary Ave, York, PA 17403",1,118,1,39.955682,-76.718121,5,239 E Boundary Ave York PA US
6371056312,2017-11-02 16:29,https://york.craigslist.org/apa/d/private-house-apartment-on/6371056312.html,Private House Apartment on Quiet Setting,670,York Haven,2,0,0,40.125514,-76.770916,22,
6371046323,2017-11-02 16:25,https://york.craigslist.org/apa/d/customized-single-story-home/6371046323.html,Customized Single Story Home on Rural Setting,1150,Peach Bottom TWP,3,0,0,39.755811,-76.295843,22,
6371053276,2017-11-02 16:24,https://york.craigslist.org/apa/d/must-see-will-go-quickly/6371053276.html,Must See! Will Go Quickly: Three Bedroom Dream Home,1295,York TWP,3,0,0,39.961584,-76.674700,22,
6363275656,2017-11-02 16:24,https://york.craigslist.org/apa/d/private-owned-currently-2-6/6363275656.html,PRIVATE OWNED. CURRENTLY 2-6 BEDROOMS AVAILABLE IN NORTHUMBERLAND CTY,595,PETS OK-GARAGES-LARGE YARDS,5,0,2,,,,
6371159262,2017-11-02 16:17,https://york.craigslist.org/apa/d/love-where-you-live/6371159262.html,Love Where You Live,1214,Marietta,2,1206,2,40.066400,-76.564500,22,310 Honeysuckle Drive Marietta PA US
6368593522,2017-11-02 16:08,https://york.craigslist.org/apa/d/welcome-home-weve-been/6368593522.html,"&&&&&&&Welcome Home, we've been waiting for you!",400,,0,0,,,,,
6343314834,2017-11-02 16:07,https://york.craigslist.org/apa/d/welcome-home-weve-been/6343314834.html,"&&&&&&&Welcome Home, we've been waiting for you!",400,,0,0,,,,,
6343314816,2017-11-02 16:07,https://york.craigslist.org/apa/d/welcome-home-weve-been/6343314816.html,"&&&&&&&Welcome Home, we've been waiting for you!",400,,0,0,,,,,
6371162780,2017-11-02 16:07,https://york.craigslist.org/apa/d/1-bed-1-bath-live-off-campus/6371162780.html,"1 Bed 1 Bath - Live Off Campus, Fitness Center, Resident Events",659,"239 E Boundary Ave, York, PA 17403",1,118,1,39.955682,-76.718121,5,239 E Boundary Ave York PA US
6371162746,2017-11-02 16:07,https://york.craigslist.org/apa/d/1-bed-1-bath-close-to-local/6371162746.html,"1 Bed 1 Bath - Close to Local Campuses, Furnished, Free Cable & Wi-Fi",709,"239 E Boundary Ave, York, PA 17403",1,171,1,39.955682,-76.718121,5,239 E Boundary Ave York PA US
6371040165,2017-11-02 16:01,https://york.craigslist.org/apa/d/well-equipped-3-bedroom/6371040165.html,Well Equipped 3+ Bedroom Single Home in Good School District,1100,Manchester TWP,3,0,0,39.994064,-76.594276,22,
