pid,dt,url,title,price,neighb,beds,sqft,baths,lat,lng,accuracy,address
6368533540,2017-11-02 16:47,https://youngstown.craigslist.org/apa/d/3-bed-1-bath-4266-selkirk-ave/6368533540.html,3 Bed/1 Bath - 4266 Selkirk Ave - Geisler Realty,800,"Austintown, OH",3,1040,1,41.070400,-80.693100,22,4266 Selkirk Avenue Austintown OH US
6371212959,2017-11-02 16:42,https://youngstown.craigslist.org/apa/d/1-bed-1-bath-1860-mahoning/6371212959.html,1 Bed/1 Bath - 1860 Mahoning Ave #104 - Geisler Realty,425,"Warren, OH",1,0,1,41.263900,-80.816400,22,1860 Mahoning Avenue Warren OH US
6371211951,2017-11-02 16:41,https://youngstown.craigslist.org/apa/d/1-bed-1-bath-1860-mahoning/6371211951.html,1 Bed/1 Bath - 1860 Mahoning Ave #304 - Geisler Realty,475,"Warren, OH",1,0,1,41.263900,-80.816400,22,1860 Mahoning Avenue Warren OH US
6371211484,2017-11-02 16:41,https://youngstown.craigslist.org/apa/d/3-bed-1-bath-87-navarre-ave/6371211484.html,3 Bed/1 Bath - 87 N. Navarre Ave - Geisler Realty,675,"Austintown, OH",3,1152,1,41.097900,-80.759800,22,87 N. Navarre Avenue Austintown OH US
6333675344,2017-11-02 16:06,https://youngstown.craigslist.org/apa/d/one-bedroom-first-floor-apt/6333675344.html,One Bedroom FIRST floor apt  - - FREE utilities,600,Girard,1,900,1.5,41.149378,-80.692729,20,Morris ave at Rt 422 Girard OH US
