pid,dt,url,title,price,neighb,beds,sqft,baths,lat,lng,accuracy,address
6371440607,2017-11-02 16:45,https://yuma.craigslist.org/apa/d/golf-course-living-at-coyote/6371440607.html,"Golf Course Living at Coyote Wash 3Bed 2 Bath in Wellton, Az",900,,3,1266,2,32.693500,-114.156100,22,11772 S Apache Ave Wellton AZ US
6360808527,2017-11-02 16:31,https://yuma.craigslist.org/apa/d/el-dorado-condo-for-lease/6360808527.html,El Dorado Condo for Lease- Available August 1 2016,1050,3621 W. 22nd Pl Unit D.,3,1472,2,,,,
6368462674,2017-11-02 16:30,https://yuma.craigslist.org/apa/d/three-bedroom-townhome-for/6368462674.html,Three Bedroom Townhome for Lease,975,"2746 W. 31st Place, Yuma, AZ",3,1428,2,32.670421,-114.651464,0,
6371394021,2017-11-02 16:03,https://yuma.craigslist.org/apa/d/doble-wide-3br-2bt-de-renta/6371394021.html,DOBLE WIDE 3BR/2BT DE RENTA,695,YUMA.AZ,3,0,2,32.715937,-114.662268,5,8TH ST. at PALM ST YUMA AZ US
