pid,dt,url,title,price,neighb,beds,sqft,baths,lat,lng,accuracy,address
6368514958,2017-11-02 16:04,https://zanesville.craigslist.org/apa/d/low-cost-rent/6368514958.html,LOW ((COST)) RENT,400,zanes!!!!!(*)!!!!!ville,3,1200,2,,,,
6368512691,2017-11-02 16:02,https://zanesville.craigslist.org/apa/d/best-location-iii-bedrooms/6368512691.html,BEST LOCATION (III) BEDROOMS !!!!!!! AVAILABLE,400,zanes!!!!! !!!!!ville,3,1200,2,,,,
6362071746,2017-11-02 16:02,https://zanesville.craigslist.org/apa/d/the-gorgeous-location-large-3/6362071746.html,!!~THE GORGEOUS LOCATION ~!! Large 3 Bed In Fantastic House!,400,Great??? Neighbor???,3,1200,2,39.961200,-81.962500,22,
6362074882,2017-11-02 16:02,https://zanesville.craigslist.org/apa/d/the-gorgeous-location-large-3/6362074882.html,!!~THE GORGEOUS LOCATION ~!! Large 3 Bed In Fantastic House!,400,Great??? Neighbor???,3,1200,2,39.961200,-81.962500,22,
6362073431,2017-11-02 16:02,https://zanesville.craigslist.org/apa/d/the-gorgeous-location-large-3/6362073431.html,!!~THE GORGEOUS LOCATION ~!! Large 3 Bed In Fantastic House!,400,Great??? Neighbor???,3,1200,2,39.961200,-81.962500,22,
6368516962,2017-11-02 16:01,https://zanesville.craigslist.org/apa/d/get-y0ur-new-h0me/6368516962.html,GET Y0UR NEW H0ME,400,**((zanesville))**,3,1200,2,,,,
